horizon,point,target_index,timestamp,Actual,A0,A1,A2,A3,A4,A5,A6,A7,A8
3,1,47455,2021-11-26 13:20:00,0.0,5.48648738861084,0.4530220031738281,13.155556678771973,1.0928051471710205,0.0,13.501317024230957,8.442361831665039,0.3465176820755005,0.0
3,2,47456,2021-11-26 13:30:00,0.0,4.607447624206543,2.1570913791656494,5.806000709533691,4.688462257385254,0.13350902497768402,25.537063598632812,10.519195556640625,1.1985523700714111,0.0
3,3,47457,2021-11-26 13:40:00,0.0,4.500944137573242,2.210343360900879,4.128178596496582,3.7021613121032715,0.0,22.608192443847656,11.025469779968262,1.1985523700714111,0.0
3,4,47458,2021-11-26 13:50:00,0.0,6.418779373168945,2.4766042232513428,7.803335189819336,4.074926376342773,0.0,21.54315185546875,13.79458236694336,1.4115610122680664,0.0
3,5,47459,2021-11-26 14:00:00,0.0,7.456817626953125,2.9026215076446533,8.842131614685059,3.4359006881713867,0.0,21.782405853271484,16.164682388305664,1.3050566911697388,0.0
3,6,47460,2021-11-26 14:10:00,0.0,10.625699996948242,3.967664957046509,14.673622131347656,3.408895969390869,0.4530220031738281,19.625316619873047,21.410400390625,1.837578296661377,0.0
3,7,47461,2021-11-26 14:20:00,0.0,12.463277816772461,4.020916938781738,15.685413360595703,4.394439697265625,1.1453001499176025,18.613525390625,23.753494262695312,1.9440826177597046,0.0
3,8,47462,2021-11-26 14:30:00,0.0,24.33926773071289,5.884742736816406,23.327476501464844,5.859252452850342,3.4096529483795166,25.270801544189453,38.61084747314453,2.184095859527588,4.234683036804199
3,9,47463,2021-11-26 14:40:00,0.0,22.901458740234375,5.458725452423096,22.741703033447266,6.498278617858887,3.4359004497528076,26.016332626342773,40.634429931640625,1.9710873365402222,4.234683036804199
3,10,47464,2021-11-26 14:50:00,0.0,19.120555877685547,4.39368200302124,18.588035583496094,6.924295902252197,2.2373480796813965,23.22021484375,39.14337158203125,2.556861162185669,2.5838658809661865
3,11,47465,2021-11-26 15:00:00,2.7149999141693115,22.315685272216797,4.553438663482666,19.91933822631836,7.030799865722656,4.341187477111816,28.625690460205078,40.794189453125,1.9710872173309326,2.3446097373962402
3,12,47466,2021-11-26 15:10:00,5.141250133514404,22.501689910888672,2.849369525909424,20.558364868164062,6.551530838012695,4.074926853179932,28.09316635131836,41.91248321533203,1.8113309144973755,3.3031487464904785
3,13,47467,2021-11-26 15:20:00,6.777273178100586,29.030298233032227,8.191977500915527,28.21699333190918,14.719164848327637,5.732970714569092,28.54591178894043,52.0739631652832,1.4144290685653687,7.5734171867370605
3,14,47468,2021-11-26 15:30:00,14.717000007629395,44.35143280029297,16.126270294189453,33.40278625488281,38.13127517700195,18.768787384033203,39.260223388671875,67.03684997558594,6.540274620056152,33.87140655517578
3,15,47469,2021-11-26 15:40:00,16.980714797973633,45.221717834472656,18.152894973754883,32.593353271484375,53.544273376464844,17.134578704833984,41.0528450012207,66.87252044677734,7.563321590423584,30.31111717224121
3,16,47470,2021-11-26 15:50:00,42.570556640625,46.74659729003906,25.622060775756836,37.20854187011719,45.37387466430664,15.386988639831543,42.24974822998047,68.63915252685547,8.498360633850098,21.78891372680664
3,17,47471,2021-11-26 16:00:00,42.421939849853516,38.715538024902344,27.19148063659668,30.758638381958008,47.98495101928711,11.999542236328125,35.7816162109375,60.83418655395508,10.879039764404297,22.2382869720459
3,18,47472,2021-11-26 16:10:00,66.3949966430664,48.071983337402344,27.882822036743164,40.62851333618164,52.36766052246094,19.279808044433594,38.34458923339844,66.4913101196289,19.24397087097168,19.9251708984375
3,19,47473,2021-11-26 16:20:00,67.03107452392578,61.81583786010742,36.6572151184082,53.894222259521484,63.537174224853516,27.578767776489258,45.29327392578125,77.19275665283203,25.6789608001709,26.27217674255371
3,20,47474,2021-11-26 16:30:00,51.1602668762207,89.46106719970703,70.7272720336914,83.52484130859375,83.7826919555664,45.16086196899414,66.38886260986328,99.84243774414062,30.17730712890625,43.23257827758789
3,21,47475,2021-11-26 16:40:00,55.27027893066406,99.44257354736328,83.47867584228516,97.33023834228516,105.78549194335938,51.01860427856445,70.37872314453125,108.85045623779297,30.62877082824707,47.50988006591797
3,22,47476,2021-11-26 16:50:00,63.12948989868164,84.1960678100586,72.0599594116211,76.91553497314453,94.25115966796875,42.33697509765625,61.57345962524414,97.78492736816406,22.576173782348633,40.873382568359375
3,23,47477,2021-11-26 17:00:00,64.05860137939453,73.92198181152344,65.02997589111328,65.08956146240234,87.08393859863281,38.92905044555664,52.44773864746094,90.1056900024414,16.215890884399414,31.894811630249023
3,24,47478,2021-11-26 17:10:00,73.14356994628906,72.1419677734375,58.35725402832031,57.17049026489258,81.96063995361328,39.069759368896484,57.21106719970703,90.00425720214844,14.821480751037598,35.36246871948242
3,25,47479,2021-11-26 17:20:00,81.50572204589844,77.14259338378906,61.54501724243164,68.34838104248047,84.62398529052734,46.4345703125,64.23601531982422,96.7046127319336,19.977651596069336,41.348445892333984
3,26,47480,2021-11-26 17:30:00,94.05074310302734,75.68026733398438,62.05549240112305,63.866180419921875,79.78266143798828,42.87687683105469,62.31199645996094,95.09166717529297,20.329296112060547,38.81393814086914
3,27,47481,2021-11-26 17:40:00,85.9155044555664,76.3985824584961,61.14341354370117,62.407466888427734,76.51219177246094,45.29566955566406,61.62643814086914,94.38007354736328,25.638368606567383,38.078269958496094
3,28,47482,2021-11-26 17:50:00,87.81704711914062,80.79267883300781,66.97154998779297,65.52239227294922,78.94892883300781,49.207923889160156,72.36662292480469,98.05684661865234,31.042728424072266,47.38169479370117
3,29,47483,2021-11-26 18:00:00,96.77500915527344,84.66106414794922,73.31351470947266,77.86414337158203,81.38524627685547,48.200984954833984,72.73257446289062,99.58134460449219,31.341032028198242,49.10475540161133
3,30,47484,2021-11-26 18:10:00,80.43181610107422,75.385498046875,70.90264129638672,67.50418853759766,81.12059783935547,40.36157989501953,66.71669006347656,89.25365447998047,21.080791473388672,40.03574752807617
3,31,47485,2021-11-26 18:20:00,47.372344970703125,77.67463684082031,72.09314727783203,67.05748748779297,85.53266143798828,42.145362854003906,66.15885925292969,90.06242370605469,20.551424026489258,42.661293029785156
3,32,47486,2021-11-26 18:30:00,17.581052780151367,73.98056030273438,71.53282928466797,77.63160705566406,84.73563385009766,41.55455780029297,66.6597900390625,88.69309997558594,29.091524124145508,40.332618713378906
3,33,47487,2021-11-26 18:40:00,5.422000408172607,60.22767639160156,72.61058044433594,64.14704132080078,75.3938980102539,27.1683292388916,53.411399841308594,69.30184936523438,21.956918716430664,29.540027618408203
3,34,47488,2021-11-26 18:50:00,0.1483333259820938,48.2139892578125,52.04814147949219,44.308834075927734,58.2963981628418,22.8299503326416,41.823726654052734,47.18394088745117,15.26763916015625,13.102557182312012
3,35,47489,2021-11-26 19:00:00,0.0,38.82386016845703,34.56368637084961,30.143753051757812,43.08403015136719,7.696830749511719,29.797237396240234,40.98019027709961,5.992004871368408,4.608205795288086
3,36,47490,2021-11-26 19:10:00,0.0,32.753108978271484,26.70861053466797,20.025842666625977,33.977909088134766,3.4359004497528076,26.069583892822266,34.43017578125,5.033465385437012,2.6903700828552246
3,37,47491,2021-11-26 19:20:00,0.0,38.6370964050293,27.001876831054688,13.156312942504883,30.09050178527832,0.7462875247001648,37.731807708740234,42.151737213134766,14.06008529663086,5.220226764678955
3,38,47492,2021-11-26 19:30:00,0.0,42.604759216308594,27.187881469726562,18.454524993896484,35.575477600097656,0.24001336097717285,42.92427062988281,39.48912811279297,16.909454345703125,3.1966443061828613
3,39,47493,2021-11-26 19:40:00,0.0,44.255577087402344,28.652694702148438,12.410783767700195,35.09620666503906,0.18676118552684784,45.53363037109375,41.193199157714844,15.045629501342773,3.8626747131347656
3,40,47494,2021-11-26 19:50:00,0.0,46.75843048095703,29.344970703125,9.907174110412598,37.013282775878906,0.18676118552684784,47.39745330810547,38.05132293701172,13.02204704284668,2.2373480796813965
3,41,47495,2021-11-26 20:00:00,0.0,42.3385009765625,19.46631622314453,6.711287021636963,35.362464904785156,0.0,39.30312728881836,33.57814025878906,10.545442581176758,1.811330795288086
3,42,47496,2021-11-26 20:10:00,0.0,39.99540328979492,17.336231231689453,6.019009113311768,40.36817169189453,0.0,36.80027770996094,32.56635284423828,10.998465538024902,1.5450700521469116
3,43,47497,2021-11-26 20:20:00,0.0,42.87102127075195,21.27688980102539,3.5956568717956543,46.971439361572266,0.0,39.622642517089844,36.98627853393555,13.501317024230957,3.5694093704223633
3,44,47498,2021-11-26 20:30:00,0.0,45.85314178466797,27.028121948242188,4.314939498901367,59.05967712402344,0.18676118552684784,42.49825668334961,36.8797721862793,14.672863960266113,4.261687755584717
3,45,47499,2021-11-26 20:40:00,0.0,43.8828125,29.557979583740234,3.648909091949463,60.49748611450195,0.0,41.64622116088867,36.77326965332031,17.44197654724121,6.392531394958496
3,46,47500,2021-11-26 20:50:00,0.0,47.71696472167969,38.02507400512695,3.5424046516418457,69.07109069824219,0.0,44.41533279418945,40.71392822265625,16.53668975830078,9.880927085876465
3,47,47501,2021-11-26 21:00:00,0.0,50.645835876464844,48.142982482910156,5.220226287841797,73.43775939941406,0.0,48.83526611328125,44.22857666015625,19.678565979003906,13.502074241638184
3,48,47502,2021-11-26 21:10:00,0.0,55.65154266357422,54.79950714111328,4.661457538604736,85.57925415039062,1.1985523700714111,57.7816276550293,44.228572845458984,21.569398880004883,19.306560516357422
3,49,47503,2021-11-26 21:20:00,0.0,57.40885925292969,59.37919616699219,7.404322624206543,91.09085083007812,0.719282865524292,63.85237121582031,40.873687744140625,23.379972457885742,19.945587158203125
3,50,47504,2021-11-26 21:30:00,0.0,69.3525619506836,76.62528991699219,11.505064964294434,110.31108093261719,3.591582775115967,78.5423583984375,46.681922912597656,28.60661506652832,33.627967834472656
3,51,47505,2021-11-26 21:40:00,0.0,68.69831848144531,88.72113800048828,15.738665580749512,116.8116455078125,6.923538684844971,77.56480407714844,45.6663818359375,29.31796646118164,39.516136169433594
3,52,47506,2021-11-26 21:50:00,0.0,57.08934783935547,88.66787719726562,12.809796333312988,109.4894790649414,4.287935256958008,68.91133117675781,42.204994201660156,23.166963577270508,35.362464904785156
3,53,47507,2021-11-26 22:00:00,0.0,44.68159484863281,69.09771728515625,9.694923400878906,104.72340393066406,0.0,51.23161315917969,32.832611083984375,19.54581642150879,25.936832427978516
3,54,47508,2021-11-26 22:10:00,0.0,37.865318298339844,60.65724182128906,4.128935813903809,92.66179656982422,0.18676118552684784,43.08403015136719,30.755775451660156,15.605155944824219,19.01405143737793
3,55,47509,2021-11-26 22:20:00,0.0,34.403926849365234,55.172271728515625,4.875223159790039,86.37803649902344,0.0,37.59906005859375,31.341548919677734,15.15213394165039,16.164682388305664
3,56,47510,2021-11-26 22:30:00,0.0,31.847824096679688,56.716583251953125,3.969179153442383,82.46400451660156,0.0,35.14945983886719,31.927322387695312,13.714324951171875,13.39556884765625
3,57,47511,2021-11-26 22:40:00,0.0,28.439685821533203,50.96535110473633,5.754262924194336,78.86949157714844,0.0802568644285202,32.167335510253906,31.44805335998535,12.542778015136719,10.039926528930664
3,58,47512,2021-11-26 22:50:00,0.0,27.853910446166992,52.40315628051758,5.59450626373291,76.41989135742188,0.4530220031738281,31.3153018951416,32.513099670410156,14.060843467712402,9.82691764831543
3,59,47513,2021-11-26 23:00:00,0.0,25.777076721191406,51.12510681152344,7.884349346160889,73.43775939941406,0.8790393471717834,29.77098846435547,33.20537567138672,13.688077926635742,8.974883079528809
3,60,47514,2021-11-26 23:10:00,0.0,26.73561668395996,53.65458297729492,6.6055402755737305,69.49710083007812,0.7462875247001648,31.049039840698242,34.696434020996094,13.954338073730469,9.028135299682617
3,61,47515,2021-11-26 23:20:00,0.0,20.505111694335938,45.0273551940918,8.017101287841797,63.10684585571289,0.0802568644285202,25.297805786132812,32.726104736328125,10.838708877563477,5.300483703613281
3,62,47516,2021-11-26 23:30:00,0.0,29.61123275756836,22.873699188232422,12.677043914794922,47.87672424316406,0.0,28.12017250061035,43.03077697753906,18.880542755126953,7.084052085876465
3,63,47517,2021-11-26 23:40:00,0.0,29.238468170166016,29.503971099853516,12.570539474487305,47.39745330810547,0.0,28.865703582763672,40.953941345214844,17.815500259399414,5.246474266052246
3,64,47518,2021-11-26 23:50:00,0.0,30.83603286743164,30.116748809814453,5.699496269226074,52.083648681640625,0.0,22.66144561767578,36.74702072143555,14.753121376037598,2.1045963764190674
3,65,47519,2021-11-27 00:00:00,0.0,31.847824096679688,29.90373992919922,5.806000232696533,52.296653747558594,0.0,21.356388092041016,36.96002960205078,13.661073684692383,1.412318229675293
3,66,47520,2021-11-27 00:10:00,0.0,30.56977081298828,30.010623931884766,8.496370315551758,41.6994743347168,0.0,16.137676239013672,32.45984649658203,15.658408164978027,0.32027021050453186
3,67,47521,2021-11-27 00:20:00,0.0,28.972206115722656,24.25901222229004,7.057805061340332,39.30312728881836,0.0,12.729538917541504,30.48951530456543,12.48952579498291,0.0
3,68,47522,2021-11-27 00:30:00,0.0,25.67057228088379,18.161258697509766,4.9007134437561035,34.98970031738281,0.0,9.82691764831543,24.152507781982422,11.87674617767334,0.0
3,69,47523,2021-11-27 00:40:00,0.0,27.108379364013672,13.208051681518555,3.648908853530884,30.197006225585938,0.0,6.76453971862793,22.44843864440918,9.613151550292969,0.0
3,70,47524,2021-11-27 00:50:00,0.0,23.593738555908203,9.267391204833984,3.5956568717956543,24.871788024902344,0.0,5.033465385437012,16.297433853149414,6.205012798309326,0.0
3,71,47525,2021-11-27 01:00:00,0.0,23.593738555908203,7.563321590423584,3.276144027709961,24.33926773071289,0.0,5.060470104217529,15.179139137268066,6.098508834838867,0.0
3,72,47526,2021-11-27 01:10:00,0.0,23.913249969482422,6.257507801055908,3.1696395874023438,28.759199142456055,0.0,5.113722324371338,14.007591247558594,5.832247734069824,0.0
3,73,47527,2021-11-27 01:20:00,0.0,22.714698791503906,6.2042555809021,2.6101133823394775,31.155546188354492,0.0,5.699496269226074,12.569783210754395,5.512734889984131,0.0
3,74,47528,2021-11-27 01:30:00,0.0,19.519569396972656,6.097751617431641,3.835670232772827,30.197006225585938,0.0,6.125513076782227,11.398235321044922,4.9532084465026855,0.0
3,75,47529,2021-11-27 01:40:00,0.0,19.253307342529297,5.884742736816406,3.6759138107299805,30.623023986816406,0.0,5.726500511169434,11.611244201660156,5.299726486206055,0.0
3,76,47530,2021-11-27 01:50:00,0.0,18.774038314819336,5.192464828491211,3.995426654815674,31.475055694580078,0.0,6.578535556793213,12.35677433013916,5.246473789215088,0.0
3,77,47531,2021-11-27 02:00:00,0.0,22.60819435119629,6.044499397277832,4.048678874969482,32.060829162597656,0.0,9.907175064086914,15.17913818359375,6.151761054992676,0.0
3,78,47532,2021-11-27 02:10:00,0.0,19.945587158203125,4.7664475440979,6.232017517089844,33.711647033691406,0.0,9.427905082702637,16.69720458984375,5.885499954223633,0.0
3,79,47533,2021-11-27 02:20:00,0.0,19.253307342529297,4.446934223175049,7.057805061340332,33.49864196777344,0.0,9.69416618347168,17.17647361755371,5.325973987579346,0.0
3,80,47534,2021-11-27 02:30:00,0.0,17.975255966186523,4.580443382263184,11.85125732421875,35.362464904785156,0.0,9.241144180297852,16.910213470458984,5.4594831466674805,0.3997698426246643
3,81,47535,2021-11-27 02:40:00,0.0,16.324440002441406,4.1011738777160645,14.247604370117188,33.97791290283203,0.0,8.229352951049805,16.5906982421875,4.740200042724609,0.4530220031738281
3,82,47536,2021-11-27 02:50:00,0.0,13.262060165405273,3.2753868103027344,17.469738006591797,31.847824096679688,0.0,7.190556526184082,16.004924774169922,4.314182281494141,0.3465176820755005
3,83,47537,2021-11-27 03:00:00,0.0,12.86229133605957,3.4883954524993896,18.215269088745117,29.18521499633789,0.0,6.445026397705078,15.472404479980469,4.633695602416992,0.18676118552684784
3,84,47538,2021-11-27 03:10:00,0.0,13.714324951171875,3.168882369995117,14.54086971282959,28.70594596862793,0.0,9.05438232421875,17.096216201782227,4.367434501647949,0.0
3,85,47539,2021-11-27 03:20:00,0.0,15.738664627075195,3.701404094696045,8.868378639221191,27.48114776611328,0.0,13.076056480407715,21.86266326904297,3.1156301498413086,0.0
3,86,47540,2021-11-27 03:30:00,0.0,10.093177795410156,4.39368200302124,5.5659871101379395,19.120555877685547,0.0,7.830340385437012,18.614280700683594,3.9414174556732178,0.0
3,87,47541,2021-11-27 03:40:00,0.0,9.294395446777344,4.553438663482666,5.672491550445557,16.670955657958984,0.0,5.433235168457031,17.549240112304688,3.6219043731689453,0.0
3,88,47542,2021-11-27 03:50:00,0.0,5.48648738861084,4.287178039550781,4.048679351806641,15.472404479980469,0.0,4.7942094802856445,17.202720642089844,2.9828784465789795,0.0
3,89,47543,2021-11-27 04:00:00,0.0,5.646244049072266,4.713195323944092,3.861917734146118,17.176471710205078,0.0,5.379982948303223,17.468982696533203,2.9828784465789795,0.0
3,90,47544,2021-11-27 04:10:00,0.0,8.255599975585938,4.34043025970459,1.9980920553207397,17.33622932434082,0.0,8.655369758605957,21.915916442871094,2.2373483180999756,0.0
3,91,47545,2021-11-27 04:20:00,0.0,9.720413208007812,3.7546563148498535,0.9322915077209473,17.150226593017578,0.0,10.279939651489258,23.35372543334961,2.024339437484741,0.0
3,92,47546,2021-11-27 04:30:00,0.0,10.998464584350586,3.3818910121917725,0.8257871866226196,14.807130813598633,0.0,10.652705192565918,23.939498901367188,1.864582896232605,0.0
3,93,47547,2021-11-27 04:40:00,0.0,10.146430015563965,2.689612865447998,1.0125483274459839,14.54086971282959,0.0,11.451486587524414,25.111045837402344,1.6245696544647217,0.0
3,94,47548,2021-11-27 04:50:00,0.0,8.921630859375,2.210343360900879,0.719282865524292,12.996557235717773,0.0,10.199682235717773,24.259010314941406,1.837578296661377,0.0
3,95,47549,2021-11-27 05:00:00,0.0,10.678951263427734,2.0505869388580322,0.9592962265014648,15.552661895751953,0.0,11.877504348754883,25.111045837402344,1.8645830154418945,0.0
3,96,47550,2021-11-27 05:10:00,0.0,11.317977905273438,1.9440826177597046,1.2788091897964478,18.215269088745117,0.0,12.410026550292969,25.483810424804688,2.024339437484741,1.0125483274459839
3,97,47551,2021-11-27 05:20:00,0.0,12.968794822692871,2.0505869388580322,1.9710873365402222,20.0790958404541,0.0,14.64661693572998,27.560646057128906,2.663365364074707,2.2373480796813965
3,98,47552,2021-11-27 05:30:00,0.0,10.359439849853516,1.6778217554092407,2.717374801635742,19.653078079223633,0.0,15.17913818359375,25.430561065673828,3.036130428314209,0.7995397448539734
3,99,47553,2021-11-27 05:40:00,0.0,9.187891006469727,1.4115610122680664,2.850883960723877,18.321773529052734,0.0,15.551904678344727,25.750072479248047,3.0893828868865967,0.3997698426246643
3,100,47554,2021-11-27 05:50:00,0.0,7.111057281494141,1.4115610122680664,2.6903700828552246,15.81892204284668,0.0,14.380355834960938,23.992752075195312,3.5154001712799072,0.13350902497768402
3,101,47555,2021-11-27 06:00:00,0.0,7.217561721801758,1.571317434310913,2.770627021789551,15.339653015136719,0.0,14.64661693572998,23.726490020751953,3.8881654739379883,0.0
3,102,47556,2021-11-27 06:10:00,0.0,5.886257171630859,1.9973348379135132,4.209949970245361,18.162017822265625,0.0,14.912878036499023,22.128925323486328,3.4621479511260986,0.6397832036018372
3,103,47557,2021-11-27 06:20:00,0.0,9.08138656616211,2.3701000213623047,6.659549713134766,21.836416244506836,0.0,17.522233963012695,23.300472259521484,4.527191162109375,1.6253268718719482
3,104,47558,2021-11-27 06:30:00,0.0,7.803335189819336,2.2635955810546875,8.150609970092773,21.676660537719727,0.0,17.575485229492188,19.679325103759766,5.1932220458984375,0.24001336097717285
3,105,47559,2021-11-27 06:40:00,0.0,7.696831226348877,2.3701000213623047,6.659549713134766,21.889667510986328,0.0,17.468982696533203,16.69720458984375,7.057047367095947,0.0
3,106,47560,2021-11-27 06:50:00,0.0,5.379982948303223,2.3701000213623047,5.674005508422852,23.061216354370117,0.0,17.468982696533203,15.099638938903809,8.015586853027344,0.13350902497768402
3,107,47561,2021-11-27 07:00:00,0.0,4.1551833152771,2.423352003097534,5.088232040405273,23.061216354370117,0.0,16.8299560546875,13.155555725097656,8.388351440429688,0.0
3,108,47562,2021-11-27 07:10:00,0.0,3.9684219360351562,1.9973348379135132,2.6378753185272217,20.824626922607422,0.0,14.966130256652832,13.155556678771973,6.950543403625488,0.0
3,109,47563,2021-11-27 07:20:00,0.0,5.646244049072266,2.0505869388580322,3.171154022216797,20.87787628173828,0.0,15.3921480178833,14.27385139465332,7.642821788787842,0.0
3,110,47564,2021-11-27 07:30:00,0.0,2.42410945892334,1.8908305168151855,1.811330795288086,21.25064468383789,0.0,14.806373596191406,11.717748641967773,5.432477951049805,0.0
3,111,47565,2021-11-27 07:40:00,0.0,1.6253268718719482,1.8908305168151855,1.6778217554092407,20.505111694335938,0.0,13.208808898925781,9.747417449951172,5.538982391357422,0.0
3,112,47566,2021-11-27 07:50:00,0.0,1.9980919361114502,2.103839159011841,1.571317434310913,18.694538116455078,0.0,13.262060165405273,9.001887321472168,4.899956226348877,0.0
3,113,47567,2021-11-27 08:00:00,0.0,4.687705039978027,1.837578296661377,1.3050566911697388,19.014053344726562,0.0,16.27118682861328,11.185226440429688,4.527191162109375,0.0
3,114,47568,2021-11-27 08:10:00,0.0,6.7645392417907715,1.7310739755630493,1.2255570888519287,20.98438262939453,0.0,20.531360626220703,13.262060165405273,4.473938941955566,0.0
3,115,47569,2021-11-27 08:20:00,0.0,7.669826030731201,1.3583087921142578,1.146057367324829,20.398609161376953,0.0,21.27688980102539,13.528321266174316,4.527191162109375,0.0
3,116,47570,2021-11-27 08:30:00,0.0,11.07872200012207,1.7310739755630493,1.8120880126953125,24.019756317138672,0.0,23.327476501464844,18.614280700683594,4.527191162109375,0.0
3,117,47571,2021-11-27 08:40:00,0.0,11.770999908447266,2.0505869388580322,1.785083293914795,22.368938446044922,0.0,22.554943084716797,19.998836517333984,4.314182281494141,0.0
3,118,47572,2021-11-27 08:50:00,0.0,8.362861633300781,1.6245696544647217,1.7048265933990479,22.63519859313965,0.0,20.29134750366211,17.841747283935547,3.9946694374084473,0.0
3,119,47573,2021-11-27 09:00:00,0.0,12.942547798156738,1.571317434310913,1.2788091897964478,27.321388244628906,0.0,22.155170440673828,21.063880920410156,4.713952541351318,0.6660306453704834
3,120,47574,2021-11-27 09:10:00,0.0,14.567117691040039,1.7843260765075684,1.1453001499176025,28.12017059326172,0.0,21.75615882873535,22.395187377929688,5.1932220458984375,0.7725350260734558
3,121,47575,2021-11-27 09:20:00,0.0,11.238478660583496,2.210343360900879,1.3583087921142578,29.02545928955078,0.0,18.933794021606445,19.892333984375,6.364769458770752,0.24001336097717285
3,122,47576,2021-11-27 09:30:00,0.0,12.676286697387695,2.4766042232513428,1.3583087921142578,30.197006225585938,0.0,17.975257873535156,22.7679500579834,6.737534523010254,1.146057367324829
3,123,47577,2021-11-27 09:40:00,0.0,11.398235321044922,2.7428650856018066,1.4115610122680664,28.492935180664062,0.0,16.40393829345703,21.70290756225586,7.749325752258301,0.32027021050453186
3,124,47578,2021-11-27 09:50:00,0.0,9.560656547546387,2.849369525909424,1.571317434310913,24.445770263671875,0.0,16.457191467285156,22.022418975830078,7.163552284240723,0.0802568644285202
3,125,47579,2021-11-27 10:00:00,0.0,11.317977905273438,2.955873727798462,1.4648131132125854,24.76528549194336,0.0,18.50777816772461,24.25901222229004,8.14909553527832,0.32027024030685425
3,126,47580,2021-11-27 10:10:00,0.0,16.004169464111328,2.9026215076446533,1.811330795288086,26.682363510131836,0.0,20.664867401123047,26.2825927734375,8.734869003295898,1.438565731048584
3,127,47581,2021-11-27 10:20:00,0.0,18.5610294342041,2.7428650856018066,3.117144823074341,28.546188354492188,0.0,21.996171951293945,27.454139709472656,8.89462661743164,2.5313708782196045
3,128,47582,2021-11-27 10:30:00,0.0,7.430569648742676,1.6245696544647217,3.9421746730804443,17.736000061035156,0.0,14.060842514038086,22.554943084716797,3.1958870887756348,0.1605137288570404
3,129,47583,2021-11-27 10:40:00,0.0,5.460240364074707,1.571317434310913,3.7824182510375977,14.114852905273438,0.0,13.155555725097656,20.531360626220703,2.769869804382324,0.0
3,130,47584,2021-11-27 10:50:00,0.0,8.069595336914062,2.2635955810546875,8.602874755859375,15.872174263000488,0.0,16.40393829345703,23.779741287231445,3.2491393089294434,0.0
3,131,47585,2021-11-27 11:00:00,0.0,11.530986785888672,2.58310866355896,12.943305969238281,20.23885154724121,0.5070314407348633,22.422189712524414,27.560644149780273,3.9414174556732178,0.10726156085729599
3,132,47586,2021-11-27 11:10:00,0.0,21.03763198852539,4.128178596496582,20.07909393310547,28.22667694091797,3.6759138107299805,29.557979583740234,33.87140655517578,6.258265018463135,2.184095859527588
3,133,47587,2021-11-27 11:20:00,0.0,24.019756317138672,5.806000232696533,23.43398094177246,31.208797454833984,4.368191719055176,32.11408233642578,35.20270919799805,7.0570478439331055,3.382648468017578
3,134,47588,2021-11-27 11:30:00,0.0,14.380356788635254,3.276143789291382,24.445770263671875,27.108381271362305,0.3465176820755005,27.001876831054688,26.495601654052734,4.500944137573242,0.0
3,135,47589,2021-11-27 11:40:00,0.0,13.368565559387207,3.4621479511260986,23.487234115600586,23.85999870300293,0.5062741637229919,26.25634765625,25.270803451538086,4.66070032119751,0.0
3,136,47590,2021-11-27 11:50:00,0.0,20.63786506652832,5.1932220458984375,26.788867950439453,25.404312133789062,0.7725350260734558,30.72952651977539,30.06349754333496,4.8204569816589355,0.0
3,137,47591,2021-11-27 12:00:00,0.0,21.996173858642578,5.512734889984131,26.735614776611328,26.309598922729492,0.6660306453704834,31.528308868408203,30.383010864257812,4.66070032119751,0.0
3,138,47592,2021-11-27 12:10:00,0.0,26.25634765625,6.6580352783203125,26.682363510131836,27.001876831054688,0.6127784848213196,30.942535400390625,31.71431541442871,4.9269609451293945,0.0
3,139,47593,2021-11-27 12:20:00,0.0,24.552278518676758,4.9269609451293945,21.942920684814453,24.33926773071289,0.3997698426246643,26.309600830078125,28.67894172668457,5.033465385437012,0.0
3,140,47594,2021-11-27 12:30:00,12.17727279663086,21.845823287963867,3.0601296424865723,23.99555015563965,26.39673614501953,1.046229600906372,24.827943801879883,28.39099884033203,3.912714958190918,1.3751494884490967
3,141,47595,2021-11-27 12:40:00,56.077598571777344,28.085966110229492,5.0793375968933105,41.7271614074707,39.97197341918945,1.406705379486084,30.18197250366211,38.8045654296875,7.73792839050293,2.6249935626983643
3,142,47596,2021-11-27 12:50:00,113.664306640625,36.35005187988281,6.69150972366333,45.480377197265625,39.603275299072266,2.0825014114379883,36.01117706298828,45.945125579833984,8.5316801071167,3.4283292293548584
3,143,47597,2021-11-27 13:00:00,110.6910171508789,45.684364318847656,14.847211837768555,55.204769134521484,45.18613815307617,7.081729888916016,45.24390411376953,52.84722900390625,10.302029609680176,5.3735880851745605
3,144,47598,2021-11-27 13:10:00,61.76749801635742,69.73851776123047,40.23255920410156,77.74053192138672,61.264320373535156,24.090402603149414,64.38490295410156,68.4036636352539,32.120731353759766,16.56729507446289
3,145,47599,2021-11-27 13:20:00,48.73057556152344,118.25968933105469,104.34004974365234,133.38742065429688,104.25027465820312,65.44169616699219,113.56122589111328,112.57400512695312,88.86848449707031,48.54021453857422
3,146,47600,2021-11-27 13:30:00,41.553958892822266,85.1709976196289,92.88336181640625,98.24884033203125,105.73076629638672,43.447540283203125,81.8871078491211,88.5525131225586,39.28062438964844,23.45122718811035
3,147,47601,2021-11-27 13:40:00,39.7767448425293,61.423828125,70.03312683105469,64.53970336914062,90.86856079101562,30.309070587158203,52.12568283081055,68.26487731933594,13.599780082702637,8.477664947509766
3,148,47602,2021-11-27 13:50:00,33.210487365722656,60.62217712402344,57.84252166748047,58.46610641479492,84.80125427246094,29.63157081604004,52.00312042236328,74.03652954101562,5.435500144958496,7.7220377922058105
3,149,47603,2021-11-27 14:00:00,33.103031158447266,55.84356689453125,44.72821044921875,54.139503479003906,76.86687469482422,25.757251739501953,50.75718688964844,73.18119049072266,3.4606947898864746,7.941248893737793
3,150,47604,2021-11-27 14:10:00,27.690767288208008,58.400169372558594,43.063316345214844,55.516361236572266,78.73430633544922,25.506370544433594,51.17426300048828,77.03024291992188,6.129260540008545,10.324824333190918
3,151,47605,2021-11-27 14:20:00,26.94841957092285,54.25297546386719,36.113285064697266,53.6475715637207,67.2801284790039,19.599027633666992,46.1362190246582,73.83856201171875,4.75441312789917,9.621253967285156
3,152,47606,2021-11-27 14:30:00,28.947998046875,37.56695556640625,21.8358097076416,47.58916473388672,57.227806091308594,13.187054634094238,33.75410079956055,58.83601760864258,3.622055768966675,3.2599411010742188
3,153,47607,2021-11-27 14:40:00,29.521820068359375,35.943397521972656,17.052438735961914,43.3018798828125,44.4637451171875,9.596587181091309,30.32744026184082,52.53871154785156,2.595383405685425,2.8476717472076416
3,154,47608,2021-11-27 14:50:00,42.24214553833008,26.27895164489746,10.994175910949707,40.48989486694336,37.9642219543457,7.350097179412842,22.231569290161133,45.08478546142578,1.4537805318832397,2.602830410003662
3,155,47609,2021-11-27 15:00:00,55.69999694824219,29.388408660888672,8.773185729980469,39.845333099365234,42.00446319580078,8.841373443603516,26.343278884887695,45.320552825927734,4.484240531921387,3.7775766849517822
3,156,47610,2021-11-27 15:10:00,65.43878936767578,29.759939193725586,12.59206771850586,42.23003387451172,42.54301834106445,9.943794250488281,26.9394588470459,42.614990234375,4.096801280975342,4.045984745025635
3,157,47611,2021-11-27 15:20:00,77.09342193603516,37.50496292114258,24.502336502075195,46.55374526977539,45.28598403930664,13.317147254943848,34.53742980957031,46.067138671875,5.311638355255127,8.515952110290527
3,158,47612,2021-11-27 15:30:00,73.19257354736328,55.539634704589844,55.81679153442383,45.324989318847656,64.06192779541016,27.838350296020508,61.173614501953125,57.89643859863281,9.46586799621582,27.69780921936035
3,159,47613,2021-11-27 15:40:00,57.24150466918945,73.31417846679688,76.39869689941406,58.52012252807617,82.81717681884766,41.153804779052734,74.87959289550781,71.42724609375,12.326444625854492,39.93403244018555
3,160,47614,2021-11-27 15:50:00,51.46504592895508,77.66512298583984,84.71589660644531,66.09381103515625,102.7807846069336,45.5223274230957,76.184814453125,85.13118743896484,12.52022647857666,48.76262283325195
3,161,47615,2021-11-27 16:00:00,54.673980712890625,70.77189636230469,84.3957290649414,61.114776611328125,102.1450424194336,38.16849899291992,67.90715026855469,85.9867935180664,7.524383544921875,44.613128662109375
3,162,47616,2021-11-27 16:10:00,66.05229187011719,62.25259017944336,65.75167083740234,49.305660247802734,88.20858001708984,22.89239501953125,55.42522048950195,83.03203582763672,4.3966898918151855,35.5510368347168
3,163,47617,2021-11-27 16:20:00,69.82121276855469,58.249061584472656,60.76425552368164,45.283504486083984,89.12886810302734,20.273033142089844,51.81576919555664,82.4373779296875,3.0218288898468018,35.74330139160156
3,164,47618,2021-11-27 16:30:00,63.4665641784668,89.70186614990234,98.32427978515625,62.40568923950195,121.40465545654297,42.75120544433594,79.1357421875,111.7238540649414,14.295977592468262,67.54008483886719
3,165,47619,2021-11-27 16:40:00,60.48848342895508,89.11009979248047,90.48076629638672,65.1512680053711,118.56781005859375,41.238731384277344,81.4464340209961,109.2857437133789,19.421052932739258,68.56634521484375
3,166,47620,2021-11-27 16:50:00,59.12560272216797,77.47264862060547,80.35641479492188,61.46890640258789,110.66453552246094,29.047012329101562,77.96653747558594,103.0875015258789,21.72466468811035,55.373573303222656
3,167,47621,2021-11-27 17:00:00,55.32977294921875,72.98511505126953,75.30400848388672,56.7625732421875,94.18189239501953,22.564762115478516,73.06741333007812,96.8227310180664,18.45673942565918,48.024314880371094
3,168,47622,2021-11-27 17:10:00,41.19572830200195,65.88493347167969,61.73246765136719,51.0628776550293,76.64067077636719,16.128881454467773,66.62926483154297,90.12005615234375,15.09933090209961,41.63534927368164
3,169,47623,2021-11-27 17:20:00,27.101360321044922,62.36723709106445,58.40673828125,49.24484634399414,75.18719482421875,13.061590194702148,57.73363494873047,87.1183090209961,10.802010536193848,37.80274963378906
3,170,47624,2021-11-27 17:30:00,24.887414932250977,106.40453338623047,112.0198745727539,78.15516662597656,101.61918640136719,49.05377960205078,96.69059753417969,125.56062316894531,20.796140670776367,71.2360610961914
3,171,47625,2021-11-27 17:40:00,19.96416664123535,89.32465362548828,88.099853515625,61.00634002685547,84.56747436523438,30.806447982788086,74.5383071899414,108.87411499023438,10.456941604614258,48.27315902709961
3,172,47626,2021-11-27 17:50:00,5.910000324249268,59.703548431396484,55.7144775390625,37.628108978271484,62.104732513427734,10.739362716674805,50.31180191040039,87.02674865722656,4.928934097290039,29.77569007873535
3,173,47627,2021-11-27 18:00:00,2.099375009536743,53.70783996582031,40.16828536987305,27.161632537841797,55.27877426147461,6.045256614685059,46.31890869140625,81.53208923339844,4.566941261291504,23.606861114501953
3,174,47628,2021-11-27 18:10:00,0.0,41.11370086669922,29.725696563720703,13.864278793334961,39.37685775756836,2.8187344074249268,39.131080627441406,70.77105712890625,7.882485389709473,15.093405723571777
3,175,47629,2021-11-27 18:20:00,0.0,39.901187896728516,30.348337173461914,9.128232955932617,35.24776840209961,1.2291290760040283,40.78599548339844,71.3609390258789,9.389931678771973,18.485393524169922
3,176,47630,2021-11-27 18:30:00,0.0,42.12958526611328,42.14574432373047,6.637670040130615,39.18023681640625,1.3929818868637085,43.60425567626953,69.14891815185547,14.42091178894043,18.45262336730957
3,177,47631,2021-11-27 18:40:00,0.0,37.52805709838867,37.63405227661133,4.882205486297607,34.79444122314453,0.26651322841644287,40.72318649291992,62.20155715942383,16.741201400756836,18.161766052246094
3,178,47632,2021-11-27 18:50:00,9.24666690826416,34.055809020996094,28.77279281616211,6.973897457122803,31.91172218322754,0.0,37.50675582885742,52.502559661865234,12.782538414001465,19.18760108947754
3,179,47633,2021-11-27 19:00:00,22.94182014465332,36.698612213134766,24.827943801879883,4.60983419418335,31.121660232543945,0.0,39.06106948852539,51.047645568847656,14.44833755493164,20.577316284179688
3,180,47634,2021-11-27 19:10:00,69.83055877685547,56.02430725097656,34.86928176879883,4.2454047203063965,39.228118896484375,1.0493769645690918,58.74607849121094,62.84847640991211,25.871070861816406,25.516616821289062
3,181,47635,2021-11-27 19:20:00,89.42585754394531,69.5625228881836,46.23798751831055,8.27855110168457,52.57965087890625,2.6326546669006348,70.28981018066406,72.4411849975586,34.42196273803711,30.846595764160156
3,182,47636,2021-11-27 19:30:00,96.42985534667969,82.05059814453125,59.05394744873047,20.426034927368164,71.40857696533203,9.56456184387207,84.65155029296875,71.47864532470703,58.73732376098633,34.37021255493164
3,183,47637,2021-11-27 19:40:00,73.59342193603516,84.5338363647461,93.7744369506836,72.85475158691406,108.4748764038086,31.82232093811035,85.2317123413086,90.61579132080078,59.180206298828125,50.25905990600586
3,184,47638,2021-11-27 19:50:00,39.511268615722656,92.64488983154297,108.42781066894531,115.62953186035156,128.05165100097656,50.36774444580078,97.79767608642578,112.46484375,64.28092956542969,58.39445114135742
3,185,47639,2021-11-27 20:00:00,30.484283447265625,101.63859558105469,117.17298889160156,136.3742218017578,145.4270782470703,57.956600189208984,102.1711196899414,127.03986358642578,75.2635498046875,69.66446685791016
3,186,47640,2021-11-27 20:10:00,4.405714511871338,84.17188262939453,102.97749328613281,97.34797668457031,124.52180480957031,45.586883544921875,87.15399932861328,112.71503448486328,47.534393310546875,43.36550521850586
3,187,47641,2021-11-27 20:20:00,17.763999938964844,46.055503845214844,61.093910217285156,38.0463752746582,71.31832885742188,13.656580924987793,50.486080169677734,70.7219009399414,6.051262855529785,14.91363525390625
3,188,47642,2021-11-27 20:30:00,21.88571548461914,29.367794036865234,47.23008346557617,22.94710350036621,62.84058380126953,10.287005424499512,41.78316116333008,35.07316589355469,13.695577621459961,15.917384147644043
3,189,47643,2021-11-27 20:40:00,49.891998291015625,33.60499572753906,56.21601486206055,29.35561752319336,57.47277069091797,21.590700149536133,50.84819412231445,40.54907989501953,19.705421447753906,19.375709533691406
3,190,47644,2021-11-27 20:50:00,67.25408172607422,45.61833190917969,72.51264190673828,42.84921646118164,84.52801513671875,43.09377670288086,62.95891571044922,49.208030700683594,15.180858612060547,29.216548919677734
3,191,47645,2021-11-27 21:00:00,55.821998596191406,51.321990966796875,68.24537658691406,42.599205017089844,73.29390716552734,44.62804412841797,66.48295593261719,52.882347106933594,18.810935974121094,28.865398406982422
3,192,47646,2021-11-27 21:10:00,141.69198608398438,54.04326248168945,66.0694351196289,52.09624481201172,75.30585479736328,37.84992218017578,58.686851501464844,58.87855529785156,18.985755920410156,24.055482864379883
3,193,47647,2021-11-27 21:20:00,199.218505859375,58.993072509765625,60.19904708862305,58.897216796875,75.29093933105469,35.1784782409668,60.579994201660156,59.8344612121582,20.315576553344727,23.777118682861328
3,194,47648,2021-11-27 21:30:00,162.847900390625,70.7596206665039,27.50469970703125,74.12338256835938,79.6682357788086,28.370397567749023,56.39706802368164,67.43801879882812,26.26702880859375,11.777435302734375
3,195,47649,2021-11-27 21:40:00,99.51171875,98.71641540527344,48.79843521118164,115.704345703125,116.2046127319336,61.840824127197266,89.95292663574219,90.26490783691406,40.947750091552734,37.21438217163086
3,196,47650,2021-11-27 21:50:00,68.13936614990234,145.49813842773438,107.77545166015625,189.59771728515625,194.99148559570312,123.36815643310547,150.6765594482422,134.17355346679688,101.04032897949219,100.66547393798828
3,197,47651,2021-11-27 22:00:00,49.790252685546875,134.34947204589844,110.446533203125,208.0531768798828,175.50869750976562,53.257774353027344,114.30239868164062,118.57068634033203,47.139915466308594,56.283103942871094
3,198,47652,2021-11-27 22:10:00,29.802669525146484,86.79341888427734,83.27165222167969,147.5079803466797,112.17338562011719,23.61762809753418,64.62630462646484,77.30387115478516,12.495128631591797,17.32682228088379
3,199,47653,2021-11-27 22:20:00,39.49774932861328,84.72721862792969,67.36701965332031,107.6842269897461,80.78656768798828,16.312728881835938,73.31529235839844,80.6640853881836,18.437414169311523,10.683748245239258
3,200,47654,2021-11-27 22:30:00,36.4379997253418,82.3521728515625,61.54122543334961,88.99093627929688,76.0968246459961,11.97249984741211,75.44359588623047,89.01934051513672,18.995189666748047,5.809046268463135
3,201,47655,2021-11-27 22:40:00,33.90757369995117,75.25963592529297,40.82305145263672,54.63652420043945,61.65289306640625,9.805953979492188,70.99301147460938,82.24373626708984,12.097962379455566,2.627749443054199
3,202,47656,2021-11-27 22:50:00,43.24285888671875,51.21031188964844,17.16448974609375,23.359825134277344,30.42675018310547,2.720684289932251,40.961463928222656,57.259666442871094,5.715497016906738,0.15840809047222137
3,203,47657,2021-11-27 23:00:00,45.49470138549805,63.06612777709961,17.236955642700195,32.047855377197266,60.81055450439453,8.308406829833984,53.23640060424805,57.77848815917969,28.833576202392578,1.566774606704712
3,204,47658,2021-11-27 23:10:00,57.64906311035156,52.9090576171875,16.976398468017578,36.21430969238281,43.86921691894531,1.6911349296569824,47.430641174316406,40.36141586303711,7.7892656326293945,2.350982189178467
3,205,47659,2021-11-27 23:20:00,30.562335968017578,47.60335922241211,21.267885208129883,40.84368896484375,45.24596405029297,3.089534044265747,39.2960205078125,31.52090835571289,4.4455885887146,1.0868490934371948
3,206,47660,2021-11-27 23:30:00,7.880000591278076,38.54730987548828,27.054550170898438,45.92146301269531,38.425445556640625,5.7525315284729,32.09589767456055,31.426443099975586,2.8915531635284424,1.999233603477478
3,207,47661,2021-11-27 23:40:00,2.484666585922241,35.95868682861328,24.412609100341797,47.54615020751953,33.77139663696289,3.7357614040374756,27.239534378051758,28.446382522583008,2.258497714996338,1.7188756465911865
3,208,47662,2021-11-27 23:50:00,0.9699999690055847,25.6170654296875,10.793952941894531,29.574722290039062,18.196760177612305,1.2250522375106812,21.800413131713867,20.53985595703125,0.018003132194280624,1.4915653467178345
3,209,47663,2021-11-28 00:00:00,15.137896537780762,27.996850967407227,3.364250898361206,17.782529830932617,15.272228240966797,0.16832414269447327,25.552536010742188,19.767353057861328,0.5608679056167603,1.4808062314987183
3,210,47664,2021-11-28 00:10:00,47.94208908081055,27.046127319335938,10.518943786621094,21.889162063598633,19.581823348999023,0.0,25.927833557128906,20.01658821105957,1.7135757207870483,4.279438495635986
3,211,47665,2021-11-28 00:20:00,61.95027542114258,28.51651954650879,10.88295841217041,28.350845336914062,25.682405471801758,0.46168702840805054,29.463226318359375,19.338977813720703,3.894334554672241,5.17872428894043
3,212,47666,2021-11-28 00:30:00,35.59023666381836,33.58739471435547,23.042673110961914,42.86334228515625,30.970426559448242,3.9058797359466553,30.19439697265625,30.559558868408203,6.351129531860352,7.345457553863525
3,213,47667,2021-11-28 00:40:00,12.578948020935059,55.7440299987793,43.6135139465332,58.62525177001953,53.17671585083008,13.959425926208496,42.1899528503418,50.81120300292969,11.151632308959961,15.883145332336426
3,214,47668,2021-11-28 00:50:00,0.6438461542129517,55.99153137207031,43.07923126220703,75.52278900146484,54.434932708740234,25.465057373046875,35.837642669677734,52.87833023071289,11.914196014404297,12.750080108642578
3,215,47669,2021-11-28 01:00:00,0.0,48.90373611450195,34.92058563232422,63.753475189208984,45.67816925048828,20.237987518310547,23.661989212036133,45.404300689697266,3.1051385402679443,8.781379699707031
3,216,47670,2021-11-28 01:10:00,0.0,40.35295867919922,23.174245834350586,63.38831329345703,40.2008056640625,14.638468742370605,13.787299156188965,36.031925201416016,2.1309521198272705,5.874683856964111
3,217,47671,2021-11-28 01:20:00,0.0,32.82136154174805,16.31210708618164,61.41038131713867,36.12321090698242,11.579623222351074,6.818439960479736,28.850053787231445,0.6090288162231445,3.987602710723877
3,218,47672,2021-11-28 01:30:00,0.0,22.398935317993164,2.5115411281585693,43.015342712402344,22.59694480895996,1.2484874725341797,1.7357971668243408,24.802457809448242,0.015431256033480167,0.3501591384410858
3,219,47673,2021-11-28 01:40:00,0.0,21.01416015625,3.013416290283203,38.146575927734375,16.708559036254883,0.0,3.1809966564178467,22.140064239501953,0.0,0.3197293281555176
3,220,47674,2021-11-28 01:50:00,0.0,10.31786823272705,1.9633718729019165,19.842830657958984,11.13990592956543,0.0,3.3635754585266113,14.654332160949707,0.0,0.28929951786994934
3,221,47675,2021-11-28 02:00:00,0.0,8.004770278930664,3.226857900619507,13.39171028137207,7.472465515136719,0.0,3.485294818878174,11.29162311553955,0.0,0.07629086822271347
3,222,47676,2021-11-28 02:10:00,0.0,7.852622032165527,2.541970729827881,10.789314270019531,5.2047953605651855,0.0,3.5157246589660645,9.770133018493652,0.0,0.07629086822271347
3,223,47677,2021-11-28 02:20:00,0.0,7.457034111022949,3.789592742919922,9.48083209991455,4.3677592277526855,0.0,4.778778076171875,7.974339962005615,0.0,0.04586106538772583
3,224,47678,2021-11-28 02:30:00,0.0,7.3957414627075195,3.394005298614502,8.567937850952148,5.81339168548584,0.0,4.520340919494629,8.826807975769043,0.0,0.13715049624443054
3,225,47679,2021-11-28 02:40:00,0.0,5.76796293258667,2.5265393257141113,6.955158233642578,5.920112133026123,0.0,3.5765838623046875,6.772579669952393,0.0,0.38058894872665405
3,226,47680,2021-11-28 02:50:00,0.0,4.383190155029297,1.309347152709961,5.631245136260986,4.9004974365234375,0.0,3.2264251708984375,5.143935680389404,0.0,0.0
3,227,47681,2021-11-28 03:00:00,0.0,5.691672325134277,0.7916077375411987,4.626628875732422,3.546154260635376,0.0,4.839637756347656,5.4940948486328125,0.0,0.0
3,228,47682,2021-11-28 03:10:00,0.0,6.25484037399292,2.3285293579101562,5.098507404327393,3.3635754585266113,0.0,5.113505840301514,7.442035675048828,0.0,0.0
3,229,47683,2021-11-28 03:20:00,0.0,5.965540409088135,2.10052227973938,3.7287330627441406,2.2831008434295654,0.0,4.459048748016357,7.9889068603515625,0.0,0.0
3,230,47684,2021-11-28 03:30:00,0.0,4.1243205070495605,3.591583013534546,3.3785741329193115,1.598214030265808,0.0,3.7287330627441406,9.039383888244629,0.0,0.0
3,231,47685,2021-11-28 03:40:00,0.0,3.7137348651885986,5.463232517242432,3.5765841007232666,2.0546610355377197,0.0,3.729166030883789,10.881035804748535,0.0,0.07629086822271347
3,232,47686,2021-11-28 03:50:00,0.0,3.1351356506347656,4.1851806640625,4.611197471618652,2.3893890380859375,0.0,2.7854092121124268,11.596352577209473,0.0,0.19801010191440582
3,233,47687,2021-11-28 04:00:00,0.0,3.782165765762329,4.190179824829102,3.072136878967285,2.4856059551239014,0.0,2.7166175842285156,11.20348072052002,0.0,0.0
3,234,47688,2021-11-28 04:10:00,0.0,3.4092400074005127,3.912714958190918,6.081530570983887,3.060680389404297,0.2907417118549347,1.879175066947937,14.100054740905762,0.05836862698197365,0.3681993782520294
3,235,47689,2021-11-28 04:20:00,0.0,4.565769672393799,2.663257360458374,3.9113121032714844,1.6590735912322998,0.07629086822271347,3.5765838623046875,11.62678337097168,0.0,0.22843991219997406
3,236,47690,2021-11-28 04:30:00,0.0,6.954725742340088,1.598214030265808,4.762913703918457,1.9633716344833374,0.6544572114944458,4.641627788543701,10.987322807312012,0.502308189868927,0.6544572114944458
3,237,47691,2021-11-28 04:40:00,0.0,8.324067115783691,2.2831008434295654,8.156919479370117,3.104705810546875,0.5327380299568176,4.459048748016357,10.347865104675293,0.22843991219997406,0.3197293281555176
3,238,47692,2021-11-28 04:50:00,0.0,5.202223300933838,1.1720525026321411,4.421696186065674,3.8356704711914062,0.0,2.059588670730591,6.231765270233154,0.0,0.0
3,239,47693,2021-11-28 05:00:00,0.0,4.638199329376221,0.36094218492507935,5.113605976104736,2.8852076530456543,0.0,2.2288641929626465,4.424958229064941,0.31155332922935486,0.08215939998626709
3,240,47694,2021-11-28 05:10:00,0.0,5.4907002449035645,0.27878278493881226,8.751604080200195,5.146376609802246,0.0,2.6221108436584473,6.703211307525635,0.21324165165424347,0.11492995917797089
3,241,47695,2021-11-28 05:20:00,0.0,8.963525772094727,0.9741865396499634,14.684761047363281,7.989771366119385,0.0,3.5307230949401855,12.082798957824707,0.5631678104400635,0.502308189868927
3,242,47696,2021-11-28 05:30:00,0.0,7.916187763214111,0.5409473180770874,17.92782974243164,5.7694830894470215,0.0,3.491229772567749,11.111551284790039,0.37709444761276245,0.0
3,243,47697,2021-11-28 05:40:00,4.196000099182129,6.249869346618652,0.6820315718650818,19.08799934387207,6.307075500488281,0.0,2.216097831726074,9.090389251708984,0.3268151879310608,0.0
3,244,47698,2021-11-28 05:50:00,12.568235397338867,16.44175148010254,5.890131950378418,35.66300582885742,14.361783027648926,2.857534646987915,5.21387243270874,19.7372989654541,1.190877079963684,0.0
3,245,47699,2021-11-28 06:00:00,18.986923217773438,22.835569381713867,6.456733226776123,43.218971252441406,18.96033477783203,10.414361953735352,8.513668060302734,18.583471298217773,2.5651121139526367,0.32793861627578735
3,246,47700,2021-11-28 06:10:00,28.19038200378418,23.950000762939453,5.629392147064209,41.53971481323242,25.686840057373047,6.285269737243652,8.563056945800781,15.240874290466309,4.392187118530273,0.05746497958898544
3,247,47701,2021-11-28 06:20:00,92.68929290771484,28.789302825927734,9.076988220214844,50.60779571533203,33.19412612915039,11.660097122192383,9.96760082244873,19.1578369140625,7.521751403808594,0.6467415690422058
3,248,47702,2021-11-28 06:30:00,209.5349578857422,38.18730926513672,7.535829544067383,57.64658737182617,46.21493148803711,18.83302879333496,12.541621208190918,24.509201049804688,13.01266860961914,0.8136117458343506
3,249,47703,2021-11-28 06:40:00,240.93885803222656,44.53323745727539,9.440654754638672,62.416202545166016,50.405696868896484,25.59632682800293,16.349855422973633,27.993656158447266,20.796958923339844,1.1358494758605957
3,250,47704,2021-11-28 06:50:00,75.16867065429688,80.88470458984375,35.28823471069336,99.86888122558594,81.42162322998047,79.33464050292969,45.28032302856445,53.84306716918945,59.645355224609375,21.36222267150879
3,251,47705,2021-11-28 07:00:00,20.16666603088379,198.58255004882812,163.62030029296875,225.4815673828125,203.87599182128906,230.82083129882812,168.2088623046875,173.02818298339844,192.77584838867188,207.91392517089844
3,252,47706,2021-11-28 07:10:00,5.272857189178467,206.9713592529297,176.61764526367188,266.5681457519531,217.9261016845703,253.02687072753906,169.3449249267578,193.5061798095703,195.51454162597656,224.91734313964844
3,253,47707,2021-11-28 07:20:00,2.7716665267944336,102.77970123291016,153.9012908935547,167.65859985351562,134.6955108642578,149.89456176757812,59.04092025756836,104.92754364013672,29.752227783203125,89.10125732421875
3,254,47708,2021-11-28 07:30:00,0.0,20.40804672241211,18.4903621673584,30.548471450805664,32.1661262512207,17.511127471923828,5.325821876525879,16.01946258544922,2.5141079425811768,0.0
3,255,47709,2021-11-28 07:40:00,0.0,11.206072807312012,10.140423774719238,17.086322784423828,21.515689849853516,3.0253288745880127,0.12841098010540009,10.225626945495605,0.0,0.0
3,256,47710,2021-11-28 07:50:00,26.302396774291992,18.602703094482422,2.104888916015625,21.0311222076416,24.780073165893555,4.320906162261963,6.724370956420898,18.270288467407227,0.0,0.0
3,257,47711,2021-11-28 08:00:00,83.69637298583984,22.28677749633789,1.9083473682403564,20.732650756835938,26.144411087036133,6.733407974243164,9.725624084472656,19.730674743652344,0.37241294980049133,0.8803234100341797
3,258,47712,2021-11-28 08:10:00,119.34703063964844,30.70785140991211,5.421441555023193,23.754459381103516,30.247974395751953,16.916494369506836,11.249467849731445,23.140649795532227,0.5738869905471802,1.9935715198516846
3,259,47713,2021-11-28 08:20:00,98.54737854003906,52.41556930541992,14.954086303710938,46.99518966674805,42.75566482543945,42.27786636352539,23.439891815185547,40.11477279663086,1.9136182069778442,15.628504753112793
3,260,47714,2021-11-28 08:30:00,66.79666900634766,108.84233856201172,73.34292602539062,90.32072448730469,113.96672058105469,90.73863220214844,62.56671142578125,101.06448364257812,19.29303550720215,50.22438430786133
3,261,47715,2021-11-28 08:40:00,80.62222290039062,111.62153625488281,98.46036529541016,102.5726089477539,160.06719970703125,92.89649963378906,61.986576080322266,107.10102844238281,24.630861282348633,56.537105560302734
3,262,47716,2021-11-28 08:50:00,91.475830078125,73.29969787597656,86.04467010498047,72.130126953125,157.1028289794922,44.30876922607422,33.99757766723633,71.66658020019531,17.91908836364746,39.67786407470703
3,263,47717,2021-11-28 09:00:00,110.54891204833984,62.209373474121094,67.90589904785156,56.274444580078125,135.93186950683594,29.636552810668945,26.93198585510254,60.60496520996094,10.39073657989502,20.971426010131836
3,264,47718,2021-11-28 09:10:00,107.67752075195312,73.4460678100586,76.35979461669922,68.80873107910156,152.21627807617188,26.404102325439453,32.12236022949219,72.7054214477539,11.580819129943848,32.79058837890625
3,265,47719,2021-11-28 09:20:00,107.47460174560547,76.13922882080078,87.03337860107422,75.22386932373047,150.0110321044922,22.078380584716797,36.747955322265625,75.01278686523438,9.756062507629395,38.87993240356445
3,266,47720,2021-11-28 09:30:00,117.80931854248047,139.69732666015625,146.35606384277344,88.82762908935547,209.6429443359375,73.03447723388672,92.18384552001953,124.50746154785156,30.35883903503418,106.26034545898438
3,267,47721,2021-11-28 09:40:00,177.9701385498047,135.2371063232422,129.73519897460938,73.86417388916016,211.0714874267578,61.4202880859375,81.22703552246094,110.72955322265625,30.03185272216797,99.00086212158203
3,268,47722,2021-11-28 09:50:00,345.0977783203125,120.51187896728516,99.13864135742188,46.84735870361328,189.27713012695312,40.15386962890625,69.25146484375,89.41895294189453,28.3026180267334,91.62059783935547
3,269,47723,2021-11-28 10:00:00,386.1202697753906,129.76504516601562,103.2462158203125,49.48455810546875,188.10556030273438,44.62185287475586,78.32181549072266,94.299072265625,63.82985305786133,136.84121704101562
3,270,47724,2021-11-28 10:10:00,437.9123229980469,183.2997589111328,146.37335205078125,114.5362777709961,241.8557586669922,163.06494140625,139.13116455078125,128.64952087402344,172.96961975097656,272.4384765625
3,271,47725,2021-11-28 10:20:00,480.77099609375,382.8642272949219,299.6359558105469,422.09405517578125,419.0999450683594,477.5252990722656,435.9481506347656,316.83831787109375,502.50787353515625,619.2636108398438
3,272,47726,2021-11-28 10:30:00,460.22515869140625,417.81842041015625,439.409912109375,492.07708740234375,500.3087158203125,720.6498413085938,633.9957885742188,426.1254577636719,648.09619140625,872.4954223632812
3,273,47727,2021-11-28 10:40:00,462.1686706542969,408.346435546875,476.0644226074219,477.44525146484375,535.5422973632812,792.4813232421875,652.2362670898438,453.168212890625,648.698486328125,911.19287109375
3,274,47728,2021-11-28 10:50:00,593.3428344726562,350.24627685546875,457.50091552734375,467.1827697753906,527.4096069335938,812.7059326171875,589.7994384765625,382.7209777832031,637.4723510742188,865.937744140625
3,275,47729,2021-11-28 11:00:00,553.3247680664062,275.9617004394531,435.3454284667969,408.5612487792969,453.614013671875,762.671875,506.0838317871094,281.9207763671875,564.71923828125,703.3349609375
3,276,47730,2021-11-28 11:10:00,531.14306640625,257.91119384765625,418.6145324707031,402.8460693359375,402.6219787597656,658.2164306640625,393.2393493652344,266.8269348144531,551.3037109375,655.1544799804688
3,277,47731,2021-11-28 11:20:00,612.7284545898438,310.32965087890625,516.2774047851562,526.8157348632812,501.7696533203125,692.8150024414062,513.4014282226562,380.41796875,698.846923828125,856.510498046875
3,278,47732,2021-11-28 11:30:00,785.8502807617188,349.9462585449219,620.4764404296875,607.9065551757812,574.4155883789062,729.2083740234375,660.379638671875,489.4219970703125,751.4469604492188,908.8742065429688
3,279,47733,2021-11-28 11:40:00,956.94482421875,340.5947265625,599.281005859375,570.0527954101562,564.2816162109375,750.2630615234375,626.704833984375,467.8943176269531,739.8690795898438,860.50048828125
3,280,47734,2021-11-28 11:50:00,1028.2080078125,337.2868347167969,607.869140625,551.4765014648438,568.9036254882812,783.2024536132812,613.9593505859375,495.2126770019531,728.1852416992188,887.5556030273438
3,281,47735,2021-11-28 12:00:00,1042.89208984375,386.7398986816406,713.8219604492188,605.9549560546875,689.2632446289062,868.3756713867188,742.31201171875,586.2918701171875,843.3685913085938,1036.40380859375
3,282,47736,2021-11-28 12:10:00,1040.2283935546875,417.20281982421875,826.0422973632812,672.48486328125,775.96142578125,923.8485717773438,759.9583740234375,592.6373901367188,913.15283203125,1134.690673828125
3,283,47737,2021-11-28 12:20:00,1078.20849609375,470.30975341796875,929.5476684570312,734.0925903320312,872.3347778320312,979.0909423828125,880.5618286132812,653.6757202148438,993.017578125,1198.8792724609375
3,284,47738,2021-11-28 12:30:00,1150.7218017578125,808.362548828125,1022.5702514648438,847.3182373046875,955.185302734375,1033.0147705078125,1090.9556884765625,957.5116577148438,1008.7568359375,1237.850830078125
3,285,47739,2021-11-28 12:40:00,1160.203125,888.5203247070312,1040.6949462890625,863.9736328125,992.4675903320312,1046.193603515625,1112.01953125,975.898681640625,1025.69384765625,1236.46875
3,286,47740,2021-11-28 12:50:00,1166.8966064453125,965.5983276367188,1074.1572265625,938.0192260742188,1061.5025634765625,1068.484619140625,1138.8489990234375,988.0372924804688,1085.0706787109375,1265.44189453125
3,287,47741,2021-11-28 13:00:00,1228.9815673828125,1052.62548828125,1132.62255859375,1042.2379150390625,1155.2015380859375,1114.8743896484375,1201.53662109375,1125.0611572265625,1176.5457763671875,1305.84033203125
3,288,47742,2021-11-28 13:10:00,1244.3446044921875,1048.932373046875,1142.330322265625,1082.1856689453125,1147.843994140625,1105.61962890625,1197.0289306640625,1103.2672119140625,1181.6492919921875,1316.698974609375
3,289,47743,2021-11-28 13:20:00,1325.55615234375,1079.4307861328125,1154.2589111328125,1101.099609375,1171.145263671875,1113.0447998046875,1225.1986083984375,1149.605224609375,1186.05712890625,1327.1265869140625
3,290,47744,2021-11-28 13:30:00,1389.278076171875,1155.5701904296875,1189.8819580078125,1161.16015625,1226.6357421875,1145.353759765625,1233.541748046875,1151.1939697265625,1230.5946044921875,1346.98388671875
3,291,47745,2021-11-28 13:40:00,1425.047607421875,1164.2620849609375,1212.9774169921875,1169.1319580078125,1232.8621826171875,1171.593505859375,1241.0914306640625,1173.963623046875,1249.6422119140625,1347.9088134765625
3,292,47746,2021-11-28 13:50:00,1359.4031982421875,1235.1177978515625,1270.161865234375,1267.5325927734375,1259.0565185546875,1235.03515625,1290.0596923828125,1263.228515625,1322.2882080078125,1378.8243408203125
3,293,47747,2021-11-28 14:00:00,1273.8385009765625,1313.73388671875,1314.9049072265625,1320.7568359375,1303.7557373046875,1278.5478515625,1356.4671630859375,1337.244384765625,1375.17578125,1412.02734375
3,294,47748,2021-11-28 14:10:00,1152.9705810546875,1357.0458984375,1335.3358154296875,1360.9915771484375,1331.770751953125,1305.3138427734375,1380.1923828125,1350.279052734375,1415.9195556640625,1442.0491943359375
3,295,47749,2021-11-28 14:20:00,1009.2501220703125,1308.829833984375,1294.8150634765625,1318.95263671875,1306.6851806640625,1271.44677734375,1322.9713134765625,1309.72314453125,1370.630615234375,1420.6329345703125
3,296,47750,2021-11-28 14:30:00,1003.3663940429688,1247.15283203125,1221.0924072265625,1220.755615234375,1246.2796630859375,1214.1937255859375,1183.4759521484375,1202.509765625,1268.3504638671875,1371.2958984375
3,297,47751,2021-11-28 14:40:00,1154.932861328125,1162.048095703125,1144.9495849609375,1101.1527099609375,1143.3858642578125,1129.1842041015625,1074.046630859375,1097.6383056640625,1138.6480712890625,1296.146240234375
3,298,47752,2021-11-28 14:50:00,1244.5091552734375,1070.2828369140625,1047.9613037109375,967.6513671875,992.4990234375,1061.7979736328125,975.25341796875,994.9180908203125,1029.2059326171875,1185.287841796875
3,299,47753,2021-11-28 15:00:00,1231.39208984375,1097.7652587890625,1050.0020751953125,974.395263671875,1001.8192749023438,1091.78369140625,1024.114501953125,1043.82958984375,1065.206787109375,1185.4622802734375
3,300,47754,2021-11-28 15:10:00,1258.1851806640625,1193.9036865234375,1138.979248046875,1119.749267578125,1117.8717041015625,1186.6884765625,1140.439453125,1169.1866455078125,1203.193115234375,1285.811767578125
3,301,47755,2021-11-28 15:20:00,1408.7877197265625,1238.541748046875,1189.8533935546875,1198.837890625,1163.4786376953125,1234.129150390625,1190.5433349609375,1239.30615234375,1278.4027099609375,1346.753662109375
3,302,47756,2021-11-28 15:30:00,1491.4505615234375,1240.749755859375,1198.0987548828125,1172.314453125,1117.2515869140625,1241.3140869140625,1157.24560546875,1212.3720703125,1236.0555419921875,1330.353271484375
3,303,47757,2021-11-28 15:40:00,1505.33349609375,1268.5533447265625,1229.9736328125,1216.406494140625,1156.142333984375,1261.2669677734375,1183.5252685546875,1245.141845703125,1266.3387451171875,1358.867431640625
3,304,47758,2021-11-28 15:50:00,1496.0330810546875,1381.671142578125,1297.8837890625,1341.0546875,1244.8223876953125,1355.462890625,1351.08984375,1364.5877685546875,1400.812255859375,1440.0074462890625
3,305,47759,2021-11-28 16:00:00,1428.566162109375,1441.7542724609375,1350.1392822265625,1385.4908447265625,1311.19677734375,1384.7564697265625,1424.35009765625,1419.662353515625,1464.5816650390625,1478.800048828125
3,306,47760,2021-11-28 16:10:00,1400.2923583984375,1460.2098388671875,1366.5980224609375,1390.4791259765625,1338.65576171875,1406.36572265625,1435.1124267578125,1435.51025390625,1472.1644287109375,1484.666259765625
3,307,47761,2021-11-28 16:20:00,1414.6976318359375,1456.9439697265625,1364.520263671875,1390.96533203125,1324.818115234375,1404.5185546875,1399.248779296875,1428.1319580078125,1465.6282958984375,1482.666748046875
3,308,47762,2021-11-28 16:30:00,1404.441650390625,1401.8084716796875,1330.6788330078125,1408.6412353515625,1267.4378662109375,1367.74755859375,1305.250244140625,1384.54541015625,1435.53564453125,1480.8575439453125
3,309,47763,2021-11-28 16:40:00,1438.88671875,1380.8082275390625,1311.2840576171875,1393.1109619140625,1249.8583984375,1351.25048828125,1263.816650390625,1368.19482421875,1415.1319580078125,1474.1002197265625
3,310,47764,2021-11-28 16:50:00,1428.266357421875,1393.04638671875,1330.1175537109375,1389.483154296875,1275.0968017578125,1365.579345703125,1307.6995849609375,1386.2392578125,1404.5657958984375,1473.459716796875
3,311,47765,2021-11-28 17:00:00,1440.1019287109375,1405.5098876953125,1324.56103515625,1384.3814697265625,1272.9443359375,1373.9072265625,1357.1339111328125,1409.2581787109375,1413.2850341796875,1479.1390380859375
3,312,47766,2021-11-28 17:10:00,1456.400634765625,1431.849365234375,1358.329833984375,1397.9659423828125,1319.32568359375,1394.2503662109375,1402.3265380859375,1437.68798828125,1440.43798828125,1485.642333984375
3,313,47767,2021-11-28 17:20:00,1454.94775390625,1416.1444091796875,1356.1219482421875,1381.4244384765625,1319.62939453125,1382.6739501953125,1374.2156982421875,1426.18359375,1435.6749267578125,1480.5806884765625
3,314,47768,2021-11-28 17:30:00,1429.9603271484375,1426.211669921875,1386.59521484375,1447.7274169921875,1353.061767578125,1376.355224609375,1417.5174560546875,1447.2100830078125,1459.28173828125,1493.324951171875
3,315,47769,2021-11-28 17:40:00,1398.796142578125,1434.7574462890625,1398.980224609375,1458.1185302734375,1374.1544189453125,1385.2203369140625,1427.177490234375,1453.48583984375,1461.5242919921875,1494.979248046875
3,316,47770,2021-11-28 17:50:00,1417.3597412109375,1427.5478515625,1404.536376953125,1468.0609130859375,1383.8115234375,1374.191650390625,1424.558837890625,1454.9293212890625,1447.577880859375,1496.354248046875
3,317,47771,2021-11-28 18:00:00,1396.7308349609375,1414.41748046875,1376.9853515625,1464.4207763671875,1351.695068359375,1361.608154296875,1414.113525390625,1446.641845703125,1425.7366943359375,1494.083251953125
3,318,47772,2021-11-28 18:10:00,1338.0709228515625,1410.478759765625,1351.640869140625,1447.4979248046875,1337.7447509765625,1350.41259765625,1397.8701171875,1428.271484375,1400.7430419921875,1483.8990478515625
3,319,47773,2021-11-28 18:20:00,1231.018310546875,1426.922607421875,1362.30224609375,1446.829345703125,1349.8255615234375,1369.3798828125,1416.431640625,1443.84912109375,1417.6273193359375,1490.8785400390625
3,320,47774,2021-11-28 18:30:00,1192.2213134765625,1408.960205078125,1354.6524658203125,1415.421142578125,1298.6544189453125,1349.46484375,1390.5972900390625,1417.182373046875,1355.860107421875,1466.950927734375
3,321,47775,2021-11-28 18:40:00,1282.04345703125,1353.591064453125,1310.131103515625,1350.183349609375,1237.8201904296875,1300.090576171875,1308.106689453125,1352.30126953125,1273.9840087890625,1424.0859375
3,322,47776,2021-11-28 18:50:00,1241.6419677734375,1194.7398681640625,1177.3079833984375,1187.5047607421875,1087.059326171875,1158.5238037109375,1077.1649169921875,1145.2869873046875,1052.8175048828125,1296.073974609375
3,323,47777,2021-11-28 19:00:00,1256.90625,1178.91455078125,1147.4425048828125,1143.354736328125,1070.8182373046875,1133.6685791015625,1059.260009765625,1133.008056640625,1044.675537109375,1266.093994140625
3,324,47778,2021-11-28 19:10:00,1282.019775390625,1251.443115234375,1176.4974365234375,1220.583984375,1134.08984375,1202.484619140625,1182.8367919921875,1237.8089599609375,1122.29150390625,1338.4500732421875
3,325,47779,2021-11-28 19:20:00,1257.5771484375,1199.99365234375,1127.7105712890625,1140.65966796875,1089.876220703125,1184.5123291015625,1137.714111328125,1181.2218017578125,1058.215576171875,1299.1231689453125
3,326,47780,2021-11-28 19:30:00,1353.6856689453125,1128.71826171875,1019.1604614257812,1080.990966796875,1010.1569213867188,1202.15234375,1105.365478515625,1139.672607421875,995.987060546875,1223.6900634765625
3,327,47781,2021-11-28 19:40:00,1326.7518310546875,1139.40380859375,1037.0023193359375,1080.843017578125,1029.19580078125,1225.968017578125,1151.248779296875,1159.903564453125,1012.9155883789062,1239.9390869140625
3,328,47782,2021-11-28 19:50:00,1262.9251708984375,1159.70703125,1058.12744140625,1048.699951171875,1052.0927734375,1176.2689208984375,1154.1976318359375,1191.0625,1035.6695556640625,1237.5465087890625
3,329,47783,2021-11-28 20:00:00,1073.437255859375,1270.614013671875,1136.5595703125,1149.7293701171875,1134.0611572265625,1230.079833984375,1285.891357421875,1296.3143310546875,1141.6671142578125,1327.1414794921875
3,330,47784,2021-11-28 20:10:00,1085.7567138671875,1227.910400390625,1096.3997802734375,1082.3572998046875,1116.23193359375,1187.2161865234375,1237.407470703125,1249.9169921875,1106.112548828125,1311.337890625
3,331,47785,2021-11-28 20:20:00,1261.295654296875,1144.719482421875,1050.5281982421875,1005.2108154296875,1075.599853515625,1140.0269775390625,1135.57373046875,1160.866455078125,1034.54248046875,1251.227783203125
3,332,47786,2021-11-28 20:30:00,1273.918212890625,958.4818115234375,878.7595825195312,841.3037109375,894.9818115234375,1013.6221923828125,971.343505859375,1000.2293701171875,873.1774291992188,1068.2769775390625
3,333,47787,2021-11-28 20:40:00,1176.58203125,991.564697265625,882.0240478515625,851.958984375,933.9896240234375,1061.9283447265625,1011.5298461914062,1034.9246826171875,890.7675170898438,1083.7003173828125
3,334,47788,2021-11-28 20:50:00,1045.8111572265625,1145.789306640625,1001.3145751953125,926.4666748046875,1062.3328857421875,1180.2855224609375,1229.67138671875,1204.7369384765625,1045.610107421875,1225.244384765625
3,335,47789,2021-11-28 21:00:00,790.89404296875,1098.8521728515625,982.4910888671875,921.5032958984375,1037.955078125,1163.1768798828125,1212.660888671875,1161.713134765625,1026.3145751953125,1216.775634765625
3,336,47790,2021-11-28 21:10:00,676.4267578125,1017.116943359375,910.6134643554688,836.45263671875,971.111083984375,1075.05615234375,1101.2982177734375,1087.1793212890625,926.70556640625,1145.0849609375
3,337,47791,2021-11-28 21:20:00,762.6784057617188,919.8370361328125,835.6275024414062,761.7655029296875,868.7433471679688,1001.5918579101562,952.9852905273438,976.948974609375,807.1402587890625,1047.8148193359375
3,338,47792,2021-11-28 21:30:00,768.929443359375,673.98486328125,652.5169067382812,639.3394775390625,654.7974853515625,697.421875,674.5655517578125,704.700927734375,606.4386596679688,801.0441284179688
3,339,47793,2021-11-28 21:40:00,653.8785400390625,594.700927734375,553.6334838867188,575.6007690429688,594.0032348632812,588.8628540039062,602.3220825195312,620.814208984375,542.8793334960938,720.5354614257812
3,340,47794,2021-11-28 21:50:00,483.0722351074219,647.5938720703125,594.2530517578125,642.2092895507812,641.3999633789062,596.0477905273438,678.6925048828125,706.4561767578125,588.15185546875,792.1830444335938
3,341,47795,2021-11-28 22:00:00,399.6897888183594,612.7607421875,595.82275390625,647.1441040039062,614.0675048828125,560.0199584960938,653.2194213867188,652.5992431640625,557.68310546875,770.8633422851562
3,342,47796,2021-11-28 22:10:00,353.83343505859375,517.9354248046875,520.3036499023438,603.114013671875,548.4368896484375,498.7408447265625,558.1760864257812,526.0496215820312,454.4189147949219,660.486328125
3,343,47797,2021-11-28 22:20:00,341.95947265625,396.88427734375,378.8565673828125,440.9466552734375,451.67425537109375,402.93505859375,405.55084228515625,370.4751892089844,311.3027648925781,474.32135009765625
3,344,47798,2021-11-28 22:30:00,326.7071533203125,332.47796630859375,270.0691223144531,342.201904296875,385.33868408203125,306.3321533203125,277.9556884765625,271.0459289550781,231.40171813964844,343.5604248046875
3,345,47799,2021-11-28 22:40:00,350.2857971191406,301.4051513671875,218.4516143798828,319.1842346191406,346.3177795410156,266.88787841796875,225.3414764404297,231.65354919433594,198.3205108642578,282.02069091796875
3,346,47800,2021-11-28 22:50:00,385.6476745605469,296.3232421875,195.05081176757812,311.462890625,331.1409606933594,254.63223266601562,214.7747802734375,235.93038940429688,189.7528076171875,252.6508331298828
3,347,47801,2021-11-28 23:00:00,394.32061767578125,283.2337341308594,172.83091735839844,288.8619689941406,311.9145812988281,228.52952575683594,206.2482452392578,220.88427734375,174.9904327392578,227.55548095703125
3,348,47802,2021-11-28 23:10:00,440.4320068359375,300.8123779296875,186.58929443359375,311.3731994628906,329.2486572265625,251.42315673828125,246.0609893798828,252.51646423339844,199.85324096679688,267.16094970703125
3,349,47803,2021-11-28 23:20:00,417.6452331542969,328.61993408203125,214.10589599609375,347.1854553222656,351.6828918457031,306.2665710449219,293.269775390625,298.2604675292969,241.2842254638672,324.0963439941406
3,350,47804,2021-11-28 23:30:00,403.88336181640625,323.4563903808594,212.80247497558594,335.3258361816406,351.5377197265625,274.6180725097656,241.9116973876953,253.74819946289062,222.9766082763672,299.96234130859375
3,351,47805,2021-11-28 23:40:00,404.8467102050781,363.1773681640625,256.86749267578125,401.3480529785156,381.57037353515625,356.331787109375,339.2713928222656,319.0956726074219,286.86981201171875,387.1651611328125
3,352,47806,2021-11-28 23:50:00,382.81365966796875,336.9123840332031,237.97808837890625,386.80963134765625,367.2777099609375,326.45208740234375,311.9813537597656,276.4280700683594,259.4217529296875,357.6925048828125
3,353,47808,2021-11-29 00:10:00,318.9735412597656,322.94134521484375,227.45423889160156,359.302001953125,349.95599365234375,304.7569885253906,305.5906677246094,244.53634643554688,246.1483154296875,342.4578552246094
3,354,47809,2021-11-29 00:20:00,343.15380859375,299.711181640625,209.3114013671875,330.5930480957031,328.44268798828125,262.5091857910156,244.46145629882812,211.1903839111328,197.4888916015625,296.0469970703125
3,355,47810,2021-11-29 00:30:00,362.3045654296875,287.0044860839844,198.9528350830078,312.6209411621094,310.3260192871094,231.61219787597656,206.88914489746094,187.7646026611328,173.3916778564453,260.5469970703125
3,356,47811,2021-11-29 00:40:00,333.3991394042969,255.14381408691406,162.64804077148438,275.6826477050781,273.69818115234375,196.84481811523438,155.73011779785156,147.70838928222656,128.6957550048828,188.6653594970703
3,357,47812,2021-11-29 00:50:00,331.5966796875,280.71295166015625,186.93870544433594,339.5356140136719,289.210693359375,305.8879089355469,230.7156219482422,190.69418334960938,165.98033142089844,228.68634033203125
3,358,47813,2021-11-29 01:00:00,292.6771545410156,292.8587341308594,218.0382080078125,376.53570556640625,298.7801208496094,327.8388671875,272.8479309082031,216.01382446289062,203.85711669921875,254.58139038085938
3,359,47814,2021-11-29 01:10:00,230.03173828125,272.68115234375,212.8372039794922,323.45330810546875,280.8941955566406,269.79559326171875,242.81295776367188,190.69021606445312,187.76455688476562,228.40516662597656
3,360,47815,2021-11-29 01:20:00,226.481201171875,274.25408935546875,218.2719268798828,317.3455810546875,281.8852233886719,277.5431823730469,253.12596130371094,203.77955627441406,193.19313049316406,243.04864501953125
3,361,47816,2021-11-29 01:30:00,276.691650390625,235.366455078125,185.2814178466797,263.6465148925781,255.78726196289062,179.02806091308594,152.69358825683594,148.04246520996094,138.00953674316406,180.85311889648438
3,362,47817,2021-11-29 01:40:00,308.63958740234375,203.18585205078125,147.88946533203125,228.92654418945312,228.75961303710938,128.18814086914062,99.2738037109375,109.7430191040039,85.19692993164062,117.53990173339844
3,363,47818,2021-11-29 01:50:00,334.0065002441406,220.1729278564453,140.24777221679688,250.9594268798828,243.42739868164062,154.950927734375,113.9006576538086,132.3767852783203,90.47286224365234,129.2241668701172
3,364,47819,2021-11-29 02:00:00,354.0643615722656,254.173828125,178.54959106445312,310.793212890625,284.481689453125,221.7247772216797,166.52920532226562,184.9923095703125,149.09161376953125,194.8590545654297
3,365,47820,2021-11-29 02:10:00,358.4688720703125,274.30328369140625,215.39422607421875,358.6186218261719,298.7299499511719,272.63018798828125,211.21044921875,219.9653778076172,185.3167724609375,236.4956817626953
3,366,47821,2021-11-29 02:20:00,368.4779357910156,295.55731201171875,257.3049621582031,384.73828125,320.6949157714844,309.8410949707031,260.2506408691406,256.2745361328125,222.268798828125,267.9469909667969
3,367,47822,2021-11-29 02:30:00,413.533203125,335.46368408203125,312.78448486328125,414.7908020019531,354.8088073730469,340.8156433105469,331.1775207519531,299.1777038574219,298.4900207519531,321.888671875
3,368,47823,2021-11-29 02:40:00,343.7115478515625,370.317626953125,372.9595947265625,450.8645935058594,385.57696533203125,396.054931640625,386.6612243652344,332.5671081542969,351.33135986328125,377.03656005859375
3,369,47824,2021-11-29 02:50:00,244.137939453125,454.4007263183594,483.20672607421875,538.5325927734375,468.0875549316406,502.7483825683594,543.9459838867188,438.1562194824219,466.2077941894531,486.6013488769531
3,370,47825,2021-11-29 03:00:00,114.55204772949219,476.60064697265625,510.7027893066406,538.6248779296875,468.30712890625,469.03369140625,546.7310791015625,473.30828857421875,476.09100341796875,527.04248046875
3,371,47826,2021-11-29 03:10:00,23.25408935546875,362.4861145019531,390.8404541015625,371.953369140625,350.1000061035156,315.410400390625,361.8203125,332.1912536621094,299.1409912109375,366.7943420410156
3,372,47827,2021-11-29 03:20:00,0.3181818127632141,141.56422424316406,112.47561645507812,129.16494750976562,121.31145477294922,62.984439849853516,60.33261489868164,67.13782501220703,54.90007019042969,71.29634094238281
3,373,47828,2021-11-29 03:30:00,0.0,89.56348419189453,46.13766860961914,75.5630111694336,73.64592742919922,23.6644287109375,25.38951301574707,19.345884323120117,14.931346893310547,20.526838302612305
3,374,47829,2021-11-29 03:40:00,0.0,60.01337814331055,15.879652976989746,52.926002502441406,48.704280853271484,12.064862251281738,14.176959991455078,6.100619316101074,7.804688930511475,5.286762714385986
3,375,47830,2021-11-29 03:50:00,0.0,42.15937805175781,2.3242814540863037,28.4875431060791,41.84954833984375,3.93125319480896,2.44101881980896,0.2907417118549347,1.3364205360412598,0.0
3,376,47831,2021-11-29 04:00:00,0.0,28.875385284423828,1.5300648212432861,13.383295059204102,33.910133361816406,1.878624439239502,1.143326997756958,1.182055950164795,1.724259853363037,0.0
3,377,47832,2021-11-29 04:10:00,0.0,28.5655517578125,1.9173533916473389,5.579156875610352,33.3679313659668,1.4913359880447388,1.627162218093872,1.2202340364456177,2.8473963737487793,0.0
3,378,47833,2021-11-29 04:20:00,0.0,29.88233184814453,2.3046417236328125,3.8936262130737305,33.9488639831543,3.3312315940856934,0.542754590511322,0.523114800453186,3.4092400074005127,0.0
3,379,47834,2021-11-29 04:30:00,0.0,26.117889404296875,2.705512762069702,1.1724563837051392,36.42750930786133,3.8131580352783203,0.10680721700191498,0.5544282793998718,2.0670926570892334,0.0
3,380,47835,2021-11-29 04:40:00,0.06181818246841431,21.400165557861328,1.1815052032470703,1.4335180521011353,33.40666198730469,3.079218864440918,0.0,0.0,4.319092273712158,0.0
3,381,47836,2021-11-29 04:50:00,0.0,23.283966064453125,4.473787784576416,2.770324230194092,43.56299591064453,2.6629109382629395,0.0,0.0,2.4289045333862305,0.0
3,382,47837,2021-11-29 05:00:00,0.0,29.76003646850586,5.240618705749512,5.007823944091797,57.856178283691406,4.729397773742676,0.0,0.0,1.875082015991211,0.0
3,383,47838,2021-11-29 05:10:00,0.0,22.091724395751953,3.2809391021728516,4.879412651062012,66.61083221435547,7.221902370452881,0.1494089514017105,0.0,0.6180280447006226,0.0
3,384,47839,2021-11-29 05:20:00,0.0,13.783780097961426,0.02160375937819481,4.32559061050415,68.95393371582031,4.090371608734131,0.362417608499527,0.0,0.362417608499527,0.0
3,385,47840,2021-11-29 05:30:00,0.0,16.851104736328125,1.6404695510864258,5.625851631164551,68.82612609863281,2.0664868354797363,0.5544282793998718,0.0,0.44762104749679565,0.0
3,386,47841,2021-11-29 05:40:00,0.0,10.268835067749023,0.8736384510993958,7.500328063964844,59.34724044799805,2.1516902446746826,0.0,0.0,0.0,0.0
3,387,47842,2021-11-29 05:50:00,0.0,7.073705196380615,0.8310366868972778,12.740340232849121,63.84172439575195,2.109088659286499,0.0,0.0,0.0,0.0
3,388,47843,2021-11-29 06:00:00,0.0,2.59991717338562,0.02160375937819481,21.942317962646484,58.729515075683594,2.599311351776123,0.0,0.0,0.0,0.0
3,389,47844,2021-11-29 06:10:00,0.0,2.642518997192383,0.0,27.88555908203125,64.56595611572266,2.876525402069092,0.0,0.0,0.0,0.0
3,390,47845,2021-11-29 06:20:00,0.0,2.2801012992858887,0.0,24.626829147338867,60.6891975402832,3.579151153564453,0.0,0.0,0.0,0.0
3,391,47846,2021-11-29 06:30:00,0.0,0.8316424489021301,0.10680721700191498,23.689592361450195,62.37196731567383,2.7913222312927246,0.0,0.0,0.0,0.0
3,392,47847,2021-11-29 06:40:00,0.0,1.8540840148925781,0.0,20.813671112060547,56.8763427734375,2.2801012992858887,0.0,0.0,0.0,0.0
3,393,47848,2021-11-29 06:50:00,0.0,2.9191272258758545,0.0,15.999676704406738,54.788856506347656,2.4505083560943604,0.0,0.0,0.0,0.0
3,394,47849,2021-11-29 07:00:00,7.589999675750732,5.93025541305542,0.651028037071228,20.439857482910156,59.82295608520508,1.6100717782974243,0.0,0.0,0.8167014718055725,0.0
3,395,47850,2021-11-29 07:10:00,50.46161651611328,9.999715805053711,1.6702015399932861,21.798524856567383,71.58080291748047,0.8179715275764465,0.0,0.0,0.6116387248039246,0.0
3,396,47851,2021-11-29 07:20:00,77.33624267578125,16.0579891204834,3.402333974838257,27.447769165039062,90.75137329101562,1.897770881652832,0.0,0.0,1.085296869277954,0.0
3,397,47852,2021-11-29 07:30:00,54.91214370727539,18.524349212646484,1.3546313047409058,26.82168960571289,93.78263092041016,4.682344913482666,0.2384389489889145,0.2891553044319153,3.1297037601470947,0.10657644271850586
3,398,47853,2021-11-29 07:40:00,55.7063102722168,35.593841552734375,13.66351318359375,45.153072357177734,114.9380111694336,17.815685272216797,1.3234273195266724,7.490105152130127,5.3860182762146,1.7832369804382324
3,399,47854,2021-11-29 07:50:00,73.12655639648438,53.24452209472656,23.048376083374023,74.69912719726562,125.72003173828125,35.83243942260742,1.9455595016479492,22.639720916748047,4.142341136932373,6.314330577850342
3,400,47855,2021-11-29 08:00:00,83.17152404785156,39.678680419921875,17.944746017456055,57.80220413208008,106.62273406982422,14.30301570892334,0.5829415321350098,9.94458293914795,1.5832353830337524,1.456063985824585
6,1,47455,2021-11-26 13:20:00,0.0,19.812076568603516,5.485730171203613,21.72991180419922,19.067302703857422,0.719282865524292,22.261676788330078,19.812076568603516,5.992761135101318,1.9178352355957031
6,2,47456,2021-11-26 13:30:00,0.0,20.717365264892578,5.139212608337402,20.691116333007812,16.564453125,0.6127784848213196,23.64623260498047,19.013294219970703,6.418778896331787,1.545069932937622
6,3,47457,2021-11-26 13:40:00,0.0,24.39176368713379,5.325973987579346,20.238094329833984,18.002260208129883,0.9060440063476562,28.891950607299805,22.421432495117188,7.990096092224121,1.465570330619812
6,4,47458,2021-11-26 13:50:00,0.0,25.510059356689453,4.819699287414551,22.92770767211914,18.42827796936035,1.758078694343567,33.73789978027344,26.44234848022461,10.066930770874023,1.838335633277893
6,5,47459,2021-11-26 14:00:00,0.0,24.791532516479492,9.0806303024292,21.942920684814453,27.90716552734375,4.447691440582275,48.83526611328125,32.753108978271484,13.821586608886719,5.48648738861084
6,6,47460,2021-11-26 14:10:00,0.0,28.333181381225586,9.772908210754395,20.21184730529785,27.05512809753418,4.554196357727051,48.782012939453125,36.53401184082031,14.620369911193848,4.128178596496582
6,7,47461,2021-11-26 14:20:00,0.0,38.07832336425781,11.131216049194336,29.078710556030273,28.43968391418457,7.137304306030273,51.3913688659668,46.012901306152344,16.537446975708008,4.687705039978027
6,8,47462,2021-11-26 14:30:00,0.0,41.32670593261719,11.956247329711914,29.344970703125,26.30959701538086,9.454153060913086,51.977142333984375,50.752342224121094,16.058177947998047,5.433235168457031
6,9,47463,2021-11-26 14:40:00,0.0,51.28486633300781,15.231634140014648,37.545806884765625,26.25634765625,14.459856033325195,53.361698150634766,63.373104095458984,19.040300369262695,8.495613098144531
6,10,47464,2021-11-26 14:50:00,0.0,56.13081359863281,17.894241333007812,40.900691986083984,28.918954849243164,20.50435447692871,54.852760314941406,68.43206024169922,19.706329345703125,9.667160987854004
6,11,47465,2021-11-26 15:00:00,2.7149999141693115,80.46704864501953,26.149084091186523,61.56253433227539,36.214500427246094,51.71087646484375,75.8341064453125,95.37765502929688,29.983997344970703,27.427892684936523
6,12,47466,2021-11-26 15:10:00,5.141250133514404,78.84285736083984,26.5218505859375,58.899925231933594,33.17912673950195,53.46820068359375,75.70098114013672,95.93680572509766,29.238468170166016,26.682361602783203
6,13,47467,2021-11-26 15:20:00,6.777273178100586,77.71246337890625,34.625789642333984,55.83066177368164,40.494041442871094,43.70853042602539,70.74126434326172,97.89019012451172,28.83665657043457,23.104785919189453
6,14,47468,2021-11-26 15:30:00,14.717000007629395,76.83525085449219,33.145965576171875,56.3651237487793,41.71012496948242,41.19890594482422,71.53133392333984,96.5811538696289,29.227819442749023,23.561786651611328
6,15,47469,2021-11-26 15:40:00,16.980714797973633,79.27266693115234,31.52744483947754,63.20574188232422,44.12625503540039,41.722293853759766,74.2365493774414,101.89725494384766,32.562923431396484,25.533639907836914
6,16,47470,2021-11-26 15:50:00,42.570556640625,88.70929718017578,46.69858932495117,71.97628784179688,54.4149055480957,50.60441589355469,80.70964050292969,118.05715942382812,33.94240951538086,36.99553298950195
6,17,47471,2021-11-26 16:00:00,42.421939849853516,107.9297103881836,70.3851089477539,79.60643768310547,76.12957763671875,71.6495132446289,93.76808166503906,135.70327758789062,47.077945709228516,65.08747863769531
6,18,47472,2021-11-26 16:10:00,66.3949966430664,105.28256225585938,65.6510238647461,69.01783752441406,87.53775024414062,71.53843688964844,90.2358627319336,129.39987182617188,56.52132797241211,61.34360122680664
6,19,47473,2021-11-26 16:20:00,67.03107452392578,93.64049530029297,67.68789672851562,66.02420043945312,77.87208557128906,56.70363235473633,78.80471801757812,119.1324462890625,52.88098907470703,43.40498733520508
6,20,47474,2021-11-26 16:30:00,51.1602668762207,91.53509521484375,76.00788879394531,61.27104187011719,87.2693099975586,53.6363639831543,78.90592956542969,116.40664672851562,58.580406188964844,49.46587371826172
6,21,47475,2021-11-26 16:40:00,55.27027893066406,96.06401824951172,83.2302474975586,69.11250305175781,90.75654602050781,56.408905029296875,75.36076354980469,119.91507720947266,62.31989288330078,45.65788269042969
6,22,47476,2021-11-26 16:50:00,63.12948989868164,103.45970153808594,85.0262451171875,81.19756317138672,98.6151123046875,62.278018951416016,79.49349212646484,125.12650299072266,68.18218231201172,51.13057327270508
6,23,47477,2021-11-26 17:00:00,64.05860137939453,136.00657653808594,117.6581039428711,114.2945556640625,119.76838684082031,83.94824981689453,106.46772003173828,153.00765991210938,74.90281677246094,69.63208770751953
6,24,47478,2021-11-26 17:10:00,73.14356994628906,135.496826171875,122.85323333740234,120.51012420654297,139.34619140625,83.78136444091797,104.13385009765625,154.119873046875,67.09568786621094,68.24694061279297
6,25,47479,2021-11-26 17:20:00,81.50572204589844,114.46257019042969,106.7333984375,99.76933288574219,125.01303100585938,73.07804107666016,91.87932586669922,140.68003845214844,61.779884338378906,59.11075973510742
6,26,47480,2021-11-26 17:30:00,94.05074310302734,102.03417205810547,100.2867202758789,88.05845642089844,118.2149429321289,67.12442779541016,82.43343353271484,130.2617950439453,51.66157913208008,49.08969497680664
6,27,47481,2021-11-26 17:40:00,85.9155044555664,96.09123229980469,91.12458801269531,73.67207336425781,108.26823425292969,63.58256912231445,84.926025390625,126.97393035888672,51.24931335449219,50.060062408447266
6,28,47482,2021-11-26 17:50:00,87.81704711914062,99.8901138305664,95.60202026367188,82.34658813476562,111.21099853515625,70.5158920288086,90.55615234375,133.0845489501953,54.128177642822266,55.395751953125
6,29,47483,2021-11-26 18:00:00,96.77500915527344,98.73899841308594,95.29212951660156,77.52849578857422,106.56544494628906,68.83709716796875,91.93563842773438,131.98770141601562,55.8984375,52.58389663696289
6,30,47484,2021-11-26 18:10:00,80.43181610107422,100.90458679199219,96.03765869140625,77.98355865478516,105.00662231445312,72.23877716064453,94.47560119628906,134.58900451660156,59.02256393432617,54.04268264770508
6,31,47485,2021-11-26 18:20:00,47.372344970703125,102.85958099365234,100.67957305908203,77.88099670410156,107.24290466308594,75.08857727050781,104.76667785644531,137.32373046875,66.55824279785156,64.20849609375
6,32,47486,2021-11-26 18:30:00,17.581052780151367,102.4228286743164,103.1178970336914,86.29769897460938,106.7801513671875,71.45435333251953,102.72925567626953,137.97659301757812,62.227718353271484,65.94602966308594
6,33,47487,2021-11-26 18:40:00,5.422000408172607,91.25593566894531,101.09693908691406,79.11444854736328,106.13814544677734,62.58497619628906,95.31730651855469,122.9658203125,57.47276306152344,56.42192459106445
6,34,47488,2021-11-26 18:50:00,0.1483333259820938,91.5612564086914,83.75093078613281,75.30159759521484,99.3715591430664,60.781497955322266,91.49024200439453,117.5127944946289,53.75221252441406,47.71696472167969
6,35,47489,2021-11-26 19:00:00,0.0,76.73939514160156,76.97903442382812,67.47352600097656,91.8630142211914,46.11940383911133,76.73939514160156,104.43052673339844,47.82347106933594,40.794189453125
6,36,47490,2021-11-26 19:10:00,0.0,71.78694915771484,74.66255950927734,55.1190185546875,82.8367691040039,37.439300537109375,71.6804428100586,97.53436279296875,40.740936279296875,33.711647033691406
6,37,47491,2021-11-26 19:20:00,0.0,64.86416625976562,64.22514343261719,46.918182373046875,74.47618103027344,30.41001319885254,66.51498413085938,83.529052734375,33.07262420654297,24.392520904541016
6,38,47492,2021-11-26 19:30:00,0.0,62.1483039855957,55.22552490234375,35.41571807861328,65.23693084716797,24.552276611328125,63.58611297607422,82.78352355957031,28.22667694091797,19.546573638916016
6,39,47493,2021-11-26 19:40:00,0.0,59.64545440673828,46.971435546875,27.96041488647461,56.823089599609375,18.161258697509766,63.79912185668945,76.2601318359375,24.232765197753906,17.336231231689453
6,40,47494,2021-11-26 19:50:00,0.0,70.77515411376953,58.686912536621094,24.17951011657715,57.62187194824219,16.85696029663086,80.17416381835938,92.98130798339844,47.07794189453125,23.859996795654297
6,41,47495,2021-11-26 20:00:00,0.0,75.14183044433594,59.698707580566406,26.89537239074707,62.73407745361328,16.404695510864258,82.17111206054688,87.70934295654297,52.403160095214844,23.27422332763672
6,42,47496,2021-11-26 20:10:00,0.0,76.7394027709961,61.243019104003906,20.0790958404541,62.73407745361328,15.01938247680664,82.27762603759766,86.43128967285156,50.53933334350586,25.404312133789062
6,43,47497,2021-11-26 20:20:00,0.0,84.06156921386719,62.73407745361328,18.614280700683594,63.58611297607422,13.155556678771973,86.80406188964844,86.05852508544922,48.19623565673828,23.913249969482422
6,44,47498,2021-11-26 20:30:00,0.0,82.27762603759766,52.509666442871094,15.338895797729492,62.62757110595703,9.534408569335938,79.18899536132812,80.57354736328125,44.73484802246094,23.487232208251953
6,45,47499,2021-11-26 20:40:00,0.0,81.66522216796875,51.12510681152344,13.79458236694336,69.44384765625,11.398235321044922,75.19508361816406,77.61805725097656,45.74663543701172,23.859996795654297
6,46,47500,2021-11-26 20:50:00,0.0,87.04368591308594,56.45032501220703,13.208807945251465,77.69793701171875,15.445399284362793,78.81623840332031,81.55872344970703,52.030391693115234,28.652694702148438
6,47,47501,2021-11-26 21:00:00,0.0,91.59675598144531,61.77553939819336,15.01938247680664,90.74472045898438,18.66753387451172,82.03799438476562,79.45526123046875,53.734458923339844,29.824241638183594
6,48,47502,2021-11-26 21:10:00,0.0,92.6085433959961,63.85237503051758,16.776702880859375,92.34228515625,17.229724884033203,84.1947021484375,79.9611587524414,59.37919235229492,33.019371032714844
6,49,47503,2021-11-26 21:20:00,0.0,101.04901123046875,73.54426574707031,25.138050079345703,105.06954956054688,21.836416244506836,90.95772552490234,86.72418212890625,60.63062286376953,39.143367767333984
6,50,47504,2021-11-26 21:30:00,0.0,103.28179931640625,82.58953094482422,32.045616149902344,108.91130828857422,24.255586624145508,95.0048828125,90.53170013427734,69.44385528564453,44.339263916015625
6,51,47505,2021-11-26 21:40:00,0.0,115.2939682006836,91.62338256835938,24.871789932250977,127.67509460449219,32.699859619140625,108.55757141113281,95.35102844238281,68.80482482910156,51.71088409423828
6,52,47506,2021-11-26 21:50:00,0.0,117.31755065917969,95.85693359375,28.59943962097168,131.988525390625,29.664485931396484,114.36204528808594,92.04939270019531,71.22779846191406,52.136898040771484
6,53,47507,2021-11-26 22:00:00,0.0,135.63629150390625,118.46247100830078,44.202327728271484,159.33349609375,54.37348937988281,134.14523315429688,102.2738037109375,75.06195068359375,68.16580200195312
6,54,47508,2021-11-26 22:10:00,0.0,132.17489624023438,128.18099975585938,50.326324462890625,160.8511962890625,64.03875732421875,132.25479125976562,102.54006958007812,80.57355499267578,75.35484313964844
6,55,47509,2021-11-26 22:20:00,0.0,115.00108337402344,126.87631225585938,45.10761260986328,148.0706787109375,54.053977966308594,119.02162170410156,96.25631713867188,69.23084259033203,70.21601104736328
6,56,47510,2021-11-26 22:30:00,0.0,96.17643737792969,107.35939025878906,42.17874526977539,134.35824584960938,41.11370086669922,94.65875244140625,81.05282592773438,65.18368530273438,57.834877014160156
6,57,47511,2021-11-26 22:40:00,0.0,85.41949462890625,97.26811218261719,33.23237991333008,119.04824829101562,36.26775360107422,83.529052734375,76.26012420654297,58.420654296875,50.486080169677734
6,58,47512,2021-11-26 22:50:00,0.0,80.91969299316406,91.78313446044922,36.16124725341797,112.60472869873047,31.208797454833984,76.36663055419922,74.13004302978516,56.50357437133789,45.373870849609375
6,59,47513,2021-11-26 23:00:00,0.0,77.77781677246094,93.46057891845703,34.93644714355469,109.03683471679688,29.398223876953125,75.03532409667969,77.27191925048828,53.468204498291016,42.92427444458008
6,60,47514,2021-11-26 23:10:00,0.0,74.55606079101562,88.69451141357422,38.557594299316406,106.05471801757812,34.88319396972656,72.47921752929688,77.21867370605469,51.12510681152344,37.332794189453125
6,61,47515,2021-11-26 23:20:00,0.0,74.36967468261719,91.06422424316406,38.823856353759766,103.39210510253906,39.35637664794922,72.21296691894531,80.014404296875,54.37348937988281,37.06653594970703
6,62,47516,2021-11-26 23:30:00,0.0,71.30767822265625,90.42520141601562,41.64622497558594,99.50469970703125,42.125492095947266,70.66865539550781,80.4936752319336,54.00072479248047,34.72344207763672
6,63,47517,2021-11-26 23:40:00,0.0,71.6804428100586,94.31260681152344,38.87710952758789,95.96342468261719,37.865318298339844,71.92007446289062,83.26278686523438,54.42674255371094,34.03116226196289
6,64,47518,2021-11-26 23:50:00,0.0,64.35826873779297,84.96685791015625,39.56938934326172,89.46666717529297,23.700241088867188,65.92921447753906,80.60018157958984,50.2730712890625,27.055130004882812
6,65,47519,2021-11-27 00:00:00,0.0,74.7690658569336,67.50015258789062,43.29703903198242,77.61805725097656,12.223264694213867,74.18329620361328,92.7416763305664,62.893836975097656,33.17912673950195
6,66,47520,2021-11-27 00:10:00,0.0,73.3578872680664,76.71277618408203,42.7645149230957,77.21866607666016,10.30618667602539,76.49976348876953,90.23882293701172,62.30806350708008,30.303510665893555
6,67,47521,2021-11-27 00:20:00,0.0,72.23959350585938,78.31034088134766,27.587650299072266,83.5822982788086,8.815126419067383,66.38185119628906,83.15628051757812,59.53894805908203,20.265098571777344
6,68,47522,2021-11-27 00:30:00,0.0,73.3578872680664,78.04407501220703,25.883583068847656,83.3160400390625,9.241143226623535,64.27838897705078,83.42254638671875,59.9649658203125,18.98704719543457
6,69,47523,2021-11-27 00:40:00,0.0,69.09771728515625,78.65647888183594,31.42180633544922,69.3906021118164,7.164308547973633,48.99502182006836,72.13308715820312,63.9056282043457,14.27385139465332
6,70,47524,2021-11-27 00:50:00,0.0,66.43510437011719,72.13308715820312,28.0136661529541,65.23693084716797,5.992761611938477,41.27345657348633,67.95278930664062,58.84667205810547,12.276516914367676
6,71,47525,2021-11-27 01:00:00,0.0,62.654197692871094,63.87900161743164,20.105342864990234,59.53894805908203,3.5956568717956543,34.93644714355469,59.911712646484375,57.88813018798828,10.572447776794434
6,72,47526,2021-11-27 01:10:00,0.0,66.40847778320312,55.06576919555664,15.977920532226562,54.53324890136719,2.9566311836242676,29.717737197875977,59.16618347167969,51.870635986328125,10.146430969238281
6,73,47527,2021-11-27 01:20:00,0.0,62.46781539916992,44.761474609375,15.152134895324707,46.971435546875,1.8908305168151855,24.392520904541016,49.900306701660156,41.32670974731445,8.282605171203613
6,74,47528,2021-11-27 01:30:00,0.0,63.10684585571289,41.832603454589844,13.874082565307617,46.27915954589844,1.9440826177597046,24.4990234375,49.31453323364258,39.090118408203125,8.54886531829834
6,75,47529,2021-11-27 01:40:00,0.0,63.319854736328125,37.41267395019531,12.755785942077637,50.2730712890625,2.103839159011841,25.67057228088379,48.03648376464844,38.29133605957031,8.974883079528809
6,76,47530,2021-11-27 01:50:00,0.0,62.04180145263672,35.41571807861328,10.998465538024902,51.87063980102539,2.9828784465789795,26.043338775634766,46.38566207885742,35.894989013671875,8.815126419067383
6,77,47531,2021-11-27 02:00:00,0.0,58.15439224243164,36.6138916015625,13.02204704284668,49.47428894042969,3.0893826484680176,27.640901565551758,44.68159484863281,33.924659729003906,9.241144180297852
6,78,47532,2021-11-27 02:10:00,0.0,58.527156829833984,35.68198013305664,12.755786895751953,49.793800354003906,2.8763742446899414,27.747406005859375,45.37387466430664,36.107994079589844,9.187891006469727
6,79,47533,2021-11-27 02:20:00,0.0,58.15439224243164,31.581562042236328,12.86229133605957,51.39136505126953,2.556861162185669,28.652694702148438,45.85314178466797,35.3092155456543,9.241144180297852
6,80,47534,2021-11-27 02:30:00,0.0,63.47960662841797,34.457183837890625,12.995800018310547,52.403160095214844,2.210343360900879,33.711647033691406,49.58079528808594,38.13157653808594,10.039926528930664
6,81,47535,2021-11-27 02:40:00,0.0,62.680824279785156,26.14984130859375,16.137678146362305,55.65154266357422,2.184096097946167,35.20270919799805,51.817386627197266,37.54580307006836,12.72953987121582
6,82,47536,2021-11-27 02:50:00,0.0,62.1483039855957,25.270801544189453,18.08176040649414,56.184059143066406,2.3176050186157227,36.00149154663086,52.56291198730469,36.80027770996094,12.916299819946289
6,83,47537,2021-11-27 03:00:00,0.0,62.6275749206543,28.306177139282227,25.404312133789062,61.136512756347656,2.6101133823394775,36.80027389526367,53.14868927001953,40.527923583984375,15.419151306152344
6,84,47538,2021-11-27 03:10:00,0.0,61.243019104003906,27.50739288330078,27.48114585876465,59.85845947265625,2.290600299835205,35.20270919799805,52.66941833496094,38.02507400512695,15.632161140441895
6,85,47539,2021-11-27 03:20:00,0.0,58.63365936279297,24.47201919555664,31.102293014526367,57.67512512207031,1.3853135108947754,33.818153381347656,51.870635986328125,37.013282775878906,15.20614242553711
6,86,47540,2021-11-27 03:30:00,0.0,59.00642776489258,24.365516662597656,32.380348205566406,55.54503631591797,1.7048265933990479,33.33888244628906,51.551124572753906,38.770606994628906,15.791916847229004
6,87,47541,2021-11-27 03:40:00,0.0,54.90601348876953,26.12283706665039,28.066919326782227,55.012516021728516,1.9973348379135132,33.28562927246094,50.80559539794922,32.54010009765625,11.82425308227539
6,88,47542,2021-11-27 03:50:00,0.0,53.787715911865234,26.41610336303711,20.87787628173828,55.65154266357422,1.518065333366394,36.74702453613281,53.095436096191406,27.587650299072266,10.572447776794434
6,89,47543,2021-11-27 04:00:00,0.0,53.095436096191406,27.214885711669922,18.907546997070312,48.88851547241211,1.5983221530914307,36.80027389526367,52.93568420410156,29.344970703125,12.569782257080078
6,90,47544,2021-11-27 04:10:00,0.0,52.296653747558594,29.983997344970703,18.24151611328125,45.746639251708984,1.1453001499176025,32.806365966796875,53.201942443847656,28.333181381225586,13.475069046020508
6,91,47545,2021-11-27 04:20:00,0.0,44.89460372924805,23.753494262695312,17.123220443725586,42.711265563964844,0.8790393471717834,29.344970703125,51.3913688659668,23.939498901367188,12.782791137695312
6,92,47546,2021-11-27 04:30:00,0.0,42.49825668334961,22.20918083190918,15.738664627075195,42.49825668334961,0.8790393471717834,28.173423767089844,50.37957763671875,22.554943084716797,11.664495468139648
6,93,47547,2021-11-27 04:40:00,0.0,46.22590637207031,22.901460647583008,12.090513229370117,42.391754150390625,0.4530220031738281,33.39213562011719,55.332027435302734,20.478107452392578,12.250268936157227
6,94,47548,2021-11-27 04:50:00,0.0,48.515750885009766,18.774038314819336,10.679709434509277,41.91248321533203,0.0,35.681976318359375,56.45032501220703,19.866086959838867,12.197017669677734
6,95,47549,2021-11-27 05:00:00,0.0,49.31453323364258,19.892333984375,11.291730880737305,38.61084747314453,0.0,36.96003341674805,57.67512512207031,19.4400691986084,10.652704238891602
6,96,47550,2021-11-27 05:10:00,0.0,50.11331558227539,17.069969177246094,10.705957412719727,37.81206512451172,0.0,39.30312728881836,60.337730407714844,19.706329345703125,10.066930770874023
6,97,47551,2021-11-27 05:20:00,0.0,49.208030700683594,17.176475524902344,12.170769691467285,38.29133605957031,0.0,39.24987030029297,59.698707580566406,19.440067291259766,15.57890796661377
6,98,47552,2021-11-27 05:30:00,0.0,51.977142333984375,17.495986938476562,15.073391914367676,41.060447692871094,0.0,40.634429931640625,60.87025451660156,21.410400390625,20.424854278564453
6,99,47553,2021-11-27 05:40:00,0.0,53.681209564208984,20.478107452392578,17.576244354248047,45.4271240234375,0.0,41.43321228027344,61.882041931152344,22.79495620727539,24.392520904541016
6,100,47554,2021-11-27 05:50:00,0.0,55.27877426147461,23.83299446105957,20.877878189086914,48.249488830566406,0.0,44.042572021484375,65.13042449951172,25.03154754638672,26.68236541748047
6,101,47555,2021-11-27 06:00:00,0.0,51.551124572753906,24.63177490234375,24.392520904541016,48.462501525878906,0.0,46.17265319824219,63.16009521484375,27.53439712524414,22.60819435119629
6,102,47556,2021-11-27 06:10:00,0.0,49.58079528808594,24.791532516479492,25.510814666748047,46.811683654785156,0.0,46.0661506652832,63.63936233520508,28.27992820739746,20.15859603881836
6,103,47557,2021-11-27 06:20:00,0.0,46.27915954589844,24.951290130615234,26.41610336303711,48.249488830566406,0.0,45.00110626220703,62.095054626464844,30.037248611450195,17.708995819091797
6,104,47558,2021-11-27 06:30:00,0.0,44.947853088378906,27.747407913208008,28.546188354492188,50.69908905029297,0.0,44.362083435058594,61.669036865234375,32.80636215209961,17.602489471435547
6,105,47559,2021-11-27 06:40:00,0.0,42.87102127075195,27.96041488647461,31.102293014526367,56.98284912109375,0.26701804995536804,44.362083435058594,60.92350769042969,30.143753051757812,20.824626922607422
6,106,47560,2021-11-27 06:50:00,0.0,47.29094696044922,32.22058868408203,34.244171142578125,63.0535888671875,1.0928051471710205,46.65192413330078,62.41456604003906,34.61693572998047,28.12017059326172
6,107,47561,2021-11-27 07:00:00,0.0,44.68159484863281,30.889286041259766,34.77669143676758,60.76374816894531,0.32027021050453186,46.27915954589844,57.51536560058594,39.036865234375,22.155929565429688
6,108,47562,2021-11-27 07:10:00,0.0,44.73484802246094,32.06083297729492,33.924659729003906,62.6275749206543,0.3465176820755005,46.01289749145508,54.639747619628906,44.78810119628906,20.451858520507812
6,109,47563,2021-11-27 07:20:00,0.0,39.62263870239258,33.17912673950195,32.96611785888672,61.722286224365234,0.6397832036018372,43.989315032958984,52.403160095214844,47.450706481933594,22.52869415283203
6,110,47564,2021-11-27 07:30:00,0.0,36.3742561340332,31.47505760192871,31.581562042236328,60.550743103027344,0.9330487251281738,42.49825668334961,51.12510681152344,46.918182373046875,19.679325103759766
6,111,47565,2021-11-27 07:40:00,0.0,32.593353271484375,28.27992820739746,27.747406005859375,56.23731231689453,0.7462875247001648,39.196624755859375,50.113311767578125,42.49825668334961,16.484195709228516
6,112,47566,2021-11-27 07:50:00,0.0,35.9482421875,28.492935180664062,29.66448402404785,56.610084533691406,0.7462875247001648,40.04865646362305,51.657630920410156,45.054359436035156,16.963464736938477
6,113,47567,2021-11-27 08:00:00,0.0,30.250259399414062,22.874454498291016,23.27422523498535,52.61616897583008,1.1723048686981201,37.54580307006836,48.249488830566406,37.70555877685547,12.650039672851562
6,114,47568,2021-11-27 08:10:00,0.0,28.492937088012695,21.596403121948242,21.836414337158203,52.0303955078125,0.7995396852493286,35.681976318359375,46.11940383911133,37.173038482666016,12.463277816772461
6,115,47569,2021-11-27 08:20:00,0.0,29.02545928955078,22.022422790527344,19.227060317993164,48.62225341796875,2.530613660812378,35.468971252441406,44.78810119628906,32.699859619140625,12.51653003692627
6,116,47570,2021-11-27 08:30:00,0.0,33.71165084838867,22.288681030273438,21.037633895874023,48.515750885009766,2.8238792419433594,38.23808288574219,46.59867477416992,31.42180633544922,13.342317581176758
6,117,47571,2021-11-27 08:40:00,0.0,36.321006774902344,24.099254608154297,21.30389404296875,50.59258270263672,5.087474822998047,42.018985748291016,49.04827117919922,31.741317749023438,14.007591247558594
6,118,47572,2021-11-27 08:50:00,0.0,37.599056243896484,23.886245727539062,21.14413833618164,50.59258270263672,4.821213722229004,44.0958251953125,50.539329528808594,32.48685073852539,13.262060165405273
6,119,47573,2021-11-27 09:00:00,0.0,45.00110626220703,29.824241638183594,25.084796905517578,58.367401123046875,9.613908767700195,47.663719177246094,59.53894805908203,34.08441162109375,18.747791290283203
6,120,47574,2021-11-27 09:10:00,0.0,46.11940383911133,29.717737197875977,23.913249969482422,56.290565490722656,9.933422088623047,47.87672424316406,60.87025451660156,33.76490020751953,17.842504501342773
6,121,47575,2021-11-27 09:20:00,0.0,43.03078079223633,27.587650299072266,20.398609161376953,57.62187194824219,8.442360877990723,45.4271240234375,59.43244552612305,35.04295349121094,14.993135452270508
6,122,47576,2021-11-27 09:30:00,0.0,48.515750885009766,32.273841857910156,20.664867401123047,62.41456604003906,14.54011344909668,47.82347106933594,63.42635726928711,36.10799789428711,20.957378387451172
6,123,47577,2021-11-27 09:40:00,0.0,51.60437774658203,32.486846923828125,20.771373748779297,63.319854736328125,14.806373596191406,47.92997741699219,65.34342956542969,37.545806884765625,27.268136978149414
6,124,47578,2021-11-27 09:50:00,0.0,47.77022171020508,32.912864685058594,18.42827796936035,64.17189025878906,12.463277816772461,45.586883544921875,63.90562438964844,39.409629821777344,25.670570373535156
6,125,47579,2021-11-27 10:00:00,0.0,50.592586517333984,33.818153381347656,17.736000061035156,66.40847778320312,11.398235321044922,44.78810119628906,68.27230834960938,42.285247802734375,30.09050178527832
6,126,47580,2021-11-27 10:10:00,0.0,48.728759765625,32.0075798034668,15.578908920288086,63.39973449707031,9.667160987854004,43.03077697753906,66.8344955444336,43.35028839111328,27.268136978149414
6,127,47581,2021-11-27 10:20:00,0.0,45.746639251708984,30.6762752532959,14.886630058288574,58.154388427734375,10.199682235717773,42.604759216308594,67.42027282714844,42.07223892211914,24.232763290405273
6,128,47582,2021-11-27 10:30:00,0.0,48.46249771118164,30.410015106201172,17.150226593017578,58.84667205810547,13.634825706481934,44.78810119628906,70.72190856933594,43.03077697753906,25.404312133789062
6,129,47583,2021-11-27 10:40:00,0.0,55.65154266357422,32.273841857910156,22.102676391601562,62.494441986083984,21.170387268066406,46.918182373046875,74.0767822265625,45.21411895751953,31.47505760192871
6,130,47584,2021-11-27 10:50:00,0.0,58.95317459106445,33.711647033691406,25.883581161499023,65.02392578125,25.64356803894043,48.19623565673828,75.40809631347656,46.91818618774414,35.20271301269531
6,131,47585,2021-11-27 11:00:00,0.0,40.68768310546875,22.66144561767578,23.433982849121094,50.9120979309082,18.294769287109375,37.70555877685547,67.84628295898438,28.439685821533203,21.78316307067871
6,132,47586,2021-11-27 11:10:00,0.0,37.06653594970703,23.193967819213867,22.741703033447266,45.85314178466797,18.24151611328125,36.16124725341797,65.50318908691406,26.682363510131836,18.720787048339844
6,133,47587,2021-11-27 11:20:00,0.0,41.80597686767578,27.294384002685547,27.907161712646484,48.995018005371094,23.167720794677734,40.634429931640625,69.28409576416016,29.18521499633789,17.12322235107422
6,134,47588,2021-11-27 11:30:00,0.0,47.77021789550781,31.42180633544922,33.39213562011719,55.278778076171875,30.72952651977539,47.131195068359375,74.34304809570312,32.0075798034668,21.596403121948242
6,135,47589,2021-11-27 11:40:00,0.0,63.85237503051758,40.527923583984375,44.255577087402344,67.20726013183594,39.99540328979492,56.8763427734375,84.51421356201172,41.27345657348633,30.356761932373047
6,136,47590,2021-11-27 11:50:00,0.0,66.88774871826172,45.10761260986328,48.249488830566406,70.72190856933594,40.26166534423828,59.751956939697266,86.1650390625,43.98931884765625,34.82994079589844
6,137,47591,2021-11-27 12:00:00,0.0,51.817386627197266,33.924659729003906,44.46858596801758,60.284481048583984,22.182178497314453,51.33811569213867,72.85198974609375,34.244171142578125,16.004924774169922
6,138,47592,2021-11-27 12:10:00,0.0,50.432830810546875,35.3092155456543,43.66980743408203,56.8763427734375,21.2236385345459,50.752342224121094,71.57393646240234,33.39213562011719,12.969552993774414
6,139,47593,2021-11-27 12:20:00,0.0,61.7222900390625,41.752723693847656,48.19623947143555,60.81700134277344,25.297805786132812,56.76983642578125,77.21866607666016,35.25596237182617,13.448822021484375
6,140,47594,2021-11-27 12:30:00,12.17727279663086,61.717445373535156,42.70158386230469,46.923030853271484,61.75617599487305,29.06903076171875,56.760154724121094,79.45526123046875,37.66683578491211,13.906408309936523
6,141,47595,2021-11-27 12:40:00,56.077598571777344,70.40664672851562,49.446590423583984,57.694297790527344,71.51429748535156,38.77912902832031,63.351802825927734,88.54647827148438,44.4707145690918,21.60210609436035
6,142,47596,2021-11-27 12:50:00,113.664306640625,76.29401397705078,51.5220832824707,63.38278579711914,76.7442398071289,38.9012451171875,66.76187133789062,93.94953155517578,47.20865249633789,25.065366744995117
6,143,47597,2021-11-27 13:00:00,110.6910171508789,70.52694702148438,44.348541259765625,63.04276657104492,74.31055450439453,28.997377395629883,61.03542709350586,86.43038940429688,39.294097900390625,18.964256286621094
6,144,47598,2021-11-27 13:10:00,61.76749801635742,73.2673568725586,47.90867233276367,68.82612609863281,79.09314727783203,29.51532745361328,61.97434616088867,87.91525268554688,40.86518859863281,21.942819595336914
6,145,47599,2021-11-27 13:20:00,48.73057556152344,80.34416198730469,52.50551223754883,74.41268920898438,82.56026458740234,34.68651580810547,64.07766723632812,90.19580078125,42.79319381713867,24.503063201904297
6,146,47600,2021-11-27 13:30:00,41.553958892822266,87.21231842041016,67.22057342529297,85.6280746459961,90.59383392333984,44.459712982177734,72.64785766601562,94.64099884033203,47.45515060424805,30.853784561157227
6,147,47601,2021-11-27 13:40:00,39.7767448425293,113.73975372314453,103.38158416748047,109.69258880615234,111.84742736816406,67.64070129394531,96.1392822265625,107.81513214111328,76.45828247070312,45.86924362182617
6,148,47602,2021-11-27 13:50:00,33.210487365722656,162.08184814453125,159.1049041748047,165.28216552734375,152.57957458496094,112.8872299194336,145.99188232421875,154.9954071044922,139.53927612304688,76.91474151611328
6,149,47603,2021-11-27 14:00:00,33.103031158447266,117.6160888671875,128.64088439941406,118.58430480957031,135.3861541748047,74.07195281982422,103.49296569824219,117.88072967529297,72.57443237304688,40.829689025878906
6,150,47604,2021-11-27 14:10:00,27.690767288208008,93.4237060546875,102.91897583007812,85.41130828857422,116.28119659423828,56.68790817260742,76.06350708007812,100.16625213623047,39.19662094116211,24.64649200439453
6,151,47605,2021-11-27 14:20:00,26.94841957092285,89.53392791748047,84.90379333496094,75.72200012207031,100.91307830810547,52.41437530517578,74.60090637207031,101.8323745727539,27.862319946289062,21.8980770111084
6,152,47606,2021-11-27 14:30:00,28.947998046875,86.72950744628906,79.6576156616211,75.25898742675781,98.3810806274414,51.934539794921875,77.45297241210938,103.73824310302734,24.733333587646484,24.392520904541016
6,153,47607,2021-11-27 14:40:00,29.521820068359375,91.61611938476562,74.86589050292969,76.30853271484375,97.80305480957031,58.32867431640625,80.42346954345703,107.41748809814453,32.82572937011719,27.732881546020508
6,154,47608,2021-11-27 14:50:00,42.24214553833008,85.78466033935547,69.65685272216797,78.3217544555664,89.01020812988281,53.82575225830078,76.41988372802734,99.22703552246094,34.22134780883789,28.59183120727539
6,155,47609,2021-11-27 15:00:00,55.69999694824219,66.60696411132812,45.37864685058594,60.87509536743164,73.94607543945312,31.228025436401367,58.18343734741211,82.72300720214844,25.994720458984375,16.172046661376953
6,156,47610,2021-11-27 15:10:00,65.43878936767578,65.96642303466797,38.9347038269043,57.1894416809082,64.3752670288086,29.811264038085938,56.11922836303711,78.70330810546875,24.509143829345703,15.372651100158691
6,157,47611,2021-11-27 15:20:00,77.09342193603516,66.93995666503906,40.46608352661133,57.423484802246094,63.40234375,32.87306213378906,57.89962387084961,79.35293579101562,25.5324764251709,17.845279693603516
6,158,47612,2021-11-27 15:30:00,73.19257354736328,70.25484466552734,39.09086990356445,56.68092346191406,66.3073501586914,36.77521896362305,61.310428619384766,79.3614501953125,29.437170028686523,19.955183029174805
6,159,47613,2021-11-27 15:40:00,57.24150466918945,73.82459259033203,48.79392623901367,63.66648864746094,73.65780639648438,43.66770935058594,65.1555404663086,80.73331451416016,31.238880157470703,23.461944580078125
6,160,47614,2021-11-27 15:50:00,51.46504592895508,78.51285552978516,59.421600341796875,67.12442779541016,76.78296661376953,47.61796569824219,71.45774841308594,81.086181640625,32.141456604003906,29.062480926513672
6,161,47615,2021-11-27 16:00:00,54.673980712890625,102.32543182373047,104.12076568603516,70.61974334716797,102.03633880615234,66.17916107177734,101.76900482177734,101.92113494873047,45.40423583984375,55.72000503540039
6,162,47616,2021-11-27 16:10:00,66.05229187011719,111.70832061767578,115.31393432617188,82.90111541748047,115.5912857055664,76.27788543701172,108.62413787841797,108.17813873291016,47.9011344909668,65.50984954833984
6,163,47617,2021-11-27 16:20:00,69.82121276855469,114.7178726196289,120.76602935791016,89.8690185546875,135.96279907226562,82.54281616210938,110.33936309814453,120.47341918945312,48.18386459350586,70.32601165771484
6,164,47618,2021-11-27 16:30:00,63.4665641784668,111.74160766601562,120.09554290771484,85.12218475341797,135.1326141357422,78.92717742919922,106.43413543701172,127.41548919677734,41.12701416015625,67.18729400634766
6,165,47619,2021-11-27 16:40:00,60.48848342895508,105.62983703613281,102.18003845214844,71.20348358154297,119.61433410644531,63.042015075683594,97.12109375,128.09068298339844,35.316158294677734,58.3581428527832
6,166,47620,2021-11-27 16:50:00,59.12560272216797,103.47606658935547,97.52119445800781,65.91400146484375,119.47514343261719,61.78256607055664,94.70059204101562,130.72012329101562,35.03940963745117,58.69974899291992
6,167,47621,2021-11-27 17:00:00,55.32977294921875,143.81292724609375,144.10580444335938,89.44487762451172,159.08901977539062,94.97583770751953,136.21722412109375,170.3446044921875,61.13409423828125,94.65149688720703
6,168,47622,2021-11-27 17:10:00,41.19572830200195,141.17271423339844,136.18736267089844,88.53804779052734,155.95889282226562,91.87677764892578,137.9033966064453,167.8682098388672,66.49763488769531,95.39262390136719
6,169,47623,2021-11-27 17:20:00,27.101360321044922,121.72037506103516,123.01421356201172,80.90424346923828,144.73583984375,69.63581848144531,123.5743637084961,158.4446563720703,62.27255630493164,77.87478637695312
6,170,47624,2021-11-27 17:30:00,24.887414932250977,115.87974548339844,118.98672485351562,74.22920227050781,127.64662170410156,61.17324447631836,119.62207794189453,153.29214477539062,60.049381256103516,71.77226257324219
6,171,47625,2021-11-27 17:40:00,19.96416664123535,102.59628295898438,103.89208221435547,66.86408233642578,104.90979766845703,47.63412857055664,108.35343170166016,143.07386779785156,52.27881622314453,62.90567398071289
6,172,47626,2021-11-27 17:50:00,5.910000324249268,97.415771484375,95.95374298095703,62.220924377441406,98.93585968017578,40.20356750488281,96.65087127685547,139.42686462402344,43.46647644042969,57.86391830444336
6,173,47627,2021-11-27 18:00:00,2.099375009536743,151.11935424804688,147.81771850585938,99.86415100097656,131.40274047851562,87.56289672851562,150.2939453125,185.21405029296875,57.23579406738281,91.55680847167969
6,174,47628,2021-11-27 18:10:00,0.0,132.96958923339844,118.51776885986328,77.11216735839844,112.83207702636719,66.21595001220703,123.71190643310547,166.36279296875,43.309326171875,65.59330749511719
6,175,47629,2021-11-27 18:20:00,0.0,99.00289916992188,87.20549011230469,48.421531677246094,89.05703735351562,36.198116302490234,89.99098205566406,140.08079528808594,29.52907371520996,43.309326171875
6,176,47630,2021-11-27 18:30:00,0.0,101.98502349853516,80.97908782958984,41.99850845336914,84.45276641845703,31.544696807861328,95.25065612792969,142.55496215820312,29.594614028930664,44.71846389770508
6,177,47631,2021-11-27 18:40:00,0.0,92.23577880859375,73.68627166748047,30.108251571655273,71.46743774414062,19.332807540893555,86.8572998046875,137.64212036132812,35.96598815917969,38.32658386230469
6,178,47632,2021-11-27 18:50:00,9.24666690826416,95.98473358154297,76.23172760009766,31.514108657836914,73.51941680908203,22.9649600982666,86.79695892333984,137.5782012939453,38.656795501708984,42.5053596496582
6,179,47633,2021-11-27 19:00:00,22.94182014465332,94.80156707763672,88.82764434814453,27.800518035888672,71.87409210205078,24.866674423217773,90.63821411132812,129.37673950195312,51.78349304199219,46.651920318603516
6,180,47634,2021-11-27 19:10:00,69.83055877685547,103.69486236572266,91.53758239746094,26.61699676513672,68.63126373291016,24.664587020874023,99.56090545654297,139.0661163330078,59.75590896606445,53.298583984375
6,181,47635,2021-11-27 19:20:00,89.42585754394531,86.59712982177734,79.2635498046875,20.253591537475586,59.657630920410156,13.610721588134766,86.91969299316406,119.31830596923828,51.797607421875,49.67665100097656
6,182,47636,2021-11-27 19:30:00,96.42985534667969,84.93181610107422,74.91200256347656,15.680790901184082,57.907752990722656,9.040726661682129,85.50638580322266,111.5018539428711,53.07577896118164,47.237701416015625
6,183,47637,2021-11-27 19:40:00,73.59342193603516,104.9770736694336,81.59095001220703,11.919425964355469,65.3910903930664,7.5465850830078125,100.52349853515625,114.41390991210938,66.52059173583984,50.5589485168457
6,184,47638,2021-11-27 19:50:00,39.511268615722656,117.00226593017578,90.47761535644531,21.97311019897461,75.86792755126953,14.655949592590332,108.86058807373047,118.18563842773438,70.05583190917969,54.5028190612793
6,185,47639,2021-11-27 20:00:00,30.484283447265625,128.9493408203125,97.04368591308594,40.505104064941406,87.5876235961914,22.657806396484375,110.37194061279297,104.02732849121094,86.81927490234375,52.28144454956055
6,186,47640,2021-11-27 20:10:00,4.405714511871338,107.96797943115234,124.91739654541016,86.89534759521484,129.7405242919922,37.233680725097656,104.68157958984375,116.00145721435547,85.31298828125,66.24872589111328
6,187,47641,2021-11-27 20:20:00,17.763999938964844,92.59789276123047,113.70704650878906,91.93756866455078,130.30043029785156,42.221343994140625,106.06004333496094,119.11747741699219,85.16389465332031,64.50204467773438
6,188,47642,2021-11-27 20:30:00,21.88571548461914,91.39896392822266,106.79644775390625,97.51534271240234,129.4818572998047,37.26411056518555,105.7161865234375,132.32705688476562,72.33467102050781,61.562530517578125
6,189,47643,2021-11-27 20:40:00,49.891998291015625,78.26240539550781,103.21636962890625,76.57963562011719,109.23387145996094,33.30678176879883,93.96115112304688,107.45524597167969,45.448280334472656,47.184452056884766
6,190,47644,2021-11-27 20:50:00,67.25408172607422,65.86214447021484,81.80624389648438,50.28096008300781,82.06658935546875,27.717599868774414,78.89512634277344,94.7682113647461,33.776512145996094,34.29742431640625
6,191,47645,2021-11-27 21:00:00,55.821998596191406,53.61198043823242,67.06880187988281,29.17426109313965,77.82041931152344,20.366201400756836,68.76222229003906,67.60132598876953,39.88859939575195,30.287311553955078
6,192,47646,2021-11-27 21:10:00,141.69198608398438,54.324501037597656,63.64995574951172,31.055126190185547,69.52906036376953,27.570188522338867,69.0135726928711,70.76876831054688,38.20370101928711,28.746112823486328
6,193,47647,2021-11-27 21:20:00,199.218505859375,59.365882873535156,71.02806091308594,41.824462890625,83.2734375,42.20777130126953,74.27115631103516,73.64544677734375,38.13667678833008,35.66044998168945
6,194,47648,2021-11-27 21:30:00,162.847900390625,73.19146728515625,79.73699188232422,49.1724967956543,90.01470947265625,56.03080368041992,85.59478759765625,84.46318817138672,47.364013671875,40.28816604614258
6,195,47649,2021-11-27 21:40:00,99.51171875,82.29106903076172,83.65516662597656,60.33612060546875,94.6885986328125,59.66035842895508,83.09362030029297,91.17288208007812,46.882057189941406,40.03774642944336
6,196,47650,2021-11-27 21:50:00,68.13936614990234,88.48320007324219,82.21984100341797,67.72391510009766,93.81747436523438,55.815773010253906,84.63997650146484,90.203125,49.59096145629883,39.96701431274414
6,197,47651,2021-11-27 22:00:00,49.790252685546875,108.56734466552734,55.182987213134766,91.81515502929688,107.9391098022461,66.70979309082031,86.92134094238281,101.75375366210938,60.87227249145508,31.76015281677246
6,198,47652,2021-11-27 22:10:00,29.802669525146484,152.36102294921875,93.44638061523438,157.6862335205078,166.74087524414062,123.74864196777344,134.62095642089844,139.70477294921875,88.03950500488281,68.49951934814453
6,199,47653,2021-11-27 22:20:00,39.49774932861328,221.19522094726562,182.41831970214844,259.1174011230469,272.5316467285156,233.0666961669922,232.1990966796875,206.4483642578125,188.75799560546875,154.2462615966797
6,200,47654,2021-11-27 22:30:00,36.4379997253418,174.74111938476562,150.25222778320312,228.74594116210938,208.05567932128906,73.88153839111328,148.1150360107422,151.8994903564453,85.17098236083984,73.64012145996094
6,201,47655,2021-11-27 22:40:00,33.90757369995117,118.6294937133789,107.87568664550781,155.27987670898438,131.00335693359375,59.32252883911133,93.74620819091797,110.7481689453125,47.91706466674805,35.80784606933594
6,202,47656,2021-11-27 22:50:00,43.24285888671875,112.75155639648438,70.81928253173828,91.96192169189453,103.28788757324219,69.29762268066406,99.9649429321289,122.22740173339844,48.520320892333984,19.398815155029297
6,203,47657,2021-11-27 23:00:00,45.49470138549805,121.02327728271484,66.71859741210938,70.36479949951172,97.60485076904297,84.79925537109375,118.55488586425781,135.65194702148438,65.4655990600586,19.048330307006836
6,204,47658,2021-11-27 23:10:00,57.64906311035156,113.01077270507812,60.37101364135742,43.36360168457031,86.67758178710938,74.13660430908203,110.0819091796875,123.5147705078125,55.63822937011719,15.013388633728027
6,205,47659,2021-11-27 23:20:00,30.562335968017578,97.5325927734375,43.64141082763672,28.027769088745117,60.490394592285156,37.16503143310547,81.13093566894531,100.0531997680664,40.41056823730469,13.187962532043457
6,206,47660,2021-11-27 23:30:00,7.880000591278076,122.89888000488281,51.66270065307617,40.64710998535156,95.34976196289062,42.20830535888672,100.58369445800781,105.32059478759766,78.23806762695312,21.516902923583984
6,207,47661,2021-11-27 23:40:00,2.484666585922241,86.66915893554688,48.01518249511719,47.148746490478516,57.85618591308594,21.402894973754883,72.28396606445312,72.41177368164062,43.27198791503906,22.681352615356445
6,208,47662,2021-11-27 23:50:00,0.9699999690055847,60.92350769042969,37.98957443237305,30.95978355407715,44.73484420776367,18.072254180908203,56.94734573364258,48.17848205566406,24.39201545715332,14.522614479064941
6,209,47663,2021-11-28 00:00:00,15.137896537780762,57.20146179199219,40.95674514770508,34.935970306396484,35.34004592895508,14.441976547241211,50.799991607666016,49.54435729980469,22.155132293701172,17.917699813842773
6,210,47664,2021-11-28 00:10:00,47.94208908081055,59.5744514465332,30.791528701782227,24.445520401000977,30.356760025024414,10.519448280334473,50.841094970703125,44.62834167480469,15.09063720703125,16.297937393188477
6,211,47665,2021-11-28 00:20:00,61.95027542114258,56.675167083740234,27.776823043823242,21.262054443359375,28.29767608642578,7.711328983306885,50.71092987060547,43.93014907836914,18.262269973754883,15.350980758666992
6,212,47666,2021-11-28 00:30:00,35.59023666381836,58.67677688598633,27.88173484802246,22.34836196899414,32.89765167236328,8.618366241455078,55.334564208984375,48.70086669921875,23.04839324951172,16.972429275512695
6,213,47667,2021-11-28 00:40:00,12.578948020935059,61.7867546081543,38.73136520385742,34.47679901123047,42.49264907836914,25.255207061767578,65.4583511352539,56.54001235961914,27.509090423583984,28.232284545898438
6,214,47668,2021-11-28 00:50:00,0.6438461542129517,64.41357421875,46.12759017944336,51.075950622558594,45.50495147705078,29.315364837646484,69.23084259033203,61.33313751220703,31.462535858154297,27.97270393371582
6,215,47669,2021-11-28 01:00:00,0.0,65.54883575439453,55.933013916015625,73.15628814697266,48.7515869140625,41.828147888183594,65.71620178222656,75.71239471435547,31.817174911499023,31.13272476196289
6,216,47670,2021-11-28 01:10:00,0.0,77.73597717285156,65.15325164794922,68.8504638671875,65.6857681274414,59.888675689697266,71.78694915771484,81.93529510498047,35.94063186645508,36.94481658935547
6,217,47671,2021-11-28 01:20:00,0.0,87.58001708984375,75.08857727050781,84.30882263183594,85.02391815185547,72.89762878417969,70.53932189941406,89.42101287841797,40.80939865112305,40.139949798583984
6,218,47672,2021-11-28 01:30:00,0.0,80.00299072265625,70.14373779296875,77.948974609375,72.1216812133789,63.890411376953125,64.14906311035156,84.82611846923828,34.14527130126953,37.34040069580078
6,219,47673,2021-11-28 01:40:00,0.0,69.5351333618164,55.38528060913086,78.1315689086914,65.56405639648438,48.03626251220703,52.0988655090332,72.42597198486328,26.491960525512695,31.923898696899414
6,220,47674,2021-11-28 01:50:00,0.0,62.32327651977539,46.317195892333984,76.9295883178711,59.94975662231445,42.071590423583984,41.57014846801758,64.07298278808594,20.49728775024414,28.394041061401367
6,221,47675,2021-11-28 02:00:00,0.0,55.796085357666016,25.442352294921875,54.944053649902344,47.74740219116211,24.726165771484375,30.463268280029297,61.30388259887695,17.75860595703125,11.428772926330566
6,222,47676,2021-11-28 02:10:00,0.0,50.410003662109375,21.531469345092773,49.78619384765625,38.04029083251953,10.530012130737305,27.846302032470703,53.955074310302734,12.113659858703613,9.633415222167969
6,223,47677,2021-11-28 02:20:00,0.0,37.55341339111328,16.540546417236328,31.163156509399414,32.441200256347656,3.667440891265869,27.328998565673828,40.62682342529297,10.089860916137695,9.846423149108887
6,224,47678,2021-11-28 02:30:00,0.0,33.141090393066406,19.142515182495117,25.974651336669922,29.885101318359375,2.3893890380859375,26.1572322845459,35.971065521240234,10.531309127807617,10.576738357543945
6,225,47679,2021-11-28 02:40:00,0.0,33.536678314208984,17.773605346679688,21.607759475708008,24.818323135375977,2.1913790702819824,27.69415283203125,33.110660552978516,10.287871360778809,9.632981300354004
6,226,47680,2021-11-28 02:50:00,0.0,32.0760498046875,19.82783317565918,20.831584930419922,22.596942901611328,2.571967840194702,27.861299514770508,32.167335510253906,9.84642219543457,9.770132064819336
6,227,47681,2021-11-28 03:00:00,0.0,33.32366943359375,18.762788772583008,20.071273803710938,25.122617721557617,3.2264251708984375,28.68290901184082,35.758052825927734,10.69888973236084,10.455018043518066
6,228,47682,2021-11-28 03:10:00,0.0,32.71507263183594,16.221683502197266,18.579776763916016,24.879180908203125,2.997985363006592,28.759199142456055,34.601722717285156,10.105292320251465,10.30286979675293
6,229,47683,2021-11-28 03:20:00,0.0,30.463268280029297,14.836912155151367,17.955751419067383,22.444795608520508,2.465679883956909,29.763381958007812,36.15364074707031,11.763933181762695,7.685474395751953
6,230,47684,2021-11-28 03:30:00,0.0,29.702518463134766,17.058286666870117,16.069101333618164,19.310527801513672,3.241856336593628,30.32611656188965,35.42332458496094,11.079047203063965,7.807193279266357
6,231,47685,2021-11-28 03:40:00,0.0,32.80636215209961,17.72774314880371,18.746923446655273,18.83864974975586,4.5507707595825195,32.50205993652344,39.5617790222168,13.498433113098145,8.522509574890137
6,232,47686,2021-11-28 03:50:00,0.0,32.95851135253906,17.240867614746094,16.464689254760742,16.525981903076172,5.965540885925293,31.98475456237793,41.53972244262695,13.66601276397705,9.252824783325195
6,233,47687,2021-11-28 04:00:00,0.0,37.279544830322266,21.410400390625,17.629241943359375,13.084552764892578,6.089759826660156,34.65243911743164,48.71100997924805,17.221229553222656,10.830464363098145
6,234,47688,2021-11-28 04:10:00,0.0,37.976661682128906,25.50597381591797,20.8388729095459,19.347536087036133,10.206978797912598,33.910133361816406,54.20405197143555,21.052156448364258,12.782721519470215
6,235,47689,2021-11-28 04:20:00,0.0,39.74435806274414,25.837936401367188,22.581945419311523,19.416812896728516,9.131105422973633,33.4758186340332,53.437774658203125,25.41192054748535,12.798112869262695
6,236,47690,2021-11-28 04:30:00,0.0,40.139949798583984,25.01633071899414,22.125499725341797,21.333892822265625,10.804746627807617,32.86722183227539,52.73788070678711,28.6070499420166,12.950263023376465
6,237,47691,2021-11-28 04:40:00,0.0,39.40963363647461,22.551082611083984,23.312259674072266,22.07963752746582,12.96569538116455,29.82423973083496,51.8858528137207,26.902978897094727,10.43958854675293
6,238,47692,2021-11-28 04:50:00,0.0,39.12561798095703,21.8889102935791,14.398612022399902,15.72966480255127,8.557867050170898,27.516647338867188,51.7286262512207,25.102548599243164,7.066806793212891
6,239,47693,2021-11-28 05:00:00,0.0,40.19612503051758,22.286312103271484,19.697904586791992,15.50327205657959,12.487914085388184,29.15244483947754,48.814781188964844,25.809846878051758,7.88341760635376
6,240,47694,2021-11-28 05:10:00,0.0,41.93296432495117,23.007265090942383,25.38382911682129,18.387081146240234,16.89578628540039,29.34906768798828,48.192142486572266,25.678762435913086,9.784110069274902
6,241,47695,2021-11-28 05:20:00,0.0,39.83565139770508,19.18794059753418,25.0617618560791,21.684051513671875,12.1895170211792,26.1572322845459,42.54390335083008,22.82538414001465,9.039816856384277
6,242,47696,2021-11-28 05:30:00,0.0,38.88530731201172,15.781122207641602,20.386085510253906,21.860761642456055,10.816150665283203,23.466520309448242,42.522830963134766,21.615215301513672,9.030386924743652
6,243,47697,2021-11-28 05:40:00,4.196000099182129,38.47239685058594,18.349571228027344,26.13188934326172,27.48114585876465,11.163671493530273,21.80051040649414,43.016578674316406,23.931001663208008,7.925941467285156
6,244,47698,2021-11-28 05:50:00,12.568235397338867,44.24618148803711,22.84471893310547,37.6303825378418,33.94658660888672,16.67999839782715,24.661733627319336,48.0803337097168,30.06230926513672,9.19874382019043
6,245,47699,2021-11-28 06:00:00,18.986923217773438,46.99601745605469,19.91044807434082,41.32671356201172,33.494544982910156,20.074533462524414,26.21924591064453,46.70107650756836,27.218982696533203,7.6537909507751465
6,246,47700,2021-11-28 06:10:00,28.19038200378418,47.127098083496094,25.121196746826172,43.22739791870117,38.033267974853516,18.206844329833984,27.52199363708496,47.73335266113281,29.889781951904297,7.2690863609313965
6,247,47701,2021-11-28 06:20:00,92.68929290771484,50.93111801147461,34.17141342163086,57.02468490600586,44.79945755004883,26.914228439331055,27.34763526916504,51.334259033203125,31.47494888305664,11.558316230773926
6,248,47702,2021-11-28 06:30:00,209.5349578857422,52.77753448486328,30.75969886779785,60.217777252197266,41.95492172241211,31.097898483276367,26.443769454956055,46.49913024902344,31.928417205810547,13.86307144165039
6,249,47703,2021-11-28 06:40:00,240.93885803222656,54.14655303955078,30.961076736450195,64.06455993652344,49.06056213378906,32.33436965942383,28.21501922607422,43.91064453125,34.597206115722656,13.8448486328125
6,250,47704,2021-11-28 06:50:00,75.16867065429688,60.372501373291016,34.72502517700195,67.5831069946289,55.25852966308594,41.51326370239258,31.316938400268555,46.3790397644043,39.568016052246094,13.33757495880127
6,251,47705,2021-11-28 07:00:00,20.16666603088379,70.35505676269531,43.30278778076172,83.17107391357422,70.0592041015625,54.130897521972656,35.72914505004883,54.07173156738281,46.42707824707031,14.215271949768066
6,252,47706,2021-11-28 07:10:00,5.272857189178467,71.96952819824219,44.70355224609375,76.16883850097656,72.2738265991211,52.55530548095703,30.949277877807617,43.06120681762695,43.6697998046875,11.352482795715332
6,253,47707,2021-11-28 07:20:00,2.7716665267944336,95.25341033935547,43.45578384399414,86.9460678100586,76.11812591552734,84.03494262695312,48.60400390625,55.34977722167969,94.54337310791016,27.62163734436035
6,254,47708,2021-11-28 07:30:00,0.0,152.55982971191406,88.40161895751953,161.20797729492188,134.36888122558594,182.4236602783203,116.17794036865234,115.32591247558594,196.1414031982422,142.31411743164062
6,255,47709,2021-11-28 07:40:00,0.0,173.05125427246094,166.9166259765625,249.0740509033203,218.0173797607422,202.02044677734375,129.38449096679688,151.02615356445312,179.39891052246094,158.82229614257812
6,256,47710,2021-11-28 07:50:00,26.302396774291992,90.63395690917969,76.95027160644531,120.46368408203125,109.67693328857422,112.91465759277344,50.9886589050293,76.88211059570312,34.254703521728516,21.721147537231445
6,257,47711,2021-11-28 08:00:00,83.69637298583984,49.18461990356445,41.05514907836914,50.88868713378906,56.84591293334961,45.186580657958984,25.71133804321289,45.04141616821289,23.86688995361328,8.194704055786133
6,258,47712,2021-11-28 08:10:00,119.34703063964844,49.39361572265625,31.83613395690918,42.22303009033203,52.35887145996094,32.34852981567383,29.642719268798828,43.47361373901367,22.280181884765625,7.676647663116455
6,259,47713,2021-11-28 08:20:00,98.54737854003906,50.26687240600586,26.43657875061035,34.938514709472656,48.715824127197266,32.74009704589844,33.600345611572266,43.40300369262695,16.205867767333984,7.833834648132324
6,260,47714,2021-11-28 08:30:00,66.79666900634766,55.19255828857422,28.785484313964844,34.83298873901367,53.90436553955078,39.772701263427734,37.55944061279297,49.980918884277344,14.55827522277832,12.689740180969238
6,261,47715,2021-11-28 08:40:00,80.62222290039062,66.90550231933594,36.660186767578125,39.18873596191406,58.803287506103516,54.911930084228516,42.912384033203125,58.76777648925781,14.903464317321777,22.02558708190918
6,262,47716,2021-11-28 08:50:00,91.475830078125,86.08613586425781,50.261234283447266,61.70453643798828,71.99403381347656,77.1121597290039,55.046043395996094,74.14385223388672,19.00002098083496,47.70710372924805
6,263,47717,2021-11-28 09:00:00,110.54891204833984,138.29254150390625,104.8717041015625,100.59391784667969,145.5074920654297,120.86298370361328,89.28491973876953,124.63069152832031,41.91883850097656,80.51638793945312
6,264,47718,2021-11-28 09:10:00,107.67752075195312,142.0211944580078,128.5899200439453,111.07238006591797,189.68821716308594,118.57849884033203,90.82288360595703,128.57232666015625,48.61003875732422,84.47169494628906
6,265,47719,2021-11-28 09:20:00,107.47460174560547,112.73834228515625,120.67530059814453,84.2642593383789,185.63909912109375,71.57202911376953,73.4046630859375,106.94681549072266,41.95037841796875,69.83341217041016
6,266,47720,2021-11-28 09:30:00,117.80931854248047,104.56878662109375,103.14933013916016,70.17774200439453,160.96417236328125,56.2158088684082,70.20818328857422,99.17913055419922,33.4936408996582,52.37272644042969
6,267,47721,2021-11-28 09:40:00,177.9701385498047,116.88203430175781,110.1681137084961,81.29307556152344,177.0,55.83274459838867,83.72698974609375,114.83946228027344,34.61268997192383,64.61565399169922
6,268,47722,2021-11-28 09:50:00,345.0977783203125,118.66792297363281,117.97642517089844,85.8725357055664,172.829345703125,52.29497528076172,90.97520446777344,117.8270263671875,31.7808780670166,69.04962158203125
6,269,47723,2021-11-28 10:00:00,386.1202697753906,197.4731903076172,187.09378051757812,112.68858337402344,240.6169891357422,125.75446319580078,166.27536010742188,185.07498168945312,54.93687438964844,136.87063598632812
6,270,47724,2021-11-28 10:10:00,437.9123229980469,192.84422302246094,174.92922973632812,99.94541931152344,243.89479064941406,114.261474609375,155.9842071533203,173.55740356445312,53.34257507324219,129.2770233154297
6,271,47725,2021-11-28 10:20:00,480.77099609375,169.05322265625,145.42196655273438,66.63656616210938,222.74014282226562,83.4078369140625,140.03713989257812,148.03134155273438,54.088130950927734,124.32855987548828
6,272,47726,2021-11-28 10:30:00,460.22515869140625,181.30357360839844,150.18765258789062,68.56956481933594,224.34963989257812,87.63542175292969,153.3454132080078,153.90338134765625,103.55535888671875,177.74603271484375
6,273,47727,2021-11-28 10:40:00,462.1686706542969,237.42091369628906,192.06532287597656,138.93179321289062,273.87530517578125,190.1853790283203,220.8381805419922,194.42788696289062,225.12216186523438,314.7918395996094
6,274,47728,2021-11-28 10:50:00,593.3428344726562,442.8796691894531,336.1570739746094,461.0703430175781,436.1741638183594,493.39459228515625,525.8291015625,399.3961486816406,564.9463500976562,651.5765991210938
6,275,47729,2021-11-28 11:00:00,553.3247680664062,505.37127685546875,488.6978454589844,588.830322265625,520.1976318359375,796.2222290039062,761.0888671875,556.2326049804688,710.6238403320312,916.2911987304688
6,276,47730,2021-11-28 11:10:00,531.14306640625,470.6700134277344,520.3536987304688,549.7733154296875,546.6813354492188,840.004638671875,770.3313598632812,567.1371459960938,707.9346313476562,943.53125
6,277,47731,2021-11-28 11:20:00,612.7284545898438,377.46356201171875,495.9212951660156,503.3214111328125,537.772705078125,834.8737182617188,706.643798828125,453.5632019042969,690.3978271484375,876.2542114257812
6,278,47732,2021-11-28 11:30:00,785.8502807617188,286.0295715332031,474.087646484375,423.13037109375,457.119873046875,778.3895874023438,625.6602172851562,322.8879089355469,610.3899536132812,699.5745239257812
6,279,47733,2021-11-28 11:40:00,956.94482421875,256.0497741699219,456.4781494140625,422.63134765625,398.7021484375,645.43408203125,493.04266357421875,276.7601013183594,590.8508911132812,663.2463989257812
6,280,47734,2021-11-28 11:50:00,1028.2080078125,295.2890625,542.6317138671875,528.01025390625,486.9703063964844,638.892578125,577.89892578125,363.6379089355469,730.5048828125,869.1655883789062
6,281,47735,2021-11-28 12:00:00,1042.89208984375,381.2748718261719,670.5518798828125,695.8872680664062,610.5457153320312,762.8386840820312,798.4497680664062,567.57666015625,804.2672729492188,969.2925415039062
6,282,47736,2021-11-28 12:10:00,1040.2283935546875,368.5992431640625,650.5125122070312,655.2119750976562,605.0865478515625,792.9551391601562,768.9267578125,546.6104125976562,793.0684204101562,926.7230834960938
6,283,47737,2021-11-28 12:20:00,1078.20849609375,344.69921875,652.1572265625,596.72412109375,595.04248046875,790.5452880859375,748.0919799804688,538.5980224609375,779.707763671875,944.751220703125
6,284,47738,2021-11-28 12:30:00,1150.7218017578125,374.1275939941406,741.8421020507812,620.2421264648438,697.408447265625,840.0523681640625,847.0845947265625,581.8019409179688,872.5109252929688,1076.182861328125
6,285,47739,2021-11-28 12:40:00,1160.203125,385.7297668457031,830.6465454101562,655.919921875,756.836181640625,873.5364379882812,807.5307006835938,544.9312744140625,923.0147094726562,1152.963134765625
6,286,47740,2021-11-28 12:50:00,1166.8966064453125,434.0833435058594,912.02587890625,721.3780517578125,842.6162719726562,943.6337280273438,908.7816772460938,598.6640625,991.8812866210938,1206.0484619140625
6,287,47741,2021-11-28 13:00:00,1228.9815673828125,855.3063354492188,1024.4801025390625,922.2684936523438,967.00830078125,1067.9521484375,1160.70458984375,987.9976806640625,1031.1002197265625,1276.500244140625
6,288,47742,2021-11-28 13:10:00,1244.3446044921875,941.4290161132812,1036.703369140625,943.740234375,995.85986328125,1085.229736328125,1180.4764404296875,1013.6905517578125,1050.5235595703125,1276.171142578125
6,289,47743,2021-11-28 13:20:00,1325.55615234375,1017.0956420898438,1064.4390869140625,1008.765869140625,1055.124755859375,1103.7518310546875,1201.7279052734375,1032.7933349609375,1101.9444580078125,1299.1754150390625
6,290,47744,2021-11-28 13:30:00,1389.278076171875,1096.5350341796875,1115.9649658203125,1100.0369873046875,1132.9603271484375,1135.6697998046875,1252.978759765625,1168.499267578125,1184.0496826171875,1334.521728515625
6,291,47745,2021-11-28 13:40:00,1425.047607421875,1099.817626953125,1123.7222900390625,1133.53173828125,1123.318359375,1122.2694091796875,1248.443603515625,1151.0904541015625,1189.3922119140625,1342.1531982421875
6,292,47746,2021-11-28 13:50:00,1359.4031982421875,1126.27685546875,1133.3887939453125,1147.12451171875,1141.4114990234375,1121.36328125,1271.9046630859375,1197.04638671875,1195.358154296875,1350.4779052734375
6,293,47747,2021-11-28 14:00:00,1273.8385009765625,1192.306396484375,1178.8294677734375,1205.5350341796875,1208.28515625,1154.4400634765625,1275.2159423828125,1208.67138671875,1240.447265625,1372.3157958984375
6,294,47748,2021-11-28 14:10:00,1152.9705810546875,1199.62646484375,1198.3515625,1209.7921142578125,1213.6436767578125,1174.1939697265625,1281.3931884765625,1226.0904541015625,1259.1279296875,1371.4493408203125
6,295,47749,2021-11-28 14:20:00,1009.2501220703125,1255.7352294921875,1250.381103515625,1291.3759765625,1229.358642578125,1230.81005859375,1317.5694580078125,1296.853759765625,1325.4951171875,1395.2972412109375
6,296,47750,2021-11-28 14:30:00,1003.3663940429688,1319.3182373046875,1290.236083984375,1334.4752197265625,1267.302734375,1267.4903564453125,1369.5894775390625,1355.6995849609375,1375.226806640625,1422.9493408203125
6,297,47751,2021-11-28 14:40:00,1154.932861328125,1352.2216796875,1308.7786865234375,1365.2628173828125,1285.3465576171875,1284.3975830078125,1386.495361328125,1356.4117431640625,1413.511962890625,1446.6732177734375
6,298,47752,2021-11-28 14:50:00,1244.5091552734375,1315.1572265625,1274.0899658203125,1331.783203125,1263.789794921875,1253.755859375,1342.1866455078125,1320.13525390625,1372.7686767578125,1428.678466796875
6,299,47753,2021-11-28 15:00:00,1231.39208984375,1262.9727783203125,1215.49560546875,1252.22998046875,1228.6591796875,1207.2327880859375,1219.97509765625,1226.3494873046875,1278.3173828125,1387.64990234375
6,300,47754,2021-11-28 15:10:00,1258.1851806640625,1194.086669921875,1148.2198486328125,1150.8045654296875,1141.484619140625,1138.7108154296875,1128.507080078125,1134.5634765625,1158.8045654296875,1318.4901123046875
6,301,47755,2021-11-28 15:20:00,1408.7877197265625,1119.6226806640625,1067.832763671875,1030.29736328125,1007.4251098632812,1088.8316650390625,1047.5015869140625,1046.4478759765625,1056.97900390625,1217.0750732421875
6,302,47756,2021-11-28 15:30:00,1491.4505615234375,1142.646728515625,1071.034423828125,1034.4342041015625,1019.5943603515625,1119.4461669921875,1089.8841552734375,1091.33544921875,1090.114501953125,1219.3670654296875
6,303,47757,2021-11-28 15:40:00,1505.33349609375,1214.79296875,1146.1636962890625,1146.0587158203125,1107.27294921875,1188.0220947265625,1180.34765625,1185.3057861328125,1213.306396484375,1305.2451171875
6,304,47758,2021-11-28 15:50:00,1496.0330810546875,1246.0496826171875,1187.068603515625,1211.884033203125,1137.572509765625,1218.980224609375,1217.1981201171875,1238.927978515625,1278.4505615234375,1356.682373046875
6,305,47759,2021-11-28 16:00:00,1428.566162109375,1239.9232177734375,1195.2327880859375,1185.254638671875,1093.8199462890625,1223.53271484375,1170.131103515625,1206.479248046875,1236.2509765625,1337.63427734375
6,306,47760,2021-11-28 16:10:00,1400.2923583984375,1263.385986328125,1223.28173828125,1227.20166015625,1129.490966796875,1243.723876953125,1194.1326904296875,1236.8726806640625,1264.7431640625,1362.2232666015625
6,307,47761,2021-11-28 16:20:00,1414.6976318359375,1356.41162109375,1278.6590576171875,1328.0596923828125,1196.5283203125,1327.6890869140625,1340.021484375,1338.510986328125,1391.643798828125,1435.3839111328125
6,308,47762,2021-11-28 16:30:00,1404.441650390625,1411.830078125,1323.7738037109375,1364.8511962890625,1256.157958984375,1359.2333984375,1407.7626953125,1389.1793212890625,1456.0592041015625,1474.3115234375
6,309,47763,2021-11-28 16:40:00,1438.88671875,1434.5748291015625,1341.455322265625,1367.2484130859375,1279.8736572265625,1383.0777587890625,1418.18701171875,1405.7479248046875,1464.69140625,1480.1746826171875
6,310,47764,2021-11-28 16:50:00,1428.266357421875,1430.063720703125,1339.244140625,1365.3311767578125,1263.98046875,1380.2197265625,1385.47314453125,1396.19775390625,1457.6099853515625,1476.735595703125
6,311,47765,2021-11-28 17:00:00,1440.1019287109375,1373.421630859375,1309.9708251953125,1388.633544921875,1206.0115966796875,1340.7196044921875,1305.211181640625,1350.0931396484375,1426.23193359375,1476.398193359375
6,312,47766,2021-11-28 17:10:00,1456.400634765625,1354.470458984375,1292.3984375,1371.152587890625,1193.660400390625,1322.7467041015625,1272.2845458984375,1337.2421875,1405.050537109375,1470.1710205078125
6,313,47767,2021-11-28 17:20:00,1454.94775390625,1363.91943359375,1309.406982421875,1363.641357421875,1220.0037841796875,1336.5655517578125,1309.1669921875,1355.576904296875,1392.4251708984375,1470.39697265625
6,314,47768,2021-11-28 17:30:00,1429.9603271484375,1372.99951171875,1304.73486328125,1357.9205322265625,1222.5899658203125,1346.939453125,1350.61474609375,1379.0013427734375,1399.7427978515625,1475.9859619140625
6,315,47769,2021-11-28 17:40:00,1398.796142578125,1399.024169921875,1335.4510498046875,1377.692138671875,1267.8115234375,1371.1873779296875,1386.1947021484375,1409.177978515625,1429.472900390625,1482.880859375
6,316,47770,2021-11-28 17:50:00,1417.3597412109375,1384.3360595703125,1334.6163330078125,1368.141845703125,1270.0736083984375,1358.8582763671875,1360.416015625,1398.2938232421875,1424.9034423828125,1476.9156494140625
6,317,47771,2021-11-28 18:00:00,1396.7308349609375,1392.751708984375,1362.97802734375,1437.614990234375,1307.093994140625,1345.4356689453125,1398.9544677734375,1419.4830322265625,1449.1578369140625,1491.46875
6,318,47772,2021-11-28 18:10:00,1338.0709228515625,1400.7015380859375,1372.833740234375,1444.6407470703125,1327.970458984375,1354.264404296875,1407.9359130859375,1426.55859375,1450.469482421875,1493.6268310546875
6,319,47773,2021-11-28 18:20:00,1231.018310546875,1387.5906982421875,1374.331298828125,1449.436279296875,1336.231689453125,1333.7584228515625,1403.632568359375,1423.982177734375,1432.226806640625,1494.2200927734375
6,320,47774,2021-11-28 18:30:00,1192.2213134765625,1376.6746826171875,1347.8450927734375,1441.3839111328125,1307.6123046875,1320.6788330078125,1394.560791015625,1416.8685302734375,1406.81640625,1491.5848388671875
6,321,47775,2021-11-28 18:40:00,1282.04345703125,1373.3594970703125,1322.96923828125,1420.336181640625,1298.6927490234375,1314.082275390625,1379.8472900390625,1397.1357421875,1377.7421875,1482.0244140625
6,322,47776,2021-11-28 18:50:00,1241.6419677734375,1390.8316650390625,1332.3212890625,1415.349853515625,1312.053466796875,1335.4498291015625,1396.78466796875,1415.2200927734375,1395.9317626953125,1488.4774169921875
6,323,47777,2021-11-28 19:00:00,1256.90625,1359.057861328125,1310.568603515625,1350.3857421875,1232.9464111328125,1292.8765869140625,1346.5889892578125,1369.2294921875,1318.044189453125,1446.861328125
6,324,47778,2021-11-28 19:10:00,1282.019775390625,1304.9093017578125,1270.4879150390625,1280.4520263671875,1171.5745849609375,1244.69677734375,1262.072509765625,1298.71142578125,1235.94091796875,1401.3721923828125
6,325,47779,2021-11-28 19:20:00,1257.5771484375,1125.9541015625,1131.1688232421875,1109.031005859375,1016.4405517578125,1091.9840087890625,1006.5635375976562,1057.6951904296875,1006.251953125,1251.920166015625
6,326,47780,2021-11-28 19:30:00,1353.6856689453125,1114.7806396484375,1106.7261962890625,1080.580810546875,1009.145751953125,1072.0924072265625,996.8300170898438,1052.4986572265625,1003.2412719726562,1223.871337890625
6,327,47781,2021-11-28 19:40:00,1326.7518310546875,1170.7017822265625,1129.8311767578125,1158.87109375,1069.913818359375,1133.0341796875,1112.614013671875,1156.03125,1073.4459228515625,1298.0806884765625
6,328,47782,2021-11-28 19:50:00,1262.9251708984375,1115.0615234375,1077.303955078125,1075.86767578125,1019.77490234375,1116.455078125,1072.6689453125,1097.40771484375,1005.3974609375,1257.8912353515625
6,329,47783,2021-11-28 20:00:00,1073.437255859375,1007.9375,941.12255859375,962.4865112304688,907.5007934570312,1108.72607421875,1006.2135620117188,1033.226318359375,921.4713134765625,1165.970703125
6,330,47784,2021-11-28 20:10:00,1085.7567138671875,1018.577880859375,962.10986328125,962.65673828125,929.0299682617188,1135.951171875,1055.234375,1053.9842529296875,939.15185546875,1184.10546875
6,331,47785,2021-11-28 20:20:00,1261.295654296875,1049.2947998046875,996.38525390625,953.099609375,968.376953125,1085.1875,1072.1416015625,1095.4405517578125,972.4423828125,1186.92236328125
6,332,47786,2021-11-28 20:30:00,1273.918212890625,1167.5574951171875,1071.6591796875,1047.71875,1053.3515625,1139.8616943359375,1212.546875,1210.9366455078125,1080.1968994140625,1278.5223388671875
6,333,47787,2021-11-28 20:40:00,1176.58203125,1121.952880859375,1026.177001953125,968.9822387695312,1031.120849609375,1092.9710693359375,1171.3486328125,1160.656982421875,1044.3017578125,1264.231689453125
6,334,47788,2021-11-28 20:50:00,1045.8111572265625,1032.912353515625,980.7052001953125,891.8834838867188,990.3780517578125,1043.433837890625,1069.8038330078125,1066.008056640625,972.774658203125,1202.927978515625
6,335,47789,2021-11-28 21:00:00,790.89404296875,840.0313110351562,797.5849609375,742.6415405273438,799.635009765625,919.9203491210938,904.0125122070312,900.6257934570312,815.9470825195312,1011.474609375
6,336,47790,2021-11-28 21:10:00,676.4267578125,870.1829223632812,804.7717895507812,752.71337890625,842.3380126953125,965.326904296875,943.6842651367188,932.0760498046875,831.228759765625,1027.134765625
6,337,47791,2021-11-28 21:20:00,762.6784057617188,1027.2325439453125,923.6658325195312,818.6793823242188,974.4850463867188,1066.7996826171875,1150.625,1105.33837890625,984.5193481445312,1172.8447265625
6,338,47792,2021-11-28 21:30:00,768.929443359375,974.7930297851562,896.1375732421875,811.538818359375,940.0189819335938,1047.5286865234375,1131.1954345703125,1053.7171630859375,963.3306884765625,1160.749267578125
6,339,47793,2021-11-28 21:40:00,653.8785400390625,889.395263671875,819.5089721679688,754.466552734375,872.1220703125,966.8922729492188,1023.7752075195312,977.0518798828125,867.7327270507812,1087.01953125
6,340,47794,2021-11-28 21:50:00,483.0722351074219,793.9490356445312,748.2741088867188,705.263671875,771.4683837890625,903.1954345703125,888.1339721679688,869.4793090820312,758.7830200195312,988.0929565429688
6,341,47795,2021-11-28 22:00:00,399.6897888183594,568.51904296875,569.0580444335938,598.3424682617188,567.1919555664062,593.8132934570312,626.4415893554688,619.1703491210938,573.8406372070312,734.6362915039062
6,342,47796,2021-11-28 22:10:00,353.83343505859375,500.09344482421875,482.53228759765625,548.1522216796875,517.2415771484375,491.5614013671875,563.4966430664062,545.5242309570312,522.0914306640625,657.5855712890625
6,343,47797,2021-11-28 22:20:00,341.95947265625,542.9102172851562,514.8377075195312,598.2437133789062,557.154296875,492.4224548339844,627.0284423828125,622.2764892578125,559.8673706054688,728.5401000976562
6,344,47798,2021-11-28 22:30:00,326.7071533203125,508.99200439453125,511.2872009277344,597.7132568359375,525.664306640625,458.878662109375,600.5016479492188,568.6885375976562,524.2481079101562,702.6914672851562
6,345,47799,2021-11-28 22:40:00,350.2857971191406,432.471435546875,444.96868896484375,564.6509399414062,471.0476379394531,412.6349792480469,522.03125,457.7792663574219,425.6336364746094,588.7210083007812
6,346,47800,2021-11-28 22:50:00,385.6476745605469,338.2325134277344,329.3872985839844,437.9652404785156,391.2156677246094,339.12261962890625,393.21588134765625,325.94122314453125,294.45404052734375,411.0140075683594
6,347,47801,2021-11-28 23:00:00,394.32061767578125,283.0593566894531,234.12680053710938,340.9850158691406,331.8302917480469,254.8921356201172,258.258056640625,236.35263061523438,217.3115692138672,288.945068359375
6,348,47802,2021-11-28 23:10:00,440.4320068359375,259.6712951660156,196.09835815429688,322.4204406738281,300.0865173339844,226.5862274169922,211.50074768066406,203.82093811035156,190.5980987548828,235.11129760742188
6,349,47803,2021-11-28 23:20:00,417.6452331542969,259.0859375,179.69769287109375,315.562255859375,287.0238037109375,221.9270477294922,206.9405517578125,211.08187866210938,185.5407257080078,208.3488006591797
6,350,47804,2021-11-28 23:30:00,403.88336181640625,248.05320739746094,162.9932098388672,293.6835632324219,271.61090087890625,201.40589904785156,201.5799560546875,198.13685607910156,175.802734375,186.76214599609375
6,351,47805,2021-11-28 23:40:00,404.8467102050781,264.7394104003906,176.6368865966797,310.8194274902344,288.5474853515625,222.9626922607422,247.16421508789062,229.14552307128906,204.31369018554688,223.23492431640625
6,352,47806,2021-11-28 23:50:00,382.81365966796875,288.6988830566406,198.68606567382812,336.07830810546875,307.6272888183594,275.8238525390625,295.5840148925781,272.1645202636719,246.2760009765625,272.9526672363281
6,353,47808,2021-11-29 00:10:00,318.9735412597656,315.7490234375,226.55520629882812,367.3468933105469,327.2874755859375,320.1390075683594,316.0550231933594,285.0921630859375,280.59075927734375,326.7763671875
6,354,47809,2021-11-29 00:20:00,343.15380859375,295.046630859375,214.1077117919922,365.1407470703125,316.22369384765625,293.0635681152344,295.4639587402344,246.5079345703125,259.231689453125,300.6739196777344
6,355,47810,2021-11-29 00:30:00,362.3045654296875,287.99505615234375,204.99107360839844,349.54693603515625,310.9561462402344,273.1282958984375,281.37176513671875,230.3128204345703,253.8512725830078,296.6410827636719
6,356,47811,2021-11-29 00:40:00,333.3991394042969,283.105224609375,211.06178283691406,341.650634765625,301.4417419433594,270.5177001953125,288.5096740722656,217.75808715820312,249.8043975830078,287.4192810058594
6,357,47812,2021-11-29 00:50:00,331.5966796875,265.3553466796875,198.1119842529297,319.0048828125,284.1041564941406,235.4651336669922,229.5573272705078,189.097412109375,200.48814392089844,246.13607788085938
6,358,47813,2021-11-29 01:00:00,292.6771545410156,253.75880432128906,186.36036682128906,294.810302734375,264.8264465332031,204.25669860839844,187.74472045898438,167.1187286376953,170.75750732421875,212.44900512695312
6,359,47814,2021-11-29 01:10:00,230.03173828125,228.42063903808594,159.98764038085938,267.4457092285156,234.2426300048828,175.75265502929688,144.7169647216797,132.31320190429688,131.53109741210938,150.05093383789062
6,360,47815,2021-11-29 01:20:00,226.481201171875,252.80296325683594,185.34202575683594,326.55523681640625,249.68096923828125,278.86474609375,217.3179473876953,173.50491333007812,168.7734375,186.57078552246094
6,361,47816,2021-11-29 01:30:00,276.691650390625,265.7583312988281,213.4345245361328,353.01995849609375,259.5668029785156,302.5048828125,259.7376708984375,199.14144897460938,208.88345336914062,211.5702667236328
6,362,47817,2021-11-29 01:40:00,308.63958740234375,249.6945037841797,211.61123657226562,307.3038024902344,246.93234252929688,254.26614379882812,231.29197692871094,178.43746948242188,201.43014526367188,193.5782012939453
6,363,47818,2021-11-29 01:50:00,334.0065002441406,252.30699157714844,216.40513610839844,301.42041015625,248.63739013671875,264.0272521972656,241.49563598632812,192.32003784179688,207.74212646484375,209.7914276123047
6,364,47819,2021-11-29 02:00:00,354.0643615722656,216.35543823242188,186.0613250732422,251.96563720703125,223.88587951660156,164.05941772460938,140.98973083496094,140.444091796875,151.28289794921875,154.4510040283203
6,365,47820,2021-11-29 02:10:00,358.4688720703125,189.0752716064453,157.93746948242188,226.30999755859375,200.1025390625,121.01407623291016,96.2649154663086,106.928466796875,105.55045318603516,101.96371459960938
6,366,47821,2021-11-29 02:20:00,368.4779357910156,204.93333435058594,153.66746520996094,251.45176696777344,212.24130249023438,149.6957550048828,113.8863296508789,127.58722686767578,111.05686950683594,113.14879608154297
6,367,47822,2021-11-29 02:30:00,413.533203125,239.8003692626953,190.5030059814453,311.69189453125,252.24154663085938,222.59310913085938,168.7676239013672,180.38963317871094,173.71046447753906,176.64866638183594
6,368,47823,2021-11-29 02:40:00,343.7115478515625,270.5776062011719,240.39633178710938,371.3493957519531,278.86871337890625,287.2183532714844,236.1752166748047,228.15260314941406,230.11392211914062,231.96910095214844
6,369,47824,2021-11-29 02:50:00,244.137939453125,317.3263854980469,294.7981262207031,401.9390563964844,326.1425476074219,360.1167907714844,344.76007080078125,302.60894775390625,314.8175354003906,303.56878662109375
6,370,47825,2021-11-29 03:00:00,114.55204772949219,376.19818115234375,377.5885314941406,430.9500732421875,375.39739990234375,389.3526611328125,433.7854919433594,372.6924743652344,408.08038330078125,390.5721435546875
6,371,47826,2021-11-29 03:10:00,23.25408935546875,378.68634033203125,409.1672668457031,435.2177429199219,388.0545959472656,391.3878173828125,402.4276428222656,362.8360595703125,418.5145263671875,405.6090087890625
6,372,47827,2021-11-29 03:20:00,0.3181818127632141,289.91265869140625,294.623046875,377.0186462402344,298.2369384765625,296.2060852050781,287.33233642578125,243.56390380859375,303.4193115234375,257.9371643066406
6,373,47828,2021-11-29 03:30:00,0.0,289.6463623046875,312.2591857910156,343.8256530761719,290.5661926269531,235.4744110107422,254.50479125976562,247.08338928222656,280.8355712890625,264.55010986328125
6,374,47829,2021-11-29 03:40:00,0.0,211.79656982421875,219.37411499023438,215.34024047851562,205.63929748535156,140.34365844726562,158.67994689941406,146.015625,167.65536499023438,155.81886291503906
6,375,47830,2021-11-29 03:50:00,0.0,141.62957763671875,134.08016967773438,130.60638427734375,109.64440155029297,62.2012825012207,74.7690658569336,70.7894058227539,74.80779266357422,68.24298858642578
6,376,47831,2021-11-29 04:00:00,0.0,98.91650390625,78.0029296875,84.0252685546875,72.52279663085938,29.765596389770508,49.40167236328125,31.14019775390625,39.622642517089844,25.272499084472656
6,377,47832,2021-11-29 04:10:00,0.0,79.02923583984375,46.923030853271484,66.79092407226562,54.455787658691406,20.29639434814453,42.43048095703125,21.922731399536133,27.558326721191406,13.014545440673828
6,378,47833,2021-11-29 04:20:00,0.0,71.9805908203125,36.659881591796875,47.27159118652344,52.19015121459961,14.486791610717773,36.58242416381836,19.928468704223633,21.148704528808594,9.722593307495117
6,379,47834,2021-11-29 04:30:00,0.0,66.50433349609375,27.566349029541016,32.295143127441406,47.54656219482422,13.528169631958008,32.678558349609375,26.202489852905273,21.68731117248535,9.587206840515137
6,380,47835,2021-11-29 04:40:00,0.06181818246841431,72.13550567626953,31.334392547607422,24.963769912719727,51.221927642822266,13.654397010803223,34.64598083496094,29.185211181640625,32.86445617675781,9.723143577575684
6,381,47836,2021-11-29 04:50:00,0.0,78.62452697753906,25.393659591674805,18.853992462158203,52.317955017089844,15.487849235534668,36.83191680908203,31.6345157623291,33.31758117675781,11.099871635437012
6,382,47837,2021-11-29 05:00:00,0.0,76.96305847167969,32.465545654296875,14.253005981445312,58.388710021972656,13.996789932250977,32.273536682128906,34.63823699951172,36.001495361328125,8.181955337524414
6,383,47838,2021-11-29 05:10:00,0.0,75.59980010986328,27.65155029296875,12.761943817138672,55.385284423828125,10.290438652038574,32.08213424682617,32.252540588378906,36.42750930786133,8.735777854919434
6,384,47839,2021-11-29 05:20:00,0.0,77.68728637695312,34.55303192138672,18.17236328125,66.58953857421875,11.568490982055664,36.8535270690918,30.463266372680664,31.996929168701172,8.437565803527832
6,385,47840,2021-11-29 05:30:00,0.0,88.48683166503906,40.602481842041016,22.17692756652832,80.75460815429688,23.39137840270996,41.15630340576172,26.799518585205078,28.97220802307129,11.377084732055664
6,386,47841,2021-11-29 05:40:00,0.0,78.79492950439453,39.28182601928711,26.11789321899414,92.96000671386719,28.439380645751953,35.660682678222656,21.857715606689453,25.649272918701172,8.6715726852417
6,387,47842,2021-11-29 05:50:00,0.0,67.29246520996094,25.244251251220703,21.176090240478516,94.89838409423828,21.21808624267578,31.3579044342041,17.04311752319336,19.046001434326172,5.966059684753418
6,388,47843,2021-11-29 06:00:00,0.0,69.27345275878906,28.971599578857422,26.18149185180664,99.15856170654297,22.261524200439453,34.85124588012695,17.469133377075195,18.768789291381836,7.158907890319824
6,389,47844,2021-11-29 06:10:00,0.0,58.708213806152344,23.00735855102539,28.716598510742188,84.1414566040039,21.49530029296875,24.094005584716797,8.927183151245117,13.613980293273926,3.6865642070770264
6,390,47845,2021-11-29 06:20:00,0.0,52.70136642456055,21.17548370361328,38.00376892089844,89.59446716308594,30.037250518798828,24.371219635009766,5.688845634460449,13.337369918823242,3.47355580329895
6,391,47846,2021-11-29 06:30:00,0.0,43.925411224365234,15.317441940307617,49.46363830566406,82.26697540283203,38.898406982421875,23.09316635131836,4.495997428894043,13.592981338500977,3.9211769104003906
6,392,47847,2021-11-29 06:40:00,0.0,40.64508056640625,13.315162658691406,57.4301643371582,91.93756103515625,46.05549621582031,25.01024627685547,4.197785377502441,13.720787048339844,5.284432411193848
6,393,47848,2021-11-29 06:50:00,0.0,34.93645095825195,11.142473220825195,53.42560577392578,87.50698852539062,40.68768310546875,18.001956939697266,4.2613844871521,11.313486099243164,4.6880083084106445
6,394,47849,2021-11-29 07:00:00,7.589999675750732,32.66435241699219,15.338642120361328,61.84654235839844,102.53120422363281,40.59300994873047,20.34518814086914,4.1551833152771,18.084758758544922,6.08459997177124
6,395,47850,2021-11-29 07:10:00,50.46161651611328,36.661128997802734,23.323354721069336,63.12916946411133,101.84866333007812,46.0953483581543,27.941225051879883,4.859436988830566,15.366844177246094,6.742745876312256
6,396,47851,2021-11-29 07:20:00,77.33624267578125,40.67436981201172,26.761672973632812,57.78162384033203,97.82059478759766,50.34629440307617,25.204425811767578,5.579678535461426,13.921529769897461,6.325777053833008
6,397,47852,2021-11-29 07:30:00,54.91214370727539,45.74917221069336,24.133291244506836,50.0702018737793,89.26887512207031,33.37388229370117,17.748029708862305,7.842477798461914,11.494776725769043,6.590144634246826
6,398,47853,2021-11-29 07:40:00,55.7063102722168,44.390987396240234,17.898536682128906,44.8170051574707,84.89633178710938,17.345355987548828,9.583565711975098,6.2721638679504395,11.568493843078613,6.111738681793213
6,399,47854,2021-11-29 07:50:00,73.12655639648438,49.55368423461914,21.571979522705078,48.876243591308594,98.0009765625,15.722427368164062,8.110183715820312,8.417475700378418,13.069341659545898,11.040173530578613
6,400,47855,2021-11-29 08:00:00,83.17152404785156,45.79689025878906,19.063377380371094,44.05139923095703,96.1083984375,14.832283973693848,5.705412864685059,7.415399551391602,13.321314811706543,9.776665687561035
10,1,47455,2021-11-26 13:20:00,0.0,58.607032775878906,42.285247802734375,61.45602798461914,59.9649658203125,7.723077774047852,56.13080978393555,47.1844482421875,59.80521011352539,27.427894592285156
10,2,47456,2021-11-26 13:30:00,0.0,57.86150360107422,39.2498779296875,51.76413345336914,53.361698150634766,10.225929260253906,57.648494720458984,47.39745330810547,56.397071838378906,22.741703033447266
10,3,47457,2021-11-26 13:40:00,0.0,41.91248321533203,26.12283706665039,49.42103576660156,49.36778259277344,6.871043682098389,46.5454216003418,35.17570495605469,40.52792739868164,10.17343521118164
10,4,47458,2021-11-26 13:50:00,0.0,41.060447692871094,26.2825927734375,46.27915954589844,51.977142333984375,7.510069847106934,44.68159484863281,33.47163391113281,37.33279800415039,10.599452018737793
10,5,47459,2021-11-26 14:00:00,0.0,45.10761260986328,25.590314865112305,46.971439361572266,53.73446273803711,6.3917741775512695,49.900306701660156,34.909446716308594,36.8535270690918,11.344983100891113
10,6,47460,2021-11-26 14:10:00,0.0,46.75843048095703,24.25901222229004,46.33241271972656,51.551124572753906,5.806000709533691,51.92388916015625,34.58993148803711,37.119789123535156,10.333191871643066
10,7,47461,2021-11-26 14:20:00,0.0,52.24340057373047,27.214885711669922,46.811683654785156,55.172271728515625,7.723078727722168,58.63365936279297,39.090118408203125,40.208412170410156,10.626457214355469
10,8,47462,2021-11-26 14:30:00,0.0,54.133853912353516,25.803325653076172,50.006813049316406,55.385284423828125,9.400899887084961,63.373104095458984,44.255577087402344,43.19053268432617,10.73296070098877
10,9,47463,2021-11-26 14:40:00,0.0,55.332027435302734,36.69377136230469,58.207645416259766,69.07109069824219,17.681989669799805,77.56480407714844,51.60437774658203,47.77021789550781,20.238849639892578
10,10,47464,2021-11-26 14:50:00,0.0,61.00338363647461,38.39784240722656,57.88813018798828,66.67474365234375,20.45110321044922,78.89611053466797,56.63670349121094,49.04827117919922,18.002262115478516
10,11,47465,2021-11-26 15:00:00,2.7149999141693115,78.52334594726562,40.42142105102539,71.36093139648438,71.52069091796875,35.28221130371094,85.89877319335938,71.99995422363281,55.65154266357422,21.357147216796875
10,12,47466,2021-11-26 15:10:00,5.141250133514404,83.36929321289062,42.49825668334961,71.4141845703125,68.48532104492188,42.018985748291016,87.44308471679688,78.257080078125,55.012516021728516,23.061216354370117
10,13,47467,2021-11-26 15:20:00,6.777273178100586,96.51531219482422,50.19561767578125,77.49945068359375,71.399658203125,58.27058029174805,91.01581573486328,94.98552703857422,58.541683197021484,31.431488037109375
10,14,47468,2021-11-26 15:30:00,14.717000007629395,105.67662048339844,54.916664123535156,83.77933502197266,74.9820785522461,75.72760772705078,97.13497924804688,103.5465316772461,61.775535583496094,35.745880126953125
10,15,47469,2021-11-26 15:40:00,16.980714797973633,138.44345092773438,85.16085052490234,115.17986297607422,95.41569519042969,125.57164001464844,122.31563568115234,139.90406799316406,79.07489013671875,58.580413818359375
10,16,47470,2021-11-26 15:50:00,42.570556640625,143.8075408935547,91.63224792480469,114.80287170410156,95.91610717773438,135.10968017578125,125.89115142822266,148.25704956054688,77.98786926269531,59.97679901123047
10,17,47471,2021-11-26 16:00:00,42.421939849853516,134.32217407226562,80.81576538085938,106.70661926269531,92.2426528930664,121.39047241210938,117.00662994384766,142.52642822265625,76.98847961425781,50.898353576660156
10,18,47472,2021-11-26 16:10:00,66.3949966430664,131.24594116210938,77.69202423095703,107.24105834960938,92.27719116210938,111.35330963134766,115.90933227539062,139.74855041503906,79.06474304199219,48.687339782714844
10,19,47473,2021-11-26 16:20:00,67.03107452392578,127.64702606201172,73.7615966796875,107.1118392944336,88.63189697265625,102.3565673828125,112.85731506347656,140.86508178710938,78.7529067993164,47.665157318115234
10,20,47474,2021-11-26 16:30:00,51.1602668762207,134.57965087890625,80.7557373046875,113.73844909667969,95.73361206054688,107.85828399658203,115.24072265625,152.3490753173828,80.76134490966797,56.25412368774414
10,21,47475,2021-11-26 16:40:00,55.27027893066406,168.421875,121.22269439697266,131.4234619140625,129.376220703125,141.15676879882812,140.7070770263672,184.92413330078125,100.43069458007812,96.33028411865234
10,22,47476,2021-11-26 16:50:00,63.12948989868164,166.171630859375,118.25013732910156,114.44876861572266,138.25657653808594,142.39659118652344,136.787353515625,179.1761016845703,108.24966430664062,93.27897644042969
10,23,47477,2021-11-26 17:00:00,64.05860137939453,148.9555206298828,116.19182586669922,108.70679473876953,121.9381103515625,115.98374938964844,121.33375549316406,164.87173461914062,103.53019714355469,69.88473510742188
10,24,47478,2021-11-26 17:10:00,73.14356994628906,143.50494384765625,123.60384368896484,100.59384155273438,130.86642456054688,106.36026763916016,119.75446319580078,159.67330932617188,109.91548919677734,77.18316650390625
10,25,47479,2021-11-26 17:20:00,81.50572204589844,143.5273895263672,117.72291564941406,104.07731628417969,125.55207824707031,100.9169692993164,112.732421875,160.4159393310547,112.41943359375,67.82672119140625
10,26,47480,2021-11-26 17:30:00,94.05074310302734,144.20199584960938,119.72179412841797,114.211181640625,131.6542205810547,95.86480712890625,111.40654754638672,159.42027282714844,115.14999389648438,71.28204345703125
10,27,47481,2021-11-26 17:40:00,85.9155044555664,178.86639404296875,147.53280639648438,148.26416015625,147.6428680419922,120.6866455078125,140.61004638671875,189.91799926757812,121.74457550048828,89.15425872802734
10,28,47482,2021-11-26 17:50:00,87.81704711914062,172.2467041015625,146.08505249023438,148.80528259277344,160.55918884277344,114.63660430908203,134.61053466796875,186.19004821777344,112.14684295654297,83.60368347167969
10,29,47483,2021-11-26 18:00:00,96.77500915527344,149.9772491455078,133.875732421875,130.1319580078125,149.92884826660156,99.30701446533203,123.24143981933594,171.52017211914062,106.03292846679688,75.04339599609375
10,30,47484,2021-11-26 18:10:00,80.43181610107422,137.05796813964844,129.45742797851562,119.4976577758789,145.87200927734375,92.04536437988281,114.67591094970703,161.64755249023438,93.70423889160156,65.13526153564453
10,31,47485,2021-11-26 18:20:00,47.372344970703125,130.74041748046875,123.69783020019531,104.144287109375,138.74488830566406,88.64125061035156,118.48908996582031,159.55316162109375,94.15951538085938,67.49681854248047
10,32,47486,2021-11-26 18:30:00,17.581052780151367,135.49522399902344,129.71409606933594,115.36776733398438,143.24948120117188,97.91226959228516,125.85750579833984,167.715576171875,95.37858581542969,73.8348159790039
10,33,47487,2021-11-26 18:40:00,5.422000408172607,136.3711700439453,132.59381103515625,113.01121520996094,139.48110961914062,97.33377838134766,129.569091796875,163.2954559326172,101.84957122802734,70.55149841308594
10,34,47488,2021-11-26 18:50:00,0.1483333259820938,129.19277954101562,120.1754150390625,109.80899810791016,130.22232055664062,88.08211517333984,117.47730255126953,156.17388916015625,98.62603759765625,60.07147216796875
10,35,47489,2021-11-26 19:00:00,0.0,131.02996826171875,117.77019500732422,99.87745666503906,128.28749084472656,84.14144897460938,127.5419692993164,161.64996337890625,101.155517578125,69.55036163330078
10,36,47490,2021-11-26 19:10:00,0.0,132.25479125976562,117.95657348632812,103.04596710205078,128.74014282226562,82.650390625,127.08932495117188,164.52560424804688,103.07259368896484,73.25138092041016
10,37,47491,2021-11-26 19:20:00,0.0,119.20800018310547,110.79415893554688,94.71200561523438,123.09540557861328,71.81356811523438,120.51268005371094,151.05279541015625,88.58800506591797,60.28447723388672
10,38,47492,2021-11-26 19:30:00,0.0,117.07791900634766,107.25288391113281,89.75955200195312,123.6279296875,71.17454528808594,120.61917877197266,149.66822814941406,83.7154312133789,60.92350769042969
10,39,47493,2021-11-26 19:40:00,0.0,99.45144653320312,99.87745666503906,82.9166488647461,117.85006713867188,60.55073928833008,102.75308227539062,124.37345886230469,83.95507049560547,52.4564094543457
10,40,47494,2021-11-26 19:50:00,0.0,95.72379302978516,97.42786407470703,71.99995422363281,107.81204223632812,53.308448791503906,99.87745666503906,120.21978759765625,77.00566101074219,46.33241271972656
10,41,47495,2021-11-26 20:00:00,0.0,90.42520141601562,86.8306884765625,65.34343719482422,98.99880981445312,48.40924835205078,97.640869140625,108.55757141113281,69.12434387207031,38.451087951660156
10,42,47496,2021-11-26 20:10:00,0.0,89.54653930664062,78.8694839477539,54.10722732543945,90.1855697631836,44.947853088378906,97.72075653076172,110.76753234863281,65.18367767333984,34.670188903808594
10,43,47497,2021-11-26 20:20:00,0.0,89.28028869628906,71.28105163574219,49.101524353027344,82.57051086425781,39.46288299560547,101.04901123046875,105.92158508300781,61.50927734375,33.23237991333008
10,44,47498,2021-11-26 20:30:00,0.0,103.95124816894531,85.76564025878906,48.83526611328125,87.38983154296875,42.97752380371094,120.43280029296875,125.70475769042969,86.64430236816406,41.53971481323242
10,45,47499,2021-11-26 20:40:00,0.0,106.74699401855469,88.08210754394531,48.782012939453125,93.72683715820312,44.5218391418457,118.35596466064453,116.57201385498047,91.54350280761719,40.52792739868164
10,46,47500,2021-11-26 20:50:00,0.0,107.99842071533203,90.26544952392578,42.65801239013672,93.91322326660156,43.24378967285156,116.75839233398438,112.57810974121094,90.90447235107422,42.65801239013672
10,47,47501,2021-11-26 21:00:00,0.0,118.62222290039062,93.0079345703125,43.13728332519531,93.30081939697266,43.776309967041016,122.98889923095703,114.01591491699219,89.706298828125,42.92427444458008
10,48,47502,2021-11-26 21:10:00,0.0,118.9683609008789,85.15324401855469,41.2202033996582,92.794921875,38.770606994628906,115.79985809326172,108.50431823730469,86.8839340209961,43.989315032958984
10,49,47503,2021-11-26 21:20:00,0.0,119.60739135742188,83.76869201660156,41.37995910644531,99.98397064208984,44.095821380615234,110.98054504394531,104.5103988647461,88.26849365234375,45.64013671875
10,50,47504,2021-11-26 21:30:00,0.0,128.9645538330078,91.74889373779297,42.696048736572266,110.6762466430664,54.959259033203125,115.24071502685547,110.98054504394531,99.6302261352539,53.40734100341797
10,51,47505,2021-11-26 21:40:00,0.0,132.33465576171875,93.59370422363281,48.355995178222656,123.94744110107422,61.456024169921875,118.70210266113281,104.9097900390625,98.97218322753906,52.083648681640625
10,52,47506,2021-11-26 21:50:00,0.0,135.7427978515625,95.8302993774414,59.27268600463867,126.39704132080078,61.93529510498047,123.4149169921875,106.56061553955078,106.00145721435547,55.70479202270508
10,53,47507,2021-11-26 22:00:00,0.0,148.0706787109375,106.1878433227539,73.81053161621094,141.60052490234375,75.6477279663086,133.34645080566406,115.24071502685547,108.69070434570312,64.38489532470703
10,54,47508,2021-11-26 22:10:00,0.0,150.78652954101562,116.25250244140625,80.75993347167969,146.552978515625,77.37842559814453,138.9645538330078,119.74052429199219,113.80290222167969,69.36397552490234
10,55,47509,2021-11-26 22:20:00,0.0,167.29469299316406,124.21370697021484,68.69831848144531,167.5343475341797,98.9189224243164,153.98165893554688,127.11595153808594,118.5689697265625,79.88127136230469
10,56,47510,2021-11-26 22:30:00,0.0,169.93069458007812,127.67509460449219,68.05929565429688,171.98089599609375,96.52257537841797,159.70626831054688,123.92082214355469,120.80555725097656,79.90789794921875
10,57,47511,2021-11-26 22:40:00,0.0,193.28176879882812,150.33389282226562,92.26240539550781,202.041748046875,132.17489624023438,183.48336791992188,138.13914489746094,125.22549438476562,99.34494018554688
10,58,47512,2021-11-26 22:50:00,0.0,188.06304931640625,160.10565185546875,99.21180725097656,202.46775817871094,143.5442352294922,180.92724609375,138.9113006591797,130.9767303466797,107.49252319335938
10,59,47513,2021-11-26 23:00:00,0.0,166.17642211914062,157.94894409179688,90.77134704589844,186.19921875,125.6515121459961,164.76522827148438,130.28445434570312,116.46551513671875,100.75611877441406
10,60,47514,2021-11-26 23:10:00,0.0,141.28102111816406,139.44381713867188,85.92539978027344,168.38638305664062,108.6906967163086,134.22511291503906,109.80899047851562,111.96570587158203,85.02011108398438
10,61,47515,2021-11-26 23:20:00,0.0,127.3555908203125,128.15435791015625,75.14183044433594,150.89303588867188,96.41606903076172,120.83219146728516,103.01934051513672,103.7648696899414,76.44650268554688
10,62,47516,2021-11-26 23:30:00,0.0,122.9622802734375,122.64276123046875,78.07070922851562,144.60928344726562,87.2833251953125,112.47159576416016,99.79759216308594,101.79454040527344,70.40238952636719
10,63,47517,2021-11-26 23:40:00,0.0,119.55413818359375,124.61309814453125,77.1920394897461,141.54727172851562,84.6473388671875,112.04558563232422,104.59028625488281,98.1201400756836,68.32555389404297
10,64,47518,2021-11-26 23:50:00,0.0,116.62527465820312,120.16653442382812,81.42559051513672,139.3905792236328,92.63516998291016,110.1817626953125,105.122802734375,95.67054748535156,61.34952163696289
10,65,47519,2021-11-27 00:00:00,0.0,116.67852020263672,123.57466888427734,81.9581069946289,136.32858276367188,98.35977172851562,110.36813354492188,108.55756378173828,99.53132629394531,60.81699752807617
10,66,47520,2021-11-27 00:10:00,0.0,112.55147552490234,123.41492462158203,84.88697814941406,131.61575317382812,100.64962005615234,108.95695495605469,108.85045623779297,98.9988021850586,57.62187194824219
10,67,47521,2021-11-27 00:20:00,0.0,112.55148315429688,128.0478515625,82.09124755859375,128.3939971923828,91.2506103515625,110.1817626953125,111.85919952392578,99.71771240234375,57.08934783935547
10,68,47522,2021-11-27 00:30:00,0.0,103.5784912109375,118.96836853027344,82.46400451660156,122.0836181640625,72.31947326660156,104.27076721191406,108.26467895507812,94.36585998535156,48.51575469970703
10,69,47523,2021-11-27 00:40:00,0.0,115.693359375,105.86833190917969,83.5822982788086,110.3681411743164,56.50357437133789,117.82344055175781,122.00373840332031,108.8770751953125,57.46211242675781
10,70,47524,2021-11-27 00:50:00,0.0,113.58989715576172,115.37384033203125,82.62376403808594,109.91549682617188,54.26698303222656,121.55109405517578,119.4476318359375,108.71732330322266,54.053977966308594
10,71,47525,2021-11-27 01:00:00,0.0,110.66102600097656,115.77323150634766,63.53286361694336,117.13116455078125,50.326324462890625,110.12850952148438,111.22018432617188,106.08134460449219,42.178741455078125
10,72,47526,2021-11-27 01:10:00,0.0,112.01895904541016,115.4803466796875,61.562530517578125,116.70514678955078,52.77592468261719,107.7587890625,111.59294128417969,107.5457763671875,40.42142105102539
10,73,47527,2021-11-27 01:20:00,0.0,105.97483825683594,115.45372009277344,66.83450317382812,101.92767333984375,46.54542541503906,87.52296447753906,96.92196655273438,113.19050598144531,33.60514450073242
10,74,47528,2021-11-27 01:30:00,0.0,102.19393157958984,108.71732330322266,62.84058380126953,96.49595642089844,43.77630615234375,76.97903442382812,91.67662811279297,107.51914978027344,30.51651954650879
10,75,47529,2021-11-27 01:40:00,0.0,97.93376159667969,100.70287322998047,53.734466552734375,90.82460021972656,36.214500427246094,69.36397552490234,83.15628051757812,106.96000671386719,27.268136978149414
10,76,47530,2021-11-27 01:50:00,0.0,103.92462921142578,91.38374328613281,48.569000244140625,86.61767578125,32.859615325927734,63.213348388671875,82.83677673339844,100.51649475097656,26.57585906982422
10,77,47531,2021-11-27 02:00:00,0.0,99.53132629394531,79.85465240478516,47.50395965576172,77.9908218383789,23.061216354370117,55.491783142089844,72.42597198486328,88.1619873046875,23.327476501464844
10,78,47532,2021-11-27 02:10:00,0.0,100.4898681640625,77.00566101074219,43.72305679321289,77.51155090332031,22.368938446044922,55.01251220703125,72.26622009277344,85.09999084472656,23.646989822387695
10,79,47533,2021-11-27 02:20:00,0.0,100.30348205566406,72.79873657226562,42.551509857177734,80.57355499267578,24.76528549194336,56.18406677246094,70.88166809082031,83.79530334472656,24.818538665771484
10,80,47534,2021-11-27 02:30:00,0.0,98.89229583740234,70.77515411376953,39.090118408203125,81.319091796875,25.883581161499023,56.18406295776367,69.3906021118164,80.89306640625,24.60552978515625
10,81,47535,2021-11-27 02:40:00,0.0,93.85997009277344,72.31947326660156,41.43321228027344,77.51155090332031,24.552276611328125,57.56861877441406,66.8344955444336,78.57659912109375,25.564067840576172
10,82,47536,2021-11-27 02:50:00,0.0,94.68537902832031,72.02658081054688,41.43321228027344,77.88432312011719,24.76528549194336,58.154396057128906,67.73977661132812,81.31907653808594,25.777076721191406
10,83,47537,2021-11-27 03:00:00,0.0,94.28598022460938,67.73977661132812,41.27345657348633,79.29550170898438,22.47544288635254,58.63365936279297,67.8995361328125,80.2274169921875,25.88357925415039
10,84,47538,2021-11-27 03:10:00,0.0,100.72949981689453,70.5355224609375,40.5811767578125,80.52030181884766,20.771373748779297,63.37310791015625,71.30767822265625,83.87518310546875,27.37464141845703
10,85,47539,2021-11-27 03:20:00,0.0,100.83600616455078,63.106842041015625,45.054359436035156,84.06156921386719,22.20918083190918,65.82270812988281,73.97029113769531,83.28941345214844,32.32709503173828
10,86,47540,2021-11-27 03:30:00,0.0,100.43661499023438,61.90867233276367,46.918182373046875,85.28636932373047,21.996173858642578,66.5682373046875,74.26316833496094,82.2509994506836,33.49864196777344
10,87,47541,2021-11-27 03:40:00,0.0,101.68804168701172,66.51498413085938,54.6930046081543,91.54349517822266,22.209182739257812,67.6332778930664,74.39630126953125,87.15019989013672,37.013282775878906
10,88,47542,2021-11-27 03:50:00,0.0,100.19697570800781,65.05054473876953,55.91780471801758,90.53170776367188,20.505111694335938,65.50318908691406,73.3578872680664,83.95507049560547,37.439300537109375
10,89,47543,2021-11-27 04:00:00,0.0,98.20001983642578,61.722286224365234,59.485694885253906,88.26849365234375,18.135013580322266,64.1186294555664,71.99995422363281,82.83677673339844,36.906776428222656
10,90,47544,2021-11-27 04:10:00,0.0,99.42481994628906,62.1483039855957,61.456024169921875,86.80406188964844,19.040300369262695,64.49140167236328,71.4141845703125,85.09999084472656,38.02507781982422
10,91,47545,2021-11-27 04:20:00,0.0,91.70326232910156,59.99159240722656,55.54503631591797,85.60588073730469,13.688077926635742,61.402774810791016,69.07109069824219,76.87252807617188,31.847824096679688
10,92,47546,2021-11-27 04:30:00,0.0,87.20344543457031,57.46211242675781,47.02469253540039,86.32479095458984,9.933422088623047,61.988548278808594,69.60360717773438,70.08287811279297,29.02545928955078
10,93,47547,2021-11-27 04:40:00,0.0,91.463623046875,63.745872497558594,49.79380416870117,82.96990203857422,16.616947174072266,65.8759536743164,71.201171875,74.63594055175781,34.031158447265625
10,94,47548,2021-11-27 04:50:00,0.0,91.70325469970703,66.64811706542969,49.101524353027344,80.36054992675781,16.803709030151367,63.213348388671875,72.58572387695312,73.01174926757812,35.84173583984375
10,95,47549,2021-11-27 05:00:00,0.0,83.7953109741211,60.95012664794922,48.622257232666016,75.19508361816406,11.770999908447266,59.698707580566406,70.56214904785156,67.26051330566406,34.61693572998047
10,96,47550,2021-11-27 05:10:00,0.0,80.38716888427734,59.43244552612305,46.33241271972656,73.38451385498047,9.587661743164062,57.88813018798828,69.23084259033203,65.2901840209961,32.593353271484375
10,97,47551,2021-11-27 05:20:00,0.0,83.02315521240234,57.67512512207031,42.817771911621094,72.3460922241211,7.377317905426025,61.77553939819336,74.39630126953125,62.73407745361328,33.125877380371094
10,98,47552,2021-11-27 05:30:00,0.0,84.32783508300781,52.429786682128906,42.01898956298828,71.201171875,7.377317428588867,63.42635726928711,75.03533172607422,61.61578369140625,33.23237991333008
10,99,47553,2021-11-27 05:40:00,0.0,84.8603515625,52.72267150878906,41.64622497558594,67.31376647949219,6.6580352783203125,65.29017639160156,76.31338500976562,60.81700134277344,30.83603286743164
10,100,47554,2021-11-27 05:50:00,0.0,86.61767578125,50.53933334350586,42.12548828125,65.66294860839844,8.122848510742188,69.12434387207031,80.014404296875,61.562530517578125,30.303510665893555
10,101,47555,2021-11-27 06:00:00,0.0,86.72418212890625,51.92388916015625,45.21411895751953,68.05929565429688,10.039926528930664,69.81661987304688,80.14753723144531,61.828792572021484,38.07832336425781
10,102,47556,2021-11-27 06:10:00,0.0,88.58799743652344,53.25519561767578,49.8470573425293,70.45564270019531,10.039926528930664,70.72190856933594,81.02619934082031,63.90562438964844,44.362083435058594
10,103,47557,2021-11-27 06:20:00,0.0,89.89268493652344,57.24910354614258,53.25519561767578,75.19508361816406,9.507404327392578,71.36093139648438,82.0379867553711,65.55644226074219,49.6340446472168
10,104,47558,2021-11-27 06:30:00,0.0,91.22398376464844,60.81700134277344,58.473907470703125,77.96420288085938,9.987430572509766,73.78390502929688,85.49937438964844,68.05929565429688,52.77592468261719
10,105,47559,2021-11-27 06:40:00,0.0,88.10873413085938,62.36131286621094,62.46781921386719,79.18899536132812,9.907174110412598,76.73939514160156,84.11482238769531,70.77516174316406,47.557212829589844
10,106,47560,2021-11-27 06:50:00,0.0,85.57925415039062,62.68082809448242,64.01213073730469,77.1121597290039,11.131974220275879,76.68614196777344,85.17987060546875,71.46743774414062,44.7880973815918
10,107,47561,2021-11-27 07:00:00,0.0,82.38412475585938,64.06538391113281,65.34342956542969,81.07945251464844,14.354108810424805,75.62110137939453,83.7953109741211,73.67739868164062,42.07223892211914
10,108,47562,2021-11-27 07:10:00,0.0,79.50851440429688,68.19242858886719,68.64507293701172,84.83372497558594,16.324440002441406,74.289794921875,83.39591979980469,76.76602172851562,42.3385009765625
10,109,47563,2021-11-27 07:20:00,0.0,77.45829772949219,68.61844635009766,70.18938446044922,93.0079345703125,21.676658630371094,73.97028350830078,83.10303497314453,73.73065185546875,46.06615447998047
10,110,47564,2021-11-27 07:30:00,0.0,81.63859558105469,72.90524291992188,73.33126068115234,99.93071746826172,27.268136978149414,75.67435455322266,84.94023132324219,79.29550170898438,54.32023620605469
10,111,47565,2021-11-27 07:40:00,0.0,77.85769653320312,72.53247833251953,72.79873657226562,97.69412231445312,24.2860164642334,74.44955444335938,78.84286499023438,84.32783508300781,47.50395965576172
10,112,47566,2021-11-27 07:50:00,0.0,78.28370666503906,75.59447479248047,72.37271881103516,100.6762466430664,25.617319107055664,74.23654174804688,76.2601318359375,91.51687622070312,45.85314178466797
10,113,47567,2021-11-27 08:00:00,0.0,72.15971374511719,77.96419525146484,70.72190856933594,98.59941101074219,25.138050079345703,70.77516174316406,73.86378479003906,94.36585998535156,48.728759765625
10,114,47568,2021-11-27 08:10:00,0.0,67.8995361328125,76.63289642333984,68.75157165527344,96.65570831298828,26.895370483398438,68.85807800292969,73.91703796386719,93.30082702636719,44.41533660888672
10,115,47569,2021-11-27 08:20:00,0.0,62.41456604003906,71.84019470214844,63.79912567138672,91.62338256835938,24.658781051635742,64.49140930175781,71.89344787597656,87.5495834350586,40.740936279296875
10,116,47570,2021-11-27 08:30:00,0.0,64.8109130859375,71.57393646240234,66.30197143554688,92.28903198242188,22.395185470581055,65.44993591308594,72.79873657226562,89.99918365478516,41.59296798706055
10,117,47571,2021-11-27 08:40:00,0.0,59.27268981933594,64.62452697753906,58.84667205810547,85.63250732421875,22.288681030273438,62.14830780029297,69.9231185913086,81.87823486328125,35.20270919799805
10,118,47572,2021-11-27 08:50:00,0.0,57.99463653564453,63.13346862792969,57.46211242675781,85.23311614990234,21.8626651763916,60.81700134277344,68.43206024169922,81.53208923339844,34.77669143676758
10,119,47573,2021-11-27 09:00:00,0.0,58.367401123046875,62.65420150756836,54.42674255371094,81.05282592773438,30.35676383972168,60.07147216796875,66.88774871826172,76.12699890136719,34.776695251464844
10,120,47574,2021-11-27 09:10:00,0.0,62.095054626464844,62.06842803955078,56.34381866455078,80.33392333984375,34.72344207763672,62.25481414794922,67.79302978515625,74.18328857421875,35.57547378540039
10,121,47575,2021-11-27 09:20:00,0.0,64.22514343261719,62.92046356201172,57.142601013183594,82.01136016845703,38.07832717895508,65.07717895507812,70.08287048339844,73.97028350830078,37.06653594970703
10,122,47576,2021-11-27 09:30:00,0.0,65.66294860839844,62.65420150756836,57.67512512207031,82.35749816894531,36.80027770996094,67.42027282714844,71.46743774414062,74.60931396484375,36.69377136230469
10,123,47577,2021-11-27 09:40:00,0.0,74.34304809570312,68.45868682861328,63.79912185668945,91.22398376464844,48.94176483154297,71.57393646240234,81.50546264648438,76.84590148925781,45.214115142822266
10,124,47578,2021-11-27 09:50:00,0.0,75.70098114013672,68.56519317626953,62.36131286621094,89.01402282714844,50.432830810546875,72.53247833251953,82.70364379882812,76.63288879394531,44.41533660888672
10,125,47579,2021-11-27 10:00:00,0.0,74.39630126953125,68.13917541503906,59.80521011352539,91.51687622070312,48.30274200439453,70.9349136352539,82.650390625,78.8694839477539,40.1551628112793
10,126,47580,2021-11-27 10:10:00,0.0,78.92273712158203,72.5591049194336,59.64545440673828,95.96343231201172,56.13080978393555,72.90524291992188,85.5526351928711,79.45526123046875,47.290950775146484
10,127,47581,2021-11-27 10:20:00,0.0,82.03799438476562,74.42292785644531,60.60399627685547,97.10835266113281,55.91780090332031,73.49101257324219,87.92234802246094,81.26583099365234,55.172271728515625
10,128,47582,2021-11-27 10:30:00,0.0,79.10912322998047,75.70098114013672,58.473907470703125,98.3065185546875,52.08364486694336,72.26622009277344,87.30995178222656,83.76869201660156,53.30844497680664
10,129,47583,2021-11-27 10:40:00,0.0,82.94327545166016,77.11216735839844,58.101139068603516,100.38335418701172,51.551124572753906,71.78694152832031,92.63517761230469,87.20344543457031,59.16618347167969
10,130,47584,2021-11-27 10:50:00,0.0,81.18595886230469,75.00870513916016,54.746253967285156,96.81546020507812,48.83526611328125,70.50889587402344,91.22398376464844,88.10873413085938,55.598289489746094
10,131,47585,2021-11-27 11:00:00,0.0,77.5914306640625,72.90523529052734,52.56291580200195,90.90447998046875,50.592586517333984,70.08287811279297,91.96951293945312,86.99044036865234,52.13690185546875
10,132,47586,2021-11-27 11:10:00,0.0,80.33392333984375,71.8135757446289,55.012516021728516,91.6500015258789,56.290565490722656,71.73369598388672,95.27114868164062,87.94898223876953,53.947471618652344
10,133,47587,2021-11-27 11:20:00,0.0,87.33657836914062,74.07678985595703,60.55073928833008,95.91017150878906,66.46173095703125,73.1715087890625,98.38639831542969,90.71809387207031,61.562530517578125
10,134,47588,2021-11-27 11:30:00,0.0,90.3719482421875,75.59447479248047,63.479610443115234,98.62603759765625,71.94670104980469,74.39630126953125,99.58457946777344,92.794921875,66.03571319580078
10,135,47589,2021-11-27 11:40:00,0.0,71.84019470214844,61.24301528930664,58.10114288330078,81.66522216796875,59.9649658203125,64.27838897705078,93.99309539794922,72.42597961425781,48.62225341796875
10,136,47590,2021-11-27 11:50:00,0.0,68.05929565429688,61.18976593017578,56.397071838378906,76.2601318359375,59.27268981933594,62.68082809448242,91.62338256835938,70.18938446044922,44.57508850097656
10,137,47591,2021-11-27 12:00:00,0.0,73.11825561523438,65.9558334350586,60.284481048583984,80.12091064453125,65.0771713256836,66.88774871826172,95.67054748535156,72.7454833984375,42.07223892211914
10,138,47592,2021-11-27 12:10:00,0.0,79.64164733886719,70.42901611328125,66.56822967529297,86.93718719482422,74.18329620361328,72.79873657226562,101.02238464355469,76.28675842285156,48.409244537353516
10,139,47593,2021-11-27 12:20:00,0.0,97.26811218261719,80.70668029785156,79.93452453613281,100.78275299072266,86.27153015136719,83.26278686523438,111.88582611083984,87.01705932617188,59.592201232910156
10,140,47594,2021-11-27 12:30:00,12.17727279663086,99.9815444946289,82.59229278564453,84.83856964111328,101.608154296875,88.3435287475586,85.88424682617188,117.33206176757812,90.04759979248047,63.189144134521484
10,141,47595,2021-11-27 12:40:00,56.077598571777344,87.29398345947266,77.91307830810547,83.96251678466797,94.13581085205078,70.59410095214844,82.01988220214844,111.96890258789062,82.69298553466797,45.9532585144043
10,142,47596,2021-11-27 12:50:00,113.664306640625,86.73628997802734,81.21741485595703,84.41738891601562,95.42121887207031,73.12793731689453,82.81498718261719,111.97295379638672,84.89665985107422,43.15664291381836
10,143,47597,2021-11-27 13:00:00,110.6910171508789,95.33704376220703,89.25003814697266,89.03703308105469,100.05210876464844,79.5274658203125,87.4412841796875,113.60163116455078,87.10912322998047,42.68779373168945
10,144,47598,2021-11-27 13:10:00,61.76749801635742,96.7089614868164,90.30094146728516,89.6335220336914,102.57380676269531,80.60551452636719,88.23121643066406,113.95556640625,86.1756820678711,42.92427444458008
10,145,47599,2021-11-27 13:20:00,48.73057556152344,106.47868347167969,96.77040100097656,95.22200012207031,109.05526733398438,89.06932830810547,92.42830657958984,118.24740600585938,90.09339141845703,44.21870422363281
10,146,47600,2021-11-27 13:30:00,41.553958892822266,111.224609375,97.91156768798828,98.68372344970703,113.40352630615234,85.7789535522461,93.68245697021484,119.95352935791016,92.17365264892578,46.980316162109375
10,147,47601,2021-11-27 13:40:00,39.7767448425293,105.45716857910156,92.50328063964844,100.14186096191406,114.07164001464844,71.90583038330078,88.76324462890625,112.69450378417969,87.93101501464844,40.49943923950195
10,148,47602,2021-11-27 13:50:00,33.210487365722656,108.60627746582031,96.17384338378906,106.40345001220703,119.98403930664062,73.09617614746094,89.1445541381836,114.63805389404297,87.99119567871094,43.02558517456055
10,149,47603,2021-11-27 14:00:00,33.103031158447266,117.48052978515625,102.90557861328125,110.04458618164062,125.4844970703125,81.03668975830078,91.5257568359375,116.88024139404297,91.95177459716797,45.296417236328125
10,150,47604,2021-11-27 14:10:00,27.690767288208008,124.49019622802734,114.67542266845703,120.56593322753906,131.63417053222656,91.43289947509766,100.49394989013672,120.1317138671875,95.54560089111328,52.61616897583008
10,151,47605,2021-11-27 14:20:00,26.94841957092285,141.44078063964844,135.19625854492188,138.27928161621094,140.91387939453125,109.2764663696289,113.35726928710938,124.24312591552734,113.15547943115234,61.32710266113281
10,152,47606,2021-11-27 14:30:00,28.947998046875,174.70208740234375,177.37533569335938,182.65797424316406,171.56021118164062,142.1756591796875,151.98471069335938,155.4886932373047,161.31448364257812,83.15096282958984
10,153,47607,2021-11-27 14:40:00,29.521820068359375,136.35763549804688,143.8710174560547,133.91769409179688,147.4243927001953,93.45573425292969,118.11632537841797,123.52867889404297,108.29857635498047,53.255191802978516
10,154,47608,2021-11-27 14:50:00,42.24214553833008,114.9059829711914,110.7827377319336,101.18214416503906,121.84398651123047,74.64734649658203,93.52904510498047,106.79644775390625,79.8204116821289,37.279544830322266
10,155,47609,2021-11-27 15:00:00,55.69999694824219,114.8679428100586,109.8235092163086,99.50711059570312,116.01528930664062,76.16814422607422,96.39912414550781,112.06010437011719,74.52216339111328,37.8314323425293
10,156,47610,2021-11-27 15:10:00,65.43878936767578,109.23541259765625,101.72107696533203,97.0374526977539,111.49895477294922,74.27629089355469,95.80303955078125,108.90948486328125,68.99217224121094,35.572872161865234
10,157,47611,2021-11-27 15:20:00,77.09342193603516,121.43257141113281,103.50017547607422,101.07563781738281,115.5351791381836,100.07738494873047,107.59744262695312,121.5014877319336,74.52474212646484,40.92568588256836
10,158,47612,2021-11-27 15:30:00,73.19257354736328,118.53355407714844,101.13523864746094,101.47136688232422,112.64942932128906,97.0216293334961,107.34961700439453,120.01679229736328,70.54602813720703,42.54802703857422
10,159,47613,2021-11-27 15:40:00,57.24150466918945,101.35094451904297,78.41031646728516,84.97941589355469,101.59207916259766,71.44532775878906,90.1639633178711,104.93391418457031,64.66120910644531,30.505382537841797
10,160,47614,2021-11-27 15:50:00,51.46504592895508,101.89216613769531,78.74737548828125,83.44217681884766,97.29850006103516,71.77619171142578,90.99215698242188,103.93403625488281,63.133201599121094,32.49862289428711
10,161,47615,2021-11-27 16:00:00,54.673980712890625,103.57523345947266,81.10282135009766,86.24980163574219,99.30635833740234,77.42515563964844,92.72266387939453,103.13834381103516,66.92035675048828,35.65372085571289
10,162,47616,2021-11-27 16:10:00,66.05229187011719,108.52428436279297,80.81319427490234,85.612548828125,104.10213470458984,84.08597564697266,96.44271087646484,103.4009780883789,73.19591522216797,38.794979095458984
10,163,47617,2021-11-27 16:20:00,69.82121276855469,111.29468536376953,89.25150299072266,92.66178131103516,110.696533203125,89.15467834472656,98.61312103271484,103.41336059570312,73.95791625976562,41.707542419433594
10,164,47618,2021-11-27 16:30:00,63.4665641784668,114.84798431396484,99.79314422607422,95.74597930908203,114.00260162353516,93.01458740234375,105.37353515625,103.49417114257812,74.44290161132812,48.085296630859375
10,165,47619,2021-11-27 16:40:00,60.48848342895508,146.5599365234375,148.39134216308594,106.62774658203125,146.16864013671875,113.200927734375,139.66030883789062,132.3439483642578,91.073486328125,80.31192779541016
10,166,47620,2021-11-27 16:50:00,59.12560272216797,150.3754425048828,151.8267059326172,115.7603530883789,155.50637817382812,117.49018096923828,141.1013641357422,135.03648376464844,88.00369262695312,87.76728820800781
10,167,47621,2021-11-27 17:00:00,55.32977294921875,152.20741271972656,152.87062072753906,122.15380859375,170.80450439453125,124.72686004638672,142.1282196044922,146.45132446289062,88.12326049804688,89.62884521484375
10,168,47622,2021-11-27 17:10:00,41.19572830200195,149.7600860595703,148.99420166015625,117.61492919921875,165.14695739746094,123.80892181396484,139.78697204589844,156.3729248046875,80.12300872802734,85.11314392089844
10,169,47623,2021-11-27 17:20:00,27.101360321044922,143.5945281982422,131.7344207763672,101.90267944335938,147.98619079589844,105.0478515625,131.90797424316406,158.58139038085938,75.01363372802734,75.87618255615234
10,170,47624,2021-11-27 17:30:00,24.887414932250977,142.92083740234375,127.47035217285156,94.28873443603516,147.30218505859375,108.19306182861328,131.88844299316406,164.42367553710938,76.76327514648438,77.61163330078125
10,171,47625,2021-11-27 17:40:00,19.96416664123535,187.2672119140625,174.4571075439453,122.34101104736328,186.08384704589844,148.57656860351562,182.25559997558594,207.8580780029297,107.29429626464844,118.56600952148438
10,172,47626,2021-11-27 17:50:00,5.910000324249268,181.2637176513672,165.38490295410156,118.2615737915039,183.81015014648438,144.43258666992188,181.68972778320312,207.5993194580078,112.1811294555664,118.57140350341797
10,173,47627,2021-11-27 18:00:00,2.099375009536743,157.4164276123047,150.04100036621094,107.01325988769531,167.38790893554688,109.82230377197266,157.29660034179688,187.77017211914062,106.10796356201172,88.78770446777344
10,174,47628,2021-11-27 18:10:00,0.0,151.92735290527344,139.40899658203125,94.30030822753906,143.89857482910156,97.70846557617188,148.68307495117188,184.94369506835938,96.43041229248047,77.52179718017578
10,175,47629,2021-11-27 18:20:00,0.0,136.19747924804688,123.61360168457031,83.46965026855469,118.20643615722656,71.06599426269531,137.44277954101562,173.81809997558594,88.254150390625,69.37830352783203
10,176,47630,2021-11-27 18:30:00,0.0,136.36134338378906,119.02571105957031,84.10867309570312,121.61457824707031,69.59132385253906,131.2982940673828,176.27589416503906,85.68167114257812,68.29688262939453
10,177,47631,2021-11-27 18:40:00,0.0,207.75746154785156,182.107666015625,140.4290008544922,161.3215789794922,133.9677276611328,207.43798828125,237.18817138671875,110.32376098632812,117.1400375366211
10,178,47632,2021-11-27 18:50:00,9.24666690826416,197.12124633789062,166.533203125,125.8343505859375,150.8273468017578,121.84397888183594,181.79881286621094,229.75418090820312,93.88304138183594,95.2178955078125
10,179,47633,2021-11-27 19:00:00,22.94182014465332,148.95419311523438,129.63816833496094,86.47486114501953,120.79830932617188,79.16478729248047,142.1378936767578,192.1174774169922,74.95303344726562,70.60572052001953
10,180,47634,2021-11-27 19:10:00,69.83055877685547,164.75340270996094,139.5039825439453,88.54757690429688,123.56776428222656,78.256103515625,162.24461364746094,208.10069274902344,81.12383270263672,83.052734375
10,181,47635,2021-11-27 19:20:00,89.42585754394531,156.24183654785156,123.55108642578125,71.37918853759766,106.95162200927734,55.7747802734375,151.73214721679688,197.92153930664062,77.6659927368164,66.89382934570312
10,182,47636,2021-11-27 19:30:00,96.42985534667969,148.590576171875,119.41960144042969,64.65396118164062,102.86377716064453,51.84821701049805,142.89540100097656,192.1564483642578,83.6453628540039,67.08113098144531
10,183,47637,2021-11-27 19:40:00,73.59342193603516,139.3471221923828,129.8177947998047,58.538368225097656,102.17432403564453,50.82240676879883,135.66993713378906,174.97283935546875,98.99600219726562,66.8625259399414
10,184,47638,2021-11-27 19:50:00,39.511268615722656,148.48695373535156,128.75155639648438,57.84333038330078,100.31319427490234,46.45581817626953,143.27333068847656,181.65884399414062,109.04317474365234,71.98981475830078
10,185,47639,2021-11-27 20:00:00,30.484283447265625,132.0988311767578,118.01744079589844,50.318721771240234,86.75840759277344,33.38452911376953,128.02122497558594,162.35366821289062,99.18900299072266,66.77363586425781
10,186,47640,2021-11-27 20:10:00,4.405714511871338,130.59254455566406,121.12886810302734,42.60476303100586,87.85388946533203,27.23771095275879,128.56898498535156,147.9375457763672,107.95277404785156,68.45487976074219
10,187,47641,2021-11-27 20:20:00,17.763999938964844,153.34796142578125,132.92044067382812,37.91857147216797,97.79530334472656,23.795795440673828,141.0786590576172,141.67507934570312,115.45372009277344,75.00337219238281
10,188,47642,2021-11-27 20:30:00,21.88571548461914,157.02085876464844,134.45713806152344,58.85427474975586,107.8614730834961,36.36664962768555,153.84092712402344,146.35519409179688,117.61424255371094,85.03913116455078
10,189,47643,2021-11-27 20:40:00,49.891998291015625,134.12393188476562,128.07449340820312,62.435874938964844,115.74127197265625,35.06425857543945,142.92117309570312,119.9695053100586,136.81851196289062,74.46021270751953
10,190,47644,2021-11-27 20:50:00,67.25408172607422,111.74578857421875,123.96617889404297,70.87969207763672,123.77682495117188,35.465030670166016,125.13378143310547,118.15972137451172,107.77752685546875,67.62144470214844
10,191,47645,2021-11-27 21:00:00,55.821998596191406,110.26163482666016,128.6868896484375,96.91131591796875,134.83750915527344,45.78923797607422,123.79833984375,123.04747009277344,111.7367172241211,72.12776184082031
10,192,47646,2021-11-27 21:10:00,141.69198608398438,111.46192169189453,128.64321899414062,102.95863342285156,135.64694213867188,49.52328109741211,124.3873062133789,131.6168212890625,106.37528228759766,68.82186889648438
10,193,47647,2021-11-27 21:20:00,199.218505859375,106.24642181396484,121.0771484375,80.48302459716797,126.4795913696289,40.45869827270508,117.52789306640625,126.87364196777344,87.30995178222656,58.6895751953125
10,194,47648,2021-11-27 21:30:00,162.847900390625,98.18670654296875,103.42317962646484,66.9698486328125,107.88082122802734,39.49169921875,109.73577117919922,123.0532455444336,74.93769836425781,49.5697021484375
10,195,47649,2021-11-27 21:40:00,99.51171875,82.98818969726562,89.55918884277344,48.54318618774414,102.45805358886719,30.329744338989258,99.2779769897461,97.8858871459961,77.47579193115234,42.225990295410156
10,196,47650,2021-11-27 21:50:00,68.13936614990234,80.88739776611328,88.27472686767578,51.17496109008789,96.00875091552734,40.68538284301758,97.91903686523438,96.94461822509766,75.63013458251953,42.82000732421875
10,197,47651,2021-11-27 22:00:00,49.790252685546875,85.64598083496094,95.95398712158203,63.09135055541992,111.1153564453125,59.57535171508789,102.02338409423828,93.97219848632812,76.07947540283203,50.40519332885742
10,198,47652,2021-11-27 22:10:00,29.802669525146484,99.49227905273438,101.66497039794922,70.2674789428711,118.00273132324219,72.84133911132812,109.9261474609375,101.13243103027344,84.58876037597656,54.22083282470703
10,199,47653,2021-11-27 22:20:00,39.49774932861328,113.3715591430664,99.02010345458984,80.81851959228516,121.1037826538086,77.46895599365234,106.880126953125,105.92691802978516,86.02125549316406,53.7025146484375
10,200,47654,2021-11-27 22:30:00,36.4379997253418,123.41315460205078,95.16109466552734,85.05028533935547,116.43356323242188,76.43053436279297,107.8208999633789,108.33922576904297,92.597900390625,52.708473205566406
10,201,47655,2021-11-27 22:40:00,33.90757369995117,143.91941833496094,78.2223892211914,114.61460876464844,129.2541046142578,110.92890167236328,117.20297241210938,123.18658447265625,95.94082641601562,48.45927047729492
10,202,47656,2021-11-27 22:50:00,43.24285888671875,155.41110229492188,87.8538818359375,115.04291534423828,138.6959991455078,118.33694458007812,133.9307098388672,131.38677978515625,102.64278411865234,59.39593505859375
10,203,47657,2021-11-27 23:00:00,45.49470138549805,174.57772827148438,101.94020080566406,133.32765197753906,185.61502075195312,150.1291046142578,165.01112365722656,147.90621948242188,148.89453125,82.13666534423828
10,204,47658,2021-11-27 23:10:00,57.64906311035156,162.58189392089844,103.039306640625,137.34368896484375,172.0674285888672,110.60111236572266,141.29434204101562,137.69981384277344,104.51705932617188,56.503578186035156
10,205,47659,2021-11-27 23:20:00,30.562335968017578,130.68382263183594,96.00602722167969,138.55096435546875,139.24679565429688,88.33771514892578,117.26428985595703,118.5991439819336,88.34481811523438,39.05461502075195
10,206,47660,2021-11-27 23:30:00,7.880000591278076,177.27696228027344,112.05573272705078,131.04391479492188,136.46041870117188,173.7825927734375,166.7989501953125,186.83187866210938,107.38980865478516,40.991981506347656
10,207,47661,2021-11-27 23:40:00,2.484666585922241,181.38699340820312,106.84817504882812,119.58609771728516,131.00335693359375,169.2241973876953,176.3457794189453,194.37344360351562,125.73493194580078,40.261661529541016
10,208,47662,2021-11-27 23:50:00,0.9699999690055847,171.2974853515625,102.3359375,94.77413177490234,114.22893524169922,148.15943908691406,170.78273010253906,177.385986328125,123.5657958984375,33.5518913269043
10,209,47663,2021-11-28 00:00:00,15.137896537780762,158.4254150390625,82.1683120727539,84.66836547851562,77.86329650878906,72.06706237792969,141.1380615234375,143.83993530273438,91.54069519042969,32.25702667236328
10,210,47664,2021-11-28 00:10:00,47.94208908081055,149.86351013183594,83.91956329345703,86.466796875,71.05029296875,41.31770706176758,136.0268096923828,119.9890365600586,98.62603759765625,36.30325698852539
10,211,47665,2021-11-28 00:20:00,61.95027542114258,92.25352478027344,72.26029205322266,71.18933868408203,49.63404846191406,27.498809814453125,93.07006072998047,71.64494323730469,75.50276947021484,32.25016784667969
10,212,47666,2021-11-28 00:30:00,35.59023666381836,81.73242950439453,66.83196258544922,54.340518951416016,48.56900405883789,30.397262573242188,85.04927062988281,56.93213653564453,65.18875885009766,29.763381958007812
10,213,47667,2021-11-28 00:40:00,12.578948020935059,79.81401062011719,69.91471099853516,55.00410461425781,51.7417106628418,36.94321060180664,79.80279541015625,59.86406326293945,64.77447509765625,34.880393981933594
10,214,47668,2021-11-28 00:50:00,0.6438461542129517,83.40409851074219,61.03820037841797,57.20404815673828,54.25469207763672,42.12958526611328,81.06101989746094,57.51537322998047,54.51686096191406,31.74131965637207
10,215,47669,2021-11-28 01:00:00,0.0,88.46247863769531,53.40734100341797,47.41267013549805,48.842872619628906,44.962852478027344,84.64353942871094,66.62909698486328,52.798744201660156,29.550371170043945
10,216,47670,2021-11-28 01:10:00,0.0,91.99234771728516,56.937198638916016,50.21221160888672,55.141841888427734,49.40560531616211,93.30082702636719,74.9972915649414,59.158573150634766,34.41913986206055
10,217,47671,2021-11-28 01:20:00,0.0,99.93451690673828,69.79379272460938,66.27915954589844,67.37461853027344,91.56632995605469,113.1258316040039,87.80824279785156,67.2985610961914,47.92998123168945
10,218,47672,2021-11-28 01:30:00,0.0,109.96113586425781,77.72075653076172,75.3776626586914,72.25860595703125,104.72722625732422,121.92005920410156,94.79187774658203,76.21448516845703,50.66865921020508
10,219,47673,2021-11-28 01:40:00,0.0,103.16007232666016,90.6990737915039,101.07563781738281,78.57279968261719,100.45183563232422,109.56555938720703,102.24718475341797,77.52295684814453,53.042179107666016
10,220,47674,2021-11-28 01:50:00,0.0,109.80899810791016,97.7587890625,93.72684478759766,94.04634857177734,118.04026794433594,112.42596435546875,104.22513580322266,80.0334243774414,58.51955795288086
10,221,47675,2021-11-28 02:00:00,0.0,118.0402603149414,106.20306396484375,106.29434967041016,113.8105239868164,122.7720947265625,108.54615783691406,109.62641143798828,82.78733825683594,61.227806091308594
10,222,47676,2021-11-28 02:10:00,0.0,111.95428466796875,102.2471923828125,101.19734954833984,102.2319564819336,115.4993667602539,107.0703125,106.46170806884766,77.14259338378906,59.767173767089844
10,223,47677,2021-11-28 02:20:00,0.0,99.38677978515625,86.86492156982422,100.05623626708984,94.24414825439453,92.54008483886719,93.05738067626953,92.43357849121094,66.46173858642578,54.198516845703125
10,224,47678,2021-11-28 02:30:00,0.0,92.22056579589844,77.21866607666016,98.13916015625,87.83867645263672,85.63251495361328,81.03760528564453,84.67396545410156,60.49748992919922,50.72951889038086
10,225,47679,2021-11-28 02:40:00,0.0,88.7972183227539,56.51118087768555,74.4039077758789,81.17454528808594,69.38298797607422,67.81585693359375,83.28942108154297,57.05891799926758,31.224008560180664
10,226,47680,2021-11-28 02:50:00,0.0,80.1855697631836,49.66448211669922,69.06349182128906,69.93072509765625,42.4069709777832,60.58877944946289,71.6347885131836,48.84286880493164,26.233524322509766
10,227,47681,2021-11-28 03:00:00,0.0,64.49900817871094,44.49141311645508,52.34230422973633,64.94023895263672,27.024700164794922,59.462867736816406,53.58992385864258,47.65610885620117,26.568254470825195
10,228,47682,2021-11-28 03:10:00,0.0,60.19319534301758,47.382240295410156,49.42103958129883,64.63594055175781,22.46022605895996,58.64126968383789,48.78200912475586,48.20383834838867,29.276504516601562
10,229,47683,2021-11-28 03:20:00,0.0,60.92350387573242,46.98665237426758,45.70859909057617,58.33696746826172,19.432247161865234,59.371585845947266,46.043331146240234,48.234275817871094,28.6070499420166
10,230,47684,2021-11-28 03:30:00,0.0,60.071468353271484,48.59943771362305,45.19129180908203,56.05473709106445,20.040842056274414,58.915138244628906,46.13461685180664,47.503963470458984,29.276504516601562
10,231,47685,2021-11-28 03:40:00,0.0,62.20155715942383,47.2300910949707,46.62149429321289,58.519554138183594,23.06882095336914,60.101898193359375,50.63822555541992,49.481895446777344,30.158967971801758
10,232,47686,2021-11-28 03:50:00,0.0,61.80596923828125,45.039146423339844,45.46516036987305,58.45869064331055,22.91667366027832,61.65381622314453,50.42522430419922,49.05588150024414,30.25025749206543
10,233,47687,2021-11-28 04:00:00,0.0,61.06551742553711,45.3383674621582,46.864933013916016,54.710758209228516,22.723953247070312,63.08909225463867,54.67525100708008,51.196109771728516,24.17951011657715
10,234,47688,2021-11-28 04:10:00,0.0,58.69659423828125,45.18022918701172,42.85649490356445,50.950828552246094,26.51292610168457,60.90414810180664,53.77803039550781,51.68667221069336,25.73834800720215
10,235,47689,2021-11-28 04:20:00,0.0,62.597145080566406,47.777828216552734,49.45146560668945,50.54694366455078,30.737136840820312,65.33582305908203,57.6370849609375,54.22895050048828,26.750829696655273
10,236,47690,2021-11-28 04:30:00,0.0,63.23617172241211,47.65610885620117,47.92997360229492,47.62567901611328,35.362464904785156,65.79228210449219,60.421417236328125,55.233131408691406,27.998449325561523
10,237,47691,2021-11-28 04:40:00,0.0,70.7219009399414,54.25937271118164,52.890037536621094,45.830322265625,42.9090576171875,70.40239715576172,69.7329330444336,61.532100677490234,32.98894119262695
10,238,47692,2021-11-28 04:50:00,0.0,72.83423614501953,60.03597640991211,53.82321548461914,47.5749626159668,51.48012161254883,68.6628189086914,72.35497283935547,65.57418823242188,32.27383804321289
10,239,47693,2021-11-28 05:00:00,0.0,73.54016876220703,60.661338806152344,59.104740142822266,51.27257537841797,52.78002166748047,68.10025787353516,72.80282592773438,70.44335174560547,33.543701171875
10,240,47694,2021-11-28 05:10:00,0.0,72.03272247314453,60.6121826171875,58.973655700683594,54.71348571777344,53.33711624145508,66.11763763427734,71.27899932861328,73.96619415283203,33.44538879394531
10,241,47695,2021-11-28 05:20:00,0.0,71.26964569091797,57.667510986328125,60.619205474853516,55.93301773071289,54.2898063659668,61.95812225341797,71.1783447265625,72.39554595947266,30.158971786499023
10,242,47696,2021-11-28 05:30:00,0.0,74.39220428466797,57.48259735107422,56.22093200683594,52.12460708618164,53.632057189941406,61.62807083129883,75.35894012451172,72.96668243408203,30.23387336730957
10,243,47697,2021-11-28 05:40:00,4.196000099182129,72.76679229736328,58.97802734375,56.98994445800781,51.62212371826172,54.14982986450195,61.66193771362305,69.529052734375,72.55378723144531,27.11193084716797
10,244,47698,2021-11-28 05:50:00,12.568235397338867,76.10977172851562,61.562530517578125,64.5446548461914,58.20450973510742,62.11384963989258,62.815521240234375,67.62701416015625,73.94209289550781,28.308120727539062
10,245,47699,2021-11-28 06:00:00,18.986923217773438,77.87407684326172,63.97935485839844,64.75765991210938,62.23433303833008,63.217445373535156,61.333133697509766,66.81401824951172,74.46593475341797,29.5948486328125
10,246,47700,2021-11-28 06:10:00,28.19038200378418,76.02254486083984,64.34803009033203,64.83959197998047,64.75765991210938,58.62956237792969,62.365413665771484,68.96868133544922,77.20228576660156,30.135560989379883
10,247,47701,2021-11-28 06:20:00,92.68929290771484,71.31908416748047,64.43814849853516,65.06956481933594,66.21068572998047,52.33089065551758,53.40353775024414,60.87025833129883,74.71961975097656,29.11674690246582
10,248,47702,2021-11-28 06:30:00,209.5349578857422,75.586669921875,65.0739517211914,72.3140869140625,68.44981384277344,55.133541107177734,54.56336212158203,66.05077362060547,77.04761505126953,30.243743896484375
10,249,47703,2021-11-28 06:40:00,240.93885803222656,70.17135620117188,55.7375602722168,71.10368347167969,62.9798583984375,47.772682189941406,50.51885223388672,60.33035659790039,69.76008605957031,22.916067123413086
10,250,47704,2021-11-28 06:50:00,75.16867065429688,73.35369873046875,59.00114059448242,71.00357055664062,66.22759246826172,51.028289794921875,52.25704574584961,61.88820266723633,72.92240905761719,24.196138381958008
10,251,47705,2021-11-28 07:00:00,20.16666603088379,81.23033142089844,78.01154327392578,87.20640563964844,79.12390899658203,59.33777618408203,55.361610412597656,69.37284851074219,73.83419799804688,27.78882598876953
10,252,47706,2021-11-28 07:10:00,5.272857189178467,78.0250473022461,73.0345687866211,80.06385803222656,71.42179107666016,56.38946533203125,47.13880157470703,56.937198638916016,66.0661392211914,21.54690170288086
10,253,47707,2021-11-28 07:20:00,2.7716665267944336,81.26583099365234,70.26038360595703,84.53196716308594,70.36688995361328,52.545166015625,49.49203872680664,52.82917785644531,68.52082061767578,19.77682876586914
10,254,47708,2021-11-28 07:30:00,0.0,80.90371704101562,69.4864501953125,87.29397583007812,71.53134155273438,56.1095085144043,46.39631271362305,53.04218673706055,72.42597961425781,16.53189468383789
10,255,47709,2021-11-28 07:40:00,0.0,87.08097076416016,64.41685485839844,91.72456359863281,78.98664093017578,63.01099395751953,47.50395965576172,55.76869583129883,76.21752166748047,16.48868751525879
10,256,47710,2021-11-28 07:50:00,26.302396774291992,108.10066223144531,71.82955169677734,107.42755126953125,93.07077026367188,88.55499267578125,71.0456771850586,70.90083312988281,105.00777435302734,29.52602767944336
10,257,47711,2021-11-28 08:00:00,83.69637298583984,134.14463806152344,109.17698669433594,139.7156524658203,122.04763793945312,134.6830291748047,92.28728485107422,85.63016510009766,141.817626953125,52.618507385253906
10,258,47712,2021-11-28 08:10:00,119.34703063964844,206.44110107421875,195.7892608642578,239.63198852539062,207.32899475097656,272.9797058105469,166.12973022460938,161.4066619873047,277.2322082519531,191.43084716796875
10,259,47713,2021-11-28 08:20:00,98.54737854003906,210.07093811035156,255.96615600585938,299.44976806640625,268.97503662109375,279.80126953125,165.88717651367188,184.35272216796875,217.81056213378906,208.05226135253906
10,260,47714,2021-11-28 08:30:00,66.79666900634766,117.29776763916016,133.3383331298828,160.09423828125,142.47946166992188,133.69741821289062,81.04776000976562,92.06942749023438,74.33087921142578,40.33063507080078
10,261,47715,2021-11-28 08:40:00,80.62222290039062,77.07271575927734,77.86756134033203,77.69200897216797,90.42520141601562,84.36036682128906,56.80928421020508,61.18381881713867,61.138492584228516,25.89930534362793
10,262,47716,2021-11-28 08:50:00,91.475830078125,76.47904968261719,66.38677978515625,66.58007049560547,85.51220703125,76.54414367675781,59.71843338012695,59.03992462158203,59.17207336425781,24.635026931762695
10,263,47717,2021-11-28 09:00:00,110.54891204833984,78.9197998046875,61.52736282348633,59.72361755371094,83.70957946777344,76.15460205078125,63.4874267578125,59.907310485839844,54.10719680786133,26.51961898803711
10,264,47718,2021-11-28 09:10:00,107.67752075195312,85.80448150634766,63.68089294433594,60.829708099365234,91.50881958007812,80.68251037597656,68.46870422363281,67.97038269042969,52.739253997802734,34.670650482177734
10,265,47719,2021-11-28 09:20:00,107.47460174560547,99.38211822509766,71.228515625,65.970458984375,97.69722747802734,96.78571319580078,76.39063262939453,77.7914810180664,53.922977447509766,47.28519058227539
10,266,47720,2021-11-28 09:30:00,117.80931854248047,118.10289001464844,83.48274993896484,87.34911346435547,111.40119934082031,117.18464660644531,87.73217010498047,91.64151763916016,57.2808723449707,75.58173370361328
10,267,47721,2021-11-28 09:40:00,177.9701385498047,166.50645446777344,130.6103515625,119.1244125366211,174.44058227539062,151.4472198486328,116.28594207763672,134.5254364013672,73.44147491455078,103.34359741210938
10,268,47722,2021-11-28 09:50:00,345.0977783203125,167.97149658203125,148.416015625,125.79418182373047,207.8946990966797,142.48196411132812,116.96703338623047,132.79962158203125,79.32649993896484,104.93840789794922
10,269,47723,2021-11-28 10:00:00,386.1202697753906,148.7752685546875,145.2224884033203,104.92410278320312,205.59771728515625,100.85468292236328,109.93299102783203,120.1319580078125,75.65607452392578,93.11959838867188
10,270,47724,2021-11-28 10:10:00,437.9123229980469,144.9681396484375,132.13992309570312,94.70604705810547,182.98541259765625,83.98566436767578,110.93444061279297,117.0274429321289,68.40741729736328,76.62415313720703
10,271,47725,2021-11-28 10:20:00,480.77099609375,160.7180633544922,142.20062255859375,105.77772521972656,203.0034637451172,92.52667236328125,132.71536254882812,139.33453369140625,70.1432876586914,92.32161712646484
10,272,47726,2021-11-28 10:30:00,460.22515869140625,162.50318908691406,150.52545166015625,111.28892517089844,201.76673889160156,98.75636291503906,144.3434295654297,144.5023956298828,68.22298431396484,98.15233612060547
10,273,47727,2021-11-28 10:40:00,462.1686706542969,253.62164306640625,226.02110290527344,155.94444274902344,274.77227783203125,198.60739135742188,235.3044891357422,225.71510314941406,94.280029296875,168.2250213623047
10,274,47728,2021-11-28 10:50:00,593.3428344726562,247.9546356201172,214.28099060058594,142.26898193359375,273.49737548828125,182.53158569335938,223.70263671875,213.47425842285156,90.52692413330078,156.71221923828125
10,275,47729,2021-11-28 11:00:00,553.3247680664062,216.63522338867188,184.8448944091797,102.52577209472656,249.87648010253906,139.5529022216797,205.12400817871094,184.7347869873047,92.39791870117188,152.219970703125
10,276,47730,2021-11-28 11:10:00,531.14306640625,230.43785095214844,189.74365234375,103.06901550292969,255.75332641601562,139.6564178466797,221.05673217773438,191.25540161132812,149.57167053222656,212.0758056640625
10,277,47731,2021-11-28 11:20:00,612.7284545898438,286.9689025878906,230.9143524169922,177.7186737060547,303.2912292480469,222.16287231445312,289.86981201171875,233.20606994628906,277.9094543457031,343.9603576660156
10,278,47732,2021-11-28 11:30:00,785.8502807617188,485.66119384765625,369.098876953125,500.9677734375,450.5602722167969,511.562744140625,576.4823608398438,434.3902282714844,614.9461059570312,649.8237915039062
10,279,47733,2021-11-28 11:40:00,956.94482421875,562.4685668945312,528.2435302734375,648.2186279296875,546.5614624023438,837.4766845703125,811.1456909179688,610.66455078125,766.5882568359375,901.6060180664062
10,280,47734,2021-11-28 11:50:00,1028.2080078125,515.7146606445312,556.2640991210938,600.8909912109375,563.9312133789062,861.166015625,813.9518432617188,612.2215576171875,764.3193359375,922.4592895507812
10,281,47735,2021-11-28 12:00:00,1042.89208984375,407.3821105957031,530.1100463867188,540.4011840820312,556.3923950195312,837.7318725585938,755.3438720703125,477.3259582519531,743.3875122070312,844.3759155273438
10,282,47736,2021-11-28 12:10:00,1040.2283935546875,308.4705505371094,511.8785705566406,452.6133117675781,474.4552917480469,778.2465209960938,683.482177734375,337.9632263183594,658.3546142578125,667.0130615234375
10,283,47737,2021-11-28 12:20:00,1078.20849609375,270.7342529296875,494.2523193359375,454.4875183105469,407.0121765136719,633.4993286132812,552.33837890625,277.2611999511719,632.981201171875,639.590576171875
10,284,47738,2021-11-28 12:30:00,1150.7218017578125,298.6615905761719,570.8320922851562,543.8775634765625,485.0306396484375,597.1314697265625,605.3062744140625,343.5589904785156,764.4672241210938,839.095703125
10,285,47739,2021-11-28 12:40:00,1160.203125,416.8345031738281,702.133056640625,737.5079345703125,630.9309692382812,775.3836059570312,849.3233642578125,597.815673828125,849.2487182617188,968.7059936523438
10,286,47740,2021-11-28 12:50:00,1166.8966064453125,403.90625,685.1952514648438,697.6732788085938,631.2533569335938,810.2283325195312,826.1677856445312,577.1217651367188,838.8593139648438,933.5175170898438
10,287,47741,2021-11-28 13:00:00,1228.9815673828125,366.3132629394531,683.18017578125,623.5818481445312,611.1709594726562,783.0050048828125,801.7032470703125,545.7686157226562,823.8823852539062,942.5504760742188
10,288,47742,2021-11-28 13:10:00,1244.3446044921875,376.9239807128906,758.6436767578125,629.3344116210938,695.9559326171875,811.3196411132812,877.3952026367188,556.9668579101562,900.9771728515625,1058.176025390625
10,289,47743,2021-11-28 13:20:00,1325.55615234375,372.7469177246094,830.0615844726562,646.711181640625,728.8755493164062,832.6033935546875,813.4131469726562,498.6253967285156,932.0020751953125,1119.7435302734375
10,290,47744,2021-11-28 13:30:00,1389.278076171875,414.8805847167969,896.9454345703125,708.6607055664062,801.8497924804688,911.3097534179688,898.7351684570312,544.3074951171875,986.2791748046875,1165.4830322265625
10,291,47745,2021-11-28 13:40:00,1425.047607421875,851.4486694335938,1006.5865478515625,941.1754760742188,930.1009521484375,1070.032958984375,1153.9837646484375,967.1298828125,1041.9808349609375,1247.94775390625
10,292,47746,2021-11-28 13:50:00,1359.4031982421875,934.0992431640625,1015.2802124023438,962.92138671875,970.028564453125,1088.4359130859375,1172.078369140625,994.6041259765625,1061.27734375,1249.29248046875
10,293,47747,2021-11-28 14:00:00,1273.8385009765625,1006.3983154296875,1039.712646484375,1017.3991088867188,1030.902099609375,1103.4818115234375,1191.8421630859375,1014.6121826171875,1104.4766845703125,1270.6695556640625
10,294,47748,2021-11-28 14:10:00,1152.9705810546875,1079.6007080078125,1085.84423828125,1097.174072265625,1105.323974609375,1127.5435791015625,1237.0888671875,1144.48046875,1172.0498046875,1304.4200439453125
10,295,47749,2021-11-28 14:20:00,1009.2501220703125,1085.8194580078125,1092.6119384765625,1125.0528564453125,1092.3211669921875,1112.97314453125,1233.3248291015625,1129.9453125,1176.5389404296875,1310.192138671875
10,296,47750,2021-11-28 14:30:00,1003.3663940429688,1110.1693115234375,1101.2132568359375,1135.264404296875,1109.105712890625,1108.296630859375,1254.5572509765625,1175.5118408203125,1182.55078125,1318.2098388671875
10,297,47751,2021-11-28 14:40:00,1154.932861328125,1170.0643310546875,1147.41552734375,1193.5509033203125,1174.2386474609375,1139.9825439453125,1258.85888671875,1189.4910888671875,1228.04248046875,1344.7213134765625
10,298,47752,2021-11-28 14:50:00,1244.5091552734375,1179.60791015625,1167.716552734375,1198.71728515625,1179.6063232421875,1158.1151123046875,1266.636474609375,1207.316650390625,1249.6905517578125,1345.884521484375
10,299,47753,2021-11-28 15:00:00,1231.39208984375,1231.312255859375,1215.14599609375,1263.708740234375,1179.393798828125,1208.680908203125,1296.910888671875,1269.8017578125,1304.6976318359375,1367.73486328125
10,300,47754,2021-11-28 15:10:00,1258.1851806640625,1291.1788330078125,1252.810302734375,1298.858154296875,1216.703857421875,1242.73046875,1344.0240478515625,1321.880615234375,1349.2415771484375,1396.2841796875
10,301,47755,2021-11-28 15:20:00,1408.7877197265625,1322.0396728515625,1270.3802490234375,1322.1094970703125,1227.5845947265625,1255.95947265625,1358.1781005859375,1319.2197265625,1386.1268310546875,1421.294677734375
10,302,47756,2021-11-28 15:30:00,1491.4505615234375,1284.6392822265625,1234.4056396484375,1294.0576171875,1202.40185546875,1224.7646484375,1315.703369140625,1283.3992919921875,1346.4041748046875,1398.7418212890625
10,303,47757,2021-11-28 15:40:00,1505.33349609375,1236.55322265625,1183.259765625,1231.6063232421875,1178.83740234375,1185.93359375,1205.2060546875,1201.04296875,1265.3404541015625,1361.7166748046875
10,304,47758,2021-11-28 15:50:00,1496.0330810546875,1171.0958251953125,1120.0533447265625,1144.5987548828125,1099.82861328125,1125.0574951171875,1121.8765869140625,1115.89013671875,1157.589111328125,1293.5927734375
10,305,47759,2021-11-28 16:00:00,1428.566162109375,1102.1685791015625,1048.35546875,1037.6317138671875,973.69189453125,1084.63525390625,1048.994384765625,1035.196533203125,1067.5640869140625,1196.6220703125
10,306,47760,2021-11-28 16:10:00,1400.2923583984375,1123.4439697265625,1052.6378173828125,1039.4488525390625,986.7227172851562,1114.468994140625,1086.6285400390625,1075.577392578125,1095.508056640625,1200.6021728515625
10,307,47761,2021-11-28 16:20:00,1414.6976318359375,1190.5404052734375,1121.4857177734375,1127.791748046875,1055.13671875,1170.771728515625,1167.199951171875,1159.37255859375,1199.158935546875,1280.5487060546875
10,308,47762,2021-11-28 16:30:00,1404.441650390625,1216.3841552734375,1155.929443359375,1182.77001953125,1070.8260498046875,1193.7415771484375,1198.2833251953125,1206.078857421875,1251.729248046875,1324.1136474609375
10,309,47763,2021-11-28 16:40:00,1438.88671875,1209.7840576171875,1163.2275390625,1157.9752197265625,1028.7203369140625,1200.5167236328125,1151.70263671875,1174.1368408203125,1212.3673095703125,1307.2479248046875
10,310,47764,2021-11-28 16:50:00,1428.266357421875,1232.2979736328125,1189.6422119140625,1197.254638671875,1065.224365234375,1221.3294677734375,1174.0015869140625,1203.225341796875,1238.8057861328125,1331.6024169921875
10,311,47765,2021-11-28 17:00:00,1440.1019287109375,1320.6614990234375,1239.0072021484375,1276.224365234375,1117.770751953125,1300.3248291015625,1308.883544921875,1297.0416259765625,1354.9168701171875,1403.968994140625
10,312,47766,2021-11-28 17:10:00,1456.400634765625,1376.7962646484375,1282.40966796875,1305.3472900390625,1177.3900146484375,1332.5706787109375,1375.0123291015625,1345.694091796875,1419.4078369140625,1448.3270263671875
10,313,47767,2021-11-28 17:20:00,1454.94775390625,1403.7642822265625,1301.5018310546875,1304.626953125,1205.5128173828125,1357.386474609375,1386.406494140625,1363.73046875,1432.2852783203125,1458.9375
10,314,47768,2021-11-28 17:30:00,1429.9603271484375,1397.4810791015625,1298.97119140625,1301.756103515625,1186.25927734375,1354.1116943359375,1355.313720703125,1353.262939453125,1422.8150634765625,1453.3487548828125
10,315,47769,2021-11-28 17:40:00,1398.796142578125,1336.660888671875,1271.6265869140625,1329.0086669921875,1127.9029541015625,1314.0916748046875,1279.8416748046875,1311.010986328125,1391.24560546875,1456.792236328125
10,316,47770,2021-11-28 17:50:00,1417.3597412109375,1317.490234375,1254.7098388671875,1313.7576904296875,1117.4893798828125,1295.105224609375,1250.937744140625,1299.7261962890625,1369.6888427734375,1450.688232421875
10,317,47771,2021-11-28 18:00:00,1396.7308349609375,1324.4559326171875,1269.550537109375,1304.547607421875,1140.383056640625,1306.9892578125,1281.1610107421875,1316.5030517578125,1355.5809326171875,1451.7166748046875
10,318,47772,2021-11-28 18:10:00,1338.0709228515625,1332.8109130859375,1264.48291015625,1299.4830322265625,1143.740478515625,1317.6588134765625,1319.3087158203125,1339.59228515625,1359.1788330078125,1456.9593505859375
10,319,47773,2021-11-28 18:20:00,1231.018310546875,1359.5545654296875,1294.67919921875,1319.7156982421875,1191.109375,1343.0576171875,1352.4490966796875,1370.7294921875,1391.6998291015625,1467.4285888671875
10,320,47774,2021-11-28 18:30:00,1192.2213134765625,1345.31005859375,1294.6982421875,1315.18212890625,1195.927490234375,1331.160888671875,1328.3201904296875,1360.492431640625,1386.1156005859375,1460.7733154296875
10,321,47775,2021-11-28 18:40:00,1282.04345703125,1352.0921630859375,1321.1160888671875,1383.5040283203125,1238.15185546875,1313.8421630859375,1363.19921875,1381.84912109375,1414.8031005859375,1480.565185546875
10,322,47776,2021-11-28 18:50:00,1241.6419677734375,1360.8359375,1331.27685546875,1387.8785400390625,1261.24951171875,1323.19677734375,1372.9774169921875,1390.0081787109375,1412.9927978515625,1485.117919921875
10,323,47777,2021-11-28 19:00:00,1256.90625,1346.07470703125,1331.4754638671875,1386.8929443359375,1271.8173828125,1297.9029541015625,1368.049560546875,1384.9708251953125,1388.2833251953125,1484.3612060546875
10,324,47778,2021-11-28 19:10:00,1282.019775390625,1335.2620849609375,1304.994140625,1375.9912109375,1243.5284423828125,1283.9969482421875,1358.9697265625,1379.4864501953125,1359.923095703125,1480.9581298828125
10,325,47779,2021-11-28 19:20:00,1257.5771484375,1332.9508056640625,1279.8353271484375,1354.7921142578125,1239.2476806640625,1279.0849609375,1345.1590576171875,1359.228759765625,1330.3675537109375,1470.522705078125
10,326,47780,2021-11-28 19:30:00,1353.6856689453125,1350.188720703125,1288.5924072265625,1348.43359375,1251.864501953125,1301.0504150390625,1360.61962890625,1377.1357421875,1348.145751953125,1476.045166015625
10,327,47781,2021-11-28 19:40:00,1326.7518310546875,1318.4024658203125,1263.5574951171875,1268.86376953125,1145.906982421875,1246.8221435546875,1307.1844482421875,1325.73828125,1260.451416015625,1414.6185302734375
10,328,47782,2021-11-28 19:50:00,1262.9251708984375,1261.9141845703125,1222.557373046875,1202.861328125,1080.88427734375,1198.192626953125,1219.6729736328125,1251.0909423828125,1179.8499755859375,1364.2579345703125
10,329,47783,2021-11-28 20:00:00,1073.437255859375,1078.223876953125,1082.9141845703125,1037.7772216796875,920.97802734375,1037.589111328125,958.7938232421875,998.550048828125,957.4577026367188,1201.5992431640625
10,330,47784,2021-11-28 20:10:00,1085.7567138671875,1069.74609375,1062.767578125,1021.473388671875,922.4497680664062,1021.88037109375,953.4091796875,998.80224609375,960.3199462890625,1176.5435791015625
10,331,47785,2021-11-28 20:20:00,1261.295654296875,1121.902099609375,1083.040771484375,1096.1304931640625,980.599609375,1078.475341796875,1066.9339599609375,1102.3560791015625,1022.5487670898438,1249.427734375
10,332,47786,2021-11-28 20:30:00,1273.918212890625,1066.3521728515625,1033.733154296875,1016.6074829101562,931.1640625,1064.6441650390625,1030.95458984375,1044.9329833984375,959.6324462890625,1211.6884765625
10,333,47787,2021-11-28 20:40:00,1176.58203125,944.4814453125,892.6369018554688,866.558837890625,801.083251953125,1039.11572265625,955.6400756835938,966.6688232421875,862.0773315429688,1114.6455078125
10,334,47788,2021-11-28 20:50:00,1045.8111572265625,952.656005859375,910.7347412109375,864.2274780273438,821.4134521484375,1065.933349609375,1004.6202392578125,985.0447998046875,877.721923828125,1130.9169921875
10,335,47789,2021-11-28 21:00:00,790.89404296875,989.2064208984375,948.628662109375,871.9063720703125,870.8028564453125,1014.456787109375,1026.5157470703125,1032.7286376953125,916.3278198242188,1136.7965087890625
10,336,47790,2021-11-28 21:10:00,676.4267578125,1111.2008056640625,1019.85986328125,956.3833618164062,955.5924682617188,1069.75634765625,1169.3316650390625,1151.837890625,1018.5635375976562,1225.8502197265625
10,337,47791,2021-11-28 21:20:00,762.6784057617188,1064.432861328125,974.1878051757812,872.1815185546875,932.4246215820312,1020.3971557617188,1131.718017578125,1099.6553955078125,986.744140625,1212.55322265625
10,338,47792,2021-11-28 21:30:00,768.929443359375,972.9176635742188,930.5011596679688,799.5615844726562,892.32177734375,969.1368408203125,1032.0689697265625,1002.473388671875,918.9207153320312,1152.015869140625
10,339,47793,2021-11-28 21:40:00,653.8785400390625,777.9762573242188,755.3717041015625,670.468505859375,704.5475463867188,847.9279174804688,866.4381713867188,833.8764038085938,771.9662475585938,962.1742553710938
10,340,47794,2021-11-28 21:50:00,483.0722351074219,805.6461181640625,761.83203125,678.7756958007812,746.9821166992188,886.8784790039062,905.8065795898438,863.772216796875,785.8764038085938,976.4545288085938
10,341,47795,2021-11-28 22:00:00,399.6897888183594,961.77685546875,873.1553955078125,733.12451171875,878.4181518554688,972.970947265625,1108.5811767578125,1037.1016845703125,933.8567504882812,1119.7672119140625
10,342,47796,2021-11-28 22:10:00,353.83343505859375,907.2005615234375,842.1712036132812,723.701171875,840.4378662109375,951.09423828125,1091.160400390625,979.949951171875,913.209228515625,1106.206298828125
10,343,47797,2021-11-28 22:20:00,341.95947265625,821.5519409179688,767.5167846679688,693.0894775390625,773.5502319335938,876.244873046875,987.265380859375,902.1079711914062,826.3446655273438,1032.839111328125
10,344,47798,2021-11-28 22:30:00,326.7071533203125,729.5717163085938,703.7010498046875,668.0101318359375,678.6157836914062,821.885009765625,856.8800659179688,796.7427978515625,725.2623291015625,935.8247680664062
10,345,47799,2021-11-28 22:40:00,350.2857971191406,519.5025634765625,539.9892578125,579.6658935546875,492.96099853515625,523.9695434570312,603.1428833007812,561.2962646484375,544.3468017578125,684.5684814453125
10,346,47800,2021-11-28 22:50:00,385.6476745605469,458.9564208984375,462.12200927734375,540.3455810546875,454.6230773925781,429.77484130859375,546.9234008789062,495.38531494140625,502.5572509765625,612.5245971679688
10,347,47801,2021-11-28 23:00:00,394.32061767578125,495.4198303222656,489.6197509765625,577.3751220703125,484.3168029785156,427.3345642089844,600.1022338867188,562.7919921875,535.262451171875,680.1367797851562
10,348,47802,2021-11-28 23:10:00,440.4320068359375,462.3262634277344,485.2429504394531,573.7994995117188,449.9730224609375,397.4550476074219,571.3564453125,510.2769470214844,495.6678466796875,652.3143310546875
10,349,47803,2021-11-28 23:20:00,417.6452331542969,399.42315673828125,428.8057861328125,550.6867065429688,409.2480163574219,363.11505126953125,508.8516845703125,417.5115661621094,407.1012268066406,546.1162109375
10,350,47804,2021-11-28 23:30:00,403.88336181640625,320.37255859375,324.9176330566406,447.97259521484375,346.999755859375,304.77459716796875,396.0212707519531,302.9508361816406,293.00189208984375,378.7137145996094
10,351,47805,2021-11-28 23:40:00,404.8467102050781,272.248779296875,236.0623321533203,352.22796630859375,296.5361328125,231.7501220703125,261.9579772949219,221.86109924316406,221.08445739746094,265.3598937988281
10,352,47806,2021-11-28 23:50:00,382.81365966796875,253.838623046875,202.96009826660156,336.4431457519531,272.3560791015625,209.53758239746094,220.12779235839844,194.3614959716797,199.18878173828125,217.4810791015625
10,353,47808,2021-11-29 00:10:00,318.9735412597656,246.6678466796875,173.94805908203125,308.245849609375,249.02206420898438,192.6057891845703,215.8868865966797,191.41595458984375,190.19073486328125,174.81398010253906
10,354,47809,2021-11-29 00:20:00,343.15380859375,261.4075927734375,187.49635314941406,322.1700134277344,263.99462890625,212.94691467285156,263.6624450683594,220.32948303222656,220.67442321777344,208.5812225341797
10,355,47810,2021-11-29 00:30:00,362.3045654296875,282.0884704589844,207.68727111816406,340.9798278808594,279.2947082519531,263.17205810546875,310.54901123046875,259.6279602050781,261.0018005371094,252.63467407226562
10,356,47811,2021-11-29 00:40:00,333.3991394042969,274.11126708984375,199.62118530273438,313.8519287109375,271.16949462890625,233.8986358642578,228.03536987304688,212.97860717773438,222.90347290039062,226.1583251953125
10,357,47812,2021-11-29 00:50:00,331.5966796875,302.94891357421875,231.0018310546875,357.4208679199219,287.71844482421875,301.65594482421875,311.443603515625,265.3254699707031,283.6682434082031,296.76141357421875
10,358,47813,2021-11-29 01:00:00,292.6771545410156,286.13934326171875,221.11378479003906,362.51959228515625,279.9856872558594,277.56689453125,295.7796936035156,230.91127014160156,267.224609375,273.6448974609375
10,359,47814,2021-11-29 01:10:00,230.03173828125,279.4825134277344,213.01150512695312,350.57989501953125,276.07415771484375,256.4350891113281,281.7095947265625,215.64529418945312,263.6116027832031,270.49554443359375
10,360,47815,2021-11-29 01:20:00,226.481201171875,274.6462707519531,219.7071533203125,341.1502990722656,267.956787109375,253.82229614257812,288.0871276855469,203.95327758789062,259.5,261.2386779785156
10,361,47816,2021-11-29 01:30:00,276.691650390625,260.609619140625,208.00717163085938,322.1724853515625,255.3209228515625,224.09291076660156,232.406494140625,178.50111389160156,210.6363983154297,224.37142944335938
10,362,47817,2021-11-29 01:40:00,308.63958740234375,249.46240234375,195.56564331054688,294.234130859375,236.8011016845703,193.8067169189453,189.8173370361328,157.5412139892578,177.7301483154297,191.826904296875
10,363,47818,2021-11-29 01:50:00,334.0065002441406,230.4418487548828,173.4612274169922,273.603515625,215.30072021484375,170.6007080078125,154.17440795898438,128.33596801757812,145.21612548828125,138.49124145507812
10,364,47819,2021-11-29 02:00:00,354.0643615722656,253.6971435546875,199.39027404785156,330.515380859375,228.3435516357422,268.69158935546875,223.76942443847656,167.7521209716797,181.53964233398438,172.62269592285156
10,365,47820,2021-11-29 02:10:00,358.4688720703125,267.9277648925781,229.77383422851562,354.304443359375,238.8463592529297,297.5578308105469,267.28057861328125,194.64048767089844,223.21153259277344,198.3640594482422
10,366,47821,2021-11-29 02:20:00,368.4779357910156,258.12603759765625,236.1852569580078,320.14263916015625,236.37252807617188,266.71624755859375,247.3302764892578,183.84458923339844,228.9893341064453,191.56439208984375
10,367,47822,2021-11-29 02:30:00,413.533203125,277.67340087890625,273.91741943359375,350.086181640625,262.29486083984375,319.2027587890625,289.9695739746094,226.77000427246094,268.601318359375,240.93112182617188
10,368,47823,2021-11-29 02:40:00,343.7115478515625,248.23419189453125,251.52333068847656,298.9661865234375,245.11444091796875,204.2340545654297,181.80592346191406,174.47096252441406,210.5994110107422,195.26695251464844
10,369,47824,2021-11-29 02:50:00,244.137939453125,227.80372619628906,222.7176513671875,263.7097473144531,216.9965362548828,159.28932189941406,129.4238739013672,136.6018829345703,153.530029296875,137.4498748779297
10,370,47825,2021-11-29 03:00:00,114.55204772949219,243.9989776611328,202.69715881347656,282.5945129394531,216.589111328125,192.66116333007812,147.89114379882812,150.89508056640625,155.7833709716797,143.21035766601562
10,371,47826,2021-11-29 03:10:00,23.25408935546875,284.2873229980469,258.1695556640625,362.66961669921875,266.6027526855469,275.87347412109375,238.4032745361328,227.17193603515625,244.36270141601562,229.45933532714844
10,372,47827,2021-11-29 03:20:00,0.3181818127632141,262.0472412109375,246.80320739746094,395.0808410644531,249.0585479736328,269.8632507324219,220.7671356201172,210.7460479736328,225.10569763183594,195.1782684326172
10,373,47828,2021-11-29 03:30:00,0.0,281.3341979980469,264.8387451171875,426.9099426269531,269.32342529296875,321.75262451171875,285.7831726074219,253.69635009765625,269.87530517578125,215.43707275390625
10,374,47829,2021-11-29 03:40:00,0.0,287.3698425292969,287.0321960449219,394.52410888671875,272.1603088378906,283.6264953613281,271.5455017089844,248.72695922851562,306.2998046875,230.05238342285156
10,375,47830,2021-11-29 03:50:00,0.0,285.10906982421875,308.8510437011719,375.7000732421875,270.30615234375,285.69482421875,260.29962158203125,234.65989685058594,313.8664245605469,241.63230895996094
10,376,47831,2021-11-29 04:00:00,0.0,284.1892395019531,305.3654479980469,375.8096008300781,275.81292724609375,284.9819641113281,279.9399719238281,231.93072509765625,315.5801696777344,240.56724548339844
10,377,47832,2021-11-29 04:10:00,0.0,284.52935791015625,325.8143005371094,338.0840759277344,270.5494384765625,226.38282775878906,250.71421813964844,232.97640991210938,295.2669372558594,248.38079833984375
10,378,47833,2021-11-29 04:20:00,0.0,218.5692901611328,238.15093994140625,223.986328125,197.51773071289062,143.6870574951172,172.078857421875,144.26193237304688,189.57591247558594,154.48272705078125
10,379,47834,2021-11-29 04:30:00,0.0,157.3312225341797,164.8404541015625,143.24603271484375,113.0041275024414,76.57963562011719,103.86605072021484,77.39972686767578,108.70133972167969,80.73863220214844
10,380,47835,2021-11-29 04:40:00,0.06181818246841431,120.95321655273438,113.92394256591797,107.3303451538086,85.72933959960938,49.59532165527344,82.14691925048828,43.843807220458984,78.5838623046875,37.72465133666992
10,381,47836,2021-11-29 04:50:00,0.0,107.03987884521484,86.25022888183594,92.19317626953125,73.51231384277344,42.050941467285156,79.94518280029297,38.02477264404297,68.5066146850586,31.634511947631836
10,382,47837,2021-11-29 05:00:00,0.0,106.35823822021484,78.00679779052734,77.13346099853516,74.08744049072266,43.9254150390625,80.4563980102539,40.38947296142578,64.7150650024414,32.01792526245117
10,383,47838,2021-11-29 05:10:00,0.0,105.78312683105469,72.14906311035156,68.99653625488281,72.74549102783203,44.77744674682617,79.15704345703125,47.92997360229492,68.71961975097656,30.143451690673828
10,384,47839,2021-11-29 05:20:00,0.0,116.2205581665039,76.36663055419922,62.8405876159668,77.11216735839844,49.37843704223633,83.9284439086914,54.980560302734375,81.07412719726562,32.380348205566406
10,385,47840,2021-11-29 05:30:00,0.0,129.06497192382812,71.70174407958984,58.06919479370117,79.07184600830078,49.229331970214844,87.5495834350586,60.26317596435547,85.48341369628906,35.575477600097656
10,386,47841,2021-11-29 05:40:00,0.0,128.4259490966797,81.15933227539062,53.80901336669922,87.01707458496094,45.43777847290039,83.43852233886719,65.07717895507812,88.93415069580078,32.167335510253906
10,387,47842,2021-11-29 05:50:00,0.0,132.06838989257812,78.24110412597656,52.40315628051758,83.8432388305664,38.706703186035156,86.61235046386719,63.8204231262207,89.33885955810547,32.124732971191406
10,388,47843,2021-11-29 06:00:00,0.0,135.51913452148438,86.9744644165039,59.17683792114258,96.62374877929688,44.92655563354492,93.4073257446289,64.2890396118164,83.73673248291016,33.78620147705078
10,389,47844,2021-11-29 06:10:00,0.0,150.62144470214844,94.77058410644531,63.13880157470703,110.4906234741211,63.3944091796875,100.5857162475586,61.945945739746094,79.43395233154297,37.194339752197266
10,390,47845,2021-11-29 06:20:00,0.0,139.05508422851562,94.91968536376953,66.24872589111328,124.97520446777344,71.40353393554688,94.45106506347656,58.069190979003906,75.96190643310547,33.74359893798828
10,391,47846,2021-11-29 06:30:00,0.0,125.27342224121094,79.75346374511719,60.02886962890625,127.25439453125,64.4594497680664,88.9554443359375,53.93682098388672,67.31376647949219,29.22781753540039
10,392,47847,2021-11-29 06:40:00,0.0,129.08627319335938,83.26811218261719,66.41912078857422,134.2197723388672,70.9349136352539,93.32212829589844,56.3651237487793,67.61197662353516,31.4005069732666
10,393,47848,2021-11-29 06:50:00,0.0,112.04557800292969,75.00337219238281,67.8036880493164,116.1992416381836,71.5952377319336,77.9854965209961,43.669803619384766,61.051307678222656,25.521465301513672
10,394,47849,2021-11-29 07:00:00,7.589999675750732,113.92715454101562,76.6269760131836,77.8695297241211,131.0270233154297,85.9046859741211,85.33666229248047,40.92436218261719,68.63915252685547,27.765159606933594
10,395,47850,2021-11-29 07:10:00,50.46161651611328,122.57920837402344,88.05805206298828,92.07085418701172,147.8722686767578,111.04925537109375,103.3672103881836,46.198421478271484,66.73657989501953,30.339584350585938
10,396,47851,2021-11-29 07:20:00,77.33624267578125,117.6903076171875,93.25422668457031,107.87194061279297,168.25323486328125,126.7564926147461,106.18118286132812,49.97352981567383,66.40181732177734,35.05626678466797
10,397,47852,2021-11-29 07:30:00,54.91214370727539,91.61197662353516,76.50865173339844,104.59027099609375,145.75674438476562,113.23236083984375,85.83536529541016,41.610721588134766,61.963191986083984,34.44956588745117
10,398,47853,2021-11-29 07:40:00,55.7063102722168,71.45809173583984,71.9887466430664,103.71956634521484,132.51683044433594,101.97811889648438,67.88921356201172,30.283784866333008,56.659542083740234,28.800146102905273
10,399,47854,2021-11-29 07:50:00,73.12655639648438,71.88822174072266,68.20770263671875,98.17906951904297,129.79164123535156,94.10397338867188,66.10899353027344,28.710113525390625,55.469032287597656,28.58794403076172
10,400,47855,2021-11-29 08:00:00,83.17152404785156,73.18333435058594,63.42635726928711,91.58196258544922,123.00960540771484,83.30716705322266,59.61286926269531,26.57569122314453,53.84980010986328,25.96333122253418
