split,TurbID,node_index,horizon,Score,MAE,RMSE,valid_target_count,reference_val_score_h10,reference_val_rank_desc,hard_turbine_threshold_val_score_h10,is_top10pct_hard_turbine,hard_group_rule
val,1,0,3,0.2642507830366504,260.30039336790634,368.22831002182727,3202,0.2690278697136381,5,0.2609385788627858,True,top_14_by_validation_H10_Score
val,1,0,6,0.26708031599857723,262.50640823590237,371.54639003509305,6401,0.2690278697136381,5,0.2609385788627858,True,top_14_by_validation_H10_Score
val,1,0,10,0.2690278697136381,264.97252801276244,375.33069304129435,10659,0.2690278697136381,5,0.2609385788627858,True,top_14_by_validation_H10_Score
val,2,1,3,0.20432646923633807,201.89116161114242,288.4476866531677,3188,0.2082007903490341,111,0.2609385788627858,False,top_14_by_validation_H10_Score
val,2,1,6,0.20604413690670076,203.59102063418538,290.9892875567115,6373,0.2082007903490341,111,0.2609385788627858,False,top_14_by_validation_H10_Score
val,2,1,10,0.2082007903490341,205.74333159894852,293.9133759917161,10612,0.2082007903490341,111,0.2609385788627858,False,top_14_by_validation_H10_Score
val,3,2,3,0.26126810342712486,258.5800335121768,362.05707416805234,3302,0.267680336141216,7,0.2609385788627858,True,top_14_by_validation_H10_Score
val,3,2,6,0.2649533191843864,260.73997609848357,365.2757415330131,6601,0.267680336141216,7,0.2609385788627858,True,top_14_by_validation_H10_Score
val,3,2,10,0.267680336141216,263.4406513153919,369.1669904519177,10988,0.267680336141216,7,0.2609385788627858,True,top_14_by_validation_H10_Score
val,4,3,3,0.2565732313127591,254.15964359913107,357.3599439518146,3222,0.2602181576788106,15,0.2609385788627858,False,top_14_by_validation_H10_Score
val,4,3,6,0.25878190941875256,256.3406523883509,360.553184381602,6441,0.2602181576788106,15,0.2609385788627858,False,top_14_by_validation_H10_Score
val,4,3,10,0.2602181576788106,259.0930127440238,364.3949849718658,10724,0.2602181576788106,15,0.2609385788627858,False,top_14_by_validation_H10_Score
val,5,4,3,0.2683016375791781,266.1171666126939,376.27314226438875,3574,0.2712814269999168,3,0.2609385788627858,True,top_14_by_validation_H10_Score
val,5,4,6,0.2699022825309745,268.34733106454587,379.56714133334845,7145,0.2712814269999168,3,0.2609385788627858,True,top_14_by_validation_H10_Score
val,5,4,10,0.2712814269999168,271.06976223842497,383.46731719300124,11900,0.2712814269999168,3,0.2609385788627858,True,top_14_by_validation_H10_Score
val,6,5,3,0.26574397654316356,264.16029511939007,369.99088047177014,3271,0.2694824279036187,4,0.2609385788627858,True,top_14_by_validation_H10_Score
val,6,5,6,0.26784780265644176,266.2635689264807,373.17223340863933,6539,0.2694824279036187,4,0.2609385788627858,True,top_14_by_validation_H10_Score
val,6,5,10,0.2694824279036187,268.71963872293264,376.95440535585146,10892,0.2694824279036187,4,0.2609385788627858,True,top_14_by_validation_H10_Score
val,7,6,3,0.25314560451578405,251.78874953039826,352.0634662529394,3223,0.25551140248562676,20,0.2609385788627858,False,top_14_by_validation_H10_Score
val,7,6,6,0.2546955708628308,253.73817595528203,355.0722055866273,6443,0.25551140248562676,20,0.2609385788627858,False,top_14_by_validation_H10_Score
val,7,6,10,0.25551140248562676,256.11167874981885,358.6735356243959,10726,0.25551140248562676,20,0.2609385788627858,False,top_14_by_validation_H10_Score
val,8,7,3,0.2568009450186416,255.2264891271083,360.31819736423574,3323,0.2609385788627858,14,0.2609385788627858,True,top_14_by_validation_H10_Score
val,8,7,6,0.2590314577488137,257.2459085463365,363.4348101841433,6643,0.2609385788627858,14,0.2609385788627858,True,top_14_by_validation_H10_Score
val,8,7,10,0.2609385788627858,259.6540625629253,367.12381034696796,11063,0.2609385788627858,14,0.2609385788627858,True,top_14_by_validation_H10_Score
val,9,8,3,0.2688125967500164,266.7059546173521,371.83728346800905,3204,0.27421699243452846,2,0.2609385788627858,True,top_14_by_validation_H10_Score
val,9,8,6,0.2714130935347385,268.8568453647167,375.0957914993442,6405,0.27421699243452846,2,0.2609385788627858,True,top_14_by_validation_H10_Score
val,9,8,10,0.27421699243452846,271.63169121432577,379.2167795901826,10668,0.27421699243452846,2,0.2609385788627858,True,top_14_by_validation_H10_Score
val,10,9,3,0.25513273233481926,253.07590955550634,355.8703163318103,3263,0.259572036496099,17,0.2609385788627858,False,top_14_by_validation_H10_Score
val,10,9,6,0.25723207413715343,255.05082568108222,358.95081861078825,6523,0.259572036496099,17,0.2609385788627858,False,top_14_by_validation_H10_Score
val,10,9,10,0.259572036496099,257.7115286978955,363.1052780678135,10863,0.259572036496099,17,0.2609385788627858,False,top_14_by_validation_H10_Score
val,11,10,3,0.25568249750306243,252.90429477838535,353.06666421176226,3433,0.2599470410342992,16,0.2609385788627858,False,top_14_by_validation_H10_Score
val,11,10,6,0.2578346567615754,254.94336393370878,356.0628330922039,6863,0.2599470410342992,16,0.2609385788627858,False,top_14_by_validation_H10_Score
val,11,10,10,0.2599470410342992,257.4449155080328,359.836597765766,11429,0.2599470410342992,16,0.2609385788627858,False,top_14_by_validation_H10_Score
val,12,11,3,0.26306785711127767,258.994188736425,367.6996927875279,3090,0.26868242025299965,6,0.2609385788627858,True,top_14_by_validation_H10_Score
val,12,11,6,0.26580528106090107,260.93308532902614,370.8684979126566,6177,0.26868242025299965,6,0.2609385788627858,True,top_14_by_validation_H10_Score
val,12,11,10,0.26868242025299965,263.38189595233104,375.08988969755967,10283,0.26868242025299965,6,0.2609385788627858,True,top_14_by_validation_H10_Score
val,13,12,3,0.2539779443685671,252.32191905702976,348.9380555564728,3264,0.25835625786660577,18,0.2609385788627858,False,top_14_by_validation_H10_Score
val,13,12,6,0.25629125745056736,254.35759244130148,351.96433576577954,6525,0.25835625786660577,18,0.2609385788627858,False,top_14_by_validation_H10_Score
val,13,12,10,0.25835625786660577,256.79306885235445,355.57412919639347,10866,0.25835625786660577,18,0.2609385788627858,False,top_14_by_validation_H10_Score
val,14,13,3,0.24962561845088474,248.70695087278816,354.26937275575244,3422,0.2541215549147563,22,0.2609385788627858,False,top_14_by_validation_H10_Score
val,14,13,6,0.25204362023924,250.71114853482342,357.34486714963543,6841,0.2541215549147563,22,0.2609385788627858,False,top_14_by_validation_H10_Score
val,14,13,10,0.2541215549147563,253.21317029083065,361.23529163161044,11389,0.2541215549147563,22,0.2609385788627858,False,top_14_by_validation_H10_Score
val,15,14,3,0.24606980804934228,244.07358086332377,343.11243786033145,3206,0.2501956683123736,28,0.2609385788627858,False,top_14_by_validation_H10_Score
val,15,14,6,0.24835475266778306,245.93007139914943,346.04553562416805,6409,0.2501956683123736,28,0.2609385788627858,False,top_14_by_validation_H10_Score
val,15,14,10,0.2501956683123736,248.19280741285584,349.8893519476702,10669,0.2501956683123736,28,0.2609385788627858,False,top_14_by_validation_H10_Score
val,16,15,3,0.23886369010037628,237.56810129381964,338.78742626104867,3445,0.2445783817218424,35,0.2609385788627858,False,top_14_by_validation_H10_Score
val,16,15,6,0.24160718798877262,239.44906606352794,341.86751089503224,6887,0.2445783817218424,35,0.2609385788627858,False,top_14_by_validation_H10_Score
val,16,15,10,0.2445783817218424,241.7514913364746,345.7628932497033,11471,0.2445783817218424,35,0.2609385788627858,False,top_14_by_validation_H10_Score
val,17,16,3,0.23517596259717355,233.84579911772357,328.27557178763584,3345,0.23991382892665933,43,0.2609385788627858,False,top_14_by_validation_H10_Score
val,17,16,6,0.23742587641166848,235.660440376378,331.1576114963265,6687,0.23991382892665933,43,0.2609385788627858,False,top_14_by_validation_H10_Score
val,17,16,10,0.23991382892665933,237.98836112214687,334.9182785136891,11136,0.23991382892665933,43,0.2609385788627858,False,top_14_by_validation_H10_Score
val,18,17,3,0.21796705477858755,216.58784474540286,310.7429897066427,3545,0.2228104469282048,76,0.2609385788627858,False,top_14_by_validation_H10_Score
val,18,17,6,0.2203815680544243,218.23031276850128,313.46253858601034,7090,0.2228104469282048,76,0.2609385788627858,False,top_14_by_validation_H10_Score
val,18,17,10,0.2228104469282048,220.2952810825254,317.0176811869491,11818,0.2228104469282048,76,0.2609385788627858,False,top_14_by_validation_H10_Score
val,19,18,3,0.21540991415744654,213.82339377633818,302.1781377485817,3291,0.22027544882445207,83,0.2609385788627858,False,top_14_by_validation_H10_Score
val,19,18,6,0.21798382548411885,215.5784256809204,304.874037777075,6579,0.22027544882445207,83,0.2609385788627858,False,top_14_by_validation_H10_Score
val,19,18,10,0.22027544882445207,217.89449752615448,308.5470150440705,10958,0.22027544882445207,83,0.2609385788627858,False,top_14_by_validation_H10_Score
val,20,19,3,0.2213365930248871,219.65334014776047,316.3365968340989,3161,0.22713292773195853,67,0.2609385788627858,False,top_14_by_validation_H10_Score
val,20,19,6,0.22394626421019964,221.46280899310455,319.1777177805211,6319,0.22713292773195853,67,0.2609385788627858,False,top_14_by_validation_H10_Score
val,20,19,10,0.22713292773195853,223.5573073400808,322.57604415325176,10523,0.22713292773195853,67,0.2609385788627858,False,top_14_by_validation_H10_Score
val,21,20,3,0.2096684533745384,207.89949480811728,299.56791504182456,3469,0.21465656669337005,97,0.2609385788627858,False,top_14_by_validation_H10_Score
val,21,20,6,0.21245263412142393,209.56404845987345,302.16305594307147,6935,0.21465656669337005,97,0.2609385788627858,False,top_14_by_validation_H10_Score
val,21,20,10,0.21465656669337005,211.73803349663015,305.61085871934245,11544,0.21465656669337005,97,0.2609385788627858,False,top_14_by_validation_H10_Score
val,22,21,3,0.25872980782183247,255.84149137620676,359.4533560804599,3329,0.2650189318887436,10,0.2609385788627858,True,top_14_by_validation_H10_Score
val,22,21,6,0.2624713366454518,258.1141757553515,362.68116738785864,6655,0.2650189318887436,10,0.2609385788627858,True,top_14_by_validation_H10_Score
val,22,21,10,0.2650189318887436,260.9037705420632,366.39641978390324,11087,0.2650189318887436,10,0.2609385788627858,True,top_14_by_validation_H10_Score
val,23,22,3,0.2603488975893971,257.5791886641326,362.84817256005965,3268,0.26516565200262043,9,0.2609385788627858,True,top_14_by_validation_H10_Score
val,23,22,6,0.2629883994581755,259.7933887643296,366.11810007914085,6533,0.26516565200262043,9,0.2609385788627858,True,top_14_by_validation_H10_Score
val,23,22,10,0.26516565200262043,262.61371895695,370.3071846227023,10879,0.26516565200262043,9,0.2609385788627858,True,top_14_by_validation_H10_Score
val,24,23,3,0.22430773744059246,220.3863551857376,309.9152035382708,3255,0.22657680111196057,68,0.2609385788627858,False,top_14_by_validation_H10_Score
val,24,23,6,0.2259832379265591,222.30298732272195,312.6702841319209,6507,0.22657680111196057,68,0.2609385788627858,False,top_14_by_validation_H10_Score
val,24,23,10,0.22657680111196057,224.52367924293068,316.0280080454327,10839,0.22657680111196057,68,0.2609385788627858,False,top_14_by_validation_H10_Score
val,25,24,3,0.25616917628341884,253.95671919656746,354.9480494000984,3222,0.262585674005083,12,0.2609385788627858,True,top_14_by_validation_H10_Score
val,25,24,6,0.2595549882216216,256.1257488700525,358.0755589276941,6441,0.262585674005083,12,0.2609385788627858,True,top_14_by_validation_H10_Score
val,25,24,10,0.262585674005083,258.6794318523189,361.8237643717539,10729,0.262585674005083,12,0.2609385788627858,True,top_14_by_validation_H10_Score
val,26,25,3,0.25587649850803046,254.2352017878878,356.4626354864718,3648,0.263104769399501,11,0.2609385788627858,True,top_14_by_validation_H10_Score
val,26,25,6,0.25951030451470086,256.5524166823771,359.7843499265533,7293,0.263104769399501,11,0.2609385788627858,True,top_14_by_validation_H10_Score
val,26,25,10,0.263104769399501,259.3849749751225,363.8536202596098,12148,0.263104769399501,11,0.2609385788627858,True,top_14_by_validation_H10_Score
val,27,26,3,0.25075203545572244,247.60187712727816,349.1402487273744,3234,0.2565100412648428,19,0.2609385788627858,False,top_14_by_validation_H10_Score
val,27,26,6,0.2539173257221971,249.48110734140667,352.07026439041897,6468,0.2565100412648428,19,0.2609385788627858,False,top_14_by_validation_H10_Score
val,27,26,10,0.2565100412648428,251.70081930914677,355.4536346139725,10781,0.2565100412648428,19,0.2609385788627858,False,top_14_by_validation_H10_Score
val,28,27,3,0.24242496232462132,240.10628919098693,338.21004567657405,3239,0.24835577034951703,30,0.2609385788627858,False,top_14_by_validation_H10_Score
val,28,27,6,0.24578464134573783,242.0347136892223,341.0821486809687,6475,0.24835577034951703,30,0.2609385788627858,False,top_14_by_validation_H10_Score
val,28,27,10,0.24835577034951703,244.4611759159193,344.6520701351733,10779,0.24835577034951703,30,0.2609385788627858,False,top_14_by_validation_H10_Score
val,29,28,3,0.24134455173939517,239.00334170996632,336.6340703137263,3324,0.24754972362089203,32,0.2609385788627858,False,top_14_by_validation_H10_Score
val,29,28,6,0.2441199293346304,240.793785699009,339.4772802452054,6645,0.24754972362089203,32,0.2609385788627858,False,top_14_by_validation_H10_Score
val,29,28,10,0.24754972362089203,242.9179711111718,342.8465130809581,11059,0.24754972362089203,32,0.2609385788627858,False,top_14_by_validation_H10_Score
val,30,29,3,0.20919663906491442,206.5492081862438,305.4388448942562,3252,0.21200899801707251,105,0.2609385788627858,False,top_14_by_validation_H10_Score
val,30,29,6,0.21127196417994362,208.13575755817956,308.12321693820326,6501,0.21200899801707251,105,0.2609385788627858,False,top_14_by_validation_H10_Score
val,30,29,10,0.21200899801707251,210.04067938257649,311.7496616767598,10822,0.21200899801707251,105,0.2609385788627858,False,top_14_by_validation_H10_Score
val,31,30,3,0.25882506462539884,256.34316731602803,352.2522173757744,3235,0.2610146030307595,13,0.2609385788627858,True,top_14_by_validation_H10_Score
val,31,30,6,0.26099889953767924,258.2242592723007,355.15632769977344,6467,0.2610146030307595,13,0.2609385788627858,True,top_14_by_validation_H10_Score
val,31,30,10,0.2610146030307595,260.4628115874936,358.7441335565414,10768,0.2610146030307595,13,0.2609385788627858,True,top_14_by_validation_H10_Score
val,32,31,3,0.24667092298380056,244.94935962892615,343.17425962744414,3191,0.2522605422553472,24,0.2609385788627858,False,top_14_by_validation_H10_Score
val,32,31,6,0.24933635165443166,246.82458116852305,346.0724767924541,6379,0.2522605422553472,24,0.2609385788627858,False,top_14_by_validation_H10_Score
val,32,31,10,0.2522605422553472,248.91823569893126,349.60065108385515,10622,0.2522605422553472,24,0.2609385788627858,False,top_14_by_validation_H10_Score
val,33,32,3,0.24278631886680974,241.63709761503137,338.0045143730079,3111,0.24573302816496753,33,0.2609385788627858,False,top_14_by_validation_H10_Score
val,33,32,6,0.24462312586730073,243.47032553453522,340.87983782228247,6219,0.24573302816496753,33,0.2609385788627858,False,top_14_by_validation_H10_Score
val,33,32,10,0.24573302816496753,245.55956237365092,344.3006312834164,10354,0.24573302816496753,33,0.2609385788627858,False,top_14_by_validation_H10_Score
val,34,33,3,0.21994123465961574,217.02321562903273,324.35636111655725,3122,0.22478950903478606,71,0.2609385788627858,False,top_14_by_validation_H10_Score
val,34,33,6,0.22287519120078755,218.58989447946743,327.04635029108897,6241,0.22478950903478606,71,0.2609385788627858,False,top_14_by_validation_H10_Score
val,34,33,10,0.22478950903478606,220.57032722959605,330.7422870113682,10393,0.22478950903478606,71,0.2609385788627858,False,top_14_by_validation_H10_Score
val,35,34,3,0.2482357278240175,245.91880761805467,344.67238203036607,3117,0.2525020851620399,23,0.2609385788627858,False,top_14_by_validation_H10_Score
val,35,34,6,0.2506575206985159,247.7511561347841,347.60383148916753,6231,0.2525020851620399,23,0.2609385788627858,False,top_14_by_validation_H10_Score
val,35,34,10,0.2525020851620399,249.98777861290355,351.14904253657863,10382,0.2525020851620399,23,0.2609385788627858,False,top_14_by_validation_H10_Score
val,36,35,3,0.2454457719572169,242.05541813306314,341.5441521954517,3235,0.24794884802485595,31,0.2609385788627858,False,top_14_by_validation_H10_Score
val,36,35,6,0.24698148734116607,243.65643250149958,344.2496578768089,6470,0.24794884802485595,31,0.2609385788627858,False,top_14_by_validation_H10_Score
val,36,35,10,0.24794884802485595,245.45922821220253,347.67821416819,10780,0.24794884802485595,31,0.2609385788627858,False,top_14_by_validation_H10_Score
val,37,36,3,0.2407446446398458,238.04495505817397,337.1445858115306,3351,0.24432000983654686,36,0.2609385788627858,False,top_14_by_validation_H10_Score
val,37,36,6,0.24286734181352448,239.8110745640183,339.93520464505724,6702,0.24432000983654686,36,0.2609385788627858,False,top_14_by_validation_H10_Score
val,37,36,10,0.24432000983654686,241.966662616389,343.3765238821912,11167,0.24432000983654686,36,0.2609385788627858,False,top_14_by_validation_H10_Score
val,38,37,3,0.24198781682885206,241.27775056583818,336.3558389483675,3220,0.24422669293348978,38,0.2609385788627858,False,top_14_by_validation_H10_Score
val,38,37,6,0.24355093789383228,243.14162591620828,339.2882437783614,6437,0.24422669293348978,38,0.2609385788627858,False,top_14_by_validation_H10_Score
val,38,37,10,0.24422669293348978,245.3602008813169,342.99317382559013,10715,0.24422669293348978,38,0.2609385788627858,False,top_14_by_validation_H10_Score
val,39,38,3,0.23850214256917626,238.2713001686009,338.085995182524,2801,0.2435258645862473,39,0.2609385788627858,False,top_14_by_validation_H10_Score
val,39,38,6,0.24117652289670538,240.01676085507262,340.9082269663809,5602,0.2435258645862473,39,0.2609385788627858,False,top_14_by_validation_H10_Score
val,39,38,10,0.2435258645862473,242.09157131502957,344.65602110569915,9335,0.2435258645862473,39,0.2609385788627858,False,top_14_by_validation_H10_Score
val,40,39,3,0.22180300994165034,220.94328127992077,315.58060458492326,3306,0.22603911085550465,69,0.2609385788627858,False,top_14_by_validation_H10_Score
val,40,39,6,0.22380664610595224,222.67022398157945,318.38594729583747,6609,0.22603911085550465,69,0.2609385788627858,False,top_14_by_validation_H10_Score
val,40,39,10,0.22603911085550465,224.94708387826455,322.26929874374264,11008,0.22603911085550465,69,0.2609385788627858,False,top_14_by_validation_H10_Score
val,41,40,3,0.22576224610343332,224.82789398921742,320.9650291660758,3183,0.23006936152901158,58,0.2609385788627858,False,top_14_by_validation_H10_Score
val,41,40,6,0.22745434941670697,226.5139779437526,323.77688390266104,6363,0.23006936152901158,58,0.2609385788627858,False,top_14_by_validation_H10_Score
val,41,40,10,0.23006936152901158,228.73330648470503,327.5311733724477,10598,0.23006936152901158,58,0.2609385788627858,False,top_14_by_validation_H10_Score
val,42,41,3,0.21770932257833803,216.4633016351499,310.4599625825503,3241,0.22361445257610485,75,0.2609385788627858,False,top_14_by_validation_H10_Score
val,42,41,6,0.22077592782311875,218.14716370393188,313.20094072058146,6479,0.22361445257610485,75,0.2609385788627858,False,top_14_by_validation_H10_Score
val,42,41,10,0.22361445257610485,220.37715583209683,316.83247255100446,10788,0.22361445257610485,75,0.2609385788627858,False,top_14_by_validation_H10_Score
val,43,42,3,0.22529115387634807,223.99169860070901,317.6997659361991,3233,0.2311426964561417,55,0.2609385788627858,False,top_14_by_validation_H10_Score
val,43,42,6,0.22804723888534367,225.81510786444488,320.57470099967696,6463,0.2311426964561417,55,0.2609385788627858,False,top_14_by_validation_H10_Score
val,43,42,10,0.2311426964561417,228.20770084306918,324.30300818790835,10763,0.2311426964561417,55,0.2609385788627858,False,top_14_by_validation_H10_Score
val,44,43,3,0.22944295051182703,227.64714597885174,320.25495753082686,3218,0.23645876294799606,46,0.2609385788627858,False,top_14_by_validation_H10_Score
val,44,43,6,0.2330754106937537,229.6192169774659,323.2622546841773,6433,0.23645876294799606,46,0.2609385788627858,False,top_14_by_validation_H10_Score
val,44,43,10,0.23645876294799606,232.1329889249076,327.1318926085999,10712,0.23645876294799606,46,0.2609385788627858,False,top_14_by_validation_H10_Score
val,45,44,3,0.25099862877394974,248.42692524587048,344.11420393276114,3217,0.2554429986150545,21,0.2609385788627858,False,top_14_by_validation_H10_Score
val,45,44,6,0.2538350014064339,250.7159336898583,347.22304703055806,6431,0.2554429986150545,21,0.2609385788627858,False,top_14_by_validation_H10_Score
val,45,44,10,0.2554429986150545,253.50413113279228,351.17514756218446,10709,0.2554429986150545,21,0.2609385788627858,False,top_14_by_validation_H10_Score
val,46,45,3,0.24047167744512876,238.18219048823258,333.2222926015118,3220,0.24543407925714755,34,0.2609385788627858,False,top_14_by_validation_H10_Score
val,46,45,6,0.24366094865224355,240.2353282746125,336.21672497494046,6437,0.24543407925714755,34,0.2609385788627858,False,top_14_by_validation_H10_Score
val,46,45,10,0.24543407925714755,242.81754919599686,339.9585818584144,10720,0.24543407925714755,34,0.2609385788627858,False,top_14_by_validation_H10_Score
val,47,46,3,0.24592616810008042,243.23959917778672,345.4728081121091,3265,0.25017507092512536,29,0.2609385788627858,False,top_14_by_validation_H10_Score
val,47,46,6,0.2483832977793509,245.2788342054935,348.506039736521,6527,0.25017507092512536,29,0.2609385788627858,False,top_14_by_validation_H10_Score
val,47,46,10,0.25017507092512536,247.8467090312671,352.535121229127,10876,0.25017507092512536,29,0.2609385788627858,False,top_14_by_validation_H10_Score
val,48,47,3,0.23171410427922998,229.766627159097,320.91866377425856,3305,0.23680475645763588,45,0.2609385788627858,False,top_14_by_validation_H10_Score
val,48,47,6,0.23486128221471056,231.61113078295688,323.6972638075103,6607,0.23680475645763588,45,0.2609385788627858,False,top_14_by_validation_H10_Score
val,48,47,10,0.23680475645763588,233.77751328998866,327.0030708215418,11004,0.23680475645763588,45,0.2609385788627858,False,top_14_by_validation_H10_Score
val,49,48,3,0.2265227167597824,225.1785701764102,316.99879669977946,3939,0.23300295382418432,49,0.2609385788627858,False,top_14_by_validation_H10_Score
val,49,48,6,0.22961594299063356,226.96257133251913,319.6543123698794,7878,0.23300295382418432,49,0.2609385788627858,False,top_14_by_validation_H10_Score
val,49,48,10,0.23300295382418432,229.01595550477708,322.8309629628863,13124,0.23300295382418432,49,0.2609385788627858,False,top_14_by_validation_H10_Score
val,50,49,3,0.23965955380892703,237.84525060967957,331.46383458777075,3210,0.2442633506400425,37,0.2609385788627858,False,top_14_by_validation_H10_Score
val,50,49,6,0.24230563702285193,239.72036883575868,334.3025964696597,6417,0.2442633506400425,37,0.2609385788627858,False,top_14_by_validation_H10_Score
val,50,49,10,0.2442633506400425,242.09746151384445,337.9457877070874,10686,0.2442633506400425,37,0.2609385788627858,False,top_14_by_validation_H10_Score
val,51,50,3,0.245486973796352,242.7753639754237,345.20889431897103,3251,0.2514038341446579,25,0.2609385788627858,False,top_14_by_validation_H10_Score
val,51,50,6,0.24837104875420749,244.68601730235918,348.2027133608569,6499,0.2514038341446579,25,0.2609385788627858,False,top_14_by_validation_H10_Score
val,51,50,10,0.2514038341446579,247.08364401549557,352.14198510589796,10820,0.2514038341446579,25,0.2609385788627858,False,top_14_by_validation_H10_Score
val,52,51,3,0.23893043488011817,236.80729026832503,331.50355215823674,3190,0.24334589094021508,40,0.2609385788627858,False,top_14_by_validation_H10_Score
val,52,51,6,0.2406884693542314,238.64477406600128,334.34551528279036,6377,0.24334589094021508,40,0.2609385788627858,False,top_14_by_validation_H10_Score
val,52,51,10,0.24334589094021508,240.9815998609123,337.8370537085886,10624,0.24334589094021508,40,0.2609385788627858,False,top_14_by_validation_H10_Score
val,53,52,3,0.23019674907068077,228.17771026778948,319.6080098236234,3408,0.23420237824994644,48,0.2609385788627858,False,top_14_by_validation_H10_Score
val,53,52,6,0.23227071296868865,230.11435477197242,322.3835856463661,6813,0.23420237824994644,48,0.2609385788627858,False,top_14_by_validation_H10_Score
val,53,52,10,0.23420237824994644,232.3885407036183,325.86464364643876,11348,0.23420237824994644,48,0.2609385788627858,False,top_14_by_validation_H10_Score
val,54,53,3,0.21557423771940604,213.4140943397931,304.85323067356984,3441,0.22161066473309393,79,0.2609385788627858,False,top_14_by_validation_H10_Score
val,54,53,6,0.21857626839430694,215.1445534599804,307.4960460525582,6879,0.22161066473309393,79,0.2609385788627858,False,top_14_by_validation_H10_Score
val,54,53,10,0.22161066473309393,217.2981398931399,310.8909899198801,11451,0.22161066473309393,79,0.2609385788627858,False,top_14_by_validation_H10_Score
val,55,54,3,0.22557830316101082,224.2069236669141,326.321519145334,3113,0.22941599183956243,62,0.2609385788627858,False,top_14_by_validation_H10_Score
val,55,54,6,0.22774085259908416,225.72925013860745,328.96493359938256,6223,0.22941599183956243,62,0.2609385788627858,False,top_14_by_validation_H10_Score
val,55,54,10,0.22941599183956243,227.53137559793313,332.2038049756771,10364,0.22941599183956243,62,0.2609385788627858,False,top_14_by_validation_H10_Score
val,56,55,3,0.22523590043414282,222.38850042836913,314.90604140154437,3348,0.23018677029542522,57,0.2609385788627858,False,top_14_by_validation_H10_Score
val,56,55,6,0.22809294653501125,224.0055687807664,317.4575378575441,6693,0.23018677029542522,57,0.2609385788627858,False,top_14_by_validation_H10_Score
val,56,55,10,0.23018677029542522,226.02271997026733,320.7887223725596,11143,0.23018677029542522,57,0.2609385788627858,False,top_14_by_validation_H10_Score
val,57,56,3,0.22927738740613,227.9777121468241,320.2691493710651,3275,0.23263393006273733,50,0.2609385788627858,False,top_14_by_validation_H10_Score
val,57,56,6,0.23107357733745432,229.73581740729782,323.0199107258828,6547,0.23263393006273733,50,0.2609385788627858,False,top_14_by_validation_H10_Score
val,57,56,10,0.23263393006273733,231.92431826533803,326.7169632100408,10898,0.23263393006273733,50,0.2609385788627858,False,top_14_by_validation_H10_Score
val,58,57,3,0.22074494920694337,219.45185052078912,316.5234200510909,3995,0.22749144728113732,66,0.2609385788627858,False,top_14_by_validation_H10_Score
val,58,57,6,0.22390761737943327,221.2062976410214,319.2661875666032,7990,0.22749144728113732,66,0.2609385788627858,False,top_14_by_validation_H10_Score
val,58,57,10,0.22749144728113732,223.48156014234743,322.9722495545826,13312,0.22749144728113732,66,0.2609385788627858,False,top_14_by_validation_H10_Score
val,59,58,3,0.2229879216335106,221.821610993523,318.825162196311,3130,0.22559521990595233,70,0.2609385788627858,False,top_14_by_validation_H10_Score
val,59,58,6,0.22468544732419377,223.5111851334448,321.5663309966179,6257,0.22559521990595233,70,0.2609385788627858,False,top_14_by_validation_H10_Score
val,59,58,10,0.22559521990595233,225.50930780647028,324.9213501542228,10419,0.22559521990595233,70,0.2609385788627858,False,top_14_by_validation_H10_Score
val,60,59,3,0.23188393430212276,229.7521039198339,321.57408035726405,2875,0.23512754023748986,47,0.2609385788627858,False,top_14_by_validation_H10_Score
val,60,59,6,0.23340126554672272,231.41797130806162,324.221377659289,5747,0.23512754023748986,47,0.2609385788627858,False,top_14_by_validation_H10_Score
val,60,59,10,0.23512754023748986,233.36835252874636,327.5813958904813,9570,0.23512754023748986,47,0.2609385788627858,False,top_14_by_validation_H10_Score
val,61,60,3,0.22519157092534345,223.03866850174109,316.2880708410248,3177,0.22752130442305585,65,0.2609385788627858,False,top_14_by_validation_H10_Score
val,61,60,6,0.22670438293738174,224.66723544063427,319.0054774920038,6351,0.22752130442305585,65,0.2609385788627858,False,top_14_by_validation_H10_Score
val,61,60,10,0.22752130442305585,226.62181385948264,322.41256014552715,10574,0.22752130442305585,65,0.2609385788627858,False,top_14_by_validation_H10_Score
val,62,61,3,0.22793150845518614,227.07766524589582,321.6888284072754,3298,0.22999165074816139,59,0.2609385788627858,False,top_14_by_validation_H10_Score
val,62,61,6,0.2289397997496613,228.82308512159912,324.468654490519,6593,0.22999165074816139,59,0.2609385788627858,False,top_14_by_validation_H10_Score
val,62,61,10,0.22999165074816139,230.95038686093045,327.73667569739735,10977,0.22999165074816139,59,0.2609385788627858,False,top_14_by_validation_H10_Score
val,63,62,3,0.22706064437818332,225.36453926529822,324.90357089474685,3175,0.22968481536190966,61,0.2609385788627858,False,top_14_by_validation_H10_Score
val,63,62,6,0.22922391310076057,226.98934087139202,327.6874309407056,6347,0.22968481536190966,61,0.2609385788627858,False,top_14_by_validation_H10_Score
val,63,62,10,0.22968481536190966,229.14297780731363,331.55674695496424,10570,0.22968481536190966,61,0.2609385788627858,False,top_14_by_validation_H10_Score
val,64,63,3,0.19925476463750003,196.56892511386798,271.122045098029,3124,0.20314039531686437,117,0.2609385788627858,False,top_14_by_validation_H10_Score
val,64,63,6,0.20151461006281038,198.06126474548546,273.3440394583908,6245,0.20314039531686437,117,0.2609385788627858,False,top_14_by_validation_H10_Score
val,64,63,10,0.20314039531686437,199.89849057517606,276.0816437727437,10402,0.20314039531686437,117,0.2609385788627858,False,top_14_by_validation_H10_Score
val,65,64,3,0.2107499640591983,209.991589104325,297.1493475560593,3335,0.21510252462119936,95,0.2609385788627858,False,top_14_by_validation_H10_Score
val,65,64,6,0.21278302504766802,211.85855473355588,299.9268071158062,6667,0.21510252462119936,95,0.2609385788627858,False,top_14_by_validation_H10_Score
val,65,64,10,0.21510252462119936,214.3063694788236,303.59111943934124,11107,0.21510252462119936,95,0.2609385788627858,False,top_14_by_validation_H10_Score
val,66,65,3,0.22072773221775513,219.41530857526988,309.7440420250463,3260,0.22473192406882853,72,0.2609385788627858,False,top_14_by_validation_H10_Score
val,66,65,6,0.22282320811580889,221.27526984351047,312.58888485933335,6517,0.22473192406882853,72,0.2609385788627858,False,top_14_by_validation_H10_Score
val,66,65,10,0.22473192406882853,223.64970604091786,316.5452170490364,10855,0.22473192406882853,72,0.2609385788627858,False,top_14_by_validation_H10_Score
val,67,66,3,0.2120426483580135,209.81553301468696,298.5090994765646,3409,0.21634109911508273,92,0.2609385788627858,False,top_14_by_validation_H10_Score
val,67,66,6,0.21440179117286676,211.54235541639153,301.2833107046374,6815,0.21634109911508273,92,0.2609385788627858,False,top_14_by_validation_H10_Score
val,67,66,10,0.21634109911508273,213.61327898216243,304.8421147633447,11354,0.21634109911508273,92,0.2609385788627858,False,top_14_by_validation_H10_Score
val,68,67,3,0.20817141694871505,206.09456592799825,291.5685222378134,3336,0.2121086609309058,104,0.2609385788627858,False,top_14_by_validation_H10_Score
val,68,67,6,0.21033749376442543,207.78799058809264,294.31284899601957,6669,0.2121086609309058,104,0.2609385788627858,False,top_14_by_validation_H10_Score
val,68,67,10,0.2121086609309058,209.93116221587763,298.02603835694885,11105,0.2121086609309058,104,0.2609385788627858,False,top_14_by_validation_H10_Score
val,69,68,3,0.24576088500915047,242.45808833257058,339.0092903725615,3363,0.25115597857487626,26,0.2609385788627858,False,top_14_by_validation_H10_Score
val,69,68,6,0.2490705059492863,244.63367756650186,342.0993283934535,6723,0.25115597857487626,26,0.2609385788627858,False,top_14_by_validation_H10_Score
val,69,68,10,0.25115597857487626,247.40300279252497,345.8365001623591,11200,0.25115597857487626,26,0.2609385788627858,False,top_14_by_validation_H10_Score
val,70,69,3,0.2809223396590468,278.9430323394271,384.97093630729347,3096,0.2859739989968973,1,0.2609385788627858,True,top_14_by_validation_H10_Score
val,70,69,6,0.28397684061324496,281.2754262438073,388.313498532999,6189,0.2859739989968973,1,0.2609385788627858,True,top_14_by_validation_H10_Score
val,70,69,10,0.2859739989968973,284.01990563397936,392.3134080642338,10307,0.2859739989968973,1,0.2609385788627858,True,top_14_by_validation_H10_Score
val,71,70,3,0.2605164896733358,258.8433405563661,360.6155599760337,3500,0.2657015096664661,8,0.2609385788627858,True,top_14_by_validation_H10_Score
val,71,70,6,0.26328572389747157,261.1513537260163,363.90868486267544,6997,0.2657015096664661,8,0.2609385788627858,True,top_14_by_validation_H10_Score
val,71,70,10,0.2657015096664661,263.9498960633346,367.8943034687888,11652,0.2657015096664661,8,0.2609385788627858,True,top_14_by_validation_H10_Score
val,72,71,3,0.23893867109064096,236.37296766890293,329.1350830438238,3212,0.242962350776547,41,0.2609385788627858,False,top_14_by_validation_H10_Score
val,72,71,6,0.24120331011339194,238.2652657682874,332.0068458211986,6421,0.242962350776547,41,0.2609385788627858,False,top_14_by_validation_H10_Score
val,72,71,10,0.242962350776547,240.8409901791158,335.6676837540086,10698,0.242962350776547,41,0.2609385788627858,False,top_14_by_validation_H10_Score
val,73,72,3,0.22633833474503576,224.4088549228303,313.06630769385816,3498,0.23191936843653083,53,0.2609385788627858,False,top_14_by_validation_H10_Score
val,73,72,6,0.22927800595085232,226.20245039224062,315.6949381262602,6996,0.23191936843653083,53,0.2609385788627858,False,top_14_by_validation_H10_Score
val,73,72,10,0.23191936843653083,228.505038330169,319.0279619522644,11661,0.23191936843653083,53,0.2609385788627858,False,top_14_by_validation_H10_Score
val,74,73,3,0.22347528924013804,220.95172449341112,312.1106234398113,3481,0.22832962858834088,64,0.2609385788627858,False,top_14_by_validation_H10_Score
val,74,73,6,0.22571002373154653,222.79882047474942,314.79981139778124,6959,0.22832962858834088,64,0.2609385788627858,False,top_14_by_validation_H10_Score
val,74,73,10,0.22832962858834088,225.0956732083299,318.24596173846066,11586,0.22832962858834088,64,0.2609385788627858,False,top_14_by_validation_H10_Score
val,75,74,3,0.22532012158060866,221.90941229832595,300.029457080191,3057,0.23150138969134704,54,0.2609385788627858,False,top_14_by_validation_H10_Score
val,75,74,6,0.22871992534008156,223.7738552769386,302.53622746620755,6111,0.23150138969134704,54,0.2609385788627858,False,top_14_by_validation_H10_Score
val,75,74,10,0.23150138969134704,225.88137123829418,305.3280215621229,10172,0.23150138969134704,54,0.2609385788627858,False,top_14_by_validation_H10_Score
val,76,75,3,0.1787934001729292,176.78237796199468,259.60203900129375,3206,0.18266311940356858,130,0.2609385788627858,False,top_14_by_validation_H10_Score
val,76,75,6,0.1809506227640399,178.1729534793071,261.874420658309,6409,0.18266311940356858,130,0.2609385788627858,False,top_14_by_validation_H10_Score
val,76,75,10,0.18266311940356858,179.80970722623636,264.7749967666253,10670,0.18266311940356858,130,0.2609385788627858,False,top_14_by_validation_H10_Score
val,77,76,3,0.22755451595293638,225.34729318194746,324.237403926364,3122,0.2324281137493807,51,0.2609385788627858,False,top_14_by_validation_H10_Score
val,77,76,6,0.2305564407493857,227.02715925470488,327.1007106093984,6241,0.2324281137493807,51,0.2609385788627858,False,top_14_by_validation_H10_Score
val,77,76,10,0.2324281137493807,228.8929691449245,330.2866923451294,10395,0.2324281137493807,51,0.2609385788627858,False,top_14_by_validation_H10_Score
val,78,77,3,0.2043608702314733,202.51028773042685,285.84020675088624,3166,0.2090117219741541,108,0.2609385788627858,False,top_14_by_validation_H10_Score
val,78,77,6,0.2070455135180825,204.1132514480449,288.3240236715672,6329,0.2090117219741541,108,0.2609385788627858,False,top_14_by_validation_H10_Score
val,78,77,10,0.2090117219741541,206.0120196487309,291.5533585705302,10539,0.2090117219741541,108,0.2609385788627858,False,top_14_by_validation_H10_Score
val,79,78,3,0.21012978625973194,208.37605121208978,296.4752596496832,3098,0.21502669188267257,96,0.2609385788627858,False,top_14_by_validation_H10_Score
val,79,78,6,0.2127884316270901,210.01594284914125,299.07347349733976,6193,0.21502669188267257,96,0.2609385788627858,False,top_14_by_validation_H10_Score
val,79,78,10,0.21502669188267257,211.87908021094034,302.3218949565657,10313,0.21502669188267257,96,0.2609385788627858,False,top_14_by_validation_H10_Score
val,80,79,3,0.2108902193760439,209.93880734207448,299.03446847253275,3080,0.21363472758322793,99,0.2609385788627858,False,top_14_by_validation_H10_Score
val,80,79,6,0.21242945515696993,211.54784002794543,301.6121422370761,6157,0.21363472758322793,99,0.2609385788627858,False,top_14_by_validation_H10_Score
val,80,79,10,0.21363472758322793,213.37438538673865,304.8441845557171,10252,0.21363472758322793,99,0.2609385788627858,False,top_14_by_validation_H10_Score
val,81,80,3,0.19061103947110392,190.03847229071187,287.03721628001523,3159,0.1976855416455396,124,0.2609385788627858,False,top_14_by_validation_H10_Score
val,81,80,6,0.19346494292636637,191.51314884477893,289.46322458717367,6315,0.1976855416455396,124,0.2609385788627858,False,top_14_by_validation_H10_Score
val,81,80,10,0.1976855416455396,193.42265778979996,292.7798844697745,10514,0.1976855416455396,124,0.2609385788627858,False,top_14_by_validation_H10_Score
val,82,81,3,0.2103311111544739,208.6299454821755,313.2203283834216,2923,0.21282804827995846,102,0.2609385788627858,False,top_14_by_validation_H10_Score
val,82,81,6,0.21236602482912315,210.24924762940776,316.04118518600427,5843,0.21282804827995846,102,0.2609385788627858,False,top_14_by_validation_H10_Score
val,82,81,10,0.21282804827995846,212.13188392986874,319.5188972917742,9726,0.21282804827995846,102,0.2609385788627858,False,top_14_by_validation_H10_Score
val,83,82,3,0.23621077880080957,234.18309204787093,342.96523443085295,3076,0.24012551814302993,42,0.2609385788627858,False,top_14_by_validation_H10_Score
val,83,82,6,0.2388274969897612,236.50575927823448,346.60439604877496,6149,0.24012551814302993,42,0.2609385788627858,False,top_14_by_validation_H10_Score
val,83,82,10,0.24012551814302993,239.07780347551628,351.05991097205066,10238,0.24012551814302993,42,0.2609385788627858,False,top_14_by_validation_H10_Score
val,84,83,3,0.1948687801000763,193.20803488554492,281.3678754741421,3593,0.19844360053661955,123,0.2609385788627858,False,top_14_by_validation_H10_Score
val,84,83,6,0.19666402019874546,194.80104861720451,283.86629624162555,7186,0.19844360053661955,123,0.2609385788627858,False,top_14_by_validation_H10_Score
val,84,83,10,0.19844360053661955,196.71436116187104,286.99420874056335,11968,0.19844360053661955,123,0.2609385788627858,False,top_14_by_validation_H10_Score
val,85,84,3,0.20800387289127467,207.42522697221432,309.14656316674336,3055,0.21101809907450514,106,0.2609385788627858,False,top_14_by_validation_H10_Score
val,85,84,6,0.209506047592869,208.992182501379,311.96607816418384,6107,0.21101809907450514,106,0.2609385788627858,False,top_14_by_validation_H10_Score
val,85,84,10,0.21101809907450514,211.0043497825675,315.52036442424554,10166,0.21101809907450514,106,0.2609385788627858,False,top_14_by_validation_H10_Score
val,86,85,3,0.20143622899177854,199.9826178243574,285.0572566320997,3038,0.20436376521328775,114,0.2609385788627858,False,top_14_by_validation_H10_Score
val,86,85,6,0.2031434965973155,201.56025494651055,287.602860334629,6073,0.20436376521328775,114,0.2609385788627858,False,top_14_by_validation_H10_Score
val,86,85,10,0.20436376521328775,203.65399499210713,290.95531076385976,10110,0.20436376521328775,114,0.2609385788627858,False,top_14_by_validation_H10_Score
val,87,86,3,0.19805498667527924,198.31351156134727,285.5891042378863,3461,0.2022403995374684,118,0.2609385788627858,False,top_14_by_validation_H10_Score
val,87,86,6,0.1997232519087896,199.8992455941561,288.15265829668175,6919,0.2022403995374684,118,0.2609385788627858,False,top_14_by_validation_H10_Score
val,87,86,10,0.2022403995374684,201.90801344615838,291.3427103337948,11521,0.2022403995374684,118,0.2609385788627858,False,top_14_by_validation_H10_Score
val,88,87,3,0.19536336108274452,193.2269636651438,266.19244692130763,3134,0.19898287493931618,121,0.2609385788627858,False,top_14_by_validation_H10_Score
val,88,87,6,0.19717368481985872,194.54070047236925,268.2042140204379,6265,0.19898287493931618,121,0.2609385788627858,False,top_14_by_validation_H10_Score
val,88,87,10,0.19898287493931618,196.10672598042672,270.5934721595804,10431,0.19898287493931618,121,0.2609385788627858,False,top_14_by_validation_H10_Score
val,89,88,3,0.2152925052363605,215.57964853980403,318.7591623677696,3107,0.2189878064691594,86,0.2609385788627858,False,top_14_by_validation_H10_Score
val,89,88,6,0.21738185254674644,217.1805638711341,321.59743392777114,6211,0.2189878064691594,86,0.2609385788627858,False,top_14_by_validation_H10_Score
val,89,88,10,0.2189878064691594,219.29374737488536,325.46176055810923,10342,0.2189878064691594,86,0.2609385788627858,False,top_14_by_validation_H10_Score
val,90,89,3,0.1992071455207137,197.23646503159318,284.5901061170194,3265,0.20487576564081125,112,0.2609385788627858,False,top_14_by_validation_H10_Score
val,90,89,6,0.20202786612062507,198.8608905089697,287.1382583427498,6527,0.20487576564081125,112,0.2609385788627858,False,top_14_by_validation_H10_Score
val,90,89,10,0.20487576564081125,201.03291666143556,290.6418098608478,10866,0.20487576564081125,112,0.2609385788627858,False,top_14_by_validation_H10_Score
val,91,90,3,0.20717852646842022,205.0456155439911,287.59198455433585,3154,0.21325001162305965,101,0.2609385788627858,False,top_14_by_validation_H10_Score
val,91,90,6,0.2103783992306994,206.6886688378952,290.0997988838689,6305,0.21325001162305965,101,0.2609385788627858,False,top_14_by_validation_H10_Score
val,91,90,10,0.21325001162305965,208.66109064751348,293.26237304426206,10499,0.21325001162305965,101,0.2609385788627858,False,top_14_by_validation_H10_Score
val,92,91,3,0.16997201006612214,168.4042436642092,257.0594435450954,3008,0.173691421231164,133,0.2609385788627858,False,top_14_by_validation_H10_Score
val,92,91,6,0.1720648157556796,169.79408381885278,259.45821482147295,6013,0.173691421231164,133,0.2609385788627858,False,top_14_by_validation_H10_Score
val,92,91,10,0.173691421231164,171.5495154941474,262.73494272642785,10011,0.173691421231164,133,0.2609385788627858,False,top_14_by_validation_H10_Score
val,93,92,3,0.20186574100307916,200.34502603543766,289.76864920651525,2937,0.2042194192436087,115,0.2609385788627858,False,top_14_by_validation_H10_Score
val,93,92,6,0.20313383614454816,201.92341678010135,292.3671617028593,5871,0.2042194192436087,115,0.2609385788627858,False,top_14_by_validation_H10_Score
val,93,92,10,0.2042194192436087,204.11099133875655,295.9369382508236,9774,0.2042194192436087,115,0.2609385788627858,False,top_14_by_validation_H10_Score
val,94,93,3,0.2035314142533596,200.89907525726093,276.700552676799,3025,0.20872423359767364,110,0.2609385788627858,False,top_14_by_validation_H10_Score
val,94,93,6,0.2064844677815075,202.41408488516652,279.1133132048306,6047,0.20872423359767364,110,0.2609385788627858,False,top_14_by_validation_H10_Score
val,94,93,10,0.20872423359767364,204.4212610956844,282.32091091854056,10073,0.20872423359767364,110,0.2609385788627858,False,top_14_by_validation_H10_Score
val,95,94,3,0.24650927695444672,242.52527830645496,337.3921321654503,2998,0.2504690584619267,27,0.2609385788627858,False,top_14_by_validation_H10_Score
val,95,94,6,0.24911364635996558,244.34383268621215,340.32403822349386,5993,0.2504690584619267,27,0.2609385788627858,False,top_14_by_validation_H10_Score
val,95,94,10,0.2504690584619267,246.92688173013104,344.30573318278346,9978,0.2504690584619267,27,0.2609385788627858,False,top_14_by_validation_H10_Score
val,96,95,3,0.1751895854969702,173.28658488976956,255.8589432048502,2875,0.17738244699786465,132,0.2609385788627858,False,top_14_by_validation_H10_Score
val,96,95,6,0.1764771748540804,174.5287243086026,258.0659019367674,5747,0.17738244699786465,132,0.2609385788627858,False,top_14_by_validation_H10_Score
val,96,95,10,0.17738244699786465,176.16377505132698,261.1798285108888,9576,0.17738244699786465,132,0.2609385788627858,False,top_14_by_validation_H10_Score
val,97,96,3,0.16582126474442313,164.846676510616,244.37457926415172,2888,0.16745080700586165,134,0.2609385788627858,False,top_14_by_validation_H10_Score
val,97,96,6,0.16684247484112655,166.02055844939397,246.48861554572164,5773,0.16745080700586165,134,0.2609385788627858,False,top_14_by_validation_H10_Score
val,97,96,10,0.16745080700586165,167.35208219145906,249.14163091990295,9615,0.16745080700586165,134,0.2609385788627858,False,top_14_by_validation_H10_Score
val,98,97,3,0.21764652561327977,215.87745456546324,304.4932262971544,3191,0.22260937267674913,77,0.2609385788627858,False,top_14_by_validation_H10_Score
val,98,97,6,0.2200652761601779,217.35051260778633,306.9593802471632,6382,0.22260937267674913,77,0.2609385788627858,False,top_14_by_validation_H10_Score
val,98,97,10,0.22260937267674913,219.09981611181203,310.177234776447,10633,0.22260937267674913,77,0.2609385788627858,False,top_14_by_validation_H10_Score
val,99,98,3,0.18201059079580098,179.55531747181175,272.23051008916906,3223,0.1860330809196612,127,0.2609385788627858,False,top_14_by_validation_H10_Score
val,99,98,6,0.18429813129607286,180.928576338027,274.6807741453033,6443,0.1860330809196612,127,0.2609385788627858,False,top_14_by_validation_H10_Score
val,99,98,10,0.1860330809196612,182.58028288799048,278.07411454170204,10721,0.1860330809196612,127,0.2609385788627858,False,top_14_by_validation_H10_Score
val,100,99,3,0.19553432456217557,193.82551075185472,278.811281702934,2803,0.19669177268253904,125,0.2609385788627858,False,top_14_by_validation_H10_Score
val,100,99,6,0.19606410415478137,195.3414310325328,281.33063644716145,5603,0.19669177268253904,125,0.2609385788627858,False,top_14_by_validation_H10_Score
val,100,99,10,0.19669177268253904,197.167553617991,284.81697074058354,9333,0.19669177268253904,125,0.2609385788627858,False,top_14_by_validation_H10_Score
val,101,100,3,0.2130376072328118,211.18847865889495,299.04491463429525,3139,0.21531007563136256,93,0.2609385788627858,False,top_14_by_validation_H10_Score
val,101,100,6,0.21483215819868504,212.69253248118517,301.4974639565521,6275,0.21531007563136256,93,0.2609385788627858,False,top_14_by_validation_H10_Score
val,101,100,10,0.21531007563136256,214.44488060359492,304.7060951834054,10450,0.21531007563136256,93,0.2609385788627858,False,top_14_by_validation_H10_Score
val,102,101,3,0.2148037532852635,212.460193192565,303.17631554956074,3144,0.21723958115089756,90,0.2609385788627858,False,top_14_by_validation_H10_Score
val,102,101,6,0.21639172180384375,214.01285755820425,305.7401716653701,6285,0.21723958115089756,90,0.2609385788627858,False,top_14_by_validation_H10_Score
val,102,101,10,0.21723958115089756,215.8361653768729,309.03098199330003,10461,0.21723958115089756,90,0.2609385788627858,False,top_14_by_validation_H10_Score
val,103,102,3,0.20660543065213557,205.33948313092694,293.06987666301467,3292,0.20942265520060757,107,0.2609385788627858,False,top_14_by_validation_H10_Score
val,103,102,6,0.2082604193863621,206.78495647975276,295.5068137577273,6581,0.20942265520060757,107,0.2609385788627858,False,top_14_by_validation_H10_Score
val,103,102,10,0.20942265520060757,208.39831328172048,298.5000968707112,10960,0.20942265520060757,107,0.2609385788627858,False,top_14_by_validation_H10_Score
val,104,103,3,0.21676253549433053,215.45002124931915,305.12293946686066,3011,0.22026008356282054,84,0.2609385788627858,False,top_14_by_validation_H10_Score
val,104,103,6,0.2183476819941834,216.95810032797962,307.6570975924676,6019,0.22026008356282054,84,0.2609385788627858,False,top_14_by_validation_H10_Score
val,104,103,10,0.22026008356282054,218.80887341686133,310.8627695212064,10019,0.22026008356282054,84,0.2609385788627858,False,top_14_by_validation_H10_Score
val,105,104,3,0.21629168329455165,216.34684319651961,307.230431211216,3015,0.21921100348280298,85,0.2609385788627858,False,top_14_by_validation_H10_Score
val,105,104,6,0.21748143041712809,217.85248619096822,309.83408116905605,6027,0.21921100348280298,85,0.2609385788627858,False,top_14_by_validation_H10_Score
val,105,104,10,0.21921100348280298,219.65382010495478,313.079868348093,10032,0.21921100348280298,85,0.2609385788627858,False,top_14_by_validation_H10_Score
val,106,105,3,0.21000833200485675,209.212900102329,315.8741015438278,3012,0.215245715701898,94,0.2609385788627858,False,top_14_by_validation_H10_Score
val,106,105,6,0.21271735159477756,210.72179212696383,318.73012906689917,6021,0.215245715701898,94,0.2609385788627858,False,top_14_by_validation_H10_Score
val,106,105,10,0.215245715701898,212.63279101342223,322.67732669227905,10025,0.215245715701898,94,0.2609385788627858,False,top_14_by_validation_H10_Score
val,107,106,3,0.20256882257380868,201.73216712755286,293.00709697069897,3318,0.2045576497019051,113,0.2609385788627858,False,top_14_by_validation_H10_Score
val,107,106,6,0.2034713631933151,203.14747852630398,295.47094987831116,6633,0.2045576497019051,113,0.2609385788627858,False,top_14_by_validation_H10_Score
val,107,106,10,0.2045576497019051,204.90061208964434,298.68394810393613,11045,0.2045576497019051,113,0.2609385788627858,False,top_14_by_validation_H10_Score
val,108,107,3,0.21310224577320944,211.83764946590378,303.47840089592984,3083,0.21710183563076618,91,0.2609385788627858,False,top_14_by_validation_H10_Score
val,108,107,6,0.2152213923652472,213.40257999368657,306.14052788802724,6163,0.21710183563076618,91,0.2609385788627858,False,top_14_by_validation_H10_Score
val,108,107,10,0.21710183563076618,215.29913914514816,309.58530416658436,10267,0.21710183563076618,91,0.2609385788627858,False,top_14_by_validation_H10_Score
val,109,108,3,0.19424012621756756,191.85528635547885,280.0755339097861,3330,0.19869585205799672,122,0.2609385788627858,False,top_14_by_validation_H10_Score
val,109,108,6,0.19656724700457848,193.29437156541243,282.4668510624048,6657,0.19869585205799672,122,0.2609385788627858,False,top_14_by_validation_H10_Score
val,109,108,10,0.19869585205799672,195.2410618073343,285.7162333226351,11082,0.19869585205799672,122,0.2609385788627858,False,top_14_by_validation_H10_Score
val,110,109,3,0.20741349661474673,206.13104367101022,296.0535810994138,3172,0.21340516128082085,100,0.2609385788627858,False,top_14_by_validation_H10_Score
val,110,109,6,0.21074989784323703,207.7433344203373,298.6872781954531,6341,0.21340516128082085,100,0.2609385788627858,False,top_14_by_validation_H10_Score
val,110,109,10,0.21340516128082085,209.92780443327214,302.3614120209347,10553,0.21340516128082085,100,0.2609385788627858,False,top_14_by_validation_H10_Score
val,111,110,3,0.1963840858315149,195.14138683875865,283.80278994930813,3225,0.20200614949146076,119,0.2609385788627858,False,top_14_by_validation_H10_Score
val,111,110,6,0.1992077819918133,196.6939610145791,286.34109626258254,6447,0.20200614949146076,119,0.2609385788627858,False,top_14_by_validation_H10_Score
val,111,110,10,0.20200614949146076,198.58594035511106,289.49690495926995,10735,0.20200614949146076,119,0.2609385788627858,False,top_14_by_validation_H10_Score
val,112,111,3,0.1971831231689749,195.71905985359064,284.9562043568136,3186,0.20187527212528505,120,0.2609385788627858,False,top_14_by_validation_H10_Score
val,112,111,6,0.19993403377171595,197.26435365801254,287.5421649979686,6369,0.20187527212528505,120,0.2609385788627858,False,top_14_by_validation_H10_Score
val,112,111,10,0.20187527212528505,199.11298336831467,290.585307304644,10608,0.20187527212528505,120,0.2609385788627858,False,top_14_by_validation_H10_Score
val,113,112,3,0.21555195822997697,213.05188602276738,292.82080681447144,3172,0.22069055891067663,82,0.2609385788627858,False,top_14_by_validation_H10_Score
val,113,112,6,0.21876673509892883,214.75709073172678,295.2995837040311,6341,0.22069055891067663,82,0.2609385788627858,False,top_14_by_validation_H10_Score
val,113,112,10,0.22069055891067663,217.05257311504937,298.5987431555495,10554,0.22069055891067663,82,0.2609385788627858,False,top_14_by_validation_H10_Score
val,114,113,3,0.233480246248333,231.45865050593343,333.1328106078425,3163,0.23911504366394515,44,0.2609385788627858,False,top_14_by_validation_H10_Score
val,114,113,6,0.23655247767381507,233.22418008492966,335.97600347131015,6323,0.23911504366394515,44,0.2609385788627858,False,top_14_by_validation_H10_Score
val,114,113,10,0.23911504366394515,235.61885842671455,339.8296490032558,10535,0.23911504366394515,44,0.2609385788627858,False,top_14_by_validation_H10_Score
val,115,114,3,0.17716458647878677,176.8926866142932,261.0076771237761,2848,0.1804626390909215,131,0.2609385788627858,False,top_14_by_validation_H10_Score
val,115,114,6,0.1786821112684871,178.2711810482322,263.3403814145868,5693,0.1804626390909215,131,0.2609385788627858,False,top_14_by_validation_H10_Score
val,115,114,10,0.1804626390909215,180.16184901692884,266.5454058687198,9480,0.1804626390909215,131,0.2609385788627858,False,top_14_by_validation_H10_Score
val,116,115,3,0.1795984898491642,177.40075281043434,261.4597682311402,2962,0.18356393952627578,129,0.2609385788627858,False,top_14_by_validation_H10_Score
val,116,115,6,0.18184421583135685,178.69281158077624,263.69438499915924,5921,0.18356393952627578,129,0.2609385788627858,False,top_14_by_validation_H10_Score
val,116,115,10,0.18356393952627578,180.37332840223712,266.6907294102168,9858,0.18356393952627578,129,0.2609385788627858,False,top_14_by_validation_H10_Score
val,117,116,3,0.210657061178957,210.09374268230758,294.09970438790873,2932,0.21268225329869597,103,0.2609385788627858,False,top_14_by_validation_H10_Score
val,117,116,6,0.21186411439532554,211.71202630968534,296.7238183890554,5861,0.21268225329869597,103,0.2609385788627858,False,top_14_by_validation_H10_Score
val,117,116,10,0.21268225329869597,213.86410038173887,300.42009987344306,9755,0.21268225329869597,103,0.2609385788627858,False,top_14_by_validation_H10_Score
val,118,117,3,0.2249118138103668,222.42842032788212,315.24894789842625,3052,0.2297536604878353,60,0.2609385788627858,False,top_14_by_validation_H10_Score
val,118,117,6,0.2279492045904353,223.94413376966523,317.83657356910817,6101,0.2297536604878353,60,0.2609385788627858,False,top_14_by_validation_H10_Score
val,118,117,10,0.2297536604878353,225.7830598797144,321.165249413379,10162,0.2297536604878353,60,0.2609385788627858,False,top_14_by_validation_H10_Score
val,119,118,3,0.1835675854893653,181.93712597186413,265.37046643840654,3301,0.1878832949253061,126,0.2609385788627858,False,top_14_by_validation_H10_Score
val,119,118,6,0.18601327257687103,183.18475169188295,267.41312524877384,6599,0.1878832949253061,126,0.2609385788627858,False,top_14_by_validation_H10_Score
val,119,118,10,0.1878832949253061,184.8518172543936,270.1181198456805,10991,0.1878832949253061,126,0.2609385788627858,False,top_14_by_validation_H10_Score
val,120,119,3,0.1824304928574725,181.01394759252196,264.57769441549567,3155,0.18479871940154097,128,0.2609385788627858,False,top_14_by_validation_H10_Score
val,120,119,6,0.18366073028864607,182.32442332231386,266.86160700528916,6307,0.18479871940154097,128,0.2609385788627858,False,top_14_by_validation_H10_Score
val,120,119,10,0.18479871940154097,183.92463785405144,269.99754993237076,10500,0.18479871940154097,128,0.2609385788627858,False,top_14_by_validation_H10_Score
val,121,120,3,0.22571329909730362,223.5275608162587,309.521025707519,3053,0.22900452927827303,63,0.2609385788627858,False,top_14_by_validation_H10_Score
val,121,120,6,0.22807871936742294,225.09574434103945,312.08156716270173,6103,0.22900452927827303,63,0.2609385788627858,False,top_14_by_validation_H10_Score
val,121,120,10,0.22900452927827303,226.93528247278186,315.2054963432927,10167,0.22900452927827303,63,0.2609385788627858,False,top_14_by_validation_H10_Score
val,122,121,3,0.21506888095435625,213.28489658469726,297.74965993038126,2729,0.21808306933528418,89,0.2609385788627858,False,top_14_by_validation_H10_Score
val,122,121,6,0.21722606539398295,214.92095648178014,300.4446258354449,5455,0.21808306933528418,89,0.2609385788627858,False,top_14_by_validation_H10_Score
val,122,121,10,0.21808306933528418,216.66701354627233,303.6322104035231,9085,0.21808306933528418,89,0.2609385788627858,False,top_14_by_validation_H10_Score
val,123,122,3,0.22664038770649836,223.3891254531796,311.4854808917188,3012,0.23206014635907665,52,0.2609385788627858,False,top_14_by_validation_H10_Score
val,123,122,6,0.2299598903951402,225.02010941311403,314.09415583861255,6021,0.23206014635907665,52,0.2609385788627858,False,top_14_by_validation_H10_Score
val,123,122,10,0.23206014635907665,226.98998435538923,317.32349776858695,10029,0.23206014635907665,52,0.2609385788627858,False,top_14_by_validation_H10_Score
val,124,123,3,0.20251959618084467,201.85761170492952,298.24867957557433,2796,0.20399892784297458,116,0.2609385788627858,False,top_14_by_validation_H10_Score
val,124,123,6,0.2033489389761681,203.28247360099692,300.9459549582129,5589,0.20399892784297458,116,0.2609385788627858,False,top_14_by_validation_H10_Score
val,124,123,10,0.20399892784297458,204.84751741639025,304.263219347408,9308,0.20399892784297458,116,0.2609385788627858,False,top_14_by_validation_H10_Score
val,125,124,3,0.2198446707824179,219.2351114001162,311.3543805746417,3111,0.22389062387340608,73,0.2609385788627858,False,top_14_by_validation_H10_Score
val,125,124,6,0.2218319131503995,220.83702993408278,314.0599468407677,6219,0.22389062387340608,73,0.2609385788627858,False,top_14_by_validation_H10_Score
val,125,124,10,0.22389062387340608,222.73024656400193,317.3260434453639,10355,0.22389062387340608,73,0.2609385788627858,False,top_14_by_validation_H10_Score
val,126,125,3,0.21943695600850718,218.52869694409145,309.07890041130565,3077,0.22188576553141165,78,0.2609385788627858,False,top_14_by_validation_H10_Score
val,126,125,6,0.2210091323795525,220.11903392956438,311.6947386603076,6151,0.22188576553141165,78,0.2609385788627858,False,top_14_by_validation_H10_Score
val,126,125,10,0.22188576553141165,222.00891774589073,314.8381398858556,10240,0.22188576553141165,78,0.2609385788627858,False,top_14_by_validation_H10_Score
val,127,126,3,0.20983761106519994,207.9098865135474,298.5364083677851,3139,0.21435886602032558,98,0.2609385788627858,False,top_14_by_validation_H10_Score
val,127,126,6,0.21239298408329438,209.44785240183788,301.04786863987465,6275,0.21435886602032558,98,0.2609385788627858,False,top_14_by_validation_H10_Score
val,127,126,10,0.21435886602032558,211.33123367612885,304.1155739282475,10454,0.21435886602032558,98,0.2609385788627858,False,top_14_by_validation_H10_Score
val,128,127,3,0.2053198977879055,205.1952038070592,293.1080183671047,3201,0.20895626709665888,109,0.2609385788627858,False,top_14_by_validation_H10_Score
val,128,127,6,0.2072701786371457,206.68466289527453,295.60338717610045,6399,0.20895626709665888,109,0.2609385788627858,False,top_14_by_validation_H10_Score
val,128,127,10,0.20895626709665888,208.4352935701703,298.7349128874207,10657,0.20895626709665888,109,0.2609385788627858,False,top_14_by_validation_H10_Score
val,129,128,3,0.2142506669855473,213.22039988997602,304.5849160582906,3558,0.2186322720189606,88,0.2609385788627858,False,top_14_by_validation_H10_Score
val,129,128,6,0.21646898968172465,214.75949036705924,307.13950281269547,7116,0.2186322720189606,88,0.2609385788627858,False,top_14_by_validation_H10_Score
val,129,128,10,0.2186322720189606,216.8222241032189,310.5434116474025,11854,0.2186322720189606,88,0.2609385788627858,False,top_14_by_validation_H10_Score
val,130,129,3,0.2193966272664009,219.06421072658466,308.6732397603429,2953,0.2209178186467024,81,0.2609385788627858,False,top_14_by_validation_H10_Score
val,130,129,6,0.22007640990482547,220.68924822727342,311.35945403960346,5903,0.2209178186467024,81,0.2609385788627858,False,top_14_by_validation_H10_Score
val,130,129,10,0.2209178186467024,222.59751510669395,314.59968293445377,9828,0.2209178186467024,81,0.2609385788627858,False,top_14_by_validation_H10_Score
val,131,130,3,0.2128168292232583,212.10326362329926,301.3684078841158,3181,0.2188804883183374,87,0.2609385788627858,False,top_14_by_validation_H10_Score
val,131,130,6,0.21602552686821364,213.68695948686334,303.91865325163303,6359,0.2188804883183374,87,0.2609385788627858,False,top_14_by_validation_H10_Score
val,131,130,10,0.2188804883183374,215.62251946843682,307.0225303518748,10587,0.2188804883183374,87,0.2609385788627858,False,top_14_by_validation_H10_Score
val,132,131,3,0.21584987295060268,213.6026740255078,306.3117426595985,3360,0.22113181551497488,80,0.2609385788627858,False,top_14_by_validation_H10_Score
val,132,131,6,0.21825895027383038,215.28660719431198,309.0082603654768,6717,0.22113181551497488,80,0.2609385788627858,False,top_14_by_validation_H10_Score
val,132,131,10,0.22113181551497488,217.5273940828645,312.63144605277364,11185,0.22113181551497488,80,0.2609385788627858,False,top_14_by_validation_H10_Score
val,133,132,3,0.22479756113995522,224.02155829894127,316.8064604867363,3107,0.23025641195002708,56,0.2609385788627858,False,top_14_by_validation_H10_Score
val,133,132,6,0.22767114655136936,225.8710017171896,319.6766509632675,6211,0.23025641195002708,56,0.2609385788627858,False,top_14_by_validation_H10_Score
val,133,132,10,0.23025641195002708,228.17631500063138,323.3817760646436,10343,0.23025641195002708,56,0.2609385788627858,False,top_14_by_validation_H10_Score
val,134,133,3,0.21818932065380667,216.96111225180147,304.7699288235631,3578,0.2237783341908131,74,0.2609385788627858,False,top_14_by_validation_H10_Score
val,134,133,6,0.22097690214993224,218.74892922243325,307.5558019774035,7153,0.2237783341908131,74,0.2609385788627858,False,top_14_by_validation_H10_Score
val,134,133,10,0.2237783341908131,220.88650929135352,310.89696770389287,11907,0.2237783341908131,74,0.2609385788627858,False,top_14_by_validation_H10_Score
test,1,0,3,0.30080743463862,302.8652037681677,419.1968161510408,8778,0.2690278697136381,5,0.2609385788627858,True,top_14_by_validation_H10_Score
test,1,0,6,0.29906623176430736,306.1778498995811,424.0868976457586,17556,0.2690278697136381,5,0.2609385788627858,True,top_14_by_validation_H10_Score
test,1,0,10,0.29759020323658736,310.34462784937165,430.3154159384127,29260,0.2690278697136381,5,0.2609385788627858,True,top_14_by_validation_H10_Score
test,2,1,3,0.2455770079919548,247.79833715846718,350.8667922034766,8823,0.2082007903490341,111,0.2609385788627858,False,top_14_by_validation_H10_Score
test,2,1,6,0.2440513135902001,250.41199992186193,354.80039617629234,17646,0.2082007903490341,111,0.2609385788627858,False,top_14_by_validation_H10_Score
test,2,1,10,0.24253660189182766,253.69340479260438,359.8105526388923,29410,0.2082007903490341,111,0.2609385788627858,False,top_14_by_validation_H10_Score
test,3,2,3,0.2864787787328731,287.0605342370108,397.01123217049667,9579,0.267680336141216,7,0.2609385788627858,True,top_14_by_validation_H10_Score
test,3,2,6,0.2867656979204489,289.9062710035468,401.36366231484766,19158,0.267680336141216,7,0.2609385788627858,True,top_14_by_validation_H10_Score
test,3,2,10,0.2874777080263649,293.45048346466456,406.8794448488226,31930,0.267680336141216,7,0.2609385788627858,True,top_14_by_validation_H10_Score
test,4,3,3,0.29401624449978225,295.6692463656369,412.7114158515587,8715,0.2602181576788106,15,0.2609385788627858,False,top_14_by_validation_H10_Score
test,4,3,6,0.2934121028494988,298.51195450703165,417.15381034993266,17430,0.2602181576788106,15,0.2609385788627858,False,top_14_by_validation_H10_Score
test,4,3,10,0.2926915582242545,302.0597590740371,422.7630988513491,29050,0.2602181576788106,15,0.2609385788627858,False,top_14_by_validation_H10_Score
test,5,4,3,0.2785588444675612,280.14740583501424,397.7021588348703,10380,0.2712814269999168,3,0.2609385788627858,True,top_14_by_validation_H10_Score
test,5,4,6,0.27886976163217125,282.94709633241814,401.95349613455915,20760,0.2712814269999168,3,0.2609385788627858,True,top_14_by_validation_H10_Score
test,5,4,10,0.2801586950502968,286.46445817077176,407.3585452338111,34600,0.2712814269999168,3,0.2609385788627858,True,top_14_by_validation_H10_Score
test,6,5,3,0.2861115786679355,288.2486679210624,407.42714902691415,9648,0.2694824279036187,4,0.2609385788627858,True,top_14_by_validation_H10_Score
test,6,5,6,0.28595560945351695,291.2664891292239,412.04056822874287,19296,0.2694824279036187,4,0.2609385788627858,True,top_14_by_validation_H10_Score
test,6,5,10,0.28680974333921105,295.0936877798118,417.9430685242766,32160,0.2694824279036187,4,0.2609385788627858,True,top_14_by_validation_H10_Score
test,7,6,3,0.26131887080691985,262.75675717217007,373.99805132080826,10092,0.25551140248562676,20,0.2609385788627858,False,top_14_by_validation_H10_Score
test,7,6,6,0.26076366975561593,265.4757758231322,378.0958238587957,20184,0.25551140248562676,20,0.2609385788627858,False,top_14_by_validation_H10_Score
test,7,6,10,0.26114254946799553,268.86378505848893,383.28174428221786,33650,0.25551140248562676,20,0.2609385788627858,False,top_14_by_validation_H10_Score
test,8,7,3,0.2677832957717261,269.34569425844063,384.7582277238475,10272,0.2609385788627858,14,0.2609385788627858,True,top_14_by_validation_H10_Score
test,8,7,6,0.2682800857006079,272.265805482728,389.1611104980957,20544,0.2609385788627858,14,0.2609385788627858,True,top_14_by_validation_H10_Score
test,8,7,10,0.269387127256578,275.94964160028167,394.78133306604315,34246,0.2609385788627858,14,0.2609385788627858,True,top_14_by_validation_H10_Score
test,9,8,3,0.2684769798088194,269.94407013074743,382.66231164920515,9960,0.27421699243452846,2,0.2609385788627858,True,top_14_by_validation_H10_Score
test,9,8,6,0.26848883144037566,272.671990430875,386.79534839582976,19920,0.27421699243452846,2,0.2609385788627858,True,top_14_by_validation_H10_Score
test,9,8,10,0.2690153903166866,276.1202452365162,392.0478937560208,33203,0.27421699243452846,2,0.2609385788627858,True,top_14_by_validation_H10_Score
test,10,9,3,0.26219443029965694,264.01878024338635,372.63889189921935,10299,0.259572036496099,17,0.2609385788627858,False,top_14_by_validation_H10_Score
test,10,9,6,0.26222510688859607,266.89352653249745,376.8237909419851,20598,0.259572036496099,17,0.2609385788627858,False,top_14_by_validation_H10_Score
test,10,9,10,0.2630538074686104,270.52741703772404,382.1493421669389,34333,0.259572036496099,17,0.2609385788627858,False,top_14_by_validation_H10_Score
test,11,10,3,0.2647214623072509,265.52003748739514,374.7057315311399,9999,0.2599470410342992,16,0.2609385788627858,False,top_14_by_validation_H10_Score
test,11,10,6,0.2653573434540947,268.22106316895804,378.7796530736723,19998,0.2599470410342992,16,0.2609385788627858,False,top_14_by_validation_H10_Score
test,11,10,10,0.26630022333839887,271.67226904737777,383.99179399322304,33331,0.2599470410342992,16,0.2609385788627858,False,top_14_by_validation_H10_Score
test,12,11,3,0.27123158394224633,272.7019540783216,388.8667886147657,10341,0.26868242025299965,6,0.2609385788627858,True,top_14_by_validation_H10_Score
test,12,11,6,0.2716002241856034,275.59965743815434,393.1819857610821,20682,0.26868242025299965,6,0.2609385788627858,True,top_14_by_validation_H10_Score
test,12,11,10,0.27237920902617874,279.2889026749539,398.70393845973246,34470,0.26868242025299965,6,0.2609385788627858,True,top_14_by_validation_H10_Score
test,13,12,3,0.2450849676107597,246.3084867495354,357.22646493409854,9876,0.25835625786660577,18,0.2609385788627858,False,top_14_by_validation_H10_Score
test,13,12,6,0.24576852828924,248.8270437684968,361.0607012261943,19752,0.25835625786660577,18,0.2609385788627858,False,top_14_by_validation_H10_Score
test,13,12,10,0.24626854971973125,252.00444939786146,365.927878569586,32920,0.25835625786660577,18,0.2609385788627858,False,top_14_by_validation_H10_Score
test,14,13,3,0.25271324414589724,254.14072029461906,360.1201041902099,10356,0.2541215549147563,22,0.2609385788627858,False,top_14_by_validation_H10_Score
test,14,13,6,0.25293805959120275,256.87971289357,364.0740079615779,20712,0.2541215549147563,22,0.2609385788627858,False,top_14_by_validation_H10_Score
test,14,13,10,0.2532354178249375,260.3718421685299,369.13320306732004,34520,0.2541215549147563,22,0.2609385788627858,False,top_14_by_validation_H10_Score
test,15,14,3,0.2638231101658717,265.5565685128538,378.26397130954695,9246,0.2501956683123736,28,0.2609385788627858,False,top_14_by_validation_H10_Score
test,15,14,6,0.2628270361160663,268.3111680318907,382.4574665548384,18492,0.2501956683123736,28,0.2609385788627858,False,top_14_by_validation_H10_Score
test,15,14,10,0.26108536709555447,271.79546537676765,387.8104381581952,30820,0.2501956683123736,28,0.2609385788627858,False,top_14_by_validation_H10_Score
test,16,15,3,0.25078526293712755,252.06856654734307,369.0357016778843,10398,0.2445783817218424,35,0.2609385788627858,False,top_14_by_validation_H10_Score
test,16,15,6,0.251134292200819,254.70623696892508,373.05174030025086,20796,0.2445783817218424,35,0.2609385788627858,False,top_14_by_validation_H10_Score
test,16,15,10,0.2525266096343806,258.0469663991793,378.16217222359705,34660,0.2445783817218424,35,0.2609385788627858,False,top_14_by_validation_H10_Score
test,17,16,3,0.25429408259231007,255.56298567842805,364.14102160426575,10335,0.23991382892665933,43,0.2609385788627858,False,top_14_by_validation_H10_Score
test,17,16,6,0.2547960524549219,258.307675297975,368.11108370618376,20670,0.23991382892665933,43,0.2609385788627858,False,top_14_by_validation_H10_Score
test,17,16,10,0.2550523010832212,261.7568345730982,373.1414059455264,34450,0.23991382892665933,43,0.2609385788627858,False,top_14_by_validation_H10_Score
test,18,17,3,0.2313982404145684,232.81617166362784,345.6357320537929,10591,0.2228104469282048,76,0.2609385788627858,False,top_14_by_validation_H10_Score
test,18,17,6,0.23211703130603503,235.10772666089122,349.23634394877223,21190,0.2228104469282048,76,0.2609385788627858,False,top_14_by_validation_H10_Score
test,18,17,10,0.23288977177775755,237.96381692989027,353.78231683783656,35336,0.2228104469282048,76,0.2609385788627858,False,top_14_by_validation_H10_Score
test,19,18,3,0.23419962203255199,234.3873491592236,334.4698206064638,10416,0.22027544882445207,83,0.2609385788627858,False,top_14_by_validation_H10_Score
test,19,18,6,0.23458475341479465,237.11256508720314,338.39639789462603,20832,0.22027544882445207,83,0.2609385788627858,False,top_14_by_validation_H10_Score
test,19,18,10,0.23492505453958326,240.54086271683056,343.3765985349495,34720,0.22027544882445207,83,0.2609385788627858,False,top_14_by_validation_H10_Score
test,20,19,3,0.2399904835517669,240.92745189638134,342.39725981967223,9978,0.22713292773195853,67,0.2609385788627858,False,top_14_by_validation_H10_Score
test,20,19,6,0.24034338220491183,243.50362484462337,346.31071183359614,19956,0.22713292773195853,67,0.2609385788627858,False,top_14_by_validation_H10_Score
test,20,19,10,0.2402909891745728,246.72826440661734,351.26462840113453,33260,0.22713292773195853,67,0.2609385788627858,False,top_14_by_validation_H10_Score
test,21,20,3,0.2278598216596248,228.04552882378331,329.9902126338703,10638,0.21465656669337005,97,0.2609385788627858,False,top_14_by_validation_H10_Score
test,21,20,6,0.22820364984152702,230.56991580257818,333.73893335568295,21276,0.21465656669337005,97,0.2609385788627858,False,top_14_by_validation_H10_Score
test,21,20,10,0.22869050428866025,233.75196552800548,338.49822161626884,35460,0.21465656669337005,97,0.2609385788627858,False,top_14_by_validation_H10_Score
test,22,21,3,0.29362309680629006,294.779894187094,405.01738872283636,9653,0.2650189318887436,10,0.2609385788627858,True,top_14_by_validation_H10_Score
test,22,21,6,0.29325646945653566,297.77595140571304,409.46610268879584,19307,0.2650189318887436,10,0.2609385788627858,True,top_14_by_validation_H10_Score
test,22,21,10,0.29259420743687276,301.50654109180994,415.07786135344145,32179,0.2650189318887436,10,0.2609385788627858,True,top_14_by_validation_H10_Score
test,23,22,3,0.2888709401314638,290.44985236937185,402.36242854187566,8622,0.26516565200262043,9,0.2609385788627858,True,top_14_by_validation_H10_Score
test,23,22,6,0.28768596326800316,293.3750515130278,406.7220746738122,17244,0.26516565200262043,9,0.2609385788627858,True,top_14_by_validation_H10_Score
test,23,22,10,0.2863420877776364,297.01069693968304,412.2220475107342,28740,0.26516565200262043,9,0.2609385788627858,True,top_14_by_validation_H10_Score
test,24,23,3,0.26760220249661354,269.2188804494162,372.6487765406678,9150,0.22657680111196057,68,0.2609385788627858,False,top_14_by_validation_H10_Score
test,24,23,6,0.2670321468364143,272.03006699953573,376.7086252610139,18300,0.22657680111196057,68,0.2609385788627858,False,top_14_by_validation_H10_Score
test,24,23,10,0.26618636880258717,275.5398700871976,381.82992628357226,30500,0.22657680111196057,68,0.2609385788627858,False,top_14_by_validation_H10_Score
test,25,24,3,0.2906933851425135,292.4786405527829,400.08938699171506,8754,0.262585674005083,12,0.2609385788627858,True,top_14_by_validation_H10_Score
test,25,24,6,0.28955419267514715,295.41471329931426,404.41576719498886,17508,0.262585674005083,12,0.2609385788627858,True,top_14_by_validation_H10_Score
test,25,24,10,0.28842731425680657,299.11546282509954,409.9049763009183,29180,0.262585674005083,12,0.2609385788627858,True,top_14_by_validation_H10_Score
test,26,25,3,0.28008992200281563,281.6886781718543,398.10922084612287,10095,0.263104769399501,11,0.2609385788627858,True,top_14_by_validation_H10_Score
test,26,25,6,0.281007841778262,284.542672714808,402.30399811728466,20190,0.263104769399501,11,0.2609385788627858,True,top_14_by_validation_H10_Score
test,26,25,10,0.2826935473995012,288.10431138223913,407.6076242073282,33650,0.263104769399501,11,0.2609385788627858,True,top_14_by_validation_H10_Score
test,27,26,3,0.2740730168416204,276.8510278297506,383.03066677784216,9750,0.2565100412648428,19,0.2609385788627858,False,top_14_by_validation_H10_Score
test,27,26,6,0.27249757532552976,279.81102630680607,387.2914082756172,19500,0.2565100412648428,19,0.2609385788627858,False,top_14_by_validation_H10_Score
test,27,26,10,0.27168924497058056,283.60196817441926,392.7467495497617,32500,0.2565100412648428,19,0.2609385788627858,False,top_14_by_validation_H10_Score
test,28,27,3,0.2666647817140178,268.5353424049398,374.16606772698765,9738,0.24835577034951703,30,0.2609385788627858,False,top_14_by_validation_H10_Score
test,28,27,6,0.26641618812591134,271.1690376583478,378.12716285328037,19485,0.24835577034951703,30,0.2609385788627858,False,top_14_by_validation_H10_Score
test,28,27,10,0.2663837406111915,274.4957070474226,383.1691703597222,32489,0.24835577034951703,30,0.2609385788627858,False,top_14_by_validation_H10_Score
test,29,28,3,0.2754359765622215,277.2931192873914,384.67453248564277,8751,0.24754972362089203,32,0.2609385788627858,False,top_14_by_validation_H10_Score
test,29,28,6,0.27460431041606737,280.08034543763733,388.78457080376086,17502,0.24754972362089203,32,0.2609385788627858,False,top_14_by_validation_H10_Score
test,29,28,10,0.27379185121468375,283.57559943763533,393.9976405649504,29170,0.24754972362089203,32,0.2609385788627858,False,top_14_by_validation_H10_Score
test,30,29,3,0.24326701828768543,245.04249155864704,356.7312951329763,9786,0.21200899801707251,105,0.2609385788627858,False,top_14_by_validation_H10_Score
test,30,29,6,0.24259423037282962,247.63679705941587,360.5993967815622,19572,0.21200899801707251,105,0.2609385788627858,False,top_14_by_validation_H10_Score
test,30,29,10,0.24302620786441978,250.88320751918206,365.5069264923163,32626,0.21200899801707251,105,0.2609385788627858,False,top_14_by_validation_H10_Score
test,31,30,3,0.26169870010709245,263.3443742266786,370.3566770548388,10353,0.2610146030307595,13,0.2609385788627858,True,top_14_by_validation_H10_Score
test,31,30,6,0.2620881831487378,266.1136287366921,374.2412016405547,20715,0.2610146030307595,13,0.2609385788627858,True,top_14_by_validation_H10_Score
test,31,30,10,0.26278593930612626,269.63196052265073,379.19382777530893,34541,0.2610146030307595,13,0.2609385788627858,True,top_14_by_validation_H10_Score
test,32,31,3,0.2705491439537888,271.5736023689181,380.46297199468404,9393,0.2522605422553472,24,0.2609385788627858,False,top_14_by_validation_H10_Score
test,32,31,6,0.2706621313717204,274.30637681161704,384.5428497637457,18786,0.2522605422553472,24,0.2609385788627858,False,top_14_by_validation_H10_Score
test,32,31,10,0.27052493465815547,277.7700119459612,389.7412437926394,31310,0.2522605422553472,24,0.2609385788627858,False,top_14_by_validation_H10_Score
test,33,32,3,0.2598961598365179,261.7049582488668,371.195539052412,9366,0.24573302816496753,33,0.2609385788627858,False,top_14_by_validation_H10_Score
test,33,32,6,0.25988383501940987,264.3808610478455,375.25154712982595,18732,0.24573302816496753,33,0.2609385788627858,False,top_14_by_validation_H10_Score
test,33,32,10,0.2598543238553534,267.7513453810935,380.40827427111986,31223,0.24573302816496753,33,0.2609385788627858,False,top_14_by_validation_H10_Score
test,34,33,3,0.2707130316662523,272.8339579337075,392.5777844903374,9099,0.22478950903478606,71,0.2609385788627858,False,top_14_by_validation_H10_Score
test,34,33,6,0.26905624540505313,275.78664605737924,396.9990322884061,18198,0.22478950903478606,71,0.2609385788627858,False,top_14_by_validation_H10_Score
test,34,33,10,0.26703530705314,279.53534516364954,402.65211966640345,30330,0.22478950903478606,71,0.2609385788627858,False,top_14_by_validation_H10_Score
test,35,34,3,0.2579553976968717,259.525399833307,361.87267296114794,9078,0.2525020851620399,23,0.2609385788627858,False,top_14_by_validation_H10_Score
test,35,34,6,0.25740362468073774,262.18315509087086,365.804611125606,18156,0.2525020851620399,23,0.2609385788627858,False,top_14_by_validation_H10_Score
test,35,34,10,0.2566502753953504,265.51967915911115,370.78896294342655,30260,0.2525020851620399,23,0.2609385788627858,False,top_14_by_validation_H10_Score
test,36,35,3,0.24464345130485857,245.84449647566237,348.1352685463335,9663,0.24794884802485595,31,0.2609385788627858,False,top_14_by_validation_H10_Score
test,36,35,6,0.24438769710404531,248.35846142090867,351.9926764734559,19326,0.24794884802485595,31,0.2609385788627858,False,top_14_by_validation_H10_Score
test,36,35,10,0.24350390656404727,251.51697322726804,356.90619147092923,32211,0.24794884802485595,31,0.2609385788627858,False,top_14_by_validation_H10_Score
test,37,36,3,0.2592818674970828,261.16490012936083,370.2252192301279,9930,0.24432000983654686,36,0.2609385788627858,False,top_14_by_validation_H10_Score
test,37,36,6,0.26075833179492913,264.36474345834193,374.756817594254,19860,0.24432000983654686,36,0.2609385788627858,False,top_14_by_validation_H10_Score
test,37,36,10,0.26290956567531126,268.4612326020977,380.6025095414148,33100,0.24432000983654686,36,0.2609385788627858,False,top_14_by_validation_H10_Score
test,38,37,3,0.2530692452503425,254.4454120098309,363.28946346361573,10131,0.24422669293348978,38,0.2609385788627858,False,top_14_by_validation_H10_Score
test,38,37,6,0.25260344572823856,257.1129269338898,367.43590351884563,20262,0.24422669293348978,38,0.2609385788627858,False,top_14_by_validation_H10_Score
test,38,37,10,0.2519554559183414,260.4735204142034,372.73181618152654,33770,0.24422669293348978,38,0.2609385788627858,False,top_14_by_validation_H10_Score
test,39,38,3,0.23772917571592647,238.7606463666532,340.84269824793313,9579,0.2435258645862473,39,0.2609385788627858,False,top_14_by_validation_H10_Score
test,39,38,6,0.2373620427186344,241.04052575436825,344.4151219946642,19158,0.2435258645862473,39,0.2609385788627858,False,top_14_by_validation_H10_Score
test,39,38,10,0.23669915431348987,243.92341811546768,348.95688540085615,31930,0.2435258645862473,39,0.2609385788627858,False,top_14_by_validation_H10_Score
test,40,39,3,0.24600011420232637,247.4103433351234,353.40749682674254,10818,0.22603911085550465,69,0.2609385788627858,False,top_14_by_validation_H10_Score
test,40,39,6,0.24591744736690266,250.06583575380716,357.3747329965899,21636,0.22603911085550465,69,0.2609385788627858,False,top_14_by_validation_H10_Score
test,40,39,10,0.24633134474586604,253.41007470159363,362.4166171315879,36061,0.22603911085550465,69,0.2609385788627858,False,top_14_by_validation_H10_Score
test,41,40,3,0.26310920282982714,264.78939859531295,367.7595824246861,9624,0.23006936152901158,58,0.2609385788627858,False,top_14_by_validation_H10_Score
test,41,40,6,0.2623081643462261,267.50812406971096,371.80600795770414,19248,0.23006936152901158,58,0.2609385788627858,False,top_14_by_validation_H10_Score
test,41,40,10,0.2615146411303627,270.8979303319072,376.90797558188063,32080,0.23006936152901158,58,0.2609385788627858,False,top_14_by_validation_H10_Score
test,42,41,3,0.24720298657031223,247.63271055307743,357.30770407934267,9606,0.22361445257610485,75,0.2609385788627858,False,top_14_by_validation_H10_Score
test,42,41,6,0.24718407832854628,249.99348003023707,360.9898809806291,19212,0.22361445257610485,75,0.2609385788627858,False,top_14_by_validation_H10_Score
test,42,41,10,0.24651700575248886,252.9061873961638,365.6362162437466,32020,0.22361445257610485,75,0.2609385788627858,False,top_14_by_validation_H10_Score
test,43,42,3,0.24884049520043625,249.17512158443222,354.5676377940917,10212,0.2311426964561417,55,0.2609385788627858,False,top_14_by_validation_H10_Score
test,43,42,6,0.24916201521971526,251.97417208663404,358.5836984572295,20424,0.2311426964561417,55,0.2609385788627858,False,top_14_by_validation_H10_Score
test,43,42,10,0.24827576001441704,255.48005728674605,363.69678628454153,34040,0.2311426964561417,55,0.2609385788627858,False,top_14_by_validation_H10_Score
test,44,43,3,0.24892605475591656,249.9381192356102,357.3264632563672,9811,0.23645876294799606,46,0.2609385788627858,False,top_14_by_validation_H10_Score
test,44,43,6,0.2510379052939459,252.9260525574456,361.50133507077027,19618,0.23645876294799606,46,0.2609385788627858,False,top_14_by_validation_H10_Score
test,44,43,10,0.2531340377402056,256.6808263079784,366.8063504649002,32694,0.23645876294799606,46,0.2609385788627858,False,top_14_by_validation_H10_Score
test,45,44,3,0.28788398089774,288.7481996820745,393.02313644909145,9408,0.2554429986150545,21,0.2609385788627858,False,top_14_by_validation_H10_Score
test,45,44,6,0.28859707252896605,291.7008281810602,397.2854502450296,18816,0.2554429986150545,21,0.2609385788627858,False,top_14_by_validation_H10_Score
test,45,44,10,0.2900767828628179,295.38363005505227,402.67363605456495,31360,0.2554429986150545,21,0.2609385788627858,False,top_14_by_validation_H10_Score
test,46,45,3,0.28819119393851217,289.20933207835304,397.46698941332613,8904,0.24543407925714755,34,0.2609385788627858,False,top_14_by_validation_H10_Score
test,46,45,6,0.28823491772196164,292.17550475766126,401.82521757033055,17808,0.24543407925714755,34,0.2609385788627858,False,top_14_by_validation_H10_Score
test,46,45,10,0.2886193306395671,295.8729174572347,407.3470351804177,29680,0.24543407925714755,34,0.2609385788627858,False,top_14_by_validation_H10_Score
test,47,46,3,0.28918567723746796,289.19722506991087,401.5557926473418,9258,0.25017507092512536,29,0.2609385788627858,False,top_14_by_validation_H10_Score
test,47,46,6,0.2894538305077769,292.4559299819321,406.20015670962493,18516,0.25017507092512536,29,0.2609385788627858,False,top_14_by_validation_H10_Score
test,47,46,10,0.2892317441960807,296.57014703792714,412.1430107183818,30860,0.25017507092512536,29,0.2609385788627858,False,top_14_by_validation_H10_Score
test,48,47,3,0.2727644830213693,274.1531072371023,379.70361934830754,9705,0.23680475645763588,45,0.2609385788627858,False,top_14_by_validation_H10_Score
test,48,47,6,0.2731472625925415,276.8879573247275,383.6825110136205,19410,0.23680475645763588,45,0.2609385788627858,False,top_14_by_validation_H10_Score
test,48,47,10,0.27335262686748696,280.26886980353174,388.6779298064698,32356,0.23680475645763588,45,0.2609385788627858,False,top_14_by_validation_H10_Score
test,49,48,3,0.25919726191417863,259.9759674631377,371.05257235118165,10323,0.23300295382418432,49,0.2609385788627858,False,top_14_by_validation_H10_Score
test,49,48,6,0.2617369722942695,262.6730437455853,375.02291468529376,20646,0.23300295382418432,49,0.2609385788627858,False,top_14_by_validation_H10_Score
test,49,48,10,0.2652389553946101,266.1149281857915,380.1051888051369,34410,0.23300295382418432,49,0.2609385788627858,False,top_14_by_validation_H10_Score
test,50,49,3,0.2769053245040088,277.87360410459723,380.6950777229519,9081,0.2442633506400425,37,0.2609385788627858,False,top_14_by_validation_H10_Score
test,50,49,6,0.27685161928262014,280.8510205196023,384.96084168801127,18162,0.2442633506400425,37,0.2609385788627858,False,top_14_by_validation_H10_Score
test,50,49,10,0.27702839069485724,284.6137009559171,390.4109493411095,30270,0.2442633506400425,37,0.2609385788627858,False,top_14_by_validation_H10_Score
test,51,50,3,0.2756343587819215,276.5858640682657,388.0578588183196,9090,0.2514038341446579,25,0.2609385788627858,False,top_14_by_validation_H10_Score
test,51,50,6,0.27590696272189996,279.34424728642455,392.23741984331474,18180,0.2514038341446579,25,0.2609385788627858,False,top_14_by_validation_H10_Score
test,51,50,10,0.2763552627826123,282.80224756588365,397.5507355972171,30300,0.2514038341446579,25,0.2609385788627858,False,top_14_by_validation_H10_Score
test,52,51,3,0.2517220162599533,252.83954735867354,355.29955978395714,9606,0.24334589094021508,40,0.2609385788627858,False,top_14_by_validation_H10_Score
test,52,51,6,0.2513299619679935,255.3687240167019,359.0681238655809,19212,0.24334589094021508,40,0.2609385788627858,False,top_14_by_validation_H10_Score
test,52,51,10,0.25053786911661524,258.56131350014783,363.8506709563142,32023,0.24334589094021508,40,0.2609385788627858,False,top_14_by_validation_H10_Score
test,53,52,3,0.25520224567472405,256.5718662797319,365.41565991821585,9582,0.23420237824994644,48,0.2609385788627858,False,top_14_by_validation_H10_Score
test,53,52,6,0.25539796529179565,259.21433610616526,369.38910886854256,19164,0.23420237824994644,48,0.2609385788627858,False,top_14_by_validation_H10_Score
test,53,52,10,0.2551528329254876,262.56538332954244,374.4266638142045,31940,0.23420237824994644,48,0.2609385788627858,False,top_14_by_validation_H10_Score
test,54,53,3,0.2557033356518003,257.128215955043,367.9370985721485,9954,0.22161066473309393,79,0.2609385788627858,False,top_14_by_validation_H10_Score
test,54,53,6,0.25558053688221405,259.89093165934946,372.1235184281135,19908,0.22161066473309393,79,0.2609385788627858,False,top_14_by_validation_H10_Score
test,54,53,10,0.25508411047922075,263.4032166931083,377.460675264443,33186,0.22161066473309393,79,0.2609385788627858,False,top_14_by_validation_H10_Score
test,55,54,3,0.27230284327247717,273.46227463173653,386.78480336424917,9321,0.22941599183956243,62,0.2609385788627858,False,top_14_by_validation_H10_Score
test,55,54,6,0.2723640120430356,276.34622297595706,391.13423190053163,18642,0.22941599183956243,62,0.2609385788627858,False,top_14_by_validation_H10_Score
test,55,54,10,0.2722930007781372,279.97265222787723,396.71036592496836,31073,0.22941599183956243,62,0.2609385788627858,False,top_14_by_validation_H10_Score
test,56,55,3,0.26839242266263486,269.4522983412745,373.14699961029703,8376,0.23018677029542522,57,0.2609385788627858,False,top_14_by_validation_H10_Score
test,56,55,6,0.26861859117720777,272.18781482794793,377.23157151580455,16752,0.23018677029542522,57,0.2609385788627858,False,top_14_by_validation_H10_Score
test,56,55,10,0.26847504747670664,275.6144933738989,382.4321335530888,27920,0.23018677029542522,57,0.2609385788627858,False,top_14_by_validation_H10_Score
test,57,56,3,0.23003273285309012,231.20457791009775,337.62141597860995,11262,0.23263393006273733,50,0.2609385788627858,False,top_14_by_validation_H10_Score
test,57,56,6,0.23056539568580497,233.48965831699263,341.20891779458844,22524,0.23263393006273733,50,0.2609385788627858,False,top_14_by_validation_H10_Score
test,57,56,10,0.23116292933166116,236.35170071993855,345.7650025598787,37540,0.23263393006273733,50,0.2609385788627858,False,top_14_by_validation_H10_Score
test,58,57,3,0.24329873496616253,245.03486313551514,357.40101750510877,11139,0.22749144728113732,66,0.2609385788627858,False,top_14_by_validation_H10_Score
test,58,57,6,0.24367173182558205,247.65485949858365,361.38458071971746,22278,0.22749144728113732,66,0.2609385788627858,False,top_14_by_validation_H10_Score
test,58,57,10,0.24461498058972947,250.96868643152493,366.50229232927387,37127,0.22749144728113732,66,0.2609385788627858,False,top_14_by_validation_H10_Score
test,59,58,3,0.23768619769832286,241.00909167519072,348.3539998596542,9846,0.22559521990595233,70,0.2609385788627858,False,top_14_by_validation_H10_Score
test,59,58,6,0.23587640662424458,243.47448709527217,352.13953326221264,19692,0.22559521990595233,70,0.2609385788627858,False,top_14_by_validation_H10_Score
test,59,58,10,0.23459096799508733,246.59169136715474,356.96524819506476,32820,0.22559521990595233,70,0.2609385788627858,False,top_14_by_validation_H10_Score
test,60,59,3,0.24274196763908415,243.8936647699011,354.17424395275646,9315,0.23512754023748986,47,0.2609385788627858,False,top_14_by_validation_H10_Score
test,60,59,6,0.24252046671238503,246.27774336976643,357.86363414353633,18630,0.23512754023748986,47,0.2609385788627858,False,top_14_by_validation_H10_Score
test,60,59,10,0.24112679625136785,249.27995835331902,362.55242274597674,31050,0.23512754023748986,47,0.2609385788627858,False,top_14_by_validation_H10_Score
test,61,60,3,0.2562566737710021,257.33320778408336,365.48458446923036,9351,0.22752130442305585,65,0.2609385788627858,False,top_14_by_validation_H10_Score
test,61,60,6,0.25534337319348854,259.94301928931344,369.4605300424234,18702,0.22752130442305585,65,0.2609385788627858,False,top_14_by_validation_H10_Score
test,61,60,10,0.25416721190298314,263.24348078625667,374.5307384477954,31170,0.22752130442305585,65,0.2609385788627858,False,top_14_by_validation_H10_Score
test,62,61,3,0.23013138836541314,231.26071755768848,333.25953430820533,10488,0.22999165074816139,59,0.2609385788627858,False,top_14_by_validation_H10_Score
test,62,61,6,0.22960592988767664,233.60961949838997,336.86040008028755,20976,0.22999165074816139,59,0.2609385788627858,False,top_14_by_validation_H10_Score
test,62,61,10,0.22905083193925982,236.54680220574372,341.4417601302797,34960,0.22999165074816139,59,0.2609385788627858,False,top_14_by_validation_H10_Score
test,63,62,3,0.25557782437644083,258.15711196763846,374.7926204519242,9666,0.22968481536190966,61,0.2609385788627858,False,top_14_by_validation_H10_Score
test,63,62,6,0.2537073642976445,260.853067363707,378.8807429264828,19332,0.22968481536190966,61,0.2609385788627858,False,top_14_by_validation_H10_Score
test,63,62,10,0.2519731856374553,264.2661325062085,384.0908716589556,32221,0.22968481536190966,61,0.2609385788627858,False,top_14_by_validation_H10_Score
test,64,63,3,0.24599751607371736,247.5782872083129,354.75915018366885,8853,0.20314039531686437,117,0.2609385788627858,False,top_14_by_validation_H10_Score
test,64,63,6,0.24523346857150266,249.98822300410112,358.45576457728197,17706,0.20314039531686437,117,0.2609385788627858,False,top_14_by_validation_H10_Score
test,64,63,10,0.24366078753817427,252.99997801341695,363.1359946560961,29510,0.20314039531686437,117,0.2609385788627858,False,top_14_by_validation_H10_Score
test,65,64,3,0.24931879517050987,251.99161679702783,354.0953152901363,9906,0.21510252462119936,95,0.2609385788627858,False,top_14_by_validation_H10_Score
test,65,64,6,0.2481901089312599,254.69108003827688,358.06276443851345,19812,0.21510252462119936,95,0.2609385788627858,False,top_14_by_validation_H10_Score
test,65,64,10,0.24642277975482543,258.0338060768733,363.0800682542545,33020,0.21510252462119936,95,0.2609385788627858,False,top_14_by_validation_H10_Score
test,66,65,3,0.23869908363194736,239.36818553942828,337.562434896041,10761,0.22473192406882853,72,0.2609385788627858,False,top_14_by_validation_H10_Score
test,66,65,6,0.23952767956049897,241.88314746228716,341.2602444140994,21522,0.22473192406882853,72,0.2609385788627858,False,top_14_by_validation_H10_Score
test,66,65,10,0.23965902538491865,245.01095924770763,345.9391419923426,35870,0.22473192406882853,72,0.2609385788627858,False,top_14_by_validation_H10_Score
test,67,66,3,0.23941077297733632,239.7730670738628,338.23468289835193,11378,0.21634109911508273,92,0.2609385788627858,False,top_14_by_validation_H10_Score
test,67,66,6,0.24058953527023402,242.42685333492219,342.07611438466375,22757,0.21634109911508273,92,0.2609385788627858,False,top_14_by_validation_H10_Score
test,67,66,10,0.24156181942333177,245.74080338572557,346.9443648505384,37929,0.21634109911508273,92,0.2609385788627858,False,top_14_by_validation_H10_Score
test,68,67,3,0.2374069274768663,237.97637318300644,340.5492534212655,10826,0.2121086609309058,104,0.2609385788627858,False,top_14_by_validation_H10_Score
test,68,67,6,0.23844211533521387,240.6010524563621,344.294206681795,21653,0.2121086609309058,104,0.2609385788627858,False,top_14_by_validation_H10_Score
test,68,67,10,0.23949774773339674,243.882859148139,349.0413464351647,36089,0.2121086609309058,104,0.2609385788627858,False,top_14_by_validation_H10_Score
test,69,68,3,0.3018836378756284,302.4552880099227,413.29804253329127,9147,0.25115597857487626,26,0.2609385788627858,False,top_14_by_validation_H10_Score
test,69,68,6,0.3034601679692352,305.5482336730596,417.74994476913633,18294,0.25115597857487626,26,0.2609385788627858,False,top_14_by_validation_H10_Score
test,69,68,10,0.3051254083147284,309.4131938537757,423.38899483782785,30490,0.25115597857487626,26,0.2609385788627858,False,top_14_by_validation_H10_Score
test,70,69,3,0.3200788092838112,320.7595829894376,441.1848699679501,9303,0.2859739989968973,1,0.2609385788627858,True,top_14_by_validation_H10_Score
test,70,69,6,0.3208126983200115,324.0445243884953,446.0045208144411,18606,0.2859739989968973,1,0.2609385788627858,True,top_14_by_validation_H10_Score
test,70,69,10,0.32181789153647206,328.14565781735,452.11857191855313,31010,0.2859739989968973,1,0.2609385788627858,True,top_14_by_validation_H10_Score
test,71,70,3,0.2970027237307352,299.11703581555014,409.0196693762189,9784,0.2657015096664661,8,0.2609385788627858,True,top_14_by_validation_H10_Score
test,71,70,6,0.29928311788481454,302.0973687511627,413.3473289763117,19576,0.2657015096664661,8,0.2609385788627858,True,top_14_by_validation_H10_Score
test,71,70,10,0.3020386078602181,305.80433513131914,418.818807439417,32642,0.2657015096664661,8,0.2609385788627858,True,top_14_by_validation_H10_Score
test,72,71,3,0.3015468352148011,302.7341483632655,417.45969125721183,8682,0.242962350776547,41,0.2609385788627858,False,top_14_by_validation_H10_Score
test,72,71,6,0.3016036896953805,305.8862638869845,422.12430798041305,17364,0.242962350776547,41,0.2609385788627858,False,top_14_by_validation_H10_Score
test,72,71,10,0.30188532192683254,309.8537719073218,428.06975024225716,28940,0.242962350776547,41,0.2609385788627858,False,top_14_by_validation_H10_Score
test,73,72,3,0.26961912047441894,271.55026446805005,382.35892991265405,9417,0.23191936843653083,53,0.2609385788627858,False,top_14_by_validation_H10_Score
test,73,72,6,0.27021180592743443,274.34467344444073,386.57832429444716,18825,0.23191936843653083,53,0.2609385788627858,False,top_14_by_validation_H10_Score
test,73,72,10,0.271477970195613,277.8884707161305,391.95509559138844,31355,0.23191936843653083,53,0.2609385788627858,False,top_14_by_validation_H10_Score
test,74,73,3,0.25268849029776985,253.19031733976615,358.65203788719566,10446,0.22832962858834088,64,0.2609385788627858,False,top_14_by_validation_H10_Score
test,74,73,6,0.25501273438550337,255.9316294759333,362.68477979235314,20892,0.22832962858834088,64,0.2609385788627858,False,top_14_by_validation_H10_Score
test,74,73,10,0.25842200693249734,259.4207549889184,367.8529017635192,34820,0.22832962858834088,64,0.2609385788627858,False,top_14_by_validation_H10_Score
test,75,74,3,0.2551974439342049,257.0842053979172,372.05908366215874,10197,0.23150138969134704,54,0.2609385788627858,False,top_14_by_validation_H10_Score
test,75,74,6,0.2549375013910591,259.80156453299423,376.0665763128253,20385,0.23150138969134704,54,0.2609385788627858,False,top_14_by_validation_H10_Score
test,75,74,10,0.2556595738726258,263.2298868244249,381.14918190830986,33955,0.23150138969134704,54,0.2609385788627858,False,top_14_by_validation_H10_Score
test,76,75,3,0.22399294940840886,226.99395109941975,331.350909982252,8712,0.18266311940356858,130,0.2609385788627858,False,top_14_by_validation_H10_Score
test,76,75,6,0.22324607211965658,229.44366307156093,335.2074002583072,17424,0.18266311940356858,130,0.2609385788627858,False,top_14_by_validation_H10_Score
test,76,75,10,0.22242257633513288,232.51566387838955,340.100793200002,29040,0.18266311940356858,130,0.2609385788627858,False,top_14_by_validation_H10_Score
test,77,76,3,0.2628540247237357,264.82757501678714,379.6330476648685,8961,0.2324281137493807,51,0.2609385788627858,False,top_14_by_validation_H10_Score
test,77,76,6,0.2618648881884433,267.6969195954853,383.96337383005834,17922,0.2324281137493807,51,0.2609385788627858,False,top_14_by_validation_H10_Score
test,77,76,10,0.2610392033650711,271.36091040241996,389.5256248072688,29870,0.2324281137493807,51,0.2609385788627858,False,top_14_by_validation_H10_Score
test,78,77,3,0.2515468770483831,253.5749104680874,359.32410004626996,8523,0.2090117219741541,108,0.2609385788627858,False,top_14_by_validation_H10_Score
test,78,77,6,0.2504733448052598,256.2763327347941,363.3733324500878,17046,0.2090117219741541,108,0.2609385788627858,False,top_14_by_validation_H10_Score
test,78,77,10,0.24919528519950043,259.636031993529,368.49828979234235,28416,0.2090117219741541,108,0.2609385788627858,False,top_14_by_validation_H10_Score
test,79,78,3,0.24605545329723927,247.58941838835293,357.2758738884931,8856,0.21502669188267257,96,0.2609385788627858,False,top_14_by_validation_H10_Score
test,79,78,6,0.24544644733041276,250.24211976148337,361.266662789366,17712,0.21502669188267257,96,0.2609385788627858,False,top_14_by_validation_H10_Score
test,79,78,10,0.24483580605374766,253.59295157065216,366.3583199127835,29520,0.21502669188267257,96,0.2609385788627858,False,top_14_by_validation_H10_Score
test,80,79,3,0.24698709371728772,247.3600513343375,362.9650071284288,8358,0.21363472758322793,99,0.2609385788627858,False,top_14_by_validation_H10_Score
test,80,79,6,0.24690681409130602,250.1056054809841,367.1226977182541,16707,0.21363472758322793,99,0.2609385788627858,False,top_14_by_validation_H10_Score
test,80,79,10,0.24687873714481381,253.56908475214595,372.43678770554055,27828,0.21363472758322793,99,0.2609385788627858,False,top_14_by_validation_H10_Score
test,81,80,3,0.2624888522404943,265.52694743757087,385.877946046684,8853,0.1976855416455396,124,0.2609385788627858,False,top_14_by_validation_H10_Score
test,81,80,6,0.2602804601228393,268.33192828684264,390.29502141654035,17706,0.1976855416455396,124,0.2609385788627858,False,top_14_by_validation_H10_Score
test,81,80,10,0.25822032346997015,271.8346252267055,395.93804563711586,29510,0.1976855416455396,124,0.2609385788627858,False,top_14_by_validation_H10_Score
test,82,81,3,0.2600482813715927,263.31847660038176,381.03862231037846,8400,0.21282804827995846,102,0.2609385788627858,False,top_14_by_validation_H10_Score
test,82,81,6,0.25675473184428227,265.8857157581947,385.1221050675648,16800,0.21282804827995846,102,0.2609385788627858,False,top_14_by_validation_H10_Score
test,82,81,10,0.2533975069023795,269.06020638730007,390.3134173525988,28000,0.21282804827995846,102,0.2609385788627858,False,top_14_by_validation_H10_Score
test,83,82,3,0.2698839130154493,273.2849331101722,402.517034941536,8916,0.24012551814302993,42,0.2609385788627858,False,top_14_by_validation_H10_Score
test,83,82,6,0.2668764020144363,276.143963904339,407.0060484110462,17832,0.24012551814302993,42,0.2609385788627858,False,top_14_by_validation_H10_Score
test,83,82,10,0.2639191678214917,279.7768494387094,412.7573782177652,29721,0.24012551814302993,42,0.2609385788627858,False,top_14_by_validation_H10_Score
test,84,83,3,0.20644228440878382,208.7277628983818,313.6040755820306,12156,0.19844360053661955,123,0.2609385788627858,False,top_14_by_validation_H10_Score
test,84,83,6,0.20624152942268975,210.83378187076298,316.91074335365334,24312,0.19844360053661955,123,0.2609385788627858,False,top_14_by_validation_H10_Score
test,84,83,10,0.20724807683052912,213.48528223716727,321.1354599783554,40514,0.19844360053661955,123,0.2609385788627858,False,top_14_by_validation_H10_Score
test,85,84,3,0.25484544423047767,258.92108480286777,374.3482849723273,9147,0.21101809907450514,106,0.2609385788627858,False,top_14_by_validation_H10_Score
test,85,84,6,0.25165258726314976,261.61087822288556,378.43494596294397,18294,0.21101809907450514,106,0.2609385788627858,False,top_14_by_validation_H10_Score
test,85,84,10,0.2486892761987575,264.986662557423,383.64814361602805,30490,0.21101809907450514,106,0.2609385788627858,False,top_14_by_validation_H10_Score
test,86,85,3,0.23847757573949468,240.76294238989186,349.73824497267816,9183,0.20436376521328775,114,0.2609385788627858,False,top_14_by_validation_H10_Score
test,86,85,6,0.23690376048483228,243.41340567629658,353.7207262902704,18366,0.20436376521328775,114,0.2609385788627858,False,top_14_by_validation_H10_Score
test,86,85,10,0.2355772852532982,246.75988480590183,358.8002266845819,30611,0.20436376521328775,114,0.2609385788627858,False,top_14_by_validation_H10_Score
test,87,86,3,0.22780447599623277,230.60361061483349,332.4791034214393,10236,0.2022403995374684,118,0.2609385788627858,False,top_14_by_validation_H10_Score
test,87,86,6,0.2273337442769421,233.16977599318372,336.2392070592198,20463,0.2022403995374684,118,0.2609385788627858,False,top_14_by_validation_H10_Score
test,87,86,10,0.22688935586801826,236.37361997738688,341.0114917062801,34086,0.2022403995374684,118,0.2609385788627858,False,top_14_by_validation_H10_Score
test,88,87,3,0.243236073382954,245.9040532764474,347.3538961282768,9126,0.19898287493931618,121,0.2609385788627858,False,top_14_by_validation_H10_Score
test,88,87,6,0.24183348499666552,248.6427544658451,351.2708513922735,18252,0.19898287493931618,121,0.2609385788627858,False,top_14_by_validation_H10_Score
test,88,87,10,0.24125657989020208,252.1115676349913,356.2417805641197,30420,0.19898287493931618,121,0.2609385788627858,False,top_14_by_validation_H10_Score
test,89,88,3,0.2556443261390254,258.07481747915216,372.11006678306194,9216,0.2189878064691594,86,0.2609385788627858,False,top_14_by_validation_H10_Score
test,89,88,6,0.25328545518410517,260.7503986549861,376.21624202441734,18432,0.2189878064691594,86,0.2609385788627858,False,top_14_by_validation_H10_Score
test,89,88,10,0.2512980003867469,264.09232021667043,381.4265193626272,30721,0.2189878064691594,86,0.2609385788627858,False,top_14_by_validation_H10_Score
test,90,89,3,0.22934000484608977,230.688778911111,328.69756384478546,9981,0.20487576564081125,112,0.2609385788627858,False,top_14_by_validation_H10_Score
test,90,89,6,0.22891624960208679,233.15779678610133,332.47468044678067,19962,0.20487576564081125,112,0.2609385788627858,False,top_14_by_validation_H10_Score
test,90,89,10,0.22837032855609352,236.27387901052467,337.28928506557776,33271,0.20487576564081125,112,0.2609385788627858,False,top_14_by_validation_H10_Score
test,91,90,3,0.26466423851523824,267.8943572506437,371.8040217886678,8928,0.21325001162305965,101,0.2609385788627858,False,top_14_by_validation_H10_Score
test,91,90,6,0.26222956203796843,270.52746160062094,375.6918394701333,17856,0.21325001162305965,101,0.2609385788627858,False,top_14_by_validation_H10_Score
test,91,90,10,0.2604548762276408,273.78446279723266,380.5867195867399,29760,0.21325001162305965,101,0.2609385788627858,False,top_14_by_validation_H10_Score
test,92,91,3,0.2296479289535025,232.6211034630718,344.4734207607478,8346,0.173691421231164,133,0.2609385788627858,False,top_14_by_validation_H10_Score
test,92,91,6,0.22662875431774507,235.08820151312872,348.2534155780298,16692,0.173691421231164,133,0.2609385788627858,False,top_14_by_validation_H10_Score
test,92,91,10,0.22366195481465906,238.18360644956016,353.1066420801242,27820,0.173691421231164,133,0.2609385788627858,False,top_14_by_validation_H10_Score
test,93,92,3,0.2684549736075376,273.30728353016383,379.22894816250897,7215,0.2042194192436087,115,0.2609385788627858,False,top_14_by_validation_H10_Score
test,93,92,6,0.2641443735758943,276.1391188667763,383.3953011936634,14430,0.2042194192436087,115,0.2609385788627858,False,top_14_by_validation_H10_Score
test,93,92,10,0.2606166462479623,279.6975196626739,388.6981750633033,24050,0.2042194192436087,115,0.2609385788627858,False,top_14_by_validation_H10_Score
test,94,93,3,0.26664063957927525,268.29211839644563,354.3889708880985,8022,0.20872423359767364,110,0.2609385788627858,False,top_14_by_validation_H10_Score
test,94,93,6,0.26549828208119985,270.9703088270157,358.31340168832014,16044,0.20872423359767364,110,0.2609385788627858,False,top_14_by_validation_H10_Score
test,94,93,10,0.2638184597865368,274.3108045292262,363.30439374331934,26740,0.20872423359767364,110,0.2609385788627858,False,top_14_by_validation_H10_Score
test,95,94,3,0.28385953393357005,287.18817047609537,404.50242614471773,8715,0.2504690584619267,27,0.2609385788627858,False,top_14_by_validation_H10_Score
test,95,94,6,0.2816470214144533,290.3241685467374,409.0085573743262,17421,0.2504690584619267,27,0.2609385788627858,False,top_14_by_validation_H10_Score
test,95,94,10,0.27969363611178044,294.27586227777385,414.75993251995084,29015,0.2504690584619267,27,0.2609385788627858,False,top_14_by_validation_H10_Score
test,96,95,3,0.2570193080593741,261.6776174340854,373.5212605152557,7095,0.17738244699786465,132,0.2609385788627858,False,top_14_by_validation_H10_Score
test,96,95,6,0.25285124579224355,264.78320906250076,378.07724323050314,14190,0.17738244699786465,132,0.2609385788627858,False,top_14_by_validation_H10_Score
test,96,95,10,0.24851768739938623,268.6965810778912,383.8620941975159,23656,0.17738244699786465,132,0.2609385788627858,False,top_14_by_validation_H10_Score
test,97,96,3,0.23892979627577232,245.0934037505269,352.337751772659,7230,0.16745080700586165,134,0.2609385788627858,False,top_14_by_validation_H10_Score
test,97,96,6,0.23319085871919226,247.80163636424476,356.45887434272447,14460,0.16745080700586165,134,0.2609385788627858,False,top_14_by_validation_H10_Score
test,97,96,10,0.22768471205487267,251.1839610100008,361.69064341041354,24106,0.16745080700586165,134,0.2609385788627858,False,top_14_by_validation_H10_Score
test,98,97,3,0.2514184595040266,254.08651268491252,368.7513103874083,9228,0.22260937267674913,77,0.2609385788627858,False,top_14_by_validation_H10_Score
test,98,97,6,0.2497640576589594,256.76274214334484,372.83898208133695,18465,0.22260937267674913,77,0.2609385788627858,False,top_14_by_validation_H10_Score
test,98,97,10,0.24845194669991613,260.1442449751538,378.0514542227986,30789,0.22260937267674913,77,0.2609385788627858,False,top_14_by_validation_H10_Score
test,99,98,3,0.2470255323912277,253.70430860261104,366.28254331416963,8958,0.1860330809196612,127,0.2609385788627858,False,top_14_by_validation_H10_Score
test,99,98,6,0.2453103437005455,256.3463692694136,370.30889317514414,17925,0.1860330809196612,127,0.2609385788627858,False,top_14_by_validation_H10_Score
test,99,98,10,0.24545681759851223,259.6898922394595,375.4753556518753,29892,0.1860330809196612,127,0.2609385788627858,False,top_14_by_validation_H10_Score
test,100,99,3,0.2500588890119397,254.60388544964698,359.2700347785596,7581,0.19669177268253904,125,0.2609385788627858,False,top_14_by_validation_H10_Score
test,100,99,6,0.2468680337134381,257.3487960351357,363.29012502002905,15162,0.19669177268253904,125,0.2609385788627858,False,top_14_by_validation_H10_Score
test,100,99,10,0.24370819142595823,260.8252711837113,368.4141362422465,25271,0.19669177268253904,125,0.2609385788627858,False,top_14_by_validation_H10_Score
test,101,100,3,0.25836452258790277,260.4018174815379,370.9355529077795,8451,0.21531007563136256,93,0.2609385788627858,False,top_14_by_validation_H10_Score
test,101,100,6,0.2574275427034332,262.9834300153618,374.9623060602023,16902,0.21531007563136256,93,0.2609385788627858,False,top_14_by_validation_H10_Score
test,101,100,10,0.2560748844572131,266.1821029090408,380.0638407371111,28170,0.21531007563136256,93,0.2609385788627858,False,top_14_by_validation_H10_Score
test,102,101,3,0.2560408879532178,258.67026655480896,365.74817248651516,9024,0.21723958115089756,90,0.2609385788627858,False,top_14_by_validation_H10_Score
test,102,101,6,0.2536828377323097,261.46307100841017,369.929628858596,18048,0.21723958115089756,90,0.2609385788627858,False,top_14_by_validation_H10_Score
test,102,101,10,0.2509976188834808,264.99630858043724,375.2770814872209,30081,0.21723958115089756,90,0.2609385788627858,False,top_14_by_validation_H10_Score
test,103,102,3,0.22190819693391603,223.80694619136432,331.66284321011653,10374,0.20942265520060757,107,0.2609385788627858,False,top_14_by_validation_H10_Score
test,103,102,6,0.22231007446396417,226.11052783658786,335.2396347609752,20748,0.20942265520060757,107,0.2609385788627858,False,top_14_by_validation_H10_Score
test,103,102,10,0.22291969246357676,229.01118496926776,339.78742493940405,34580,0.20942265520060757,107,0.2609385788627858,False,top_14_by_validation_H10_Score
test,104,103,3,0.25380344645644964,256.0110545225211,369.9908571029696,8550,0.22026008356282054,84,0.2609385788627858,False,top_14_by_validation_H10_Score
test,104,103,6,0.2522355857621492,258.48454783377287,373.9221651918265,17100,0.22026008356282054,84,0.2609385788627858,False,top_14_by_validation_H10_Score
test,104,103,10,0.24977942813454707,261.5691598958255,378.8942731259912,28500,0.22026008356282054,84,0.2609385788627858,False,top_14_by_validation_H10_Score
test,105,104,3,0.2504687834560067,253.29960925726292,362.27683335613017,9150,0.21921100348280298,85,0.2609385788627858,False,top_14_by_validation_H10_Score
test,105,104,6,0.2484681302383649,255.84307296110632,366.2298879264137,18300,0.21921100348280298,85,0.2609385788627858,False,top_14_by_validation_H10_Score
test,105,104,10,0.24593132424136413,259.0371369679034,371.2356247128994,30501,0.21921100348280298,85,0.2609385788627858,False,top_14_by_validation_H10_Score
test,106,105,3,0.26525231360558754,267.3928147857397,383.33634053250967,8385,0.215245715701898,94,0.2609385788627858,False,top_14_by_validation_H10_Score
test,106,105,6,0.2638863255884161,270.0451310783358,387.46502932266014,16770,0.215245715701898,94,0.2609385788627858,False,top_14_by_validation_H10_Score
test,106,105,10,0.26199696070506967,273.37059993506546,392.7142202946965,27950,0.215245715701898,94,0.2609385788627858,False,top_14_by_validation_H10_Score
test,107,106,3,0.23032282003252938,231.8534559397544,334.3239249486818,10065,0.2045576497019051,113,0.2609385788627858,False,top_14_by_validation_H10_Score
test,107,106,6,0.2311604544707244,234.32295409180742,337.9821439653313,20130,0.2045576497019051,113,0.2609385788627858,False,top_14_by_validation_H10_Score
test,107,106,10,0.23088656498751645,237.43176493901396,342.6350518991629,33551,0.2045576497019051,113,0.2609385788627858,False,top_14_by_validation_H10_Score
test,108,107,3,0.2524360309565214,255.2603093796777,357.8743572618471,9366,0.21710183563076618,91,0.2609385788627858,False,top_14_by_validation_H10_Score
test,108,107,6,0.25065489676778496,257.97674089620244,361.9093566249376,18732,0.21710183563076618,91,0.2609385788627858,False,top_14_by_validation_H10_Score
test,108,107,10,0.2477986457215841,261.38947498274194,367.02177173413793,31220,0.21710183563076618,91,0.2609385788627858,False,top_14_by_validation_H10_Score
test,109,108,3,0.23084841967754988,232.26282430596066,327.1594708820674,9918,0.19869585205799672,122,0.2609385788627858,False,top_14_by_validation_H10_Score
test,109,108,6,0.23026665188823314,234.7556098991831,330.90714333323893,19836,0.19869585205799672,122,0.2609385788627858,False,top_14_by_validation_H10_Score
test,109,108,10,0.2286649883648875,237.87741593520403,335.66999589231204,33061,0.19869585205799672,122,0.2609385788627858,False,top_14_by_validation_H10_Score
test,110,109,3,0.24428717140459297,246.6238454774196,350.30970084533743,9948,0.21340516128082085,100,0.2609385788627858,False,top_14_by_validation_H10_Score
test,110,109,6,0.24207460109879236,249.2742349888409,354.33798376545417,19896,0.21340516128082085,100,0.2609385788627858,False,top_14_by_validation_H10_Score
test,110,109,10,0.24006587075011657,252.5990534446908,359.466761729486,33161,0.21340516128082085,100,0.2609385788627858,False,top_14_by_validation_H10_Score
test,111,110,3,0.23098935206055127,232.35533456230044,326.25516866689594,9849,0.20200614949146076,119,0.2609385788627858,False,top_14_by_validation_H10_Score
test,111,110,6,0.22970272587354432,234.9263703926546,329.95045722465926,19698,0.20200614949146076,119,0.2609385788627858,False,top_14_by_validation_H10_Score
test,111,110,10,0.2283622318439713,238.15764604334674,334.66270763029974,32830,0.20200614949146076,119,0.2609385788627858,False,top_14_by_validation_H10_Score
test,112,111,3,0.23775931329890598,240.93594909384785,338.75422372240826,9642,0.20187527212528505,120,0.2609385788627858,False,top_14_by_validation_H10_Score
test,112,111,6,0.23504257351799154,243.54043422938028,342.6646351837689,19284,0.20187527212528505,120,0.2609385788627858,False,top_14_by_validation_H10_Score
test,112,111,10,0.23215163839488062,246.78837644818847,347.63100319117484,32140,0.20187527212528505,120,0.2609385788627858,False,top_14_by_validation_H10_Score
test,113,112,3,0.2538382938626408,253.52553344984116,335.52316707040774,8076,0.22069055891067663,82,0.2609385788627858,False,top_14_by_validation_H10_Score
test,113,112,6,0.2523404379874987,255.78138104065746,338.67162101737915,16152,0.22069055891067663,82,0.2609385788627858,False,top_14_by_validation_H10_Score
test,113,112,10,0.2508058291889719,258.5417511233332,342.5650796350675,26920,0.22069055891067663,82,0.2609385788627858,False,top_14_by_validation_H10_Score
test,114,113,3,0.30432651289906193,307.3154863083128,421.3494388712041,8130,0.23911504366394515,44,0.2609385788627858,False,top_14_by_validation_H10_Score
test,114,113,6,0.30199161395642865,310.3827757299386,425.82131830873675,16260,0.23911504366394515,44,0.2609385788627858,False,top_14_by_validation_H10_Score
test,114,113,10,0.29942888906571785,314.20477379854754,431.49009001162267,27100,0.23911504366394515,44,0.2609385788627858,False,top_14_by_validation_H10_Score
test,115,114,3,0.25421134814248697,261.6530372642366,367.569734846502,6939,0.1804626390909215,131,0.2609385788627858,False,top_14_by_validation_H10_Score
test,115,114,6,0.24878286964944246,264.42065172781514,371.6163464914111,13878,0.1804626390909215,131,0.2609385788627858,False,top_14_by_validation_H10_Score
test,115,114,10,0.2439858967524771,267.88773952727445,376.7607969259924,23130,0.1804626390909215,131,0.2609385788627858,False,top_14_by_validation_H10_Score
test,116,115,3,0.25154812684685074,255.53903221716809,362.40104898811416,7602,0.18356393952627578,129,0.2609385788627858,False,top_14_by_validation_H10_Score
test,116,115,6,0.24914875665622296,258.318495687605,366.5585761519688,15204,0.18356393952627578,129,0.2609385788627858,False,top_14_by_validation_H10_Score
test,116,115,10,0.24587636598547388,261.836303090764,371.8737597867001,25340,0.18356393952627578,129,0.2609385788627858,False,top_14_by_validation_H10_Score
test,117,116,3,0.2654299988394943,268.86028732773207,363.60866622824267,7686,0.21268225329869597,103,0.2609385788627858,False,top_14_by_validation_H10_Score
test,117,116,6,0.26193954885650456,271.44240999770153,367.4312173702249,15372,0.21268225329869597,103,0.2609385788627858,False,top_14_by_validation_H10_Score
test,117,116,10,0.2583342068023525,274.62599237289567,372.2631983842672,25620,0.21268225329869597,103,0.2609385788627858,False,top_14_by_validation_H10_Score
test,118,117,3,0.27865843092564263,280.14339117933247,390.23883595169895,8223,0.2297536604878353,60,0.2609385788627858,False,top_14_by_validation_H10_Score
test,118,117,6,0.277780005712999,283.0295252053172,394.4890314693325,16446,0.2297536604878353,60,0.2609385788627858,False,top_14_by_validation_H10_Score
test,118,117,10,0.2768290838449411,286.6685839178048,399.89608222569564,27410,0.2297536604878353,60,0.2609385788627858,False,top_14_by_validation_H10_Score
test,119,118,3,0.26221704380574584,264.3640848740079,384.6025580037533,8931,0.1878832949253061,126,0.2609385788627858,False,top_14_by_validation_H10_Score
test,119,118,6,0.26314504696155067,267.0088013674755,388.68278860323073,17862,0.1878832949253061,126,0.2609385788627858,False,top_14_by_validation_H10_Score
test,119,118,10,0.2642058070484903,270.303644512501,393.8679144999292,29771,0.1878832949253061,126,0.2609385788627858,False,top_14_by_validation_H10_Score
test,120,119,3,0.22568710011743018,229.12508709095061,330.8161356756748,9216,0.18479871940154097,128,0.2609385788627858,False,top_14_by_validation_H10_Score
test,120,119,6,0.22377713269589616,231.59329628559095,334.52489129431723,18432,0.18479871940154097,128,0.2609385788627858,False,top_14_by_validation_H10_Score
test,120,119,10,0.22235965495693097,234.68675207265946,339.2518801235338,30723,0.18479871940154097,128,0.2609385788627858,False,top_14_by_validation_H10_Score
test,121,120,3,0.27212254418209125,274.6057082197968,385.57632669419223,9267,0.22900452927827303,63,0.2609385788627858,False,top_14_by_validation_H10_Score
test,121,120,6,0.2709398924001807,277.556791545411,389.8814191841366,18534,0.22900452927827303,63,0.2609385788627858,False,top_14_by_validation_H10_Score
test,121,120,10,0.27084358947677223,281.2372466930257,395.348437844771,30893,0.22900452927827303,63,0.2609385788627858,False,top_14_by_validation_H10_Score
test,122,121,3,0.278868452148235,283.41553874524783,382.26887806023865,7401,0.21808306933528418,89,0.2609385788627858,False,top_14_by_validation_H10_Score
test,122,121,6,0.27496737302133434,286.1065640629859,386.2643932118791,14802,0.21808306933528418,89,0.2609385788627858,False,top_14_by_validation_H10_Score
test,122,121,10,0.27063299324016266,289.4559605022134,391.3206276984195,24670,0.21808306933528418,89,0.2609385788627858,False,top_14_by_validation_H10_Score
test,123,122,3,0.29442401311116717,296.1914646150902,403.051284318116,7812,0.23206014635907665,52,0.2609385788627858,False,top_14_by_validation_H10_Score
test,123,122,6,0.2931993779007484,299.0736616821478,407.39523027485336,15624,0.23206014635907665,52,0.2609385788627858,False,top_14_by_validation_H10_Score
test,123,122,10,0.29131708431409636,302.6616680138694,412.93322587258706,26040,0.23206014635907665,52,0.2609385788627858,False,top_14_by_validation_H10_Score
test,124,123,3,0.262670740889964,268.89752347859803,377.6897523405068,7950,0.20399892784297458,116,0.2609385788627858,False,top_14_by_validation_H10_Score
test,124,123,6,0.25682811926428023,271.63928126470705,381.8398311402126,15900,0.20399892784297458,116,0.2609385788627858,False,top_14_by_validation_H10_Score
test,124,123,10,0.2510764088891928,275.0866655081744,387.15271720133114,26500,0.20399892784297458,116,0.2609385788627858,False,top_14_by_validation_H10_Score
test,125,124,3,0.27630921757436244,278.690988721952,385.77472579627363,8676,0.22389062387340608,73,0.2609385788627858,False,top_14_by_validation_H10_Score
test,125,124,6,0.2751074259279035,281.55300836855395,389.91646876000436,17352,0.22389062387340608,73,0.2609385788627858,False,top_14_by_validation_H10_Score
test,125,124,10,0.2736503972875035,285.1032163541501,395.1871045641843,28920,0.22389062387340608,73,0.2609385788627858,False,top_14_by_validation_H10_Score
test,126,125,3,0.28075643155422014,283.9450579177621,388.8957946466945,8139,0.22188576553141165,78,0.2609385788627858,False,top_14_by_validation_H10_Score
test,126,125,6,0.27897679649820256,286.8409778398958,393.13552483231973,16278,0.22188576553141165,78,0.2609385788627858,False,top_14_by_validation_H10_Score
test,126,125,10,0.2772645075663879,290.4355004142834,398.47370527897516,27130,0.22188576553141165,78,0.2609385788627858,False,top_14_by_validation_H10_Score
test,127,126,3,0.25776166461459876,260.5229968971462,365.91329683040294,8727,0.21435886602032558,98,0.2609385788627858,False,top_14_by_validation_H10_Score
test,127,126,6,0.2570423100311515,263.1291623889036,369.81786145192876,17454,0.21435886602032558,98,0.2609385788627858,False,top_14_by_validation_H10_Score
test,127,126,10,0.25661031402105294,266.38657843850194,374.76548145849057,29090,0.21435886602032558,98,0.2609385788627858,False,top_14_by_validation_H10_Score
test,128,127,3,0.24425235539921963,246.59523382399917,345.2628354087535,9411,0.20895626709665888,109,0.2609385788627858,False,top_14_by_validation_H10_Score
test,128,127,6,0.2426752780561339,249.19155252778324,349.0360365255838,18822,0.20895626709665888,109,0.2609385788627858,False,top_14_by_validation_H10_Score
test,128,127,10,0.2410739142403259,252.43283260104704,353.82433879552593,31370,0.20895626709665888,109,0.2609385788627858,False,top_14_by_validation_H10_Score
test,129,128,3,0.2539765797455033,255.94060108750384,363.08796065979027,9984,0.2186322720189606,88,0.2609385788627858,False,top_14_by_validation_H10_Score
test,129,128,6,0.2530018902186991,258.587954405379,367.02894920893334,19968,0.2186322720189606,88,0.2609385788627858,False,top_14_by_validation_H10_Score
test,129,128,10,0.25215992510130925,261.9036492329654,372.03322759520063,33280,0.2186322720189606,88,0.2609385788627858,False,top_14_by_validation_H10_Score
test,130,129,3,0.2548659965745407,258.5907086441149,354.6834421068094,8697,0.2209178186467024,81,0.2609385788627858,False,top_14_by_validation_H10_Score
test,130,129,6,0.25179351530413147,261.2776539716929,358.54425714754876,17394,0.2209178186467024,81,0.2609385788627858,False,top_14_by_validation_H10_Score
test,130,129,10,0.24892826278954197,264.6657855978357,363.4390552150113,28990,0.2209178186467024,81,0.2609385788627858,False,top_14_by_validation_H10_Score
test,131,130,3,0.26431690100193206,266.76658429307696,380.31843652271147,9510,0.2188804883183374,87,0.2609385788627858,False,top_14_by_validation_H10_Score
test,131,130,6,0.2641692457640098,269.6615255331811,384.5359991279548,19020,0.2188804883183374,87,0.2609385788627858,False,top_14_by_validation_H10_Score
test,131,130,10,0.26355241258005524,273.3014869490632,389.90939228339937,31701,0.2188804883183374,87,0.2609385788627858,False,top_14_by_validation_H10_Score
test,132,131,3,0.249928228684914,252.32044515390277,354.9766089007767,10479,0.22113181551497488,80,0.2609385788627858,False,top_14_by_validation_H10_Score
test,132,131,6,0.24908176397494694,255.15364708676893,359.0930480199509,20958,0.22113181551497488,80,0.2609385788627858,False,top_14_by_validation_H10_Score
test,132,131,10,0.2488946451174579,258.7435062423359,364.34368351144406,34930,0.22113181551497488,80,0.2609385788627858,False,top_14_by_validation_H10_Score
test,133,132,3,0.2649198041239599,265.6401083210791,370.29518137422593,9132,0.23025641195002708,56,0.2609385788627858,False,top_14_by_validation_H10_Score
test,133,132,6,0.264456189929118,268.25366503716924,374.09877577363113,18264,0.23025641195002708,56,0.2609385788627858,False,top_14_by_validation_H10_Score
test,133,132,10,0.26402900741088847,271.4969374668974,378.86682507855284,30440,0.23025641195002708,56,0.2609385788627858,False,top_14_by_validation_H10_Score
test,134,133,3,0.25430659470219386,255.4202087317271,359.11857666783845,11318,0.2237783341908131,74,0.2609385788627858,False,top_14_by_validation_H10_Score
test,134,133,6,0.2555116080286649,258.4064321018452,363.2588611402462,22637,0.2237783341908131,74,0.2609385788627858,False,top_14_by_validation_H10_Score
test,134,133,10,0.2574595076322191,262.15360605572624,368.5012950614572,37729,0.2237783341908131,74,0.2609385788627858,False,top_14_by_validation_H10_Score
