graph,source_TurbID,target_TurbID,source_node_index,target_node_index,weight,edge_length,delta_wspd_cosine,ma36_patv_correlation,fit_split
Micro,1,2,0,1,0.14278876781463623,477.4161855436831,0.3922235536126477,0.9455199048251415,train
Micro,1,3,0,2,0.1380649209022522,953.5971809822636,-0.047496317715554515,0.9489797551542677,train
Micro,1,23,0,22,0.21095268428325653,949.3748939984782,0.6694953394200885,0.9505399258157494,train
Micro,1,24,0,23,0.20769518613815308,474.15250884170086,0.5964319222480639,0.9296913808633129,train
Micro,1,25,0,24,0.19371163845062256,941.916237617386,0.5101276855330716,0.9405694804665635,train
Micro,1,45,0,44,0.05703095346689224,1952.413879014634,0.5242401050306265,0.9324030870320852,train
Micro,1,47,0,46,0.04975586384534836,1270.8876077862749,0.4573660097584824,0.9255590554187673,train
Micro,2,1,1,0,0.14296463131904602,477.4161855436831,0.3922235536126477,0.9455199048251415,train
Micro,2,3,1,2,0.14296798408031464,476.9147522244701,-0.03571372382382891,0.958655129900264,train
Micro,2,4,1,3,0.20842239260673523,949.4959282911008,0.6162952740389233,0.9535313636162054,train
Micro,2,5,1,4,0.05050965026021004,1424.5616319455223,0.44384733480739763,0.9234951807576326,train
Micro,2,22,1,21,0.06424020230770111,1899.9409490882222,0.5645028774968462,0.9286575133857584,train
Micro,2,24,1,23,0.1382661908864975,951.1968676464869,0.34331206351087956,0.9431578541757422,train
Micro,2,26,1,25,0.1971595138311386,1007.6808763648767,0.5241369231659045,0.9362487549200389,train
Micro,2,46,1,45,0.055469442158937454,1944.4548127132955,0.48743090862181404,0.9529169766562615,train
Micro,3,1,2,0,0.13834325969219208,953.5971809822636,-0.047496317715554515,0.9489797551542677,train
Micro,3,2,2,1,0.1430799663066864,476.9147522244701,-0.03571372382382891,0.958655129900264,train
Micro,3,4,2,3,0.14308999478816986,475.4246718269643,-0.057674678932506225,0.9580265871450764,train
Micro,3,5,2,4,0.13839153945446014,949.8842481577063,-0.052676392338024715,0.9360418886474617,train
Micro,3,27,2,26,0.13709527254104614,1045.4157238637772,-0.032438886088001204,0.9413335846274105,train
Micro,3,91,2,90,0.07555796205997467,2297.4167311808346,0.21278683476012994,0.8958826492774151,train
Micro,3,94,2,93,0.04950970783829689,2717.6889113365382,0.13942955975099702,0.9113575973484943,train
Micro,3,101,2,100,0.04807869344949722,5320.398079173663,0.13539953195624685,0.892194726784018,train
Micro,3,119,2,118,0.07658460736274719,4560.51882680007,0.2156780873257326,0.8715541495358113,train
Micro,3,128,2,127,0.05026903375983238,4440.753946025098,0.14156799919683904,0.835556564101673,train
Micro,4,2,3,1,0.19812420010566711,949.4959282911008,0.6162952740389233,0.9535313636162054,train
Micro,4,3,3,2,0.14286336302757263,475.4246718269643,-0.057674678932506225,0.9580265871450764,train
Micro,4,5,3,4,0.2088182270526886,475.0708232153166,0.6780374081893777,0.9348223032861575,train
Micro,4,6,3,5,0.197321355342865,974.9191684408497,0.6114685665431373,0.9501466498860475,train
Micro,4,25,3,24,0.056720536202192307,1898.061090162091,0.5831266540476957,0.951854115363754,train
Micro,4,26,3,25,0.057902801781892776,1542.5424930782585,0.595281158233804,0.9260057852467185,train
Micro,4,29,3,28,0.13824942708015442,943.9190780347973,0.4196432675788904,0.9427625677824917,train
Micro,5,3,4,2,0.13820675015449524,949.8842481577063,-0.052676392338024715,0.9360418886474617,train
Micro,5,4,4,3,0.2056560218334198,475.0708232153166,0.6780374081893777,0.9348223032861575,train
Micro,5,6,4,5,0.21279604732990265,500.26754634839614,0.7570545535073143,0.9362363907892224,train
Micro,5,7,4,6,0.19335706532001495,975.0504843273078,0.5994424849505215,0.9353968043651261,train
Micro,5,25,4,24,0.05271567404270172,2325.0153649249582,0.5695699163703497,0.9346480880537205,train
Micro,5,27,4,26,0.05898111313581467,1539.826997334916,0.6372652526281701,0.9204206428723578,train
Micro,5,29,4,28,0.13828736543655396,943.6472496108748,0.49584804845840386,0.9184085991202015,train
Micro,6,4,5,3,0.19189316034317017,974.9191684408497,0.6114685665431373,0.9501466498860475,train
Micro,6,5,5,4,0.20956440269947052,500.26754634839614,0.7570545535073143,0.9362363907892224,train
Micro,6,7,5,6,0.2060842514038086,476.45797045451053,0.7156517873906041,0.9578474313312758,train
Micro,6,8,5,7,0.19578351080417633,924.9320499347674,0.648294490492417,0.9626825925878213,train
Micro,6,27,5,26,0.05948185920715332,1965.075180078957,0.675759193963324,0.9417495862032647,train
Micro,6,30,5,29,0.13719284534454346,1039.038299619498,0.4217720230389551,0.9527255742510342,train
Micro,7,5,6,4,0.19504712522029877,975.0504843273078,0.5994424849505215,0.9353968043651261,train
Micro,7,6,6,5,0.2108263224363327,476.45797045451053,0.7156517873906041,0.9578474313312758,train
Micro,7,8,6,7,0.21135231852531433,448.9761485488697,0.7193892706860935,0.9714466325722373,train
Micro,7,28,6,27,0.05679981783032417,1973.2585228955934,0.617461465998657,0.9508225585734252,train
Micro,7,29,6,28,0.05604959651827812,1518.5608358831062,0.6093059167070382,0.9490639190471125,train
Micro,7,30,6,29,0.1361837536096573,1223.4165639041871,0.5398712474445022,0.946326750965781,train
Micro,7,75,6,74,0.133741095662117,1365.0458699819544,0.33103013044593355,0.9425761425555698,train
Micro,8,6,7,5,0.19936178624629974,924.9320499347674,0.648294490492417,0.9626825925878213,train
Micro,8,7,7,6,0.21023507416248322,448.9761485488697,0.7193892706860935,0.9714466325722373,train
Micro,8,9,7,8,0.06619580835103989,1431.3311145960026,0.7613347740199277,0.978331137235831,train
Micro,8,10,7,9,0.05695459246635437,1906.5649829011932,0.6550492136631377,0.9670558631916238,train
Micro,8,29,7,28,0.05793358385562897,1897.8950804160165,0.666308890853117,0.9611790848081329,train
Micro,8,31,7,30,0.13845542073249817,1228.364890603704,0.5043983340789642,0.9646645202984024,train
Micro,8,76,7,75,0.13547219336032867,1396.4505270472243,0.3090057042819034,0.9330443966895385,train
Micro,8,77,7,76,0.13539162278175354,1400.7571915274018,0.14932621501242296,0.9331120185206224,train
Micro,9,7,8,6,0.05294032022356987,1880.3072474599157,0.5917085232749666,0.9648661007628702,train
Micro,9,8,8,7,0.06811682879924774,1431.3311145960026,0.7613347740199277,0.978331137235831,train
Micro,9,10,8,9,0.2154185175895691,475.2355023667303,0.7870136688348834,0.9653470978002712,train
Micro,9,11,8,10,0.195827454328537,956.5582278650667,0.622261293036446,0.968984970959975,train
Micro,9,29,8,28,0.05285465344786644,3228.641871697507,0.5907509946053684,0.9586247479581806,train
Micro,9,31,8,30,0.13598006963729858,1235.8474770323696,0.5076433149919325,0.96267312519964,train
Micro,9,32,8,31,0.1393948197364807,1012.400572795238,0.5893457196010967,0.9591721750179425,train
Micro,9,33,8,32,0.1394672840833664,1007.1882379017292,0.5158723173430403,0.9572875581059734,train
Micro,10,8,9,7,0.057140007615089417,1906.5649829011932,0.6550492136631377,0.9670558631916238,train
Micro,10,9,9,8,0.21217674016952515,475.2355023667303,0.7870136688348834,0.9653470978002712,train
Micro,10,11,9,10,0.20587190985679626,488.5457175555238,0.7157770547722535,0.9599830175412885,train
Micro,10,12,9,11,0.19323201477527618,952.1428348550701,0.6242109016432349,0.948083921791376,train
Micro,10,32,9,31,0.05732143297791481,1218.103221485326,0.6571290674260225,0.9622395062844842,train
Micro,10,33,9,32,0.1379936784505844,1010.9217116333919,0.5830962316784287,0.953790563416024,train
Micro,10,34,9,33,0.13626419007778168,1130.2322424206325,0.5238527275392256,0.931124421906203,train
Micro,11,9,10,8,0.19462019205093384,956.5582278650667,0.622261293036446,0.968984970959975,train
Micro,11,10,10,9,0.20765447616577148,488.5457175555238,0.7157770547722535,0.9599830175412885,train
Micro,11,12,10,11,0.210102379322052,476.86261335624766,0.7424472450987917,0.9497795717327914,train
Micro,11,32,10,31,0.05865881219506264,1624.2245935011847,0.6607675700470019,0.9559007144628723,train
Micro,11,33,10,32,0.05664867162704468,1313.7116625935234,0.6381240929997944,0.9615111011610366,train
Micro,11,34,10,33,0.13474664092063904,1264.8078033691359,0.5220787065110825,0.9274619384620832,train
Micro,11,35,10,34,0.13756881654262543,1086.2288864410757,0.41554844495326876,0.942158290616727,train
Micro,12,9,11,8,0.13462071120738983,1426.3364352885055,0.5459686018096622,0.9531113777909347,train
Micro,12,10,11,9,0.19935563206672668,952.1428348550701,0.6242109016432349,0.948083921791376,train
Micro,12,11,11,10,0.21501082181930542,476.86261335624766,0.7424472450987917,0.9497795717327914,train
Micro,12,13,11,12,0.059106893837451935,11877.043915148559,0.6469858895585383,0.9602090937537493,train
Micro,12,14,11,13,0.05545957386493683,11402.033457832329,0.6070621888601704,0.9220917199267893,train
Micro,12,33,11,32,0.0605793297290802,1595.5695702549149,0.6631031908787539,0.9464354735834211,train
Micro,12,34,11,33,0.13488613069057465,1412.280305909326,0.5970683983132562,0.9429545775215682,train
Micro,12,35,11,34,0.14098094403743744,1048.5184118169147,0.49075244023981074,0.9403267607470349,train
Micro,13,12,12,11,0.05761703476309776,11877.043915148559,0.6469858895585383,0.9602090937537493,train
Micro,13,14,12,13,0.21173042058944702,475.02891763412055,0.750664766417213,0.9325312178796072,train
Micro,13,15,12,14,0.19572053849697113,950.2684588351651,0.62439396505388,0.964969495735322,train
Micro,13,34,12,33,0.060637932270765305,11174.307235343687,0.6809077233043476,0.9366162711498791,train
Micro,13,35,12,34,0.059289831668138504,11671.857404584118,0.6657698068816122,0.9513668426010131,train
Micro,13,36,12,35,0.13934317231178284,1007.4493706512761,0.43706861685485254,0.9542805439973874,train
Micro,13,37,12,36,0.13935723900794983,1006.4346058724517,0.5296781540833312,0.9365358928262382,train
Micro,13,38,12,37,0.1363038420677185,1208.9840699493168,0.48825238561225764,0.9648374167418505,train
Micro,14,12,13,11,0.05386705696582794,11402.033457832329,0.6070621888601704,0.9220917199267893,train
Micro,14,13,13,12,0.20970742404460907,475.02891763412055,0.750664766417213,0.9325312178796072,train
Micro,14,15,13,14,0.2109447717666626,475.24079878718754,0.7646252393214109,0.9370312314462604,train
Micro,14,16,13,15,0.1385343223810196,939.2231505543551,0.40927525552799293,0.898774833687262,train
Micro,14,34,13,33,0.053469713777303696,10701.646326112752,0.6025842763399408,0.9148313879139393,train
Micro,14,35,13,34,0.05820551514625549,11198.361936254581,0.6559550753222411,0.9170026690949552,train
Micro,14,37,13,36,0.13762304186820984,1007.8792918418734,0.5765629366741817,0.9136212908403133,train
Micro,14,38,13,37,0.13764818012714386,1006.0410559050429,0.5636078483632811,0.9412487744321987,train
Micro,15,13,14,12,0.19632576406002045,950.2684588351651,0.62439396505388,0.964969495735322,train
Micro,15,14,14,13,0.21406960487365723,475.24079878718754,0.7646252393214109,0.9370312314462604,train
Micro,15,16,14,15,0.14302095770835876,463.9878984615271,0.4576529070679071,0.9265105830129761,train
Micro,15,17,14,16,0.13829809427261353,946.276995625497,0.43162932270321214,0.9531532095922053,train
Micro,15,36,14,35,0.05329696461558342,1541.0685824294817,0.5729799916981478,0.9576895285041505,train
Micro,15,37,14,36,0.058295030146837234,1213.8223432424354,0.6267127344857503,0.9366863469096808,train
Micro,15,38,14,37,0.05920541658997536,1008.4776410317555,0.6365000240285529,0.9706663094042883,train
Micro,15,39,14,38,0.1374882310628891,1007.1741968699913,0.5208771408157659,0.9390074270421105,train
Micro,16,14,15,13,0.13838958740234375,939.2231505543551,0.40927525552799293,0.898774833687262,train
Micro,16,15,15,14,0.1430216282606125,463.9878984615271,0.4576529070679071,0.9265105830129761,train
Micro,16,17,15,16,0.21906252205371857,482.2970581602021,0.7147572753391463,0.9381223843910776,train
Micro,16,18,15,17,0.13815510272979736,957.3355051704762,0.4702366583816969,0.9194904018142882,train
Micro,16,19,15,18,0.0573730506002903,1432.200744777888,0.5384204432069741,0.9391879486575604,train
Micro,16,38,15,37,0.05741286277770996,1204.7245293324916,0.5387940743377433,0.9335251911959933,train
Micro,16,39,15,38,0.13753436505794525,1003.8447970814724,0.4790778612036447,0.9225632606180498,train
Micro,16,62,15,61,0.05535465478897095,2014.3392004650025,0.5194786935295108,0.900710826610434,train
Micro,16,64,15,63,0.05369628965854645,2440.5776899307757,0.503915649232509,0.9159338110386884,train
Micro,17,15,16,14,0.13832031190395355,946.276995625497,0.43162932270321214,0.9531532095922053,train
Micro,17,16,16,15,0.21139448881149292,482.2970581602021,0.7147572753391463,0.9381223843910776,train
Micro,17,18,16,17,0.20635181665420532,475.04112096218813,0.6616074049858377,0.9518114330770681,train
Micro,17,19,16,18,0.20224745571613312,949.9064352196021,0.6677971543574474,0.9734118871033,train
Micro,17,40,16,39,0.19016505777835846,1006.8957570278641,0.5495992819337011,0.957781910131021,train
Micro,17,41,16,40,0.05152091756463051,1045.3133877716261,0.5378035728672108,0.9398470044758435,train
Micro,18,16,17,15,0.13819964230060577,957.3355051704762,0.4702366583816969,0.9194904018142882,train
Micro,18,17,17,16,0.2077847719192505,475.04112096218813,0.6616074049858377,0.9518114330770681,train
Micro,18,19,17,18,0.20707762241363525,474.86547502189507,0.6543741997164595,0.951398011681339,train
Micro,18,20,17,19,0.13827386498451233,951.6379498705076,-0.004866928713703627,0.9307328565632493,train
Micro,18,21,17,20,0.05112428218126297,1430.6959614662778,0.5220563869757481,0.9449970696547236,train
Micro,18,40,17,39,0.0659065768122673,1209.130372096423,0.6730060729183981,0.9439412405631669,train
Micro,18,41,17,40,0.05409686267375946,1044.9244593532928,0.5524109628460602,0.9300496683718926,train
Micro,18,42,17,41,0.1375364065170288,1006.9415061252856,0.5203525878155691,0.9400151651278791,train
Micro,19,17,18,16,0.20082250237464905,949.9064352196021,0.6677971543574474,0.9734118871033,train
Micro,19,18,18,17,0.20426470041275024,474.86547502189507,0.6543741997164595,0.951398011681339,train
Micro,19,20,18,19,0.14297598600387573,476.98392198075453,0.09267110894701563,0.9568695166662651,train
Micro,19,21,18,20,0.19375203549861908,957.3635918108538,0.5933256199325359,0.9633752367981261,train
Micro,19,40,18,39,0.056552886962890625,1536.9278891436143,0.6039503846934108,0.9658769859304476,train
Micro,19,41,18,40,0.06408324837684631,1242.2789149761575,0.6843700591671287,0.9487818060324772,train
Micro,19,42,18,41,0.13754869997501373,1005.659629737727,0.514162889374874,0.9563344726336994,train
Micro,20,16,19,15,0.05971713364124298,1908.8543309336185,0.21425025722358107,0.9217724295663738,train
Micro,20,18,19,17,0.1382475048303604,951.6379498705076,-0.004866928713703627,0.9307328565632493,train
Micro,20,19,19,18,0.14295414090156555,476.98392198075453,0.09267110894701563,0.9568695166662651,train
Micro,20,21,19,20,0.14286774396896362,489.65122339161553,-0.008632519583134152,0.9493922522402221,train
Micro,20,22,19,21,0.13815441727638245,958.7789587409734,0.10389543909793268,0.8779535784805125,train
Micro,20,35,19,34,0.05257144197821617,8361.340036945363,0.18861327154841892,0.9315862119567269,train
Micro,20,37,19,36,0.061194878071546555,3234.8179484243765,0.219552028418921,0.9237209735334495,train
Micro,20,44,19,43,0.1377762109041214,987.3109563508575,0.06874156204599983,0.9044050619663637,train
Micro,20,62,19,61,0.06708532571792603,2405.7754311467224,0.24068548438029477,0.9112860151568819,train
Micro,20,66,19,65,0.05943125858902931,1992.4565055407086,0.21322461417790725,0.9421489577237077,train
Micro,21,19,20,18,0.19706784188747406,957.3635918108538,0.5933256199325359,0.9633752367981261,train
Micro,21,20,20,19,0.14315804839134216,489.65122339161553,-0.008632519583134152,0.9493922522402221,train
Micro,21,22,20,21,0.14325284957885742,475.7642318928797,0.08451526047354048,0.8728660021481457,train
Micro,21,23,20,22,0.1385325938463211,951.3179088079512,0.10806716993935901,0.9017322713208379,train
Micro,21,41,20,40,0.05487038940191269,2002.2650417318816,0.5554293852340022,0.9463199448430155,train
Micro,21,42,20,41,0.061203837394714355,1599.6558083139407,0.6195401480600617,0.952280313707568,train
Micro,21,43,20,42,0.06611054390668869,1320.4697397937027,0.6692086619484829,0.9640256366556558,train
Micro,21,44,20,43,0.059201110154390335,1098.6649270801995,0.599267428169329,0.9097111885264046,train
Micro,21,45,20,44,0.13660281896591187,1090.4798902132852,0.10173870967155828,0.9065199839091712,train
Micro,22,2,21,1,0.07504082471132278,1899.9409490882222,0.5645028774968462,0.9286575133857584,train
Micro,22,4,21,3,0.0523725226521492,2848.5946995605627,0.3939780757430008,0.9130599002913182,train
Micro,22,20,21,19,0.13846126198768616,958.7789587409734,0.10389543909793268,0.8779535784805125,train
Micro,22,21,21,20,0.14327986538410187,475.7642318928797,0.08451526047354048,0.8728660021481457,train
Micro,22,23,21,22,0.14324982464313507,480.2042390779873,0.17213567481436207,0.9393097671102578,train
Micro,22,24,21,23,0.1385859251022339,949.2244940541924,0.2249982281237648,0.9170835659224751,train
Micro,22,26,21,25,0.06055540218949318,1972.9639475567303,0.45553466723944863,0.9158828685142091,train
Micro,22,45,21,44,0.13642314076423645,1104.3653112824668,0.22087753340191107,0.9313111980176288,train
Micro,22,46,21,45,0.06915584951639175,1121.983417977978,0.5202324581123948,0.9271203954876245,train
Micro,22,48,21,47,0.04287542402744293,2438.7283514837245,0.3225351263237512,0.929432509378081,train
Micro,23,1,22,0,0.19944308698177338,949.3748939984782,0.6694953394200885,0.9505399258157494,train
Micro,23,21,22,20,0.1383323073387146,951.3179088079512,0.10806716993935901,0.9017322713208379,train
Micro,23,22,22,21,0.1430157572031021,480.2042390779873,0.17213567481436207,0.9393097671102578,train
Micro,23,24,22,23,0.2107226848602295,476.6602359138928,0.7418030032661499,0.9543714764009643,train
Micro,23,25,22,24,0.05264350026845932,1157.2797093936306,0.5769708564536387,0.9731802472004707,train
Micro,23,45,22,44,0.06297159940004349,1225.8660672451176,0.6901663880851905,0.9685364950226558,train
Micro,23,46,22,45,0.1372547298669815,1031.2156459623461,0.3718866265420492,0.9664519181157998,train
Micro,23,47,22,46,0.05561639368534088,1102.7836132814612,0.6095536751097337,0.9565447035634494,train
Micro,24,1,23,0,0.19562028348445892,474.15250884170086,0.5964319222480639,0.9296913808633129,train
Micro,24,2,23,1,0.13815376162528992,951.1968676464869,0.34331206351087956,0.9431578541757422,train
Micro,24,22,23,21,0.13817931711673737,949.2244940541924,0.2249982281237648,0.9170835659224751,train
Micro,24,23,23,22,0.2084604799747467,476.6602359138928,0.7418030032661499,0.9543714764009643,train
Micro,24,25,23,24,0.20210838317871094,967.2979934985101,0.7255003331145852,0.9524019763958524,train
Micro,24,45,23,44,0.05543309450149536,1576.9498927856719,0.6267688349024598,0.9541106164061618,train
Micro,24,47,23,46,0.062044695019721985,1116.9097404571578,0.7015245938826443,0.9470392769131828,train
Micro,25,1,24,0,0.13823385536670685,941.916237617386,0.5101276855330716,0.9405694804665635,train
Micro,25,24,24,23,0.06573536992073059,967.2979934985101,0.7255003331145852,0.9524019763958524,train
Micro,25,26,24,25,0.14280961453914642,477.0654254241888,0.45297796021885683,0.951923995198641,train
Micro,25,27,24,26,0.1954158991575241,953.5711970023101,0.632763389798096,0.9569477086910413,train
Micro,25,46,24,45,0.13805370032787323,955.834892992603,0.5018216877378799,0.9590697855808642,train
Micro,25,47,24,46,0.20430399477481842,475.56907575545495,0.6785828946229183,0.9552644811811998,train
Micro,25,48,24,47,0.06234779953956604,1263.8541826668154,0.6881128600366757,0.9681938473121852,train
Micro,25,49,24,48,0.05309978872537613,1005.8173153773778,0.5860455008819556,0.9544052413313294,train
Micro,26,2,25,1,0.05669460818171501,1007.6808763648767,0.5241369231659045,0.9362487549200389,train
Micro,26,4,25,3,0.06439010798931122,1542.5424930782585,0.595281158233804,0.9260057852467185,train
Micro,26,25,25,24,0.14272697269916534,477.0654254241888,0.45297796021885683,0.951923995198641,train
Micro,26,27,25,26,0.19990059733390808,478.6935962529131,0.528666673256712,0.9381107761949495,train
Micro,26,28,25,27,0.13802750408649445,951.7038251082496,0.2597459539219062,0.9365431734500841,train
Micro,26,47,25,46,0.13836506009101868,925.3473471493122,0.2712897682528396,0.9418113513047383,train
Micro,26,48,25,47,0.059274349361658096,1372.8229010334587,0.547986467248664,0.9487110023860672,train
Micro,26,49,25,48,0.20062080025672913,941.0915103822217,0.5774037322546829,0.94078538044653,train
Micro,27,6,26,5,0.060611773282289505,1965.075180078957,0.675759193963324,0.9417495862032647,train
Micro,27,25,26,24,0.1381690949201584,953.5711970023101,0.632763389798096,0.9569477086910413,train
Micro,27,26,26,25,0.14288753271102905,478.6935962529131,0.528666673256712,0.9381107761949495,train
Micro,27,28,26,27,0.20182231068611145,473.77570570138585,0.6566940705769276,0.9496884079317937,train
Micro,27,29,26,28,0.19709472358226776,949.5146328031458,0.656373014207659,0.955696872961605,train
Micro,27,49,26,48,0.061029043048620224,1156.1092249678868,0.6804112808191168,0.9517744361172821,train
Micro,27,50,26,49,0.19838552176952362,981.4938137874449,0.6754550122680111,0.9489931507245026,train
Micro,28,7,27,6,0.05690984055399895,1973.2585228955934,0.617461465998657,0.9508225585734252,train
Micro,28,26,27,25,0.13816992938518524,951.7038251082496,0.2597459539219062,0.9365431734500841,train
Micro,28,27,27,26,0.20342212915420532,473.77570570138585,0.6566940705769276,0.9496884079317937,train
Micro,28,29,27,28,0.2007952481508255,487.02500048717246,0.6291671224033144,0.9523725605719278,train
Micro,28,30,27,29,0.199464350938797,953.2637878822899,0.6652533027689912,0.9455893856356282,train
Micro,28,51,27,50,0.2012385129928589,966.4159822826441,0.6863700206513133,0.9348583298493714,train
Micro,29,4,28,3,0.13819323480129242,943.9190780347973,0.4196432675788904,0.9427625677824917,train
Micro,29,5,28,4,0.13819675147533417,943.6472496108748,0.49584804845840386,0.9184085991202015,train
Micro,29,7,28,6,0.056267596781253815,1518.5608358831062,0.6093059167070382,0.9490639190471125,train
Micro,29,8,28,7,0.06153165176510811,1897.8950804160165,0.666308890853117,0.9611790848081329,train
Micro,29,27,28,26,0.1987350881099701,949.5146328031458,0.656373014207659,0.955696872961605,train
Micro,29,28,28,27,0.20082831382751465,487.02500048717246,0.6291671224033144,0.9523725605719278,train
Micro,29,30,28,29,0.14276239275932312,481.78280016301994,0.5840842192027702,0.9605805109460712,train
Micro,29,52,28,51,0.06348494440317154,1519.5822379717042,0.6874605268802368,0.9313983871512441,train
Micro,30,5,29,4,0.13919691741466522,1006.1408154268939,0.3761287558583495,0.9135735890960783,train
Micro,30,6,29,5,0.1387353241443634,1039.038299619498,0.4217720230389551,0.9527255742510342,train
Micro,30,28,29,27,0.2022293508052826,953.2637878822899,0.6652533027689912,0.9455893856356282,train
Micro,30,29,29,28,0.19937825202941895,481.78280016301994,0.5840842192027702,0.9605805109460712,train
Micro,30,31,29,30,0.07113851606845856,1899.8186353935573,0.7594062987683184,0.9590662052962146,train
Micro,30,51,29,50,0.05799905210733414,1540.9183985271793,0.6191420265554707,0.9451446846583655,train
Micro,30,52,29,51,0.19132257997989655,1123.2509938727856,0.5746252284220621,0.9210485413375225,train
Micro,31,28,30,27,0.055883798748254776,2852.067166847369,0.5605514853836481,0.9606085428792646,train
Micro,31,30,30,29,0.07570850849151611,1899.8186353935573,0.7594062987683184,0.9590662052962146,train
Micro,31,32,30,31,0.20218653976917267,474.5058371202046,0.5775635809609821,0.9645802554251655,train
Micro,31,33,30,32,0.1398630440235138,949.0739444010258,0.4620373979464687,0.9584525011842027,train
Micro,31,53,30,52,0.1909419596195221,1153.3626698565542,0.5417909236976676,0.9322960598760084,train
Micro,31,54,30,53,0.1962217390537262,983.2860280103273,0.5698864886812727,0.942340686856733,train
Micro,31,55,30,54,0.13919447362422943,998.8981865066312,0.4059393827658857,0.9508943188429012,train
Micro,32,9,31,8,0.13759873807430267,1012.400572795238,0.5893457196010967,0.9591721750179425,train
Micro,32,10,31,9,0.05939627066254616,1218.103221485326,0.6571290674260225,0.9622395062844842,train
Micro,32,11,31,10,0.059725143015384674,1624.2245935011847,0.6607675700470019,0.9559007144628723,train
Micro,32,31,31,30,0.1431407332420349,474.5058371202046,0.5775635809609821,0.9645802554251655,train
Micro,32,33,31,32,0.20755505561828613,474.8052738939812,0.7126683463907088,0.9615443470819144,train
Micro,32,34,31,33,0.13881468772888184,920.1907944341216,0.6044867637437416,0.9475102479173556,train
Micro,32,54,31,53,0.058754581958055496,1207.8792863260858,0.6500297946046333,0.9457335413629806,train
Micro,32,55,31,54,0.19501470029354095,1033.4126463419993,0.6384473772839875,0.9601719152663335,train
Micro,33,9,32,8,0.1374882459640503,1007.1882379017292,0.5158723173430403,0.9572875581059734,train
Micro,33,11,32,10,0.057659249752759933,1313.7116625935234,0.6381240929997944,0.9615111011610366,train
Micro,33,12,32,11,0.05991629511117935,1595.5695702549149,0.6631031908787539,0.9464354735834211,train
Micro,33,31,32,30,0.13826210796833038,949.0739444010258,0.4620373979464687,0.9584525011842027,train
Micro,33,32,32,31,0.20734435319900513,474.8052738939812,0.7126683463907088,0.9615443470819144,train
Micro,33,34,32,33,0.20347055792808533,455.86665723224337,0.6684192967646894,0.9383621982716734,train
Micro,33,35,32,34,0.13822625577449799,951.835736459684,0.5337132716701853,0.9537814999296886,train
Micro,33,55,32,54,0.057632926851511,1243.6840138450054,0.637832790114231,0.9507487762449035,train
Micro,34,13,33,12,0.0620049387216568,11174.307235343687,0.6809077233043476,0.9366162711498791,train
Micro,34,32,33,31,0.1388840228319168,920.1907944341216,0.6044867637437416,0.9475102479173556,train
Micro,34,33,33,32,0.20420260727405548,455.86665723224337,0.6684192967646894,0.9383621982716734,train
Micro,34,35,33,34,0.2079796940088272,542.9288080322594,0.7166406479482761,0.9445914535003337,train
Micro,34,56,33,55,0.19232651591300964,1128.1597551904213,0.6186209206443349,0.9189693483529304,train
Micro,34,57,33,56,0.1390666961669922,905.6076252911558,0.5205061057693968,0.9434785892325741,train
Micro,34,58,33,57,0.055535558611154556,11156.513716496069,0.6098641766762064,0.9516707846752028,train
Micro,35,10,34,9,0.13714946806430817,1177.5130242449827,0.44368140252898236,0.9473934268199411,train
Micro,35,11,34,10,0.1385558545589447,1086.2288864410757,0.41554844495326876,0.942158290616727,train
Micro,35,12,34,11,0.1391076296567917,1048.5184118169147,0.49075244023981074,0.9403267607470349,train
Micro,35,13,34,12,0.06105315685272217,11671.857404584118,0.6657698068816122,0.9513668426010131,train
Micro,35,14,34,13,0.060153115540742874,11198.361936254581,0.6559550753222411,0.9170026690949552,train
Micro,35,33,34,32,0.14044220745563507,951.835736459684,0.5337132716701853,0.9537814999296886,train
Micro,35,34,34,33,0.21046298742294312,542.9288080322594,0.7166406479482761,0.9445914535003337,train
Micro,35,37,34,36,0.05481671914458275,11401.421283364887,0.5977629750521737,0.9310353992361713,train
Micro,35,58,34,57,0.05825881287455559,11683.817690919223,0.6352981864317706,0.9392047812675602,train
Micro,36,13,35,12,0.13933323323726654,1007.4493706512761,0.43706861685485254,0.9542805439973874,train
Micro,36,15,35,14,0.05598197504878044,1541.0685824294817,0.5729799916981478,0.9576895285041505,train
Micro,36,37,35,36,0.14488184452056885,473.27957858885316,0.3848576988112681,0.9365468478712466,train
Micro,36,38,35,37,0.14011555910110474,949.4970654566449,0.4820206403442811,0.9658623708870151,train
Micro,36,57,35,56,0.0620880089700222,11215.301515131796,0.6354757332076941,0.9605660004766741,train
Micro,36,58,35,57,0.19896239042282104,1002.8610480825182,0.6096597547035695,0.9446100430923762,train
Micro,36,59,35,58,0.20348751544952393,1210.303171129049,0.6879495215511697,0.9593847998375187,train
Micro,36,60,35,59,0.05514946207404137,1537.1940863963712,0.5644591702289133,0.9540284671820533,train
Micro,37,13,36,12,0.19045183062553406,1006.4346058724517,0.5296781540833312,0.9365358928262382,train
Micro,37,14,36,13,0.05746427923440933,1007.8792918418734,0.5765629366741817,0.9136212908403133,train
Micro,37,15,36,14,0.06246255710721016,1213.8223432424354,0.6267127344857503,0.9366863469096808,train
Micro,37,35,36,34,0.05957722291350365,11401.421283364887,0.5977629750521737,0.9310353992361713,train
Micro,37,36,36,35,0.14312797784805298,473.27957858885316,0.3848576988112681,0.9365468478712466,train
Micro,37,38,36,37,0.21081280708312988,476.2177466218643,0.679307616671976,0.9460033626174862,train
Micro,37,39,36,38,0.1383936107158661,951.4821003383607,0.4428191499079589,0.9153251284992451,train
Micro,37,58,36,57,0.13770972192287445,1002.8248425217226,0.5142866669537662,0.9197121043124887,train
Micro,38,14,37,13,0.13752812147140503,1006.0410559050429,0.5636078483632811,0.9412487744321987,train
Micro,38,15,37,14,0.059007931500673294,1008.4776410317555,0.6365000240285529,0.9706663094042883,train
Micro,38,36,37,35,0.1382809430360794,949.4970654566449,0.4820206403442811,0.9658623708870151,train
Micro,38,37,37,36,0.20594164729118347,476.2177466218643,0.679307616671976,0.9460033626174862,train
Micro,38,39,37,38,0.20403821766376495,475.2644016722986,0.6587070210190492,0.9553202944143718,train
Micro,38,40,37,39,0.13825425505638123,951.5537451290274,0.3495705004975126,0.95056501213035,train
Micro,38,60,37,59,0.05698150396347046,1006.3220343104938,0.6146415648217567,0.9543629179205574,train
Micro,38,61,37,60,0.059967391192913055,1234.2479345061304,0.6468493934044323,0.950504301485611,train
Micro,39,15,38,14,0.05392424389719963,1007.1741968699913,0.5208771408157659,0.9390074270421105,train
Micro,39,16,38,15,0.137552410364151,1003.8447970814724,0.4790778612036447,0.9225632606180498,train
Micro,39,37,38,36,0.138249471783638,951.4821003383607,0.4428191499079589,0.9153251284992451,train
Micro,39,38,38,37,0.21115881204605103,475.2644016722986,0.6587070210190492,0.9553202944143718,train
Micro,39,40,38,39,0.14295873045921326,476.2893495400145,0.4345898563554065,0.9339171234715573,train
Micro,39,41,38,40,0.13827382028102875,949.6058059347669,0.3833942466989942,0.9084961621768013,train
Micro,39,60,38,59,0.05710660666227341,1006.9971401260435,0.5516169074101049,0.9393694229918315,train
Micro,39,61,38,60,0.06302700191736221,1033.7504229448818,0.6088044492463272,0.9262019570632805,train
Micro,39,63,38,62,0.05774899572134018,1536.314685503254,0.5578219627868105,0.9324194220302319,train
Micro,40,18,39,17,0.06319700181484222,1209.130372096423,0.6730060729183981,0.9439412405631669,train
Micro,40,19,39,18,0.05671248957514763,1536.9278891436143,0.6039503846934108,0.9658769859304476,train
Micro,40,38,39,37,0.13825629651546478,951.5537451290274,0.3495705004975126,0.95056501213035,train
Micro,40,39,39,38,0.14296677708625793,476.2893495400145,0.4345898563554065,0.9339171234715573,train
Micro,40,41,39,40,0.208638995885849,474.1238670602528,0.699210908914943,0.9588920277017935,train
Micro,40,42,39,41,0.19827386736869812,950.5125104533457,0.6390031562230769,0.9661686643414017,train
Micro,40,62,39,61,0.1375257968902588,1006.3597939693882,0.32789290459796466,0.9243012746460678,train
Micro,40,65,39,64,0.05442878603935242,1906.701488651585,0.5796304320754874,0.9622782478100959,train
Micro,41,19,40,18,0.06209690123796463,1242.2789149761575,0.6843700591671287,0.9487818060324772,train
Micro,41,39,40,38,0.13818387687206268,949.6058059347669,0.3833942466989942,0.9084961621768013,train
Micro,41,40,40,39,0.2063237726688385,474.1238670602528,0.699210908914943,0.9588920277017935,train
Micro,41,42,40,41,0.20217588543891907,479.6364946561017,0.653905684152666,0.9577592262771769,train
Micro,41,43,40,42,0.1897771656513214,952.4571135289376,0.5690177360811641,0.9486634016896227,train
Micro,41,63,40,62,0.13794578611850739,967.8211269107542,0.47269267595746745,0.9235190104514571,train
Micro,41,65,40,64,0.06349661946296692,1489.3125032082494,0.6997963368297382,0.948311213095367,train
Micro,42,19,41,18,0.13753318786621094,1005.659629737727,0.514162889374874,0.9563344726336994,train
Micro,42,21,41,20,0.05734787881374359,1599.6558083139407,0.6195401480600617,0.952280313707568,train
Micro,42,40,41,39,0.19741712510585785,950.5125104533457,0.6390031562230769,0.9661686643414017,train
Micro,42,41,41,40,0.2034708708524704,479.6364946561017,0.653905684152666,0.9577592262771769,train
Micro,42,43,41,42,0.208688423037529,476.10761071806263,0.7100147197840032,0.9620696842136212,train
Micro,42,44,41,43,0.13829149305820465,948.6741998986028,0.5771721142569671,0.9075885339183758,train
Micro,42,65,41,64,0.05725107342004776,1176.3164500000041,0.6184943428712374,0.9609158587789365,train
Micro,43,21,42,20,0.06254859268665314,1320.4697397937027,0.6692086619484829,0.9640256366556558,train
Micro,43,41,42,40,0.1911548376083374,952.4571135289376,0.5690177360811641,0.9486634016896227,train
Micro,43,42,42,41,0.20904742181301117,476.10761071806263,0.7100147197840032,0.9620696842136212,train
Micro,43,44,42,43,0.208761066198349,475.8182225958592,0.7069301203013209,0.9164056400438455,train
Micro,43,45,42,44,0.1383827179670334,920.2095423653767,0.09447383701756495,0.909295966008718,train
Micro,43,65,42,64,0.1901053488254547,928.7449857143324,0.5545346855504779,0.9564057985992681,train
Micro,44,21,43,20,0.05889280140399933,1098.6649270801995,0.599267428169329,0.9097111885264046,train
Micro,44,42,43,41,0.19486086070537567,948.6741998986028,0.5771721142569671,0.9075885339183758,train
Micro,44,43,43,42,0.2122838795185089,475.8182225958592,0.7069301203013209,0.9164056400438455,train
Micro,44,45,43,44,0.14301013946533203,445.09940703138005,0.09224311666089151,0.8673188950249999,train
Micro,44,46,43,45,0.138144850730896,948.2592545994831,0.08109508340514693,0.8662358443960101,train
Micro,44,65,43,64,0.13789495825767517,967.4023164312122,0.5090261715267529,0.9091447960045156,train
Micro,44,67,43,66,0.052477698773145676,1213.4788015011768,0.5339901225692586,0.8920616724614548,train
Micro,44,68,43,67,0.06243480369448662,1543.3899725841202,0.6353092978773868,0.9203280506591257,train
Micro,45,23,44,22,0.06786640733480453,1225.8660672451176,0.6901663880851905,0.9685364950226558,train
Micro,45,24,44,23,0.06163230538368225,1576.9498927856719,0.6267688349024598,0.9541106164061618,train
Micro,45,25,44,24,0.052133508026599884,1455.6819501048678,0.5301709256192696,0.9627350020901979,train
Micro,45,43,44,42,0.13872046768665314,920.2095423653767,0.09447383701756495,0.909295966008718,train
Micro,45,44,44,43,0.14323493838310242,445.09940703138005,0.09224311666089151,0.8673188950249999,train
Micro,45,46,44,45,0.14284348487854004,503.5327890906634,0.43431547534106985,0.9715319155090993,train
Micro,45,47,44,46,0.20070171356201172,1010.4209625834818,0.6423954854197507,0.9558090357011919,train
Micro,45,66,44,65,0.13766828179359436,1000.5023182273891,0.10743553542217565,0.9002625277822413,train
Micro,45,69,44,68,0.055198851972818375,2774.9721003874693,0.5613438953639742,0.9633038781404797,train
Micro,46,22,45,21,0.059739597141742706,1121.983417977978,0.5202324581123948,0.9271203954876245,train
Micro,46,25,45,24,0.1958504468202591,955.834892992603,0.5018216877378799,0.9590697855808642,train
Micro,46,26,45,25,0.05820775032043457,1424.1176129772382,0.5068926404165952,0.9303112725701217,train
Micro,46,44,45,43,0.13832347095012665,948.2592545994831,0.08109508340514693,0.8662358443960101,train
Micro,46,45,45,44,0.14280369877815247,503.5327890906634,0.43431547534106985,0.9715319155090993,train
Micro,46,47,45,46,0.14277411997318268,507.68514577909826,0.46280258910090194,0.9541890108167775,train
Micro,46,48,45,47,0.06525305658578873,1353.669257804645,0.568245500257223,0.9658815294671474,train
Micro,46,49,45,48,0.05917419120669365,1482.5159809577901,0.5153087442580314,0.9536561948208685,train
Micro,46,67,45,66,0.13787372410297394,982.4259792322454,0.09104821535479612,0.8617673926858451,train
Micro,47,23,46,22,0.05600414052605629,1102.7836132814612,0.6095536751097337,0.9565447035634494,train
Micro,47,24,46,23,0.06445418298244476,1116.9097404571578,0.7015245938826443,0.9470392769131828,train
Micro,47,25,46,24,0.20536328852176666,475.56907575545495,0.6785828946229183,0.9552644811811998,train
Micro,47,26,46,25,0.13863639533519745,925.3473471493122,0.2712897682528396,0.9418113513047383,train
Micro,47,45,46,44,0.19653531908988953,1010.4209625834818,0.6423954854197507,0.9558090357011919,train
Micro,47,46,46,45,0.1427941471338272,507.68514577909826,0.46280258910090194,0.9541890108167775,train
Micro,47,48,46,47,0.05817380174994469,1102.913852542357,0.6331684377018183,0.959700625556632,train
Micro,47,68,46,67,0.13803881406784058,971.4754630365196,0.11237254910350958,0.8805255926418868,train
Micro,48,25,47,24,0.06210421770811081,1263.8541826668154,0.6881128600366757,0.9681938473121852,train
Micro,48,27,47,26,0.05493093654513359,1669.9709775951953,0.6086330721046376,0.9578239955245346,train
Micro,48,47,47,46,0.19383132457733154,1102.913852542357,0.6331684377018183,0.959700625556632,train
Micro,48,49,47,48,0.21157526969909668,542.9156941170094,0.7592657746364573,0.9678841026277062,train
Micro,48,50,47,49,0.19579200446605682,974.4774211141234,0.6348110206204559,0.9679472440678657,train
Micro,48,67,47,66,0.1385982185602188,966.9628282247335,0.11961789466754608,0.8871653135147345,train
Micro,48,68,47,67,0.14316806197166443,527.2086028631437,0.12055180476766249,0.901267844264202,train
Micro,49,25,48,24,0.052223093807697296,1005.8173153773778,0.5860455008819556,0.9544052413313294,train
Micro,49,26,48,25,0.13840320706367493,941.0915103822217,0.5774037322546829,0.94078538044653,train
Micro,49,27,48,26,0.060632120817899704,1156.1092249678868,0.6804112808191168,0.9517744361172821,train
Micro,49,48,48,47,0.21015921235084534,542.9156941170094,0.7592657746364573,0.9678841026277062,train
Micro,49,50,48,49,0.21061670780181885,476.450312220681,0.7590418047401756,0.9618834137473489,train
Micro,49,51,48,50,0.13827764987945557,950.807830214968,0.45936561662513375,0.9418679707923575,train
Micro,49,68,48,67,0.1378410905599594,983.9130819251884,0.12648160850852444,0.8962993561258602,train
Micro,49,72,48,71,0.05184691399335861,3456.77150909449,0.5818240656864818,0.9634984767327034,train
Micro,50,26,49,25,0.1379166692495346,983.2998810186676,0.45532882887050957,0.9380537898110332,train
Micro,50,27,49,26,0.19924688339233398,981.4938137874449,0.6754550122680111,0.9489931507245026,train
Micro,50,29,49,28,0.05431831255555153,1564.41376865742,0.5984657720241469,0.9588593051373143,train
Micro,50,48,49,47,0.19565142691135406,974.4774211141234,0.6348110206204559,0.9679472440678657,train
Micro,50,49,49,48,0.2119402289390564,476.450312220681,0.7590418047401756,0.9618834137473489,train
Micro,50,51,49,50,0.1430605798959732,474.5226713729066,0.5851004212293683,0.943424312327229,train
Micro,50,52,49,51,0.057865943759679794,2404.407825347105,0.6375527621450425,0.9316499957558658,train
Micro,51,26,50,25,0.1361667364835739,1210.7764462645862,0.19307296559499174,0.935468800297482,train
Micro,51,27,50,26,0.1392761468887329,1004.3185721549346,0.4939936258516444,0.9351389931109391,train
Micro,51,28,50,27,0.2075026035308838,966.4159822826441,0.6863700206513133,0.9348583298493714,train
Micro,51,30,50,29,0.0610797256231308,1540.9183985271793,0.6191420265554707,0.9451446846583655,train
Micro,51,49,50,48,0.13999737799167633,950.807830214968,0.45936561662513375,0.9418679707923575,train
Micro,51,50,50,49,0.20249047875404358,474.5226713729066,0.5851004212293683,0.943424312327229,train
Micro,51,74,50,73,0.057058706879615784,3547.63830923481,0.5783824667239901,0.9400189213355189,train
Micro,51,75,50,74,0.05642824247479439,3700.270840618088,0.5719917471536965,0.9448554096457329,train
Micro,52,29,51,28,0.0642043724656105,1519.5822379717042,0.6874605268802368,0.9313983871512441,train
Micro,52,30,51,29,0.1935928910970688,1123.2509938727856,0.5746252284220621,0.9210485413375225,train
Micro,52,31,51,30,0.13473737239837646,1423.7761372943305,0.528924378061833,0.931704907197432,train
Micro,52,50,51,49,0.05954330414533615,2404.407825347105,0.6375527621450425,0.9316499957558658,train
Micro,52,53,51,52,0.21373799443244934,488.8048476939155,0.7127308718555612,0.9072781379649567,train
Micro,52,54,51,53,0.1986446976661682,935.456895600383,0.5998447522706482,0.9146471445560748,train
Micro,52,55,51,54,0.13553935289382935,1380.9180265177235,0.5516620986674866,0.9268492171235514,train
Micro,53,31,52,30,0.13705332577228546,1153.3626698565542,0.5417909236976676,0.9322960598760084,train
Micro,53,32,52,31,0.05731179192662239,1498.8685641164095,0.6006890976141537,0.9343421261674443,train
Micro,53,52,52,51,0.2126418799161911,488.8048476939155,0.7127308718555612,0.9072781379649567,train
Micro,53,54,52,53,0.21215707063674927,449.5922701092691,0.7048932490265903,0.9473531828440138,train
Micro,53,55,52,54,0.19449952244758606,896.3303897138748,0.5642446869343585,0.9267870688981773,train
Micro,53,56,52,55,0.13273844122886658,1406.4826785187286,0.5036958286676214,0.910456118009856,train
Micro,53,76,52,75,0.053597986698150635,3317.2206784312543,0.5617644719614312,0.9178961634354825,train
Micro,54,31,53,30,0.13768266141414642,983.2860280103273,0.5698864886812727,0.942340686856733,train
Micro,54,32,53,31,0.06202153488993645,1207.8792863260858,0.6500297946046333,0.9457335413629806,train
Micro,54,52,53,51,0.195541113615036,935.456895600383,0.5998447522706482,0.9146471445560748,train
Micro,54,53,53,52,0.21023643016815186,449.5922701092691,0.7048932490265903,0.9473531828440138,train
Micro,54,55,53,54,0.20034894347190857,446.74872696946056,0.6010768542261912,0.9430653782351451,train
Micro,54,56,53,55,0.1380310356616974,956.9045679775176,0.5874761862856642,0.9179471300455717,train
Micro,54,78,53,77,0.056138258427381516,3307.7278177528206,0.5883688476363411,0.9351356772598979,train
Micro,55,31,54,30,0.13756604492664337,998.8981865066312,0.4059393827658857,0.9508943188429012,train
Micro,55,32,54,31,0.06130411848425865,1033.4126463419993,0.6384473772839875,0.9601719152663335,train
Micro,55,33,54,32,0.06124510616064072,1243.6840138450054,0.637832790114231,0.9507487762449035,train
Micro,55,34,54,33,0.05842723697423935,1459.7897161784608,0.6084862750675509,0.9558872556009379,train
Micro,55,53,54,52,0.13889263570308685,896.3303897138748,0.5642446869343585,0.9267870688981773,train
Micro,55,54,54,53,0.20081128180027008,446.74872696946056,0.6010768542261912,0.9430653782351451,train
Micro,55,56,54,55,0.2039741575717926,510.31272305676555,0.6384855628133888,0.9365368711044243,train
Micro,55,57,54,56,0.13777947425842285,983.0552515288515,0.48285358428012765,0.959288174440215,train
Micro,56,32,55,31,0.1371743530035019,1071.1017184413909,0.5699702099516426,0.9413706964376661,train
Micro,56,33,55,32,0.19318847358226776,1069.2842872942008,0.5923053810050756,0.929352054561698,train
Micro,56,34,55,33,0.058475248515605927,1128.1597551904213,0.6186209206443349,0.9189693483529304,train
Micro,56,54,55,53,0.1387517899274826,956.9045679775176,0.5874761862856642,0.9179471300455717,train
Micro,56,55,55,54,0.20366673171520233,510.31272305676555,0.6384855628133888,0.9365368711044243,train
Micro,56,57,55,56,0.21219950914382935,475.1261470013367,0.7261574753243323,0.9432643532815412,train
Micro,56,58,55,57,0.056543901562690735,10459.922313688474,0.5981887999666116,0.9112167505236721,train
Micro,57,32,56,31,0.13575129210948944,1245.7934114146356,0.4780254907402954,0.9631824329232358,train
Micro,57,33,56,32,0.13883179426193237,1047.618633573945,0.5208106787570995,0.9534677108404535,train
Micro,57,34,56,33,0.1407461017370224,905.6076252911558,0.5205061057693968,0.9434785892325741,train
Micro,57,36,56,35,0.05938884988427162,11215.301515131796,0.6354757332076941,0.9605660004766741,train
Micro,57,55,56,54,0.13973335921764374,983.0552515288515,0.48285358428012765,0.959288174440215,train
Micro,57,56,56,55,0.2128010392189026,475.1261470013367,0.7261574753243323,0.9432643532815412,train
Micro,57,58,56,57,0.05802362039685249,10934.192562390079,0.6208675179644532,0.9514402686385824,train
Micro,57,59,56,58,0.060502905398607254,10458.480795689038,0.6473964505594955,0.9658646155461993,train
Micro,57,80,56,79,0.05422106385231018,11219.288808539824,0.580179174690296,0.9567442015389998,train
Micro,58,34,57,33,0.05796582251787186,11156.513716496069,0.6098641766762064,0.9516707846752028,train
Micro,58,35,57,34,0.060383252799510956,11683.817690919223,0.6352981864317706,0.9392047812675602,train
Micro,58,36,57,35,0.13938046991825104,1002.8610480825182,0.6096597547035695,0.9446100430923762,train
Micro,58,37,57,36,0.13938094675540924,1002.8248425217226,0.5142866669537662,0.9197121043124887,train
Micro,58,38,57,37,0.1362951695919037,1207.94244428602,0.5192937448670497,0.9417958259416209,train
Micro,58,57,57,56,0.059011656790971756,10934.192562390079,0.6208675179644532,0.9514402686385824,train
Micro,58,59,57,58,0.20921455323696136,475.721033728124,0.6772028148267828,0.9433893781800516,train
Micro,58,60,57,59,0.19836820662021637,949.812539385663,0.613097324948276,0.9392313542065555,train
Micro,59,36,58,35,0.06290864199399948,1210.303171129049,0.6879495215511697,0.9593847998375187,train
Micro,59,37,58,36,0.1376717984676361,1007.2130309949271,0.4195517262005436,0.9289869983227045,train
Micro,59,38,58,37,0.13766911625862122,1007.4089962210078,0.507781402755995,0.9570241953398143,train
Micro,59,57,58,56,0.05920031666755676,10458.480795689038,0.6473964505594955,0.9658646155461993,train
Micro,59,58,58,57,0.2050604373216629,475.721033728124,0.6772028148267828,0.9433893781800516,train
Micro,59,60,58,59,0.20613807439804077,474.104616654374,0.6888689601687429,0.9583957872621078,train
Micro,59,61,58,60,0.13837914168834686,954.2942572732771,0.5774673944590969,0.960376198147197,train
Micro,59,82,58,81,0.05297243222594261,3318.519381305642,0.5792902097300963,0.934244702759385,train
Micro,60,36,59,35,0.052976299077272415,1537.1940863963712,0.5644591702289133,0.9540284671820533,train
Micro,60,38,59,37,0.19521330296993256,1006.3220343104938,0.6146415648217567,0.9543629179205574,train
Micro,60,58,59,57,0.19582098722457886,949.812539385663,0.613097324948276,0.9392313542065555,train
Micro,60,59,59,58,0.20763495564460754,474.104616654374,0.6888689601687429,0.9583957872621078,train
Micro,60,61,59,60,0.21008262038230896,480.5901848132012,0.715414310365311,0.9587639388525209,train
Micro,60,62,59,61,0.13827183842658997,950.4288930045193,0.4584618189150209,0.9268081474748844,train
Micro,61,38,60,37,0.06144211068749428,1234.2479345061304,0.6468493934044323,0.950504301485611,train
Micro,61,39,60,38,0.05782834812998772,1033.7504229448818,0.6088044492463272,0.9262019570632805,train
Micro,61,40,60,39,0.1372288018465042,1032.648413791922,0.39714291610223956,0.9513308474095242,train
Micro,61,59,60,58,0.13828766345977783,954.2942572732771,0.5774673944590969,0.960376198147197,train
Micro,61,60,60,59,0.21096187829971313,480.5901848132012,0.715414310365311,0.9587639388525209,train
Micro,61,62,60,61,0.19930227100849152,471.37298229396976,0.5920121549961809,0.9283322575779874,train
Micro,61,63,60,62,0.1949489265680313,945.0513492226405,0.5952555517080111,0.9407988931698404,train
Micro,62,41,61,40,0.13798919320106506,969.1187388590821,0.3793943732103695,0.9148198905521046,train
Micro,62,60,61,59,0.13823381066322327,950.4288930045193,0.4584618189150209,0.9268081474748844,train
Micro,62,61,61,60,0.2033393532037735,471.37298229396976,0.5920121549961809,0.9283322575779874,train
Micro,62,63,61,62,0.20517800748348236,474.03266896690536,0.6102140838847409,0.9249706914161611,train
Micro,62,64,61,63,0.19768530130386353,977.9481464319922,0.5864736487008705,0.9166682186150656,train
Micro,62,85,61,84,0.05960751697421074,3411.955042159723,0.5844568854230779,0.9112259125611144,train
Micro,62,86,61,85,0.057966798543930054,3546.1585953747535,0.5683695125271062,0.9264480792690112,train
Micro,63,41,62,40,0.1379667967557907,967.8211269107542,0.47269267595746745,0.9235190104514571,train
Micro,63,61,62,60,0.19636385142803192,945.0513492226405,0.5952555517080111,0.9407988931698404,train
Micro,63,62,62,61,0.20246273279190063,474.03266896690536,0.6102140838847409,0.9249706914161611,train
Micro,63,64,62,63,0.2148202508687973,503.91763876590005,0.7389324797132734,0.9475690084563375,train
Micro,63,65,62,64,0.1381702870130539,952.2739257658018,0.47285613134792687,0.9286930135454767,train
Micro,63,86,62,85,0.055479925125837326,3413.5622538560333,0.5684112840765232,0.9394737876010059,train
Micro,63,87,62,86,0.05473625659942627,3494.1970975940567,0.5607921696926349,0.9048458540867433,train
Micro,64,43,63,42,0.1379947066307068,963.2142604940274,0.38238662285740466,0.943599195243035,train
Micro,64,62,63,61,0.19570483267307281,977.9481464319922,0.5864736487008705,0.9166682186150656,train
Micro,64,63,63,62,0.2156204879283905,503.91763876590005,0.7389324797132734,0.9475690084563375,train
Micro,64,65,63,64,0.14302930235862732,449.3990588384237,0.5268592452586083,0.9462760092470356,train
Micro,64,66,63,65,0.13851319253444672,922.9416014712835,0.4533486386314524,0.9453608755549723,train
Micro,64,87,63,86,0.057936880737543106,3355.4769065833298,0.5867979938159223,0.916863515471569,train
Micro,64,88,63,87,0.05706089735031128,3534.155080718003,0.5779258345898385,0.9573327185168019,train
Micro,64,89,63,88,0.05413968488574028,3700.806407834841,0.5483391860033513,0.9310582167524397,train
Micro,65,40,64,39,0.05511206015944481,1906.701488651585,0.5796304320754874,0.9622782478100959,train
Micro,65,41,64,40,0.06653760373592377,1489.3125032082494,0.6997963368297382,0.948311213095367,train
Micro,65,42,64,41,0.05880729481577873,1176.3164500000041,0.6184943428712374,0.9609158587789365,train
Micro,65,43,64,42,0.13833224773406982,928.7449857143324,0.5545346855504779,0.9564057985992681,train
Micro,65,63,64,62,0.13803032040596008,952.2739257658018,0.47285613134792687,0.9286930135454767,train
Micro,65,64,64,63,0.14291828870773315,449.3990588384237,0.5268592452586083,0.9462760092470356,train
Micro,65,66,64,65,0.20417016744613647,477.0624595236486,0.6461054537493465,0.9708354784868939,train
Micro,65,67,64,66,0.13798154890537262,956.0257645603547,0.5700429328728702,0.9512753774560572,train
Micro,65,90,64,89,0.058110445737838745,3695.254776072311,0.6111653174163675,0.9541301266228234,train
Micro,66,41,65,40,0.05610111355781555,1909.4482053874776,0.5686976359840635,0.9568625639873177,train
Micro,66,45,65,44,0.137459859251976,1000.5023182273891,0.10743553542217565,0.9002625277822413,train
Micro,66,64,65,63,0.13847604393959045,922.9416014712835,0.4533486386314524,0.9453608755549723,train
Micro,66,65,65,64,0.20654739439487457,477.0624595236486,0.6461054537493465,0.9708354784868939,train
Micro,66,67,65,66,0.2117590606212616,479.67814939891656,0.6991151572781938,0.9654270586032485,train
Micro,66,68,65,67,0.19663715362548828,924.0924721845929,0.5897272266164139,0.9746849041218123,train
Micro,66,90,65,89,0.05301937460899353,3542.4437758520494,0.537458004240887,0.9584970712100866,train
Micro,67,41,66,40,0.04878999665379524,2340.2248619938937,0.48679239159999504,0.9343765428976502,train
Micro,67,44,66,43,0.05352051183581352,1213.4788015011768,0.5339901225692586,0.8920616724614548,train
Micro,67,46,66,45,0.1378069967031479,982.4259792322454,0.09104821535479612,0.8617673926858451,train
Micro,67,48,66,47,0.13801221549510956,966.9628282247335,0.11961789466754608,0.8871653135147345,train
Micro,67,65,66,64,0.19528959691524506,956.0257645603547,0.5700429328728702,0.9512753774560572,train
Micro,67,66,66,65,0.2129705399274826,479.67814939891656,0.6991151572781938,0.9654270586032485,train
Micro,67,68,66,67,0.21361014246940613,445.18651563831065,0.7032493530130992,0.9596824884821359,train
Micro,68,43,67,42,0.054473116993904114,1904.9679240398568,0.5437451340027315,0.9651625578278001,train
Micro,68,44,67,43,0.06364613771438599,1543.3899725841202,0.6353092978773868,0.9203280506591257,train
Micro,68,47,67,46,0.1379539519548416,971.4754630365196,0.11237254910350958,0.8805255926418868,train
Micro,68,48,67,47,0.1425640732049942,527.2086028631437,0.12055180476766249,0.901267844264202,train
Micro,68,49,67,48,0.13778840005397797,983.9130819251884,0.12648160850852444,0.8962993561258602,train
Micro,68,65,67,64,0.052348650991916656,1400.9283827558668,0.5225389459147347,0.963636686984729,train
Micro,68,66,67,65,0.19764670729637146,924.0924721845929,0.5897272266164139,0.9746849041218123,train
Micro,68,67,67,66,0.21357901394367218,445.18651563831065,0.7032493530130992,0.9596824884821359,train
Micro,69,45,68,44,0.05820779502391815,2774.9721003874693,0.5613438953639742,0.9633038781404797,train
Micro,69,47,68,46,0.053021956235170364,2492.2321608284337,0.5113327131282143,0.9504698798269816,train
Micro,69,70,68,69,0.21867063641548157,477.63244482842083,0.7291413305684702,0.9421405898368611,train
Micro,69,71,68,70,0.06341520696878433,1019.3346169747455,0.6115630661724067,0.9458107737518183,train
Micro,69,72,68,71,0.04974772036075592,1425.1613732994904,0.4797566964871058,0.9644660397620161,train
Micro,69,89,68,88,0.13836969435214996,950.6851885254778,0.1337953142440512,0.8822932210288582,train
Micro,69,90,68,89,0.14308805763721466,473.94809154287606,0.12495116439110118,0.8950283981985172,train
Micro,69,110,68,109,0.1379871368408203,979.7348195839191,0.11452670043441707,0.8985587410191667,train
Micro,69,111,68,110,0.13749177753925323,1016.2304134385325,0.0973317338272245,0.8945150564635211,train
Micro,70,47,69,46,0.05347799137234688,2584.684286401367,0.5426156094319299,0.951000351592172,train
Micro,70,69,69,68,0.21503320336341858,477.63244482842083,0.7291413305684702,0.9421405898368611,train
Micro,70,71,69,70,0.211425319314003,545.1392579215105,0.6974773682402258,0.9339088110242877,train
Micro,70,72,69,71,0.13849513232707977,949.1207393038169,0.47026424267146266,0.9426834362816114,train
Micro,70,90,69,89,0.13847516477108002,950.6589343799012,0.12592631588784076,0.8757181803660998,train
Micro,70,91,69,90,0.05295393243432045,1242.6580296422987,0.5372981653188774,0.9191332138102319,train
Micro,70,92,69,91,0.05296631529927254,1552.5579964270169,0.5374238325039967,0.911185397714536,train
Micro,70,111,69,110,0.13717292249202728,1046.4861768370743,0.11020382362889687,0.8655186720958029,train
Micro,71,47,70,46,0.05705750361084938,2864.5175476923223,0.6042275420879856,0.9443460469954189,train
Micro,71,69,70,68,0.19503863155841827,1019.3346169747455,0.6115630661724067,0.9458107737518183,train
Micro,71,70,70,69,0.20827312767505646,545.1392579215105,0.6974773682402258,0.9339088110242877,train
Micro,71,72,70,71,0.20423519611358643,406.61614106035626,0.6448681868974477,0.9500702589087646,train
Micro,71,73,70,72,0.19750046730041504,882.2648210051866,0.6188036889968281,0.94791959037239,train
Micro,71,91,70,90,0.13789507746696472,974.5432786829493,0.49119242631968013,0.9394228195532779,train
Micro,72,48,71,47,0.05619293451309204,3885.2945415112717,0.5778480923968528,0.9696412340738854,train
Micro,72,49,71,48,0.056579578667879105,3456.77150909449,0.5818240656864818,0.9634984767327034,train
Micro,72,70,71,69,0.13817428052425385,949.1207393038169,0.47026424267146266,0.9426834362816114,train
Micro,72,71,71,70,0.2059941440820694,406.61614106035626,0.6448681868974477,0.9500702589087646,train
Micro,72,73,71,72,0.21048101782798767,477.39769387248015,0.6955525802479792,0.9696733973636015,train
Micro,72,74,71,73,0.19507457315921783,947.4006652226747,0.58489321368885,0.9672519695108027,train
Micro,72,92,71,91,0.1375034898519516,999.700092344363,0.5117923738973529,0.9284964684915267,train
Micro,73,71,72,70,0.13884328305721283,882.2648210051866,0.6188036889968281,0.94791959037239,train
Micro,73,72,72,71,0.20427776873111725,477.39769387248015,0.6955525802479792,0.9696733973636015,train
Micro,73,74,72,73,0.2088778167963028,470.2624123392499,0.7469482382660507,0.9692846011018075,train
Micro,73,75,72,74,0.19437474012374878,950.2428693576614,0.6365461429325355,0.961045077797265,train
Micro,73,92,72,91,0.19471345841884613,966.480798708983,0.6427621494022266,0.923911849546201,train
Micro,73,93,72,92,0.05891292169690132,968.6401425425901,0.6651112518676092,0.9381420707270548,train
Micro,74,72,73,71,0.13821272552013397,947.4006652226747,0.58489321368885,0.9672519695108027,train
Micro,74,73,73,72,0.20802974700927734,470.2624123392499,0.7469482382660507,0.9692846011018075,train
Micro,74,75,73,74,0.2091083526611328,481.0343694841471,0.7601487109912038,0.9684895334280387,train
Micro,74,76,73,75,0.19422024488449097,954.1205011065445,0.6433909388776176,0.9591832082038523,train
Micro,74,93,73,92,0.1960073858499527,969.7030010245367,0.6662320428774403,0.9472637435456209,train
Micro,74,94,73,93,0.05442151427268982,985.7653146213381,0.6242002393859795,0.959518676232644,train
Micro,75,73,74,72,0.19349710643291473,950.2428693576614,0.6365461429325355,0.961045077797265,train
Micro,75,74,74,73,0.20887711644172668,481.0343694841471,0.7601487109912038,0.9684895334280387,train
Micro,75,76,74,75,0.2087768316268921,476.3767336620417,0.7586292445795962,0.9545954958102293,train
Micro,75,77,74,76,0.13832589983940125,948.3920069339465,-0.06143153876921172,0.9499992039241242,train
Micro,75,94,74,93,0.1945355385541916,1016.7017115402,0.6587824263774484,0.957428658961206,train
Micro,75,95,74,94,0.055987510830163956,1026.1056376362885,0.6456834161363556,0.939433976444089,train
Micro,76,74,75,73,0.19646745920181274,954.1205011065445,0.6433909388776176,0.9591832082038523,train
Micro,76,75,75,74,0.21164926886558533,476.3767336620417,0.7586292445795962,0.9545954958102293,train
Micro,76,77,75,76,0.14294512569904327,472.7903257042521,-0.10381130312197023,0.9443858576728441,train
Micro,76,78,75,77,0.13813519477844238,957.5042013829226,0.5962231905664332,0.9560924465324917,train
Micro,76,95,75,94,0.1978582888841629,981.4255499353277,0.6627177783834026,0.9295653109628262,train
Micro,76,96,75,95,0.05869269371032715,1011.5412630449204,0.6478565425968967,0.9442095335778308,train
Micro,76,97,75,96,0.054251961410045624,1242.338745700662,0.5988391990224655,0.9516736767399805,train
Micro,77,2,76,1,0.0643940269947052,3391.530939074469,0.2483101877078799,0.9260573827523527,train
Micro,77,4,76,3,0.0530361533164978,2552.20965181557,0.2045130162537084,0.9096213910279314,train
Micro,77,13,76,12,0.055621229112148285,9372.741340162413,0.2144813600637811,0.9293703193542571,train
Micro,77,22,76,21,0.05975310504436493,5158.898854125395,0.2304143026473201,0.8925901854694719,train
Micro,77,26,76,25,0.06719552725553513,4087.926563640823,0.2591130778931867,0.937522869417739,train
Micro,77,75,76,74,0.13830703496932983,948.3920069339465,-0.06143153876921172,0.9499992039241242,train
Micro,77,76,76,75,0.1430002748966217,472.7903257042521,-0.10381130312197023,0.9443858576728441,train
Micro,77,78,76,77,0.14291535317897797,485.3465192344266,-0.06574084276259817,0.949886322053963,train
Micro,77,79,76,78,0.13820840418338776,955.9800667850507,0.0024936716401322235,0.94082544213408,train
Micro,77,96,76,95,0.13756892085075378,1003.909323398673,-0.07487328986208125,0.9175565937822947,train
Micro,78,76,77,75,0.19265903532505035,957.5042013829226,0.5962231905664332,0.9560924465324917,train
Micro,78,77,77,76,0.14307042956352234,485.3465192344266,-0.06574084276259817,0.949886322053963,train
Micro,78,79,77,78,0.2112090289592743,473.66848543058217,0.747021201423182,0.9571223811535734,train
Micro,78,80,77,79,0.0572383776307106,9503.267218932027,0.6282489082573718,0.9510719465142297,train
Micro,78,97,77,96,0.19713470339775085,1018.2023762682254,0.6543115771544231,0.9410948055567645,train
Micro,78,98,77,97,0.19868844747543335,989.0465043780179,0.6669977945759905,0.9569089762462176,train
Micro,79,56,78,55,0.050154466181993484,3410.511070262097,0.5741657496225424,0.927094402363161,train
Micro,79,77,78,76,0.1397421807050705,955.9800667850507,0.0024936716401322235,0.94082544213408,train
Micro,79,78,78,77,0.209835022687912,473.66848543058217,0.747021201423182,0.9571223811535734,train
Micro,79,80,78,79,0.06552250683307648,9974.778881501095,0.7500982831955955,0.9546412676661166,train
Micro,79,97,78,96,0.13678941130638123,1160.377406666123,0.5675330836035329,0.9407415389413978,train
Micro,79,98,78,97,0.19964900612831116,941.7438998877022,0.6836748408425962,0.9509685812032123,train
Micro,79,99,78,98,0.19830751419067383,1013.8137748778955,0.6794251488645257,0.9338952659909694,train
Micro,80,13,79,12,0.135210782289505,1475.4899857076568,0.311831403928659,0.9244396348905034,train
Micro,80,14,79,13,0.13529019057750702,1471.454675902081,0.3107571213561588,0.9108020119506661,train
Micro,80,78,79,77,0.05605350807309151,9503.267218932027,0.6282489082573718,0.9510719465142297,train
Micro,80,79,79,78,0.06692513078451157,9974.778881501095,0.7500982831955955,0.9546412676661166,train
Micro,80,81,79,80,0.21206897497177124,478.89970062412067,0.7084660876544957,0.9229776536790278,train
Micro,80,82,79,81,0.14440958201885223,918.648540687596,0.6164856984477812,0.9356070748529358,train
Micro,80,83,79,82,0.13623106479644775,1422.9556666765104,0.5183022826125085,0.9200593655776993,train
Micro,80,99,79,98,0.058366890996694565,10272.426139791427,0.6541773913243853,0.934641369737433,train
Micro,80,100,79,99,0.05544380843639374,10744.06042374394,0.6214153483058618,0.9393733485135696,train
Micro,81,15,80,14,0.13325081765651703,1396.6721713918498,0.27473590242539836,0.9108888151104407,train
Micro,81,80,80,79,0.21073895692825317,478.89970062412067,0.7084660876544957,0.9229776536790278,train
Micro,81,82,80,81,0.20361337065696716,440.00111226444926,0.6288275306187668,0.9626966446246539,train
Micro,81,83,80,82,0.19841057062149048,948.0196188392938,0.6263399947805798,0.9071562320446047,train
Micro,81,100,80,99,0.06076740100979805,10279.832944118967,0.6555867712412425,0.911431694894726,train
Micro,81,101,80,100,0.05722023919224739,10752.415786410591,0.6173183391956016,0.9270527690584651,train
Micro,81,102,80,101,0.13599859178066254,1239.8638281791239,0.5376566518792822,0.8896678184217676,train
Micro,82,80,81,79,0.19798238575458527,918.648540687596,0.6164856984477812,0.9356070748529358,train
Micro,82,81,81,80,0.20369966328144073,440.00111226444926,0.6288275306187668,0.9626966446246539,train
Micro,82,83,81,82,0.2027013897895813,524.8987280823535,0.624445470606586,0.9170410223361409,train
Micro,82,84,81,83,0.1975594311952591,998.5285930969807,0.6230275001360734,0.9326813714215121,train
Micro,82,102,81,101,0.1980571299791336,1130.986816016264,0.6482280064692792,0.896605614917553,train
Micro,83,81,82,80,0.19878651201725006,948.0196188392938,0.6263399947805798,0.9071562320446047,train
Micro,83,82,82,81,0.20292896032333374,524.8987280823535,0.624445470606586,0.9170410223361409,train
Micro,83,84,82,83,0.21209025382995605,477.22199054024964,0.7159936380817509,0.9224092826319389,train
Micro,83,85,82,84,0.13837039470672607,951.4101970610324,0.3131277310161936,0.9281532364086716,train
Micro,83,101,82,100,0.055303942412137985,9808.76242736145,0.573759458410131,0.9296404081994748,train
Micro,83,102,82,101,0.1925199329853058,1023.6423962478032,0.5718585546711461,0.8921872285260736,train
Micro,84,82,83,81,0.19685746729373932,998.5285930969807,0.6230275001360734,0.9326813714215121,train
Micro,84,83,83,82,0.21102388203144073,477.22199054024964,0.7159936380817509,0.9224092826319389,train
Micro,84,85,83,84,0.14297150075435638,474.2054689580494,0.5049091436415114,0.943771132426646,train
Micro,84,86,83,85,0.13827326893806458,949.5581241170619,0.4756874235717368,0.958256337188226,train
Micro,84,102,83,101,0.05625130236148834,1216.5415860589028,0.5916557797575368,0.9209499049093557,train
Micro,84,103,83,102,0.06115022674202919,1007.0926457840533,0.6431831275197918,0.9548835580122418,train
Micro,84,104,83,103,0.19347237050533295,956.6893166134208,0.5815647447692437,0.9539067876479164,train
Micro,85,62,84,61,0.056414294987916946,3411.955042159723,0.5844568854230779,0.9112259125611144,train
Micro,85,83,84,82,0.13813169300556183,951.4101970610324,0.3131277310161936,0.9281532364086716,train
Micro,85,84,84,83,0.14284995198249817,474.2054689580494,0.5049091436415114,0.943771132426646,train
Micro,85,86,84,85,0.2143017053604126,475.37828803758936,0.7403273720431862,0.9539192186957306,train
Micro,85,87,84,86,0.19931313395500183,949.0674429792216,0.6335303959472436,0.914311956859915,train
Micro,85,104,84,103,0.19502153992652893,960.4239609454996,0.590600677076836,0.9536270656954853,train
Micro,85,105,84,104,0.05396769568324089,1017.7409252103344,0.5591098622474905,0.9504515151509629,train
Micro,86,84,85,83,0.1382073014974594,949.5581241170619,0.4756874235717368,0.958256337188226,train
Micro,86,85,85,84,0.21205967664718628,475.37828803758936,0.7403273720431862,0.9539192186957306,train
Micro,86,87,85,86,0.21225398778915405,475.3455636618458,0.7424048899614548,0.930464033937933,train
Micro,86,88,85,87,0.19258058071136475,948.1734801418037,0.5818145290077197,0.9635130999764364,train
Micro,86,105,85,104,0.05318114906549454,1006.6478385406778,0.5692458550183058,0.9654153648240017,train
Micro,86,106,85,105,0.13777638971805573,982.2978634889633,0.5253080372698103,0.9376058344486069,train
Micro,86,107,85,106,0.05394092947244644,1269.2610982594988,0.5773784934680452,0.9645433882310174,train
Micro,87,64,86,63,0.05396832898259163,3355.4769065833298,0.5867979938159223,0.916863515471569,train
Micro,87,85,86,84,0.1966029703617096,949.0674429792216,0.6335303959472436,0.914311956859915,train
Micro,87,86,86,85,0.21130245923995972,475.3455636618458,0.7424048899614548,0.930464033937933,train
Micro,87,88,86,87,0.2028292417526245,478.6397164209136,0.6505166850980921,0.9327611098331979,train
Micro,87,89,86,88,0.13832604885101318,949.8845750165266,0.5774091395441444,0.920213445290473,train
Micro,87,106,86,105,0.1373138278722763,1025.2043062801679,0.4819702243209268,0.8839681341731902,train
Micro,87,107,86,106,0.05965711548924446,1120.8066747020926,0.6486522594991769,0.9322843330414107,train
Micro,88,86,87,85,0.13822166621685028,948.1734801418037,0.5818145290077197,0.9635130999764364,train
Micro,88,87,87,86,0.2034609168767929,478.6397164209136,0.6505166850980921,0.9327611098331979,train
Micro,88,89,87,88,0.21122878789901733,473.88592235584747,0.733571159719393,0.9398315578308045,train
Micro,88,90,87,89,0.19424493610858917,949.9653042769754,0.6017251277027658,0.9597630874806192,train
Micro,88,107,87,106,0.06081082671880722,1060.8308161838108,0.6528758668338135,0.9593941404975523,train
Micro,88,108,87,107,0.13780827820301056,979.6433379244776,0.5586006909591161,0.912296568298668,train
Micro,88,109,87,108,0.05422458052635193,1195.2341524175017,0.5821647934775966,0.949607337992293,train
Micro,89,69,88,68,0.13821876049041748,950.6851885254778,0.1337953142440512,0.8822932210288582,train
Micro,89,87,88,86,0.1910078227519989,949.8845750165266,0.5774091395441444,0.920213445290473,train
Micro,89,88,88,87,0.20998522639274597,473.88592235584747,0.733571159719393,0.9398315578308045,train
Micro,89,90,88,89,0.21004176139831543,476.91507458878596,0.7344120065755323,0.9337233984736144,train
Micro,89,108,88,107,0.13770759105682373,989.3673536373476,0.49849123523493993,0.8911266834599731,train
Micro,89,109,88,108,0.06010928377509117,998.3682002651541,0.6576074907658522,0.9408514564818089,train
Micro,89,110,88,109,0.05292956158518791,1222.7184153563946,0.5790598914183963,0.9288617812908345,train
Micro,90,65,89,64,0.05730724334716797,3695.254776072311,0.6111653174163675,0.9541301266228234,train
Micro,90,69,89,68,0.14287614822387695,473.94809154287606,0.12495116439110118,0.8950283981985172,train
Micro,90,70,89,69,0.13816511631011963,950.6589343799012,0.12592631588784076,0.8757181803660998,train
Micro,90,88,89,87,0.19459615647792816,949.9653042769754,0.6017251277027658,0.9597630874806192,train
Micro,90,89,89,88,0.21171998977661133,476.91507458878596,0.7344120065755323,0.9337233984736144,train
Micro,90,109,89,108,0.19649061560630798,968.7570224572287,0.6245497659300898,0.9528981107575598,train
Micro,90,110,89,109,0.05884470418095589,991.5110149346227,0.6275619342929537,0.968586838436845,train
Micro,91,70,90,69,0.06107156723737717,1242.6580296422987,0.5372981653188774,0.9191332138102319,train
Micro,91,71,90,70,0.19361886382102966,974.5432786829493,0.49119242631968013,0.9394228195532779,train
Micro,91,92,90,91,0.21608462929725647,462.4436894447176,0.6439915301667172,0.9441841294537373,train
Micro,91,93,90,92,0.13861988484859467,909.8312682211928,0.4447179879333578,0.9403052545791134,train
Micro,91,94,90,93,0.05628086254000664,1413.478104175906,0.4951503180077904,0.957590555414368,train
Micro,91,111,90,110,0.13798661530017853,959.4467236423237,0.11750201464416589,0.9093519790037543,train
Micro,91,112,90,111,0.14271977543830872,487.24722868407474,0.11882852233156829,0.8945238911649728,train
Micro,91,115,90,114,0.053617801517248154,1552.4735624123082,0.4717211368788375,0.9425136649853754,train
Micro,92,73,91,72,0.19684205949306488,966.480798708983,0.6427621494022266,0.923911849546201,train
Micro,92,91,91,90,0.20194654166698456,462.4436894447176,0.6439915301667172,0.9441841294537373,train
Micro,92,93,91,92,0.20669114589691162,447.5596232244284,0.6946898449441499,0.9150233454874858,train
Micro,92,94,91,93,0.19683334231376648,951.4345099833107,0.6405229181344102,0.936068011708843,train
Micro,92,112,91,111,0.13812080025672913,949.6376532882683,0.1296638946414474,0.8879337277519229,train
Micro,92,114,91,113,0.05956617370247841,1027.4467613231452,0.6495778519011104,0.8979816497886828,train
Micro,93,73,92,72,0.13788120448589325,968.6401425425901,0.6651112518676092,0.9381420707270548,train
Micro,93,74,92,73,0.19678756594657898,969.7030010245367,0.6662320428774403,0.9472637435456209,train
Micro,93,91,92,90,0.13863524794578552,909.8312682211928,0.4447179879333578,0.9403052545791134,train
Micro,93,92,92,91,0.20443445444107056,447.5596232244284,0.6946898449441499,0.9150233454874858,train
Micro,93,94,92,93,0.20273861289024353,503.93386161359246,0.6797909342440497,0.9511581037257835,train
Micro,93,114,92,113,0.06010837480425835,1012.0040299858493,0.679664814514101,0.9168719153697702,train
Micro,93,115,92,114,0.05941452458500862,1048.0606478282366,0.671819207580706,0.9438220257076032,train
Micro,94,74,93,73,0.13778407871723175,985.7653146213381,0.6242002393859795,0.959518676232644,train
Micro,94,75,93,74,0.05972045287489891,1016.7017115402,0.6587824263774484,0.957428658961206,train
Micro,94,92,93,91,0.1963024139404297,951.4345099833107,0.6405229181344102,0.936068011708843,train
Micro,94,93,93,92,0.20437927544116974,503.93386161359246,0.6797909342440497,0.9511581037257835,train
Micro,94,95,93,94,0.20113836228847504,474.2962807450348,0.6417845216983818,0.9421605110703573,train
Micro,94,96,93,95,0.1382654756307602,949.2574202602038,0.5345763610455494,0.9334648736004897,train
Micro,94,115,93,114,0.0624099038541317,1020.585282501316,0.6884500669372935,0.9486046812456951,train
Micro,95,75,94,74,0.05861866474151611,1026.1056376362885,0.6456834161363556,0.939433976444089,train
Micro,95,76,94,75,0.19816285371780396,981.4255499353277,0.6627177783834026,0.9295653109628262,train
Micro,95,93,94,92,0.1380411982536316,978.1705429395838,0.6035899612332957,0.9266273197384839,train
Micro,95,94,94,93,0.20138485729694366,474.2962807450348,0.6417845216983818,0.9421605110703573,train
Micro,95,96,94,95,0.20629756152629852,475.2000734125051,0.6959645612791511,0.908089148051135,train
Micro,95,97,94,96,0.13772688806056976,1001.4930135028627,0.6156963579288294,0.9162728079977377,train
Micro,95,117,94,116,0.059768032282590866,1039.0084125935873,0.6583435962733141,0.9410891913323892,train
Micro,96,76,95,75,0.05727014318108559,1011.5412630449204,0.6478565425968967,0.9442095335778308,train
Micro,96,77,95,76,0.13763664662837982,1003.909323398673,-0.07487328986208125,0.9175565937822947,train
Micro,96,94,95,93,0.13836391270160675,949.2574202602038,0.5345763610455494,0.9334648736004897,train
Micro,96,95,95,94,0.20457741618156433,475.2000734125051,0.6959645612791511,0.908089148051135,train
Micro,96,97,95,96,0.2068234086036682,526.947511340291,0.725509999979595,0.9629650688735303,train
Micro,96,98,95,97,0.13825617730617523,957.532275334598,0.6058765137569322,0.9358003793775721,train
Micro,96,117,95,116,0.058594897389411926,1008.911695915277,0.6628424868607757,0.9323131693001618,train
Micro,96,118,95,117,0.05847744271159172,1017.4147123118096,0.6615138712598677,0.9159617342244118,train
Micro,97,77,96,76,0.1374700516462326,1014.8318369625582,-0.07640615638299011,0.924095492018721,train
Micro,97,78,96,77,0.05845644325017929,1018.2023762682254,0.6543115771544231,0.9410948055567645,train
Micro,97,95,96,94,0.19265924394130707,1001.4930135028627,0.6156963579288294,0.9162728079977377,train
Micro,97,96,96,95,0.20748858153820038,526.947511340291,0.725509999979595,0.9629650688735303,train
Micro,97,98,96,97,0.20729075372219086,431.42427988977647,0.7160615579570309,0.9473065158754126,train
Micro,97,99,96,98,0.13888846337795258,906.6218696099946,0.591692898068271,0.9292058215540387,train
Micro,97,118,96,117,0.05774648115038872,1034.2717910998629,0.6463648812212303,0.925230347218007,train
Micro,98,78,97,77,0.05688827857375145,989.0465043780179,0.6669977945759905,0.9569089762462176,train
Micro,98,79,97,78,0.19650015234947205,941.7438998877022,0.6836748408425962,0.9509685812032123,train
Micro,98,96,97,95,0.13798506557941437,957.532275334598,0.6058765137569322,0.9358003793775721,train
Micro,98,97,97,96,0.2041269838809967,431.42427988977647,0.7160615579570309,0.9473065158754126,train
Micro,98,99,97,98,0.2080102562904358,481.8827110573501,0.7654034987420907,0.9511916309820191,train
Micro,98,100,97,99,0.13804246485233307,953.1227372321894,0.5691591516655101,0.9526765198293216,train
Micro,98,120,97,119,0.05844682455062866,1064.1167195526089,0.6852712398936961,0.9468040157498444,train
Micro,99,79,98,78,0.058937158435583115,1013.8137748778955,0.6794251488645257,0.9338952659909694,train
Micro,99,80,98,79,0.05674702301621437,10272.426139791427,0.6541773913243853,0.934641369737433,train
Micro,99,97,98,96,0.1386817991733551,906.6218696099946,0.591692898068271,0.9292058215540387,train
Micro,99,98,98,97,0.2091744840145111,481.8827110573501,0.7654034987420907,0.9511916309820191,train
Micro,99,100,98,99,0.14283601939678192,473.4280629563631,0.6147103946017645,0.9392068398824105,train
Micro,99,101,98,100,0.13815593719482422,948.1117701379314,0.5286926714214035,0.9403214592775283,train
Micro,99,120,98,119,0.1974935680627823,994.1672446142381,0.6910600705658586,0.9335410041413373,train
Micro,99,121,98,120,0.05797396972775459,1001.1179477514851,0.66832156298656,0.9337127791269896,train
Micro,100,80,99,79,0.05651436001062393,10744.06042374394,0.6214153483058618,0.9393733485135696,train
Micro,100,81,99,80,0.05962206795811653,10279.832944118967,0.6555867712412425,0.911431694894726,train
Micro,100,98,99,97,0.13838069140911102,953.1227372321894,0.5691591516655101,0.9526765198293216,train
Micro,100,99,99,98,0.19904030859470367,473.4280629563631,0.6147103946017645,0.9392068398824105,train
Micro,100,101,99,100,0.21111461520195007,474.68370777271605,0.7475684949574782,0.9510802104596394,train
Micro,100,121,99,120,0.19781911373138428,993.3025230785745,0.6594312944277092,0.9337176021913147,train
Micro,100,122,99,121,0.13750886917114258,1018.0644193858952,0.5387084944574236,0.9558212875884933,train
Micro,101,81,100,80,0.05760124698281288,10752.415786410591,0.6173183391956016,0.9270527690584651,train
Micro,101,99,100,98,0.1400131732225418,948.1117701379314,0.5286926714214035,0.9403214592775283,train
Micro,101,100,100,99,0.21450242400169373,474.68370777271605,0.7475684949574782,0.9510802104596394,train
Micro,101,102,100,101,0.05677236616611481,9975.126380805767,0.6084351588657325,0.9270598300644359,train
Micro,101,121,100,120,0.13645030558109283,1192.0610662243457,0.5874768443952849,0.9532818663547938,train
Micro,101,122,100,121,0.1391863375902176,1009.3966446042836,0.548574882046511,0.9622660883158973,train
Micro,101,123,100,122,0.198490172624588,978.9857421715994,0.6311050706443794,0.9576548259901816,train
Micro,101,124,100,123,0.05698399618268013,9761.682460186345,0.6107032359795032,0.9498929551184646,train
Micro,102,82,101,81,0.19591350853443146,1130.986816016264,0.6482280064692792,0.896605614917553,train
Micro,102,83,101,82,0.1388644427061081,1023.6423962478032,0.5718585546711461,0.8921872285260736,train
Micro,102,103,101,102,0.21298155188560486,500.0025873613573,0.7578299030289966,0.9260325771845755,train
Micro,102,104,101,103,0.19709305465221405,935.1117085538488,0.6306355603423729,0.9351273522230424,train
Micro,102,123,101,122,0.05880296602845192,10272.846807748607,0.6501881424498058,0.9185686556408393,train
Micro,102,124,101,123,0.1963444948196411,988.8116191711415,0.630237767445687,0.901186913973638,train
Micro,103,84,102,83,0.0562298409640789,1007.0926457840533,0.6431831275197918,0.9548835580122418,train
Micro,103,102,102,101,0.2089906632900238,500.0025873613573,0.7578299030289966,0.9260325771845755,train
Micro,103,104,102,103,0.20925550162792206,436.77986654332926,0.7560784830152782,0.9651620824591975,train
Micro,103,105,102,104,0.19513419270515442,924.445008656195,0.6473480308800519,0.9617376609962971,train
Micro,103,124,102,123,0.13763171434402466,993.913975339071,0.6183260936878502,0.9311141306445763,train
Micro,103,125,102,124,0.19275809824466705,971.2789828257919,0.6271003561555742,0.9029351336496906,train
Micro,104,84,103,83,0.1380201280117035,956.6893166134208,0.5815647447692437,0.9539067876479164,train
Micro,104,85,103,84,0.13797134160995483,960.4239609454996,0.590600677076836,0.9536270656954853,train
Micro,104,102,103,101,0.19496455788612366,935.1117085538488,0.6306355603423729,0.9351273522230424,train
Micro,104,103,103,102,0.21098390221595764,436.77986654332926,0.7560784830152782,0.9651620824591975,train
Micro,104,105,103,104,0.20933057367801666,494.96162652767407,0.7419337917616642,0.9773601593866896,train
Micro,104,106,103,105,0.05474995821714401,966.9304120084796,0.6093117932041691,0.94156959637953,train
Micro,104,127,103,126,0.05397956073284149,1236.666256291136,0.6007380783488391,0.9694155233123902,train
Micro,105,103,104,102,0.19503509998321533,924.445008656195,0.6473480308800519,0.9617376609962971,train
Micro,105,104,104,103,0.2075287401676178,494.96162652767407,0.7419337917616642,0.9773601593866896,train
Micro,105,106,104,105,0.20688466727733612,475.92926364022816,0.7330690198784573,0.9335224747497649,train
Micro,105,107,104,106,0.13812145590782166,953.0456500446147,0.6168056971719722,0.971448961792548,train
Micro,105,126,104,125,0.05620422959327698,997.4507876946169,0.6434240237907255,0.9544984914172442,train
Micro,105,127,104,126,0.1962258368730545,975.8992796927498,0.6686147839444683,0.9648570499355074,train
Micro,106,104,105,103,0.1946992427110672,966.9304120084796,0.6093117932041691,0.94156959637953,train
Micro,106,105,105,104,0.21112263202667236,475.92926364022816,0.7330690198784573,0.9335224747497649,train
Micro,106,107,105,106,0.20394563674926758,484.88288998107834,0.6565548737606373,0.9380495916298114,train
Micro,106,108,105,107,0.13827228546142578,948.3419412498848,0.5776200898769829,0.8871145936198023,train
Micro,106,127,105,126,0.05885264649987221,1010.7874999330986,0.6327820337436338,0.9294752057537344,train
Micro,106,128,105,127,0.13787363469600677,978.6906440827421,0.5089097803135721,0.9070908668062653,train
Micro,106,129,105,128,0.05523397773504257,1216.0694342530523,0.5938742432641322,0.9215619004396444,train
Micro,107,87,106,86,0.06121150031685829,1120.8066747020926,0.6486522594991769,0.9322843330414107,train
Micro,107,88,106,87,0.06161006540060043,1060.8308161838108,0.6528758668338135,0.9593941404975523,train
Micro,107,105,106,104,0.0582062266767025,953.0456500446147,0.6168056971719722,0.971448961792548,train
Micro,107,106,106,105,0.204537034034729,484.88288998107834,0.6565548737606373,0.9380495916298114,train
Micro,107,108,106,107,0.14260882139205933,480.61283311730494,0.4885649369610052,0.9293400482777562,train
Micro,107,109,106,108,0.13792771100997925,952.3731438632623,0.5999148190642901,0.9566990165648753,train
Micro,107,127,106,126,0.057014983147382736,1146.1557915708147,0.6041821611068806,0.9674363742965242,train
Micro,107,128,106,127,0.1387355476617813,888.102612333648,0.31623707119033434,0.9464930465439051,train
Micro,107,129,106,128,0.13814812898635864,935.2379593926518,0.559441654529806,0.9619887849902572,train
Micro,108,88,107,87,0.19435951113700867,979.6433379244776,0.5586006909591161,0.912296568298668,train
Micro,108,106,107,105,0.19669584929943085,948.3419412498848,0.5776200898769829,0.8871145936198023,train
Micro,108,107,107,106,0.14286769926548004,480.61283311730494,0.4885649369610052,0.9293400482777562,train
Micro,108,109,107,108,0.20213434100151062,476.2142145271756,0.5852417349892475,0.9148026151718806,train
Micro,108,110,107,109,0.13818535208702087,951.8127017384736,0.5448472852639218,0.9252224041343874,train
Micro,108,129,107,128,0.06406460702419281,1033.6215468927235,0.6329374086172379,0.915963138296009,train
Micro,108,130,107,129,0.061692532151937485,1042.493945807127,0.609502140425604,0.9199555205913404,train
Micro,109,89,108,88,0.060652025043964386,998.3682002651541,0.6576074907658522,0.9408514564818089,train
Micro,109,90,108,89,0.19553633034229279,968.7570224572287,0.6245497659300898,0.9528981107575598,train
Micro,109,107,108,106,0.1934787482023239,952.3731438632623,0.5999148190642901,0.9566990165648753,train
Micro,109,108,108,107,0.1428660750389099,476.2142145271756,0.5852417349892475,0.9148026151718806,train
Micro,109,110,108,109,0.2091396450996399,475.7069242892565,0.7185210220001939,0.9618771736808106,train
Micro,109,111,108,110,0.1381833702325821,949.6302813496004,0.531141319718436,0.9606691524645038,train
Micro,109,130,108,129,0.06014380231499672,1036.5171217312013,0.6520971832694944,0.962370937893909,train
Micro,110,69,109,68,0.1378035843372345,979.7348195839191,0.11452670043441707,0.8985587410191667,train
Micro,110,89,109,88,0.05447149649262428,1222.7184153563946,0.5790598914183963,0.9288617812908345,train
Micro,110,90,109,89,0.05903402715921402,991.5110149346227,0.6275619342929537,0.968586838436845,train
Micro,110,108,109,107,0.1381710022687912,951.8127017384736,0.5448472852639218,0.9252224041343874,train
Micro,110,109,109,108,0.21047639846801758,475.7069242892565,0.7185210220001939,0.9618771736808106,train
Micro,110,111,109,110,0.20705804228782654,474.02998722092457,0.6820628317382859,0.9746791658761765,train
Micro,110,112,109,111,0.13824225962162018,946.3096185574077,0.5666360932314178,0.9611911433027122,train
Micro,110,130,109,129,0.05474318191409111,1218.8672416671184,0.5819480250521941,0.9608591738284157,train
Micro,111,109,110,108,0.13811804354190826,949.6302813496004,0.531141319718436,0.9606691524645038,train
Micro,111,110,110,109,0.2048739194869995,474.02998722092457,0.6820628317382859,0.9746791658761765,train
Micro,111,112,110,111,0.21010591089725494,472.627303497735,0.7394605918947431,0.9639870391072436,train
Micro,111,132,110,131,0.19838935136795044,954.7588752548074,0.663128047773844,0.9570864898225011,train
Micro,111,133,110,132,0.19796961545944214,943.6805351570217,0.6569387432242441,0.9480465009866278,train
Micro,111,134,110,133,0.05054323002696037,1220.5130202776284,0.5554822393261745,0.9401877309473976,train
Micro,112,91,111,90,0.1427031308412552,487.24722868407474,0.11882852233156829,0.8945238911649728,train
Micro,112,92,111,91,0.1380981206893921,949.6376532882683,0.1296638946414474,0.8879337277519229,train
Micro,112,110,111,109,0.19207832217216492,946.3096185574077,0.5666360932314178,0.9611911433027122,train
Micro,112,111,111,110,0.21319007873535156,472.627303497735,0.7394605918947431,0.9639870391072436,train
Micro,112,132,111,131,0.054232336580753326,1163.971272453424,0.5697368713260988,0.947782270780741,train
Micro,112,133,111,132,0.2008153200149536,937.4053191023299,0.6572202110775283,0.9363613493040344,train
Micro,112,134,111,133,0.058882709592580795,1010.996599390459,0.6185912806891729,0.9359642377851413,train
Micro,113,72,112,71,0.055328577756881714,1992.5818214235553,0.5105978760050915,0.9557623547382409,train
Micro,113,91,112,90,0.13718482851982117,1038.2726454820317,0.3148695062932837,0.9585118778681146,train
Micro,113,92,112,91,0.056622982025146484,1048.2495061230672,0.5225432577680386,0.9329419957210542,train
Micro,113,93,112,92,0.05884785205125809,1220.934216822936,0.5430753584680719,0.9468306417621002,train
Micro,113,114,112,113,0.21574608981609344,474.02613126302646,0.6705257083328386,0.9286593615198833,train
Micro,113,115,112,114,0.19495128095149994,947.6559433470132,0.5217977341873704,0.940556449216876,train
Micro,113,133,112,132,0.13824276626110077,960.4190204804527,0.11114823142865245,0.8844119053947878,train
Micro,113,134,112,133,0.143075630068779,475.81896081036933,0.10784206078345447,0.8906691278577883,train
Micro,114,92,113,91,0.05921218544244766,1027.4467613231452,0.6495778519011104,0.8979816497886828,train
Micro,114,93,113,92,0.1994110643863678,1012.0040299858493,0.679664814514101,0.9168719153697702,train
Micro,114,113,113,112,0.20411179959774017,474.02613126302646,0.6705257083328386,0.9286593615198833,train
Micro,114,115,113,114,0.208366259932518,474.74298445991474,0.7172514435940666,0.9113416394704876,train
Micro,114,116,113,115,0.19060470163822174,950.7792610482358,0.5740828864215981,0.9080257097195095,train
Micro,114,134,113,133,0.13829405605793,949.2520356528291,0.11992423795012803,0.8528534476012322,train
Micro,115,92,114,91,0.05467386916279793,1246.872861950983,0.617168636158772,0.9379800395339175,train
Micro,115,93,114,92,0.05951526015996933,1048.0606478282366,0.671819207580706,0.9438220257076032,train
Micro,115,94,114,93,0.19834524393081665,1020.585282501316,0.6884500669372935,0.9486046812456951,train
Micro,115,113,114,112,0.13833355903625488,947.6559433470132,0.5217977341873704,0.940556449216876,train
Micro,115,114,114,113,0.20654478669166565,474.74298445991474,0.7172514435940666,0.9113416394704876,train
Micro,115,116,114,115,0.204278364777565,476.04402444989296,0.6917658808832514,0.9624135572427529,train
Micro,115,117,114,116,0.13830897212028503,949.5548351578982,0.6141719973974086,0.9523279102828915,train
Micro,116,94,115,93,0.057664573192596436,1039.8132585884782,0.6069039363571178,0.9472922867452394,train
Micro,116,95,115,94,0.19529375433921814,1030.1255790838898,0.61085284089574,0.9287958249935153,train
Micro,116,114,115,113,0.19286930561065674,950.7792610482358,0.5740828864215981,0.9080257097195095,train
Micro,116,115,115,114,0.20875488221645355,476.04402444989296,0.6917658808832514,0.9624135572427529,train
Micro,116,117,115,116,0.2070656567811966,473.5715116036242,0.6738129977914812,0.9529401553032659,train
Micro,116,118,115,117,0.13835188746452332,948.5663972351335,0.5273088143280283,0.9457925857533588,train
Micro,117,95,116,94,0.0600934773683548,1039.0084125935873,0.6583435962733141,0.9410891913323892,train
Micro,117,96,116,95,0.19801384210586548,1008.911695915277,0.6628424868607757,0.9323131693001618,train
Micro,117,115,116,114,0.19436268508434296,949.5548351578982,0.6141719973974086,0.9523279102828915,train
Micro,117,116,116,115,0.20451009273529053,473.5715116036242,0.6738129977914812,0.9529401553032659,train
Micro,117,118,116,117,0.20483039319515228,474.9949759318862,0.6774265785382746,0.9405973984749552,train
Micro,117,119,116,118,0.13818950951099396,958.1309486635058,0.4263752777749892,0.9433305354876207,train
Micro,118,96,117,95,0.19906041026115417,1017.4147123118096,0.6615138712598677,0.9159617342244118,train
Micro,118,97,117,96,0.06022942438721657,1034.2717910998629,0.6463648812212303,0.925230347218007,train
Micro,118,98,117,97,0.05609941482543945,1257.9544219258064,0.6020427706508924,0.9468943471385218,train
Micro,118,116,117,115,0.1383407562971115,948.5663972351335,0.5273088143280283,0.9457925857533588,train
Micro,118,117,117,116,0.20614653825759888,474.9949759318862,0.6774265785382746,0.9405973984749552,train
Micro,118,119,117,118,0.14296767115592957,483.1359729457142,0.3362252489229815,0.9379862792451217,train
Micro,118,120,117,119,0.19715581834316254,955.5876859342824,0.6321658127782256,0.9458424808171282,train
Micro,119,94,118,93,0.05911380052566528,1965.9584345806386,0.4340262077515368,0.9328996542907875,train
Micro,119,97,118,96,0.20086592435836792,1020.3821703819189,0.4660297184072385,0.9242643434177961,train
Micro,119,100,118,99,0.06352496147155762,1526.1281968896208,0.46641388118248334,0.9276964334999,train
Micro,119,101,118,100,0.055816832929849625,1914.4827272855578,0.40981916877606267,0.9440285461677199,train
Micro,119,117,118,116,0.19630303978919983,958.1309486635058,0.4263752777749892,0.9433305354876207,train
Micro,119,118,118,117,0.14298319816589355,483.1359729457142,0.3362252489229815,0.9379862792451217,train
Micro,119,120,118,119,0.14305473864078522,472.5322401710816,0.31837651625038865,0.9367156315672674,train
Micro,119,121,118,120,0.13833746314048767,949.9794605741303,0.39778091097986423,0.9293503373980587,train
Micro,120,98,119,97,0.06086822971701622,1064.1167195526089,0.6852712398936961,0.9468040157498444,train
Micro,120,99,119,98,0.19905932247638702,994.1672446142381,0.6910600705658586,0.9335410041413373,train
Micro,120,118,119,117,0.19434036314487457,955.5876859342824,0.6321658127782256,0.9458424808171282,train
Micro,120,119,119,118,0.142976775765419,472.5322401710816,0.31837651625038865,0.9367156315672674,train
Micro,120,121,119,120,0.20779894292354584,477.51403324735753,0.7301618702955172,0.9516565287556211,train
Micro,120,122,119,121,0.19495639204978943,953.6985020659101,0.6388239573833795,0.958033296281363,train
Micro,121,99,120,98,0.05896036699414253,1001.1179477514851,0.66832156298656,0.9337127791269896,train
Micro,121,100,120,99,0.19584481418132782,993.3025230785745,0.6594312944277092,0.9337176021913147,train
Micro,121,119,120,118,0.1382421851158142,949.9794605741303,0.39778091097986423,0.9293503373980587,train
Micro,121,120,120,119,0.20733880996704102,477.51403324735753,0.7301618702955172,0.9516565287556211,train
Micro,121,122,120,121,0.20515471696853638,476.3325320320584,0.7053146058840181,0.9473700549320716,train
Micro,121,123,120,122,0.19445912539958954,950.495388824063,0.6373003722782496,0.9398180935139447,train
Micro,122,99,121,98,0.05692443251609802,1225.8788989120426,0.6192314783226037,0.942325806012908,train
Micro,122,100,121,99,0.13755883276462555,1018.0644193858952,0.5387084944574236,0.9558212875884933,train
Micro,122,101,121,100,0.13767823576927185,1009.3966446042836,0.548574882046511,0.9622660883158973,train
Micro,122,102,121,101,0.05538957938551903,9804.643601089503,0.6025351031034067,0.9268457729569991,train
Micro,122,120,121,119,0.19714900851249695,953.6985020659101,0.6388239573833795,0.958033296281363,train
Micro,122,121,121,120,0.20800606906414032,476.3325320320584,0.7053146058840181,0.9473700549320716,train
Micro,122,123,121,122,0.20729391276836395,475.8774826478456,0.6975343841699092,0.9619058979357749,train
Micro,123,100,122,99,0.137775719165802,1194.2140244056877,0.5741193833945419,0.9388233550967927,train
Micro,123,101,122,100,0.19769598543643951,978.9857421715994,0.6311050706443794,0.9576548259901816,train
Micro,123,102,122,101,0.058416206389665604,10272.846807748607,0.6501881424498058,0.9185686556408393,train
Micro,123,120,122,119,0.13366994261741638,1427.9120627958712,0.5301023981457726,0.9499682987862892,train
Micro,123,121,122,120,0.1986357867717743,950.495388824063,0.6373003722782496,0.9398180935139447,train
Micro,123,122,122,121,0.2088526040315628,475.8774826478456,0.6975343841699092,0.9619058979357749,train
Micro,123,124,122,123,0.0649537742137909,9969.083594235173,0.7229530256972703,0.9421134524540317,train
Micro,124,102,123,101,0.19760341942310333,988.8116191711415,0.630237767445687,0.901186913973638,train
Micro,124,103,123,102,0.19643501937389374,993.913975339071,0.6183260936878502,0.9311141306445763,train
Micro,124,104,123,103,0.13588955998420715,1226.516651476683,0.5153273053499108,0.9491682691277584,train
Micro,124,123,123,122,0.06668694317340851,9969.083594235173,0.7229530256972703,0.9421134524540317,train
Micro,124,125,123,124,0.20451965928077698,450.22102273161676,0.6462398699915702,0.8981023248271318,train
Micro,124,126,123,125,0.19886541366577148,923.3293984250703,0.634543273408797,0.936337891026199,train
Micro,125,103,124,102,0.19860799610614777,971.2789828257919,0.6271003561555742,0.9029351336496906,train
Micro,125,104,124,103,0.19512717425823212,1033.7890922099693,0.5998623822213273,0.9218047133641998,train
Micro,125,123,124,122,0.055362775921821594,9519.157683269386,0.5735866528720049,0.9161565058790303,train
Micro,125,124,124,123,0.2055981308221817,450.22102273161676,0.6462398699915702,0.8981023248271318,train
Micro,125,126,124,125,0.2069055140018463,473.5662093207012,0.6613643120720812,0.9053769339314744,train
Micro,125,127,124,126,0.13839848339557648,946.9563685600847,0.5526420818424692,0.9187209711144986,train
Micro,126,104,125,103,0.056378498673439026,1052.6835631432007,0.5946719804126794,0.9562946487357944,train
Micro,126,105,125,104,0.1985863745212555,997.4507876946169,0.6434240237907255,0.9544984914172442,train
Micro,126,124,125,123,0.19871491193771362,923.3293984250703,0.634543273408797,0.936337891026199,train
Micro,126,125,125,124,0.2056228220462799,473.5662093207012,0.6613643120720812,0.9053769339314744,train
Micro,126,127,125,126,0.20268002152442932,473.96017361901073,0.6303517376479417,0.9583411109622486,train
Micro,126,128,125,127,0.13801740109920502,965.1333136212087,0.5364085527093927,0.9371497131022164,train
Micro,127,104,126,103,0.05745631828904152,1236.666256291136,0.6007380783488391,0.9694155233123902,train
Micro,127,105,126,104,0.20177751779556274,975.8992796927498,0.6686147839444683,0.9648570499355074,train
Micro,127,106,126,105,0.06052108854055405,1010.7874999330986,0.6327820337436338,0.9294752057537344,train
Micro,127,107,126,106,0.05778571963310242,1146.1557915708147,0.6041821611068806,0.9674363742965242,train
Micro,127,125,126,124,0.13820849359035492,946.9563685600847,0.5526420818424692,0.9187209711144986,train
Micro,127,126,126,125,0.20316001772880554,473.96017361901073,0.6303517376479417,0.9583411109622486,train
Micro,127,128,126,127,0.14275358617305756,491.26733600331653,0.4107229590832085,0.9497685584436679,train
Micro,127,129,126,128,0.13833723962306976,936.9466826495466,0.5691677272041185,0.9614806078418535,train
Micro,128,106,127,105,0.05719670280814171,978.6906440827421,0.5089097803135721,0.9070908668062653,train
Micro,128,107,127,106,0.1387854814529419,888.102612333648,0.31623707119033434,0.9464930465439051,train
Micro,128,108,127,107,0.058551471680402756,1180.8127545557645,0.5209639188822228,0.8983925253288942,train
Micro,128,126,127,125,0.1980980783700943,965.1333136212087,0.5364085527093927,0.9371497131022164,train
Micro,128,127,127,126,0.14258722960948944,491.26733600331653,0.4107229590832085,0.9497685584436679,train
Micro,128,129,127,128,0.2125716209411621,449.6910835494617,0.6202357250426646,0.9391107456993314,train
Micro,128,130,127,129,0.1922094225883484,954.1996604850215,0.48274318757152285,0.9419961291005976,train
Micro,129,106,128,105,0.05620789900422096,1216.0694342530523,0.5938742432641322,0.9215619004396444,train
Micro,129,107,128,106,0.13831718266010284,935.2379593926518,0.559441654529806,0.9619887849902572,train
Micro,129,108,128,107,0.05990508571267128,1033.6215468927235,0.6329374086172379,0.915963138296009,train
Micro,129,127,128,126,0.19216488301753998,936.9466826495466,0.5691677272041185,0.9614806078418535,train
Micro,129,128,128,127,0.2016891986131668,449.6910835494617,0.6202357250426646,0.9391107456993314,train
Micro,129,130,128,129,0.213924378156662,505.5927475884133,0.7534865381250234,0.9616919254344182,train
Micro,129,131,128,130,0.13779139518737793,975.6074288658583,0.022483194408936737,0.939441438334204,train
Micro,130,108,129,107,0.05751655995845795,1042.493945807127,0.609502140425604,0.9199555205913404,train
Micro,130,109,129,108,0.1987324208021164,1036.5171217312013,0.6520971832694944,0.962370937893909,train
Micro,130,110,129,109,0.0549163781106472,1218.8672416671184,0.5819480250521941,0.9608591738284157,train
Micro,130,128,129,127,0.1383107751607895,954.1996604850215,0.48274318757152285,0.9419961291005976,train
Micro,130,129,129,128,0.2139595001935959,505.5927475884133,0.7534865381250234,0.9616919254344182,train
Micro,130,131,129,130,0.1430995911359787,470.17564207530955,-0.0660065388311965,0.9526510590245603,train
Micro,130,132,129,131,0.1934647560119629,936.6428526366994,0.5820616213305261,0.9539911022307138,train
Micro,131,3,130,2,0.055976275354623795,3663.016298672858,0.1201560586275472,0.818599415290079,train
Micro,131,40,130,39,0.04990001022815704,5462.927954407839,0.10711300872712919,0.9324023704557655,train
Micro,131,42,130,41,0.0582687072455883,4934.048250920491,0.1250768788822154,0.9250442929340618,train
Micro,131,110,130,109,0.1374576836824417,1016.0665939548501,-0.046982845429277886,0.9378151702789385,train
Micro,131,119,130,118,0.05739307031035423,4759.752888264909,0.12319726506118865,0.9028275456345333,train
Micro,131,128,130,127,0.07846198230981827,1423.3349212320313,0.16842281273916695,0.9180423179214949,train
Micro,131,129,130,128,0.13800561428070068,975.6074288658583,0.022483194408936737,0.939441438334204,train
Micro,131,130,130,129,0.1430753767490387,470.17564207530955,-0.0660065388311965,0.9526510590245603,train
Micro,131,132,130,131,0.14309699833393097,466.91149314653165,0.08530747036481943,0.941313325014364,train
Micro,131,133,130,132,0.13836434483528137,948.2759314994449,0.005171611174769479,0.9288958387098951,train
Micro,132,110,131,109,0.05490342155098915,981.6393781112058,0.5574014379073361,0.9577207157108123,train
Micro,132,111,131,110,0.20339305698871613,954.7588752548074,0.663128047773844,0.9570864898225011,train
Micro,132,112,131,111,0.05611845478415489,1163.971272453424,0.5697368713260988,0.947782270780741,train
Micro,132,130,131,129,0.19564189016819,936.6428526366994,0.5820616213305261,0.9539911022307138,train
Micro,132,131,131,130,0.1428854614496231,466.91149314653165,0.08530747036481943,0.941313325014364,train
Micro,132,133,131,132,0.20911501348018646,481.6803803743101,0.6733917334156445,0.9309259207833886,train
Micro,132,134,131,133,0.13794271647930145,964.9255519444787,0.5112176366348452,0.9345548839855116,train
Micro,133,110,132,109,0.052958425134420395,1182.1705289384934,0.5746443728652955,0.9392938500820015,train
Micro,133,111,132,110,0.1987188160419464,943.6805351570217,0.6569387432242441,0.9480465009866278,train
Micro,133,112,132,111,0.19882529973983765,937.4053191023299,0.6572202110775283,0.9363613493040344,train
Micro,133,131,132,130,0.1381169706583023,948.2759314994449,0.005171611174769479,0.9288958387098951,train
Micro,133,132,132,131,0.20480123162269592,481.6803803743101,0.6733917334156445,0.9309259207833886,train
Micro,133,134,132,133,0.20657925307750702,486.7819302643229,0.6930625205196679,0.9154704742705791,train
Micro,134,110,133,109,0.05388524755835533,1567.3258601332445,0.5207253447302417,0.9416102331226042,train
Micro,134,111,133,110,0.057481925934553146,1220.5130202776284,0.5554822393261745,0.9401877309473976,train
Micro,134,112,133,111,0.20153465867042542,1010.996599390459,0.6185912806891729,0.9359642377851413,train
Micro,134,113,133,112,0.14303216338157654,475.81896081036933,0.10784206078345447,0.8906691278577883,train
Micro,134,114,133,113,0.1383463591337204,949.2520356528291,0.11992423795012803,0.8528534476012322,train
Micro,134,132,133,131,0.1910429745912552,964.9255519444787,0.5112176366348452,0.9345548839855116,train
Micro,134,133,133,132,0.21467654407024384,486.7819302643229,0.6930625205196679,0.9154704742705791,train
Macro,1,2,0,1,0.13124479353427887,477.4161855436831,0.3922235536126477,0.9455199048251415,train
Macro,1,3,0,2,0.1294516623020172,953.5971809822636,-0.047496317715554515,0.9489797551542677,train
Macro,1,4,0,3,0.07006354629993439,1426.911862130335,0.4180538702370512,0.9347228607753649,train
Macro,1,6,0,5,0.07062328606843948,2401.652598236888,0.40057944729819434,0.952149864919161,train
Macro,1,8,0,7,0.06982747465372086,3325.9988993115876,0.3232045516771166,0.9405053535853402,train
Macro,1,9,0,8,0.06979171931743622,4757.324261003451,0.29083102167583885,0.9330187953877608,train
Macro,1,12,0,11,0.06956687569618225,6182.094087397807,0.23306426153534796,0.9281008159893189,train
Macro,1,23,0,22,0.12944774329662323,949.3748939984782,0.6694953394200885,0.9505399258157494,train
Macro,1,24,0,23,0.061204563826322556,474.15250884170086,0.5964319222480639,0.9296913808633129,train
Macro,1,25,0,24,0.1288950890302658,941.916237617386,0.5101276855330716,0.9405694804665635,train
Macro,1,26,0,25,0.06988326460123062,1005.9750392053576,0.26360848118925756,0.9351253288145244,train
Macro,2,1,1,0,0.06127055734395981,477.4161855436831,0.3922235536126477,0.9455199048251415,train
Macro,2,3,1,2,0.13141652941703796,476.9147522244701,-0.03571372382382891,0.958655129900264,train
Macro,2,4,1,3,0.1294262707233429,949.4959282911008,0.6162952740389233,0.9535313636162054,train
Macro,2,7,1,6,0.0697731003165245,2399.6105961721682,0.30278359930468873,0.9496349959057568,train
Macro,2,8,1,7,0.06994510442018509,2848.582863112496,0.3152398692220638,0.9569016927886554,train
Macro,2,9,1,8,0.06982123106718063,4279.908097497606,0.308782906245488,0.9502312356022166,train
Macro,2,23,1,22,0.07032908499240875,1426.7909864911956,0.29072792052072793,0.9617006895981106,train
Macro,2,24,1,23,0.059256941080093384,951.1968676464869,0.34331206351087956,0.9431578541757422,train
Macro,2,25,1,24,0.07012401521205902,1158.3182269554964,0.4180272660042755,0.9589967879965653,train
Macro,2,26,1,25,0.05893411859869957,1007.6808763648767,0.5241369231659045,0.9362487549200389,train
Macro,2,45,1,44,0.06996393948793411,2378.030567012454,0.27072669319765813,0.9557435172460427,train
Macro,2,46,1,45,0.06987584382295609,1944.4548127132955,0.48743090862181404,0.9529169766562615,train
Macro,2,48,1,47,0.0698632225394249,2354.2008197243235,0.3706355516551512,0.957162613868496,train
Macro,3,1,2,0,0.05928996950387955,953.5971809822636,-0.047496317715554515,0.9489797551542677,train
Macro,3,2,2,1,0.1312587708234787,476.9147522244701,-0.03571372382382891,0.958655129900264,train
Macro,3,4,2,3,0.13174015283584595,475.4246718269643,-0.057674678932506225,0.9580265871450764,train
Macro,3,5,2,4,0.0593106634914875,949.8842481577063,-0.052676392338024715,0.9360418886474617,train
Macro,3,6,2,5,0.06995269656181335,1448.6878035410123,-0.02489220065402486,0.9575040562299529,train
Macro,3,7,2,6,0.06997866928577423,1924.5986513785238,0.010161508728361962,0.9542713510697707,train
Macro,3,8,2,7,0.07026415318250656,2373.467007655399,0.00601940978883986,0.9594127997502628,train
Macro,3,9,2,8,0.07025633752346039,3804.6295944993144,0.018288299009557762,0.9569839577099705,train
Macro,3,10,2,9,0.06960346549749374,4279.847629119821,0.03796761657071549,0.9479351251013723,train
Macro,3,11,2,10,0.06952076405286789,4754.400783638972,0.05989639074207997,0.9446817940389047,train
Macro,3,23,2,22,0.07019862532615662,1902.5922304162145,-0.03931874657443505,0.9620392518962199,train
Macro,3,25,2,24,0.06987062841653824,1522.13052054905,-0.09126447547134675,0.9577483880943042,train
Macro,3,27,2,26,0.058755118399858475,1045.4157238637772,-0.032438886088001204,0.9413335846274105,train
Macro,4,2,3,1,0.1292247772216797,949.4959282911008,0.6162952740389233,0.9535313636162054,train
Macro,4,3,3,2,0.13169518113136292,475.4246718269643,-0.057674678932506225,0.9580265871450764,train
Macro,4,5,3,4,0.0612281896173954,475.0708232153166,0.6780374081893777,0.9348223032861575,train
Macro,4,6,3,5,0.12897762656211853,974.9191684408497,0.6114685665431373,0.9501466498860475,train
Macro,4,7,3,6,0.06999091804027557,1450.1209489406413,0.45046819906073676,0.9483547137280437,train
Macro,4,8,3,7,0.07031450420618057,1899.0901157573733,0.4440089429942806,0.9561427155551462,train
Macro,4,9,3,8,0.07027266919612885,3330.4127065446983,0.41818363293963245,0.9541359407009448,train
Macro,4,11,3,10,0.06958159059286118,4281.279976357845,0.2970361317293631,0.9417737563279591,train
Macro,4,23,3,22,0.07008960843086243,2376.2860236466913,0.35022855712145057,0.9525754384399276,train
Macro,4,25,3,24,0.06991568952798843,1898.061090162091,0.5831266540476957,0.951854115363754,train
Macro,4,29,3,28,0.059249766170978546,943.9190780347973,0.4196432675788904,0.9427625677824917,train
Macro,4,49,3,48,0.06945952773094177,2368.9220076494607,0.4646947084468131,0.9383932431845231,train
Macro,5,3,4,2,0.1294909119606018,949.8842481577063,-0.052676392338024715,0.9360418886474617,train
Macro,5,4,4,3,0.13120074570178986,475.0708232153166,0.6780374081893777,0.9348223032861575,train
Macro,5,6,4,5,0.13120929896831512,500.26754634839614,0.7570545535073143,0.9362363907892224,train
Macro,5,7,4,6,0.12909965217113495,975.0504843273078,0.5994424849505215,0.9353968043651261,train
Macro,5,8,4,7,0.07018238306045532,1424.02129834928,0.5427376512262005,0.9383839052538545,train
Macro,5,9,4,8,0.07013189792633057,2855.3474451697116,0.47646538145582884,0.9315342914585609,train
Macro,5,11,4,10,0.06972676515579224,3806.483968611885,0.3683206553943925,0.924070328724726,train
Macro,5,12,4,11,0.06999050080776215,4280.351672117204,0.330108852275511,0.9305238267982568,train
Macro,5,23,4,22,0.06986574083566666,2851.352612573858,0.3971260923409736,0.9304892622801091,train
Macro,5,25,4,24,0.06983605027198792,2325.0153649249582,0.5695699163703497,0.9346480880537205,train
Macro,5,29,4,28,0.05926600843667984,943.6472496108748,0.49584804845840386,0.9184085991202015,train
Macro,6,1,5,0,0.06974362581968307,2401.652598236888,0.40057944729819434,0.952149864919161,train
Macro,6,3,5,2,0.0700414702296257,1448.6878035410123,-0.02489220065402486,0.9575040562299529,train
Macro,6,4,5,3,0.12911151349544525,974.9191684408497,0.6114685665431373,0.9501466498860475,train
Macro,6,5,5,4,0.06125432252883911,500.26754634839614,0.7570545535073143,0.9362363907892224,train
Macro,6,7,5,6,0.13129794597625732,476.45797045451053,0.7156517873906041,0.9578474313312758,train
Macro,6,8,5,7,0.1296900063753128,924.9320499347674,0.648294490492417,0.9626825925878213,train
Macro,6,9,5,8,0.07029443234205246,2355.945409148329,0.5678126824067357,0.9579128829337189,train
Macro,6,11,5,10,0.06966642290353775,3306.3632961737594,0.4237847143118368,0.9509808537719489,train
Macro,6,12,5,11,0.07037905603647232,3780.4471561246974,0.37887121719668043,0.9567889793462244,train
Macro,6,23,5,22,0.06963194906711578,3350.981092918506,0.3553073461774758,0.9500785421479258,train
Macro,6,26,5,25,0.07009238749742508,2387.875792363132,0.46885713627253467,0.953929085334201,train
Macro,6,30,5,29,0.05879694223403931,1039.038299619498,0.4217720230389551,0.9527255742510342,train
Macro,7,3,6,2,0.06995465606451035,1924.5986513785238,0.010161508728361962,0.9542713510697707,train
Macro,7,4,6,3,0.06991511583328247,1450.1209489406413,0.45046819906073676,0.9483547137280437,train
Macro,7,5,6,4,0.059959229081869125,975.0504843273078,0.5994424849505215,0.9353968043651261,train
Macro,7,6,6,5,0.1320008933544159,476.45797045451053,0.7156517873906041,0.9578474313312758,train
Macro,7,8,6,7,0.13282521069049835,448.9761485488697,0.7193892706860935,0.9714466325722373,train
Macro,7,9,6,8,0.07062292098999023,1880.3072474599157,0.5917085232749666,0.9648661007628702,train
Macro,7,10,6,9,0.07002661377191544,2355.5409283030435,0.5192805644656584,0.9585520837272432,train
Macro,7,11,6,10,0.07000643014907837,2832.2168904338073,0.4789133239529117,0.9553778221180499,train
Macro,7,13,6,12,0.06975515931844711,8572.280980427084,0.33257011380977447,0.9518623911798447,train
Macro,7,30,6,29,0.058364469558000565,1223.4165639041871,0.5398712474445022,0.946326750965781,train
Macro,7,31,6,30,0.06959832459688187,1532.0041600771763,0.47510201547970987,0.9559827465364809,train
Macro,7,32,6,31,0.06965340673923492,1904.5461470862974,0.440086397347049,0.9483727598246262,train
Macro,7,75,6,74,0.05731761455535889,1365.0458699819544,0.33103013044593355,0.9425761425555698,train
Macro,8,3,7,2,0.06990770250558853,2373.467007655399,0.00601940978883986,0.9594127997502628,train
Macro,8,4,7,3,0.06990601867437363,1899.0901157573733,0.4440089429942806,0.9561427155551462,train
Macro,8,6,7,5,0.131077378988266,924.9320499347674,0.648294490492417,0.9626825925878213,train
Macro,8,7,7,6,0.13356687128543854,448.9761485488697,0.7193892706860935,0.9714466325722373,train
Macro,8,9,7,8,0.07069380581378937,1431.3311145960026,0.7613347740199277,0.978331137235831,train
Macro,8,10,7,9,0.070057213306427,1906.5649829011932,0.6550492136631377,0.9670558631916238,train
Macro,8,11,7,10,0.07009198516607285,2383.680123011099,0.5533267048168788,0.9650899401994535,train
Macro,8,25,7,24,0.06975571066141129,3677.426311360998,0.38976510189438224,0.9597276755551267,train
Macro,8,31,7,30,0.12907105684280396,1228.364890603704,0.5043983340789642,0.9646645202984024,train
Macro,8,32,7,31,0.06978771835565567,1537.362610493537,0.5138344580586871,0.9604458346172066,train
Macro,8,76,7,75,0.05805949866771698,1396.4505270472243,0.3090057042819034,0.9330443966895385,train
Macro,8,77,7,76,0.058024972677230835,1400.7571915274018,0.14932621501242296,0.9331120185206224,train
Macro,9,3,8,2,0.06982744485139847,3804.6295944993144,0.018288299009557762,0.9569839577099705,train
Macro,9,4,8,3,0.06979198753833771,3330.4127065446983,0.41818363293963245,0.9541359407009448,train
Macro,9,6,8,5,0.069776751101017,2355.945409148329,0.5678126824067357,0.9579128829337189,train
Macro,9,7,8,6,0.07021588087081909,1880.3072474599157,0.5917085232749666,0.9648661007628702,train
Macro,9,8,8,7,0.07062049955129623,1431.3311145960026,0.7613347740199277,0.978331137235831,train
Macro,9,10,8,9,0.1321449875831604,475.2355023667303,0.7870136688348834,0.9653470978002712,train
Macro,9,11,8,10,0.13032284379005432,956.5582278650667,0.622261293036446,0.968984970959975,train
Macro,9,13,8,12,0.06986002624034882,10452.573823123123,0.4813654192055885,0.9593361337847969,train
Macro,9,31,8,30,0.1280958354473114,1235.8474770323696,0.5076433149919325,0.96267312519964,train
Macro,9,32,8,31,0.12957198917865753,1012.400572795238,0.5893457196010967,0.9591721750179425,train
Macro,9,33,8,32,0.05977169796824455,1007.1882379017292,0.5158723173430403,0.9572875581059734,train
Macro,10,7,9,6,0.07004140317440033,2355.5409283030435,0.5192805644656584,0.9585520837272432,train
Macro,10,8,9,7,0.07040511816740036,1906.5649829011932,0.6550492136631377,0.9670558631916238,train
Macro,10,9,9,8,0.13193190097808838,475.2355023667303,0.7870136688348834,0.9653470978002712,train
Macro,10,11,9,10,0.1315426081418991,488.5457175555238,0.7157770547722535,0.9599830175412885,train
Macro,10,12,9,11,0.059478022158145905,952.1428348550701,0.6242109016432349,0.948083921791376,train
Macro,10,13,9,12,0.0699128657579422,10927.80928030437,0.5506316155102176,0.9585794447844194,train
Macro,10,15,9,14,0.06983891129493713,9977.540943140004,0.4383414418050205,0.9569434181221398,train
Macro,10,31,9,30,0.06990301609039307,1560.9679537325849,0.49359573089670317,0.9585813334023966,train
Macro,10,32,9,31,0.0700116902589798,1218.103221485326,0.6571290674260225,0.9622395062844842,train
Macro,10,33,9,32,0.12877506017684937,1010.9217116333919,0.5830962316784287,0.953790563416024,train
Macro,10,34,9,33,0.05839894339442253,1130.2322424206325,0.5238527275392256,0.931124421906203,train
Macro,10,38,9,37,0.06976050138473511,10266.0464431997,0.3653761776624768,0.9549660520544114,train
Macro,11,7,10,6,0.06994721293449402,2832.2168904338073,0.4789133239529117,0.9553778221180499,train
Macro,11,8,10,7,0.07036563009023666,2383.680123011099,0.5533267048168788,0.9650899401994535,train
Macro,11,9,10,8,0.13033869862556458,956.5582278650667,0.622261293036446,0.968984970959975,train
Macro,11,10,10,9,0.13175898790359497,488.5457175555238,0.7157770547722535,0.9599830175412885,train
Macro,11,12,10,11,0.06179680675268173,476.86261335624766,0.7424472450987917,0.9497795717327914,train
Macro,11,13,10,12,0.06986413151025772,11402.329067647628,0.5209258105353252,0.9527126831364435,train
Macro,11,15,10,14,0.06981056928634644,10452.122140143267,0.4730930769877727,0.9536623325536974,train
Macro,11,31,10,30,0.06965460628271103,2011.3749317022323,0.5405000082225011,0.9518285077205999,train
Macro,11,32,10,31,0.0698394775390625,1624.2245935011847,0.6607675700470019,0.9559007144628723,train
Macro,11,33,10,32,0.07016606628894806,1313.7116625935234,0.6381240929997944,0.9615111011610366,train
Macro,11,34,10,33,0.05774855986237526,1264.8078033691359,0.5220787065110825,0.9274619384620832,train
Macro,11,35,10,34,0.05895806849002838,1086.2288864410757,0.41554844495326876,0.942158290616727,train
Macro,11,38,10,37,0.06975119560956955,10749.361288084237,0.37132019101536345,0.9513902972793589,train
Macro,12,6,11,5,0.07051628828048706,3780.4471561246974,0.37887121719668043,0.9567889793462244,train
Macro,12,7,11,6,0.06968941539525986,3305.5891422839736,0.4105940154897358,0.9453491437155342,train
Macro,12,8,11,7,0.0700773298740387,2856.7360500164136,0.4785907506498024,0.9561343790363461,train
Macro,12,9,11,8,0.12792141735553741,1426.3364352885055,0.5459686018096622,0.9531113777909347,train
Macro,12,10,11,9,0.06099832430481911,952.1428348550701,0.6242109016432349,0.948083921791376,train
Macro,12,11,11,10,0.13298125565052032,476.86261335624766,0.7424472450987917,0.9497795717327914,train
Macro,12,13,11,12,0.07044720649719238,11877.043915148559,0.6469858895585383,0.9602090937537493,train
Macro,12,31,11,30,0.06969315558671951,2401.050980935317,0.4330715323968358,0.9473293419651557,train
Macro,12,32,11,31,0.06970863789319992,1977.1433343860251,0.5785148651194747,0.9476148633296472,train
Macro,12,34,11,33,0.057808347046375275,1412.280305909326,0.5970683983132562,0.9429545775215682,train
Macro,12,35,11,34,0.06042041257023811,1048.5184118169147,0.49075244023981074,0.9403267607470349,train
Macro,12,38,11,37,0.06972211599349976,11218.10325016202,0.41010682110666546,0.9466406005702129,train
Macro,12,55,11,54,0.07001618295907974,2823.7689587736027,0.4841888544918644,0.9519808371337529,train
Macro,13,7,12,6,0.06973475962877274,8572.280980427084,0.33257011380977447,0.9518623911798447,train
Macro,13,8,12,7,0.06995769590139389,9021.252707091015,0.40848743849341385,0.9572877430872744,train
Macro,13,9,12,8,0.0702444538474083,10452.573823123123,0.4813654192055885,0.9593361337847969,train
Macro,13,10,12,9,0.06987766921520233,10927.80928030437,0.5506316155102176,0.9585794447844194,train
Macro,13,11,12,10,0.06990282237529755,11402.329067647628,0.5209258105353252,0.9527126831364435,train
Macro,13,12,12,11,0.0701763704419136,11877.043915148559,0.6469858895585383,0.9602090937537493,train
Macro,13,14,12,13,0.062091562896966934,475.02891763412055,0.750664766417213,0.9325312178796072,train
Macro,13,15,12,14,0.13008186221122742,950.2684588351651,0.62439396505388,0.964969495735322,train
Macro,13,31,12,30,0.0698733925819397,9785.743116508665,0.307683391434306,0.9549848448347495,train
Macro,13,32,12,31,0.06993553042411804,10255.062672374683,0.4888992243923779,0.9554256801007173,train
Macro,13,36,12,35,0.059718504548072815,1007.4493706512761,0.43706861685485254,0.9542805439973874,train
Macro,13,37,12,36,0.059724532067775726,1006.4346058724517,0.5296781540833312,0.9365358928262382,train
Macro,13,38,12,37,0.12868085503578186,1208.9840699493168,0.48825238561225764,0.9648374167418505,train
Macro,14,7,13,6,0.06984303891658783,8097.252496856679,0.3234790757227333,0.9305824384574697,train
Macro,14,8,13,7,0.07025577127933502,8546.224384413654,0.3849200052413272,0.9379111203687481,train
Macro,14,9,13,8,0.07009115070104599,9977.54599383528,0.4361701984874895,0.9300268537173485,train
Macro,14,10,13,9,0.06959275156259537,10452.781469000727,0.5005532613925855,0.9267088863164498,train
Macro,14,11,13,10,0.0699884295463562,10927.33901550354,0.5073086753761621,0.9235917157667983,train
Macro,14,13,13,12,0.13136570155620575,475.02891763412055,0.750664766417213,0.9325312178796072,train
Macro,14,15,13,14,0.13139334321022034,475.24079878718754,0.7646252393214109,0.9370312314462604,train
Macro,14,16,13,15,0.05937185510993004,939.2231505543551,0.40927525552799293,0.898774833687262,train
Macro,14,32,13,31,0.06994811445474625,9782.225555961037,0.4583232096904045,0.9291044020229495,train
Macro,14,36,13,35,0.06973425298929214,1211.4071393054426,0.543459026701644,0.927252999146158,train
Macro,14,37,13,36,0.05898130312561989,1007.8792918418734,0.5765629366741817,0.9136212908403133,train
Macro,14,38,13,37,0.1294342577457428,1006.0410559050429,0.5636078483632811,0.9412487744321987,train
Macro,15,8,14,7,0.06994625180959702,8070.984252256897,0.34204566618555793,0.9574416448055181,train
Macro,15,9,14,8,0.07018323242664337,9502.305476883621,0.38565982150816486,0.9598584767545022,train
Macro,15,10,14,9,0.06990247219800949,9977.540943140004,0.4383414418050205,0.9569434181221398,train
Macro,15,11,14,10,0.06994801759719849,10452.122140143267,0.4730930769877727,0.9536623325536974,train
Macro,15,13,14,12,0.12937989830970764,950.2684588351651,0.62439396505388,0.964969495735322,train
Macro,15,14,14,13,0.061262715607881546,475.24079878718754,0.7646252393214109,0.9370312314462604,train
Macro,15,16,14,15,0.06129469722509384,463.9878984615271,0.4576529070679071,0.9265105830129761,train
Macro,15,17,14,16,0.12906861305236816,946.276995625497,0.43162932270321214,0.9531532095922053,train
Macro,15,32,14,31,0.07009641826152802,9309.563115462935,0.4110650125464442,0.9577182654895915,train
Macro,15,35,14,34,0.06969816237688065,10724.925943904958,0.5655061755559168,0.953933651839726,train
Macro,15,36,14,35,0.06984651833772659,1541.0685824294817,0.5729799916981478,0.9576895285041505,train
Macro,15,38,14,37,0.07044944912195206,1008.4776410317555,0.6365000240285529,0.9706663094042883,train
Macro,15,39,14,38,0.05892353132367134,1007.1741968699913,0.5208771408157659,0.9390074270421105,train
Macro,16,14,15,13,0.05930982157588005,939.2231505543551,0.40927525552799293,0.898774833687262,train
Macro,16,15,15,14,0.06129498407244682,463.9878984615271,0.4576529070679071,0.9265105830129761,train
Macro,16,17,15,16,0.1316165328025818,482.2970581602021,0.7147572753391463,0.9381223843910776,train
Macro,16,18,15,17,0.059209324419498444,957.3355051704762,0.4702366583816969,0.9194904018142882,train
Macro,16,19,15,18,0.07019039988517761,1432.200744777888,0.5384204432069741,0.9391879486575604,train
Macro,16,38,15,37,0.07003124803304672,1204.7245293324916,0.5387940743377433,0.9335251911959933,train
Macro,16,39,15,38,0.05894329398870468,1003.8447970814724,0.4790778612036447,0.9225632606180498,train
Macro,16,55,15,54,0.06983888894319534,8757.192611351284,0.2684774159777722,0.927399189115406,train
Macro,16,56,15,55,0.06967899203300476,9262.566891088427,0.26138634537953126,0.9152875503157191,train
Macro,16,59,15,58,0.06973642110824585,2171.3738104150702,0.30517464274040323,0.9263684650961643,train
Macro,16,60,15,59,0.06979632377624512,2010.8196218357064,0.35097173290634553,0.9274079429427097,train
Macro,16,61,15,60,0.06977657973766327,1982.7054735071963,0.40950173630844033,0.9233565087924105,train
Macro,16,77,15,76,0.07046537846326828,7976.978854025111,0.13897661083992063,0.934276394377361,train
Macro,16,89,15,88,0.07011181116104126,3390.6593842881252,0.3006646853430071,0.9325995643527616,train
Macro,17,15,16,14,0.059280138462781906,946.276995625497,0.43162932270321214,0.9531532095922053,train
Macro,17,16,16,15,0.061252132058143616,482.2970581602021,0.7147572753391463,0.9381223843910776,train
Macro,17,18,16,17,0.13117188215255737,475.04112096218813,0.6616074049858377,0.9518114330770681,train
Macro,17,19,16,18,0.12997476756572723,949.9064352196021,0.6677971543574474,0.9734118871033,train
Macro,17,36,16,35,0.0699215903878212,2349.851435903674,0.33171140259518117,0.9535809577642851,train
Macro,17,38,16,37,0.07016902416944504,1538.493453627884,0.4842444097650129,0.9598850057700984,train
Macro,17,40,16,39,0.128884419798851,1006.8957570278641,0.5495992819337011,0.957781910131021,train
Macro,17,57,16,56,0.06982497125864029,9249.518892302402,0.267150770570865,0.9505156407256748,train
Macro,17,59,16,58,0.06980147212743759,2421.467080945317,0.3167212908988826,0.9520938852463317,train
Macro,17,61,16,60,0.06998961418867111,2039.5362352538414,0.39802565479249147,0.9511139202132609,train
Macro,17,64,16,63,0.0699145570397377,2188.0705818969773,0.5335645873439596,0.9488017748541453,train
Macro,17,84,16,83,0.06981553137302399,1403.4709121893986,0.2703450606548895,0.9474534112972149,train
Macro,18,16,17,15,0.05922842025756836,957.3355051704762,0.4702366583816969,0.9194904018142882,train
Macro,18,17,17,16,0.13179902732372284,475.04112096218813,0.6616074049858377,0.9518114330770681,train
Macro,18,19,17,18,0.1316886991262436,474.86547502189507,0.6543741997164595,0.951398011681339,train
Macro,18,20,17,19,0.1293581873178482,951.6379498705076,-0.004866928713703627,0.9307328565632493,train
Macro,18,21,17,20,0.07001621276140213,1430.6959614662778,0.5220563869757481,0.9449970696547236,train
Macro,18,40,17,39,0.06989015638828278,1209.130372096423,0.6730060729183981,0.9439412405631669,train
Macro,18,42,17,41,0.05894417688250542,1006.9415061252856,0.5203525878155691,0.9400151651278791,train
Macro,18,43,17,42,0.07011156529188156,1243.348776370236,0.4648444641435294,0.9461419457925784,train
Macro,18,61,17,60,0.06973373144865036,2197.890208933174,0.3554766758174206,0.9368753266064604,train
Macro,18,64,17,63,0.06986133009195328,2020.5067835082618,0.4649682586907106,0.936163755901722,train
Macro,18,66,17,65,0.06958310306072235,2419.7533532899297,0.35046424997149855,0.9364055944002965,train
Macro,18,84,17,83,0.06978539377450943,1398.6994497831076,0.29176453178960626,0.9405241593021402,train
Macro,19,17,18,16,0.12994807958602905,949.9064352196021,0.6677971543574474,0.9734118871033,train
Macro,19,18,18,17,0.06128152087330818,474.86547502189507,0.6543741997164595,0.951398011681339,train
Macro,19,20,18,19,0.13119067251682281,476.98392198075453,0.09267110894701563,0.9568695166662651,train
Macro,19,21,18,20,0.12920403480529785,957.3635918108538,0.5933256199325359,0.9633752367981261,train
Macro,19,38,18,37,0.06985078006982803,2350.115787473571,0.39645293838832335,0.9586569932310631,train
Macro,19,40,18,39,0.07008016854524612,1536.9278891436143,0.6039503846934108,0.9658769859304476,train
Macro,19,42,18,41,0.05894944444298744,1005.659629737727,0.514162889374874,0.9563344726336994,train
Macro,19,43,18,42,0.06996433436870575,1045.3362891727736,0.49519449613853767,0.962767590791732,train
Macro,19,59,18,58,0.06981375068426132,3077.4757618585963,0.28606044285307025,0.9553152762685271,train
Macro,19,61,18,60,0.0698479413986206,2440.2371541631983,0.3422956649144137,0.952305227968466,train
Macro,19,64,18,63,0.06998348981142044,1957.2285090582245,0.4728312440180372,0.9480346629870924,train
Macro,19,88,18,87,0.06988579034805298,1826.8998335630995,0.35097108801646676,0.9523778990295371,train
Macro,20,17,19,16,0.0702478364109993,1426.6159394780257,0.13561884178138206,0.9496579476945507,train
Macro,20,18,19,17,0.12927523255348206,951.6379498705076,-0.004866928713703627,0.9307328565632493,train
Macro,20,19,19,18,0.13176047801971436,476.98392198075453,0.09267110894701563,0.9568695166662651,train
Macro,20,21,19,20,0.1311642825603485,489.65122339161553,-0.008632519583134152,0.9493922522402221,train
Macro,20,22,19,21,0.059209033846855164,958.7789587409734,0.10389543909793268,0.8779535784805125,train
Macro,20,40,19,39,0.07006614655256271,1918.329446705648,0.00920029917765003,0.9492766035953496,train
Macro,20,43,19,42,0.06986530870199203,1025.1004508722508,0.008784363442157644,0.9470077664999518,train
Macro,20,44,19,43,0.059046946465969086,987.3109563508575,0.06874156204599983,0.9044050619663637,train
Macro,20,61,19,60,0.06979189813137054,2730.7253283539644,0.14954306642903456,0.9417800915236778,train
Macro,20,64,19,63,0.06987841427326202,1988.2843752142824,0.16167847213690817,0.9420703875930578,train
Macro,20,90,19,89,0.06988522410392761,2181.0387822050147,0.15083407694200573,0.9451449598474008,train
Macro,20,110,19,109,0.0698092132806778,3046.1563167390864,0.12751071892071536,0.9454598618257254,train
Macro,21,17,20,16,0.07015500217676163,1904.9395865765935,0.4536378216024345,0.9560442729553574,train
Macro,21,18,20,17,0.06978749483823776,1430.6959614662778,0.5220563869757481,0.9449970696547236,train
Macro,21,19,20,18,0.12973648309707642,957.3635918108538,0.5933256199325359,0.9633752367981261,train
Macro,21,20,20,19,0.13113157451152802,489.65122339161553,-0.008632519583134152,0.9493922522402221,train
Macro,21,22,20,21,0.06139408051967621,475.7642318928797,0.08451526047354048,0.8728660021481457,train
Macro,21,23,20,22,0.059371113777160645,951.3179088079512,0.10806716993935901,0.9017322713208379,train
Macro,21,40,20,39,0.0701499953866005,2391.8588321638967,0.48725484829535937,0.9603226805054546,train
Macro,21,41,20,40,0.06986715644598007,2002.2650417318816,0.5554293852340022,0.9463199448430155,train
Macro,21,43,20,42,0.07036842405796051,1320.4697397937027,0.6692086619484829,0.9640256366556558,train
Macro,21,45,20,44,0.05854406952857971,1090.4798902132852,0.10173870967155828,0.9065199839091712,train
Macro,21,64,20,63,0.06976757943630219,2249.9898044913602,0.37081834759059773,0.9414132626638856,train
Macro,21,66,20,65,0.06986541301012039,2049.3184476175447,0.45983940350748553,0.959023507167016,train
Macro,21,88,20,87,0.06986164301633835,1306.4840049656607,0.3128920694796191,0.9462836914295852,train
Macro,22,2,21,1,0.07001222670078278,1899.9409490882222,0.5645028774968462,0.9286575133857584,train
Macro,22,3,21,2,0.06962156295776367,2373.6979957647477,-0.014319109320384736,0.9229737427214415,train
Macro,22,20,21,19,0.05934054031968117,958.7789587409734,0.10389543909793268,0.8779535784805125,train
Macro,22,21,21,20,0.06140565499663353,475.7642318928797,0.08451526047354048,0.8728660021481457,train
Macro,22,23,21,22,0.1319979578256607,480.2042390779873,0.17213567481436207,0.9393097671102578,train
Macro,22,24,21,23,0.05939397215843201,949.2244940541924,0.2249982281237648,0.9170835659224751,train
Macro,22,25,21,24,0.07029798626899719,1553.4996484034932,0.3023561361631731,0.9349863379865553,train
Macro,22,29,21,28,0.06964071840047836,3242.0134898693686,0.2398927834494662,0.9196127797200614,train
Macro,22,45,21,44,0.12893718481063843,1104.3653112824668,0.22087753340191107,0.9313111980176288,train
Macro,22,46,21,45,0.07001068443059921,1121.983417977978,0.5202324581123948,0.9271203954876245,train
Macro,22,48,21,47,0.07004649192094803,2438.7283514837245,0.3225351263237512,0.929432509378081,train
Macro,22,69,21,68,0.06962040811777115,1755.9030420956603,0.17192994871945624,0.9185692354229238,train
Macro,22,72,21,71,0.06967464834451675,2908.6269572337774,0.20618929305238848,0.9211287180329549,train
Macro,23,1,22,0,0.05929609388113022,949.3748939984782,0.6694953394200885,0.9505399258157494,train
Macro,23,2,22,1,0.06986343115568161,1426.7909864911956,0.29072792052072793,0.9617006895981106,train
Macro,23,3,22,2,0.06993900239467621,1902.5922304162145,-0.03931874657443505,0.9620392518962199,train
Macro,23,4,22,3,0.0697786882519722,2376.2860236466913,0.35022855712145057,0.9525754384399276,train
Macro,23,8,22,7,0.06974068284034729,4275.373792898268,0.292399126960015,0.9576888225850699,train
Macro,23,21,22,20,0.059285275638103485,951.3179088079512,0.10806716993935901,0.9017322713208379,train
Macro,23,22,22,21,0.06129246950149536,480.2042390779873,0.17213567481436207,0.9393097671102578,train
Macro,23,24,22,23,0.061302732676267624,476.6602359138928,0.7418030032661499,0.9543714764009643,train
Macro,23,25,22,24,0.07048643380403519,1157.2797093936306,0.5769708564536387,0.9731802472004707,train
Macro,23,45,22,44,0.07038705050945282,1225.8660672451176,0.6901663880851905,0.9685364950226558,train
Macro,23,46,22,45,0.129037007689476,1031.2156459623461,0.3718866265420492,0.9664519181157998,train
Macro,23,48,22,47,0.07004476338624954,2205.016649686573,0.4404930124456194,0.962545109959364,train
Macro,23,49,22,48,0.06982501596212387,2114.583356090152,0.38359546049299925,0.951993853619939,train
Macro,23,72,22,71,0.06972134858369827,2541.382367962532,0.39056098080997387,0.9582827958746138,train
Macro,24,1,23,0,0.061230119317770004,474.15250884170086,0.5964319222480639,0.9296913808633129,train
Macro,24,2,23,1,0.12893621623516083,951.1968676464869,0.34331206351087956,0.9431578541757422,train
Macro,24,22,23,21,0.05921970680356026,949.2244940541924,0.2249982281237648,0.9170835659224751,train
Macro,24,23,23,22,0.13153725862503052,476.6602359138928,0.7418030032661499,0.9543714764009643,train
Macro,24,25,23,24,0.12938660383224487,967.2979934985101,0.7255003331145852,0.9524019763958524,train
Macro,24,45,23,44,0.07039491832256317,1576.9498927856719,0.6267688349024598,0.9541106164061618,train
Macro,24,46,23,45,0.06995169818401337,1253.086334224267,0.4275602395450284,0.9418422126127678,train
Macro,24,47,23,46,0.06980454921722412,1116.9097404571578,0.7015245938826443,0.9470392769131828,train
Macro,24,48,23,47,0.07026790827512741,2179.251422052721,0.5327200098593363,0.953860351221094,train
Macro,24,49,23,48,0.06976310908794403,1973.0941805128743,0.4475932551818032,0.9378001820643633,train
Macro,24,69,23,68,0.06979717314243317,1375.3367736955638,0.42613920927872173,0.9437215901208775,train
Macro,24,73,23,72,0.06971072405576706,2542.0592984253635,0.38251460652771563,0.9372359614909507,train
Macro,25,1,24,0,0.059243083000183105,941.916237617386,0.5101276855330716,0.9405694804665635,train
Macro,25,8,24,7,0.06985164433717728,3677.426311360998,0.38976510189438224,0.9597276755551267,train
Macro,25,23,24,22,0.07048599421977997,1157.2797093936306,0.5769708564536387,0.9731802472004707,train
Macro,25,26,24,25,0.06120412424206734,477.0654254241888,0.45297796021885683,0.951923995198641,train
Macro,25,27,24,26,0.05917849764227867,953.5711970023101,0.632763389798096,0.9569477086910413,train
Macro,25,29,24,28,0.07001451402902603,1898.2273324118933,0.47585217734266866,0.9607092353936745,train
Macro,25,32,24,31,0.06983689218759537,4749.642655525202,0.3304998428580064,0.956563601845814,train
Macro,25,45,24,44,0.07009870558977127,1455.6819501048678,0.5301709256192696,0.9627350020901979,train
Macro,25,46,24,45,0.12902593612670898,955.834892992603,0.5018216877378799,0.9590697855808642,train
Macro,25,47,24,46,0.06120843067765236,475.56907575545495,0.6785828946229183,0.9552644811811998,train
Macro,25,48,24,47,0.07024650275707245,1263.8541826668154,0.6881128600366757,0.9681938473121852,train
Macro,25,49,24,48,0.06990757584571838,1005.8173153773778,0.5860455008819556,0.9544052413313294,train
Macro,25,50,24,49,0.0698470026254654,1243.7538066577422,0.5242065093555175,0.9557376262746036,train
Macro,25,75,24,74,0.06985113024711609,3644.6835114633686,0.3014016455341468,0.9508507810390336,train
Macro,26,6,25,5,0.07049737870693207,2387.875792363132,0.46885713627253467,0.953929085334201,train
Macro,26,12,25,11,0.06978820264339447,6039.5422904651905,0.2379979955161969,0.9377800342301464,train
Macro,26,23,25,22,0.0700257420539856,1536.598875102837,0.2127683869975449,0.9475955084743697,train
Macro,26,25,25,24,0.1314692348241806,477.0654254241888,0.45297796021885683,0.951923995198641,train
Macro,26,27,25,26,0.0611640140414238,478.6935962529131,0.528666673256712,0.9381107761949495,train
Macro,26,28,25,27,0.05915465205907822,951.7038251082496,0.2597459539219062,0.9365431734500841,train
Macro,26,29,25,28,0.06994277238845825,1427.3041477754539,0.43265061229797414,0.9455076510347004,train
Macro,26,30,25,29,0.06990744173526764,1903.116301086596,0.19266066231896822,0.9494838135431648,train
Macro,26,47,25,46,0.128944531083107,925.3473471493122,0.2712897682528396,0.9418113513047383,train
Macro,26,48,25,47,0.06986907124519348,1372.8229010334587,0.547986467248664,0.9487110023860672,train
Macro,26,49,25,48,0.05921334773302078,941.0915103822217,0.5774037322546829,0.94078538044653,train
Macro,26,55,25,54,0.07009036839008331,4136.171844278853,0.30515795761686604,0.946216619324929,train
Macro,26,58,25,57,0.06993328034877777,6016.11241603673,0.20401632314097304,0.9423968718669925,train
Macro,27,23,26,22,0.0699959471821785,1930.9714667212072,0.39612096963789534,0.9509930627594099,train
Macro,27,25,26,24,0.12949113547801971,953.5711970023101,0.632763389798096,0.9569477086910413,train
Macro,27,26,26,25,0.06123751774430275,478.6935962529131,0.528666673256712,0.9381107761949495,train
Macro,27,28,26,27,0.13111010193824768,473.77570570138585,0.6566940705769276,0.9496884079317937,train
Macro,27,29,26,28,0.12938940525054932,949.5146328031458,0.656373014207659,0.955696872961605,train
Macro,27,31,26,30,0.0698942095041275,3324.1680929089316,0.41125401273115514,0.9525676076553194,train
Macro,27,32,26,31,0.0699329748749733,3798.0519715197865,0.4135750251623009,0.9494425661901446,train
Macro,27,45,26,44,0.06989344209432602,2405.3934122232595,0.3853291797895438,0.9496775688118254,train
Macro,27,48,26,47,0.07017657160758972,1669.9709775951953,0.6086330721046376,0.9578239955245346,train
Macro,27,49,26,48,0.06991483271121979,1156.1092249678868,0.6804112808191168,0.9517744361172821,train
Macro,27,50,26,49,0.1289638876914978,981.4938137874449,0.6754550122680111,0.9489931507245026,train
Macro,28,9,27,8,0.06983732432126999,3714.76788345178,0.4219397748935729,0.9504198661079614,train
Macro,28,23,27,22,0.06979374587535858,2366.8907441005063,0.4122183083257345,0.9438019194142169,train
Macro,28,25,27,24,0.07010258734226227,1427.321657381349,0.5241997470698445,0.9448131990227872,train
Macro,28,26,27,25,0.05921568349003792,951.7038251082496,0.2597459539219062,0.9365431734500841,train
Macro,28,27,27,26,0.061241284012794495,473.77570570138585,0.6566940705769276,0.9496884079317937,train
Macro,28,29,27,28,0.13150252401828766,487.02500048717246,0.6291671224033144,0.9523725605719278,train
Macro,28,30,27,29,0.0592069998383522,953.2637878822899,0.6652533027689912,0.9455893856356282,train
Macro,28,31,27,30,0.07032614946365356,2852.067166847369,0.5605514853836481,0.9606085428792646,train
Macro,28,32,27,31,0.06995321065187454,3326.217438383213,0.43056166964482023,0.9460759952142462,train
Macro,28,48,27,47,0.06988982111215591,2010.452207902425,0.45671038455838653,0.9508560334853569,train
Macro,28,49,27,48,0.07010815292596817,1470.629630909258,0.48989475992063614,0.9500222275214175,train
Macro,28,51,27,50,0.059133242815732956,966.4159822826441,0.6863700206513133,0.9348583298493714,train
Macro,28,73,27,72,0.06983087956905365,2447.835814282063,0.43157768263225615,0.9484445580805688,train
Macro,28,75,27,74,0.0698583796620369,2765.998295627024,0.42376761508567307,0.9492356686384743,train
Macro,29,4,28,3,0.05922567844390869,943.9190780347973,0.4196432675788904,0.9427625677824917,train
Macro,29,5,28,4,0.05922718718647957,943.6472496108748,0.49584804845840386,0.9184085991202015,train
Macro,29,8,28,7,0.0699140876531601,1897.8950804160165,0.666308890853117,0.9611790848081329,train
Macro,29,9,28,8,0.06993766874074936,3228.641871697507,0.5907509946053684,0.9586247479581806,train
Macro,29,25,28,24,0.07012886554002762,1898.2273324118933,0.47585217734266866,0.9607092353936745,train
Macro,29,27,28,26,0.05919471010565758,949.5146328031458,0.656373014207659,0.955696872961605,train
Macro,29,28,28,27,0.13114961981773376,487.02500048717246,0.6291671224033144,0.9523725605719278,train
Macro,29,30,28,29,0.06118388846516609,481.78280016301994,0.5840842192027702,0.9605805109460712,train
Macro,29,31,28,30,0.07024633884429932,2378.658375116316,0.5156942705732397,0.962207833428314,train
Macro,29,32,28,31,0.07021063566207886,2851.7113475478263,0.5358205846325349,0.9616858205420467,train
Macro,29,33,28,32,0.06981298327445984,3326.3708169967103,0.4698784819824584,0.9548216646760702,train
Macro,29,48,28,47,0.0698762983083725,2469.906942929081,0.4642518940592844,0.9578388920073577,train
Macro,29,50,28,49,0.06996767967939377,1564.41376865742,0.5984657720241469,0.9588593051373143,train
Macro,29,75,28,74,0.06992444396018982,2451.5262022424968,0.33737202121082754,0.9549961350913272,train
Macro,30,5,29,4,0.05965582653880119,1006.1408154268939,0.3761287558583495,0.9135735890960783,train
Macro,30,6,29,5,0.12929941713809967,1039.038299619498,0.4217720230389551,0.9527255742510342,train
Macro,30,25,29,24,0.06982403993606567,2376.4685737340806,0.3802389778045826,0.9490275925548668,train
Macro,30,26,29,25,0.0698532834649086,1903.116301086596,0.19266066231896822,0.9494838135431648,train
Macro,30,28,29,27,0.05996175855398178,953.2637878822899,0.6652533027689912,0.9455893856356282,train
Macro,30,29,29,28,0.1323341727256775,481.78280016301994,0.5840842192027702,0.9605805109460712,train
Macro,30,31,29,30,0.07002665102481842,1899.8186353935573,0.7594062987683184,0.9590662052962146,train
Macro,30,32,29,31,0.07008527964353561,2373.624966703095,0.5073002355323157,0.9552982324146758,train
Macro,30,47,29,46,0.0699964240193367,2825.3545576568313,0.37109966528394517,0.9535975462856582,train
Macro,30,52,29,51,0.058925870805978775,1123.2509938727856,0.5746252284220621,0.9210485413375225,train
Macro,30,55,29,54,0.07013063877820969,2335.3303306328835,0.3703621961022712,0.9575173383595548,train
Macro,30,58,29,57,0.06984307616949081,7900.377797442546,0.34489586537611555,0.9474113027170533,train
Macro,30,77,29,76,0.07006359845399857,2759.530000581182,-0.006671551577481165,0.9571791657723301,train
Macro,31,8,30,7,0.06990158557891846,1228.364890603704,0.5043983340789642,0.9646645202984024,train
Macro,31,9,30,8,0.07006008177995682,1235.8474770323696,0.5076433149919325,0.96267312519964,train
Macro,31,28,30,27,0.06996595114469528,2852.067166847369,0.5605514853836481,0.9606085428792646,train
Macro,31,29,30,28,0.07020475715398788,2378.658375116316,0.5156942705732397,0.962207833428314,train
Macro,31,32,30,31,0.1324293464422226,474.5058371202046,0.5775635809609821,0.9645802554251655,train
Macro,31,33,30,32,0.12984509766101837,949.0739444010258,0.4620373979464687,0.9584525011842027,train
Macro,31,49,30,48,0.06983478367328644,4134.658196532434,0.3254691481697846,0.9545688780727086,train
Macro,31,50,30,49,0.0697990357875824,3683.134197887558,0.400176287596644,0.9549770342083479,train
Macro,31,53,30,52,0.05868362635374069,1153.3626698565542,0.5417909236976676,0.9322960598760084,train
Macro,31,54,30,53,0.059745971113443375,983.2860280103273,0.5698864886812727,0.942340686856733,train
Macro,31,55,30,54,0.05965476483106613,998.8981865066312,0.4059393827658857,0.9508943188429012,train
Macro,31,57,30,56,0.06985730677843094,1553.3017845340985,0.47095240796751775,0.9582962567339784,train
Macro,31,75,30,74,0.07001766562461853,2732.869910246537,0.40070143354972726,0.9556544588397116,train
Macro,32,9,31,8,0.12884673476219177,1012.400572795238,0.5893457196010967,0.9591721750179425,train
Macro,32,29,31,28,0.06997184455394745,2851.7113475478263,0.5358205846325349,0.9616858205420467,train
Macro,32,31,31,30,0.13160304725170135,474.5058371202046,0.5775635809609821,0.9645802554251655,train
Macro,32,33,31,32,0.13137121498584747,474.8052738939812,0.7126683463907088,0.9615443470819144,train
Macro,32,34,31,33,0.059492021799087524,920.1907944341216,0.6044867637437416,0.9475102479173556,train
Macro,32,35,31,34,0.06992484629154205,1426.4311614954618,0.4858515049373817,0.9623458515691646,train
Macro,32,36,31,35,0.0699198767542839,10448.77529792955,0.44667099366277163,0.9596095942228465,train
Macro,32,38,31,37,0.06990571320056915,9499.278735329744,0.36284373462045705,0.9586952694792834,train
Macro,32,55,31,54,0.0588458776473999,1033.4126463419993,0.6384473772839875,0.9601719152663335,train
Macro,32,57,31,56,0.07014771550893784,1245.7934114146356,0.4780254907402954,0.9631824329232358,train
Macro,32,74,31,73,0.0698736160993576,3339.2980467896627,0.32093118563597234,0.9584455714130325,train
Macro,32,75,31,74,0.07009755074977875,2987.0304941698478,0.33000086438044324,0.9588871536583549,train
Macro,33,8,32,7,0.06990153342485428,1926.6977010953458,0.45918249214238227,0.9598220419871587,train
Macro,33,9,32,8,0.12889499962329865,1007.1882379017292,0.5158723173430403,0.9572875581059734,train
Macro,33,11,32,10,0.07022875547409058,1313.7116625935234,0.6381240929997944,0.9615111011610366,train
Macro,33,29,32,28,0.06993758678436279,3326.3708169967103,0.4698784819824584,0.9548216646760702,train
Macro,33,31,32,30,0.12932522594928741,949.0739444010258,0.4620373979464687,0.9584525011842027,train
Macro,33,32,32,31,0.13165448606014252,474.8052738939812,0.7126683463907088,0.9615443470819144,train
Macro,33,34,32,33,0.06131739541888237,455.86665723224337,0.6684192967646894,0.9383621982716734,train
Macro,33,35,32,34,0.05923983082175255,951.835736459684,0.5337132716701853,0.9537814999296886,train
Macro,33,36,32,35,0.06979598850011826,10923.576407209377,0.49312417224305427,0.95331668932522,train
Macro,33,38,32,37,0.06985713541507721,9974.080050396786,0.39908177445317666,0.9536109738904182,train
Macro,33,52,32,51,0.07000789791345596,2274.3518634515162,0.47692465929644956,0.9309579168903882,train
Macro,33,57,32,56,0.06983917951583862,1047.618633573945,0.5208106787570995,0.9534677108404535,train
Macro,34,12,33,11,0.06992582231760025,1412.280305909326,0.5970683983132562,0.9429545775215682,train
Macro,34,26,33,25,0.06971985846757889,5189.146164223171,0.2715990101848346,0.9353295610642957,train
Macro,34,30,33,29,0.07007170468568802,3287.0118598561376,0.35132729717513445,0.9492813966298209,train
Macro,34,32,33,31,0.12940214574337006,920.1907944341216,0.6044867637437416,0.9475102479173556,train
Macro,34,33,33,32,0.06142924353480339,455.86665723224337,0.6684192967646894,0.9383621982716734,train
Macro,34,35,33,34,0.06116607412695885,542.9288080322594,0.7166406479482761,0.9445914535003337,train
Macro,34,36,33,35,0.06976650655269623,11360.343982699846,0.4969147022511282,0.9427565433094731,train
Macro,34,39,33,38,0.06969081610441208,9935.6738265205,0.3608289936883316,0.9379687623499814,train
Macro,34,55,33,54,0.07060161978006363,1459.7897161784608,0.6084862750675509,0.9558872556009379,train
Macro,34,56,33,55,0.05828295648097992,1128.1597551904213,0.6186209206443349,0.9189693483529304,train
Macro,34,57,33,56,0.12942512333393097,905.6076252911558,0.5205061057693968,0.9434785892325741,train
Macro,34,58,33,57,0.07062680274248123,11156.513716496069,0.6098641766762064,0.9516707846752028,train
Macro,34,77,33,76,0.06989139318466187,3097.8921596540476,0.1681847084989468,0.9464385355256856,train
Macro,35,10,34,9,0.05877834931015968,1177.5130242449827,0.44368140252898236,0.9473934268199411,train
Macro,35,11,34,10,0.05938108637928963,1086.2288864410757,0.41554844495326876,0.942158290616727,train
Macro,35,12,34,11,0.05961756408214569,1048.5184118169147,0.49075244023981074,0.9403267607470349,train
Macro,35,15,34,14,0.06968484073877335,10724.925943904958,0.5655061755559168,0.953933651839726,train
Macro,35,17,34,16,0.06987828016281128,9782.5190878094,0.30926028782269765,0.9493947260463483,train
Macro,35,31,34,30,0.06982194632291794,1900.8627558793155,0.2991758383066746,0.9519221892383962,train
Macro,35,32,34,31,0.07035078853368759,1426.4311614954618,0.4858515049373817,0.9623458515691646,train
Macro,35,33,34,32,0.12995076179504395,951.835736459684,0.5337132716701853,0.9537814999296886,train
Macro,35,34,34,33,0.06203350052237511,542.9288080322594,0.7166406479482761,0.9445914535003337,train
Macro,35,36,34,35,0.07028885185718536,11874.694313599408,0.45196804258329326,0.963349382737674,train
Macro,35,38,34,37,0.07006769627332687,10925.207295204633,0.5074979020880661,0.9564054956729712,train
Macro,35,57,34,56,0.07035467028617859,1270.92102007627,0.4187369785303246,0.9586116480896758,train
Macro,35,59,34,58,0.06994263827800751,11210.42457198334,0.43566500371831846,0.9538140535472929,train
Macro,35,61,34,60,0.06984905153512955,10263.591559458155,0.43387116950053706,0.9516152770751846,train
Macro,36,13,35,12,0.05971424654126167,1007.4493706512761,0.43706861685485254,0.9542805439973874,train
Macro,36,15,35,14,0.06967206299304962,1541.0685824294817,0.5729799916981478,0.9576895285041505,train
Macro,36,17,35,16,0.0700141191482544,2349.851435903674,0.33171140259518117,0.9535809577642851,train
Macro,36,19,35,18,0.06974522024393082,3237.5531743956126,0.29131371536364153,0.9509148258944928,train
Macro,36,32,35,31,0.07018350064754486,10448.77529792955,0.44667099366277163,0.9596095942228465,train
Macro,36,33,35,32,0.06969647109508514,10923.576407209377,0.49312417224305427,0.95331668932522,train
Macro,36,35,35,34,0.07012669742107391,11874.694313599408,0.45196804258329326,0.963349382737674,train
Macro,36,37,35,36,0.06209222599864006,473.27957858885316,0.3848576988112681,0.9365468478712466,train
Macro,36,38,35,37,0.1303132325410843,949.4970654566449,0.4820206403442811,0.9658623708870151,train
Macro,36,57,35,56,0.07020895928144455,11215.301515131796,0.6354757332076941,0.9605660004766741,train
Macro,36,58,35,57,0.05974144861102104,1002.8610480825182,0.6096597547035695,0.9446100430923762,train
Macro,36,59,35,58,0.12837448716163635,1210.303171129049,0.6879495215511697,0.9593847998375187,train
Macro,36,61,35,60,0.07011737674474716,1945.466321699286,0.4967762659144601,0.9594337602657486,train
Macro,37,8,36,7,0.06971351057291031,8842.682163902138,0.29011001433360456,0.9316386684793558,train
Macro,37,9,36,8,0.0698152631521225,10266.9747701603,0.3279904824285077,0.9300233865801173,train
Macro,37,13,36,12,0.12912717461585999,1006.4346058724517,0.5296781540833312,0.9365358928262382,train
Macro,37,15,36,14,0.0700017660856247,1213.8223432424354,0.6267127344857503,0.9366863469096808,train
Macro,37,17,36,16,0.06972258538007736,1929.9137487173655,0.38812735615376037,0.9305863371404973,train
Macro,37,31,36,30,0.06992830336093903,9501.586326551427,0.23488298898821844,0.9310936560930864,train
Macro,37,32,36,31,0.07004757225513458,9975.496455433366,0.36516577779306764,0.9381805525451543,train
Macro,37,36,36,35,0.13133007287979126,473.27957858885316,0.3848576988112681,0.9365468478712466,train
Macro,37,38,36,37,0.13199615478515625,476.2177466218643,0.679307616671976,0.9460033626174862,train
Macro,37,39,36,38,0.05931155011057854,951.4821003383607,0.4428191499079589,0.9153251284992451,train
Macro,37,57,36,56,0.06998760253190994,10743.978663228752,0.309843182266667,0.934440244653811,train
Macro,37,58,36,57,0.05901845172047615,1002.8248425217226,0.5142866669537662,0.9197121043124887,train
Macro,38,9,37,8,0.06979677826166153,9793.064001805486,0.328929065247701,0.9557804619548826,train
Macro,38,13,37,12,0.07007801532745361,1208.9840699493168,0.48825238561225764,0.9648374167418505,train
Macro,38,14,37,13,0.058940622955560684,1006.0410559050429,0.5636078483632811,0.9412487744321987,train
Macro,38,15,37,14,0.0701628178358078,1008.4776410317555,0.6365000240285529,0.9706663094042883,train
Macro,38,17,37,16,0.07015122473239899,1538.493453627884,0.4842444097650129,0.9598850057700984,train
Macro,38,19,37,18,0.06986694782972336,2350.115787473571,0.39645293838832335,0.9586569932310631,train
Macro,38,32,37,31,0.07005878537893295,9499.278735329744,0.36284373462045705,0.9586952694792834,train
Macro,38,35,37,34,0.06979596614837646,10925.207295204633,0.5074979020880661,0.9564054956729712,train
Macro,38,36,37,35,0.1294163167476654,949.4970654566449,0.4820206403442811,0.9658623708870151,train
Macro,38,37,37,36,0.061270784586668015,476.2177466218643,0.679307616671976,0.9460033626174862,train
Macro,38,39,37,38,0.06127352640032768,475.2644016722986,0.6587070210190492,0.9553202944143718,train
Macro,38,40,37,39,0.059251826256513596,951.5537451290274,0.3495705004975126,0.95056501213035,train
Macro,38,57,37,56,0.07006772607564926,10269.980393251199,0.37681705224326156,0.9636871427664664,train
Macro,38,59,37,58,0.06986867636442184,1007.4089962210078,0.507781402755995,0.9570241953398143,train
Macro,39,16,38,15,0.05895102769136429,1003.8447970814724,0.4790778612036447,0.9225632606180498,train
Macro,39,17,38,16,0.07028737664222717,1210.3186793668706,0.49561646891705846,0.9491165701950036,train
Macro,39,19,38,18,0.070072703063488,1928.2219917628508,0.40713741615652493,0.9425088739465344,train
Macro,39,34,38,33,0.06979455798864365,9935.6738265205,0.3608289936883316,0.9379687623499814,train
Macro,39,36,38,35,0.06987228244543076,1424.7614654678584,0.5078957744162789,0.9410599562085049,train
Macro,39,37,38,36,0.059249769896268845,951.4821003383607,0.4428191499079589,0.9153251284992451,train
Macro,39,38,38,37,0.13176625967025757,475.2644016722986,0.6587070210190492,0.9553202944143718,train
Macro,39,40,38,39,0.06126802787184715,476.2893495400145,0.4345898563554065,0.9339171234715573,train
Macro,39,41,38,40,0.059260204434394836,949.6058059347669,0.3833942466989942,0.9084961621768013,train
Macro,39,55,38,54,0.0699707567691803,8818.154446185872,0.2948162832285046,0.9389295338600541,train
Macro,39,57,38,56,0.0697564035654068,9797.11454312542,0.39098249311723765,0.9388349641597568,train
Macro,39,58,38,57,0.07026275992393494,1537.3034520900262,0.4323028390294511,0.9415681820382714,train
Macro,39,59,38,58,0.06975335627794266,1211.1489101063719,0.5090416859177691,0.9338248787181762,train
Macro,39,63,38,62,0.06973452866077423,1536.314685503254,0.5578219627868105,0.9324194220302319,train
Macro,40,19,39,18,0.0699298232793808,1536.9278891436143,0.6039503846934108,0.9658769859304476,train
Macro,40,38,39,37,0.05925270542502403,951.5537451290274,0.3495705004975126,0.95056501213035,train
Macro,40,39,39,38,0.06127147749066353,476.2893495400145,0.4345898563554065,0.9339171234715573,train
Macro,40,41,39,40,0.1314893513917923,474.1238670602528,0.699210908914943,0.9588920277017935,train
Macro,40,42,39,41,0.129451721906662,950.5125104533457,0.6390031562230769,0.9661686643414017,train
Macro,40,62,39,61,0.05893963202834129,1006.3597939693882,0.32789290459796466,0.9243012746460678,train
Macro,40,64,39,63,0.0698934942483902,1558.3804321816067,0.5223095500213207,0.9468541311376223,train
Macro,40,65,39,64,0.0699099749326706,1906.701488651585,0.5796304320754874,0.9622782478100959,train
Macro,40,66,39,65,0.07017826288938522,2348.5792824628443,0.402992115521893,0.9719360054723528,train
Macro,40,88,39,87,0.06988121569156647,3352.704818277019,0.4383340628360292,0.9578056118429169,train
Macro,40,104,39,103,0.06989674270153046,3365.401989574899,0.2932173723851102,0.9578865205931137,train
Macro,40,105,39,104,0.06990420073270798,3555.3148495709293,0.31875946353887824,0.9615216549472894,train
Macro,40,107,39,106,0.07000140100717545,4028.552909734021,0.36741164685908895,0.9620595405205893,train
Macro,41,19,40,18,0.06980767101049423,1242.2789149761575,0.6843700591671287,0.9487818060324772,train
Macro,41,39,40,38,0.05922166630625725,949.6058059347669,0.3833942466989942,0.9084961621768013,train
Macro,41,40,40,39,0.13179200887680054,474.1238670602528,0.699210908914943,0.9588920277017935,train
Macro,41,42,40,41,0.1315235048532486,479.6364946561017,0.653905684152666,0.9577592262771769,train
Macro,41,43,40,42,0.0592058002948761,952.4571135289376,0.5690177360811641,0.9486634016896227,train
Macro,41,63,40,62,0.05911962687969208,967.8211269107542,0.47269267595746745,0.9235190104514571,train
Macro,41,64,40,63,0.06992444396018982,1196.1569088363265,0.5345508088737315,0.9454730430809415,train
Macro,41,65,40,64,0.06986383348703384,1489.3125032082494,0.6997963368297382,0.948311213095367,train
Macro,41,66,40,65,0.07020337879657745,1909.4482053874776,0.5686976359840635,0.9568625639873177,train
Macro,41,88,40,87,0.06987492740154266,3064.9988758012196,0.4021697260194086,0.9470358170262823,train
Macro,41,104,40,103,0.06976324319839478,3334.6905247943178,0.28429593279324666,0.9468823660093915,train
Macro,41,105,40,104,0.06975926458835602,3460.306555075201,0.29475292932583697,0.9456113358559413,train
Macro,41,107,40,106,0.06994062662124634,3829.8438899856387,0.3571904369793418,0.946675276751014,train
Macro,42,19,41,18,0.12864525616168976,1005.659629737727,0.514162889374874,0.9563344726336994,train
Macro,42,40,41,39,0.12965384125709534,950.5125104533457,0.6390031562230769,0.9661686643414017,train
Macro,42,41,41,40,0.1314234733581543,479.6364946561017,0.653905684152666,0.9577592262771769,train
Macro,42,43,41,42,0.13107772171497345,476.10761071806263,0.7100147197840032,0.9620696842136212,train
Macro,42,44,41,43,0.05926777794957161,948.6741998986028,0.5771721142569671,0.9075885339183758,train
Macro,42,65,41,64,0.06996013969182968,1176.3164500000041,0.6184943428712374,0.9609158587789365,train
Macro,42,66,41,65,0.07029693573713303,1536.3203672062518,0.43820498852802,0.9687545945817415,train
Macro,42,68,41,67,0.06986846774816513,2341.710686611843,0.4405821759601454,0.9608047679956577,train
Macro,42,107,41,106,0.06988087296485901,3605.889620265638,0.3216861480251439,0.956420847789554,train
Macro,42,110,41,109,0.06986843794584274,4238.162388357972,0.3731239479509643,0.9579369724256818,train
Macro,42,111,41,110,0.07005704939365387,4568.560999742778,0.35048913506714247,0.9594988512446834,train
Macro,43,17,42,16,0.06988424062728882,1565.7717221460634,0.38574481134433775,0.9559373395329983,train
Macro,43,19,42,18,0.07008170336484909,1045.3362891727736,0.49519449613853767,0.962767590791732,train
Macro,43,21,42,20,0.07006477564573288,1320.4697397937027,0.6692086619484829,0.9640256366556558,train
Macro,43,40,42,39,0.07000090926885605,1425.5052544859711,0.5200022280954224,0.9609548015120842,train
Macro,43,41,42,40,0.12879925966262817,952.4571135289376,0.5690177360811641,0.9486634016896227,train
Macro,43,42,42,41,0.131022647023201,476.10761071806263,0.7100147197840032,0.9620696842136212,train
Macro,43,44,42,43,0.061151474714279175,475.8182225958592,0.7069301203013209,0.9164056400438455,train
Macro,43,45,42,44,0.059306878596544266,920.2095423653767,0.09447383701756495,0.909295966008718,train
Macro,43,65,42,64,0.059260688722133636,928.7449857143324,0.5545346855504779,0.9564057985992681,train
Macro,43,66,42,65,0.07044116407632828,1176.8011876602202,0.511510604963449,0.970646670299548,train
Macro,43,68,42,67,0.07005272060632706,1904.9679240398568,0.5437451340027315,0.9651625578278001,train
Macro,43,110,42,109,0.06989295035600662,3992.827923624818,0.34607636270724074,0.958358975366149,train
Macro,43,111,42,110,0.07004059851169586,4290.168350230446,0.3240448604960389,0.9616982191562349,train
Macro,44,19,43,18,0.06991960108280182,1211.236960076698,0.4508467536014822,0.9079132121141865,train
Macro,44,21,43,20,0.06993671506643295,1098.6649270801995,0.599267428169329,0.9097111885264046,train
Macro,44,40,43,39,0.0699872151017189,1899.1863711454246,0.45221848558907035,0.9084352317146012,train
Macro,44,42,43,41,0.12898358702659607,948.6741998986028,0.5771721142569671,0.9075885339183758,train
Macro,44,43,43,42,0.13152256608009338,475.8182225958592,0.7069301203013209,0.9164056400438455,train
Macro,44,45,43,44,0.061290059238672256,445.09940703138005,0.09224311666089151,0.8673188950249999,train
Macro,44,46,43,45,0.059204939752817154,948.2592545994831,0.08109508340514693,0.8662358443960101,train
Macro,44,65,43,64,0.12892234325408936,967.4023164312122,0.5090261715267529,0.9091447960045156,train
Macro,44,66,43,65,0.07006881386041641,1005.1523747029057,0.4925820087014539,0.9129101408068603,train
Macro,44,68,43,67,0.07033462077379227,1543.3899725841202,0.6353092978773868,0.9203280506591257,train
Macro,44,88,43,87,0.06976013630628586,2404.9168117598733,0.3488137369926668,0.9098175287316919,train
Macro,44,111,43,110,0.07006946206092834,3982.7468684224377,0.34107870653076644,0.9164569175382583,train
Macro,45,23,44,22,0.07021879404783249,1225.8660672451176,0.6901663880851905,0.9685364950226558,train
Macro,45,25,44,24,0.06993157416582108,1455.6819501048678,0.5301709256192696,0.9627350020901979,train
Macro,45,43,44,42,0.0594516359269619,920.2095423653767,0.09447383701756495,0.909295966008718,train
Macro,45,44,44,43,0.06138640642166138,445.09940703138005,0.09224311666089151,0.8673188950249999,train
Macro,45,46,44,45,0.13161231577396393,503.5327890906634,0.43431547534106985,0.9715319155090993,train
Macro,45,47,44,46,0.05894262343645096,1010.4209625834818,0.6423954854197507,0.9558090357011919,train
Macro,45,48,44,47,0.07034586369991302,1693.0314991788446,0.4708037807206898,0.9706886028456623,train
Macro,45,49,44,48,0.0698588564991951,1922.1398095003156,0.4096955808428977,0.9564428362642293,train
Macro,45,66,44,65,0.05900069698691368,1000.5023182273891,0.10743553542217565,0.9002625277822413,train
Macro,45,69,44,68,0.06996304541826248,2774.9721003874693,0.5613438953639742,0.9633038781404797,train
Macro,45,72,44,71,0.07002569735050201,3713.770567879025,0.40545216978939785,0.9666801557713031,train
Macro,45,73,44,72,0.06988189369440079,4111.03857454326,0.3784075775026663,0.9557023830308953,train
Macro,45,74,44,73,0.0697028711438179,4506.604547924433,0.34129976699490816,0.9593001469312415,train
Macro,45,75,44,74,0.06967770308256149,4901.746554703638,0.30113282310253126,0.9561251765916676,train
Macro,46,23,45,22,0.07023902982473373,1031.2156459623461,0.3718866265420492,0.9664519181157998,train
Macro,46,25,45,24,0.12912513315677643,955.834892992603,0.5018216877378799,0.9590697855808642,train
Macro,46,44,45,43,0.05928149074316025,948.2592545994831,0.08109508340514693,0.8662358443960101,train
Macro,46,45,45,44,0.13178953528404236,503.5327890906634,0.43431547534106985,0.9715319155090993,train
Macro,46,47,45,46,0.06118891388177872,507.68514577909826,0.46280258910090194,0.9541890108167775,train
Macro,46,48,45,47,0.07038386911153793,1353.669257804645,0.568245500257223,0.9658815294671474,train
Macro,46,49,45,48,0.07000461220741272,1482.5159809577901,0.5153087442580314,0.9536561948208685,train
Macro,46,50,45,49,0.06972884386777878,1904.8224972638411,0.4155805850158602,0.9542566033482439,train
Macro,46,67,45,66,0.05908874422311783,982.4259792322454,0.09104821535479612,0.8617673926858451,train
Macro,46,69,45,68,0.06964927166700363,2569.9172251359605,0.32151642728994195,0.9522697510082334,train
Macro,46,72,45,71,0.0699533224105835,3355.8532000479518,0.3939796930450411,0.9591902943585656,train
Macro,46,73,45,72,0.06981512904167175,3727.245929159199,0.27566581511236865,0.946004785323879,train
Macro,46,75,45,74,0.06975217908620834,4479.060582371681,0.20139605310242517,0.9496134932905816,train
Macro,47,23,46,22,0.07007414102554321,1102.7836132814612,0.6095536751097337,0.9565447035634494,train
Macro,47,25,46,24,0.13119220733642578,475.56907575545495,0.6785828946229183,0.9552644811811998,train
Macro,47,26,46,25,0.05941559374332428,925.3473471493122,0.2712897682528396,0.9418113513047383,train
Macro,47,30,46,29,0.0699680894613266,2825.3545576568313,0.37109966528394517,0.9535975462856582,train
Macro,47,45,46,44,0.12917742133140564,1010.4209625834818,0.6423954854197507,0.9558090357011919,train
Macro,47,46,46,45,0.1312488317489624,507.68514577909826,0.46280258910090194,0.9541890108167775,train
Macro,47,48,46,47,0.07015073299407959,1102.913852542357,0.6331684377018183,0.959700625556632,train
Macro,47,49,46,48,0.06983256340026855,1067.6861203261712,0.5213646704953525,0.9487808831352009,train
Macro,47,68,46,67,0.05915948748588562,971.4754630365196,0.11237254910350958,0.8805255926418868,train
Macro,47,71,46,70,0.06986936181783676,2864.5175476923223,0.6042275420879856,0.9443460469954189,train
Macro,47,72,46,71,0.06988657265901566,3070.9790779360933,0.5023301267342638,0.9531578562879511,train
Macro,47,77,46,76,0.0700249895453453,4914.8039080492335,0.05805462711049311,0.9526344155275812,train
Macro,48,23,47,22,0.06976557523012161,2205.016649686573,0.4404930124456194,0.962545109959364,train
Macro,48,25,47,24,0.06996694952249527,1263.8541826668154,0.6881128600366757,0.9681938473121852,train
Macro,48,45,47,44,0.07023336738348007,1693.0314991788446,0.4708037807206898,0.9706886028456623,train
Macro,48,46,47,45,0.07007791101932526,1353.669257804645,0.568245500257223,0.9658815294671474,train
Macro,48,47,47,46,0.05857972055673599,1102.913852542357,0.6331684377018183,0.959700625556632,train
Macro,48,49,47,48,0.13154959678649902,542.9156941170094,0.7592657746364573,0.9678841026277062,train
Macro,48,50,47,49,0.12949737906455994,974.4774211141234,0.6348110206204559,0.9679472440678657,train
Macro,48,67,47,66,0.05939923971891403,966.9628282247335,0.11961789466754608,0.8871653135147345,train
Macro,48,68,47,67,0.06135774403810501,527.2086028631437,0.12055180476766249,0.901267844264202,train
Macro,48,72,47,71,0.06995796412229538,3885.2945415112717,0.5778480923968528,0.9696412340738854,train
Macro,48,73,47,72,0.06994928419589996,4135.884575944106,0.44878918743834917,0.962500550532779,train
Macro,48,74,47,73,0.06980849802494049,4402.138187578523,0.3885206558695564,0.9622472217262106,train
Macro,48,75,47,74,0.06985681504011154,4672.544151648852,0.334393058924853,0.958998739882841,train
Macro,49,23,48,22,0.06969641894102097,2114.583356090152,0.38359546049299925,0.951993853619939,train
Macro,49,25,48,24,0.06977925449609756,1005.8173153773778,0.5860455008819556,0.9544052413313294,train
Macro,49,26,48,25,0.05931566283106804,941.0915103822217,0.5774037322546829,0.94078538044653,train
Macro,49,45,48,44,0.06989727914333344,1922.1398095003156,0.4096955808428977,0.9564428362642293,train
Macro,49,46,48,45,0.06985035538673401,1482.5159809577901,0.5153087442580314,0.9536561948208685,train
Macro,49,48,48,47,0.13146552443504333,542.9156941170094,0.7592657746364573,0.9678841026277062,train
Macro,49,50,48,49,0.13148197531700134,476.450312220681,0.7590418047401756,0.9618834137473489,train
Macro,49,51,48,50,0.059261854737997055,950.807830214968,0.45936561662513375,0.9418679707923575,train
Macro,49,68,48,67,0.059074755758047104,983.9130819251884,0.12648160850852444,0.8962993561258602,train
Macro,49,72,48,71,0.07014968991279602,3456.77150909449,0.5818240656864818,0.9634984767327034,train
Macro,49,73,48,72,0.07017431408166885,3673.3016575206148,0.4830880987969281,0.9598703203079118,train
Macro,49,74,48,73,0.06986449658870697,3913.846232353153,0.42469338805028684,0.955521662585732,train
Macro,49,75,48,74,0.06998841464519501,4164.02393790827,0.3617522962947613,0.9548597342352994,train
Macro,50,25,49,24,0.0698198601603508,1243.7538066577422,0.5242065093555175,0.9557376262746036,train
Macro,50,26,49,25,0.05910714715719223,983.2998810186676,0.45532882887050957,0.9380537898110332,train
Macro,50,27,49,26,0.05911750718951225,981.4938137874449,0.6754550122680111,0.9489931507245026,train
Macro,50,29,49,28,0.06982644647359848,1564.41376865742,0.5984657720241469,0.9588593051373143,train
Macro,50,32,49,31,0.06993334740400314,4148.649791865946,0.41961193219556137,0.956796047188335,train
Macro,50,45,49,44,0.06980922818183899,2367.4096324163693,0.3879595331995525,0.9589094652430253,train
Macro,50,48,49,47,0.12955136597156525,974.4774211141234,0.6348110206204559,0.9679472440678657,train
Macro,50,49,49,48,0.13161368668079376,476.450312220681,0.7590418047401756,0.9618834137473489,train
Macro,50,51,49,50,0.06131168454885483,474.5226713729066,0.5851004212293683,0.943424312327229,train
Macro,50,72,49,71,0.06987112760543823,3363.1873245889665,0.5169771982343917,0.9595253467856667,train
Macro,50,73,49,72,0.06999234855175018,3522.033737091773,0.5122202879570047,0.9561744476735702,train
Macro,50,74,49,73,0.06997274607419968,3712.6519768101302,0.4935197707922759,0.9584773331374133,train
Macro,50,75,49,74,0.07007359713315964,3917.4369638649846,0.4237426235557372,0.9566498038817407,train
Macro,51,26,50,25,0.058357175439596176,1210.7764462645862,0.19307296559499174,0.935468800297482,train
Macro,51,27,50,26,0.059689778834581375,1004.3185721549346,0.4939936258516444,0.9351389931109391,train
Macro,51,28,50,27,0.05991030111908913,966.4159822826441,0.6863700206513133,0.9348583298493714,train
Macro,51,31,50,30,0.0699809193611145,3234.089298109997,0.5191360249883303,0.9453948172356498,train
Macro,51,32,50,31,0.06987910717725754,3695.5514114559674,0.3954883711193728,0.943217154855623,train
Macro,51,48,50,47,0.06991299241781235,1436.4013412444585,0.42082040356515305,0.9456418841268444,train
Macro,51,49,50,48,0.12995952367782593,950.807830214968,0.45936561662513375,0.9418679707923575,train
Macro,51,50,50,49,0.13196563720703125,474.5226713729066,0.5851004212293683,0.943424312327229,train
Macro,51,55,50,54,0.0702642872929573,3300.604155112109,0.33273104902008627,0.9504506809833928,train
Macro,51,72,50,71,0.0699293240904808,3317.973951180485,0.4217833082697144,0.9464827122333181,train
Macro,51,73,50,72,0.07005801051855087,3413.5267946541553,0.5276235674920507,0.9477179695481647,train
Macro,51,75,50,74,0.07002434879541397,3700.270840618088,0.5719917471536965,0.9448554096457329,train
Macro,51,77,50,76,0.07006862759590149,4245.326192120663,-0.01928262263653627,0.9447993045612585,train
Macro,52,29,51,28,0.06990958750247955,1519.5822379717042,0.6874605268802368,0.9313983871512441,train
Macro,52,30,51,29,0.05996854975819588,1123.2509938727856,0.5746252284220621,0.9210485413375225,train
Macro,52,31,51,30,0.1275973618030548,1423.7761372943305,0.528924378061833,0.931704907197432,train
Macro,52,32,51,31,0.07009509950876236,1841.5104158601873,0.5485240342849691,0.9334165525639897,train
Macro,52,33,51,32,0.07000939548015594,2274.3518634515162,0.47692465929644956,0.9309579168903882,train
Macro,52,48,51,47,0.07008535414934158,3367.1063165160485,0.47327710227365566,0.9367597275547085,train
Macro,52,50,51,49,0.06997670978307724,2404.407825347105,0.6375527621450425,0.9316499957558658,train
Macro,52,53,51,52,0.06307438015937805,488.8048476939155,0.7127308718555612,0.9072781379649567,train
Macro,52,54,51,53,0.061124179512262344,935.456895600383,0.5998447522706482,0.9146471445560748,train
Macro,52,55,51,54,0.05808829888701439,1380.9180265177235,0.5516620986674866,0.9268492171235514,train
Macro,52,57,51,56,0.07005327194929123,2361.474033599822,0.3907326412374086,0.9309695642644599,train
Macro,52,73,51,72,0.06993500143289566,3418.7944091886325,0.4061537721092408,0.9292574358017227,train
Macro,52,74,51,73,0.06999896466732025,3287.4505924153755,0.44460959699589714,0.9327047799693439,train
Macro,52,75,51,74,0.070083849132061,3174.336893347247,0.4696079830248667,0.9308035746735353,train
Macro,53,31,52,30,0.12844665348529816,1153.3626698565542,0.5417909236976676,0.9322960598760084,train
Macro,53,32,52,31,0.07000759989023209,1498.8685641164095,0.6006890976141537,0.9343421261674443,train
Macro,53,48,52,47,0.06958366185426712,3834.901727305957,0.38944982922375393,0.9293983634504855,train
Macro,53,52,52,51,0.1318221241235733,488.8048476939155,0.7127308718555612,0.9072781379649567,train
Macro,53,54,52,53,0.13319674134254456,449.5922701092691,0.7048932490265903,0.9473531828440138,train
Macro,53,55,52,54,0.06028495356440544,896.3303897138748,0.5642446869343585,0.9267870688981773,train
Macro,53,56,52,55,0.056887898594141006,1406.4826785187286,0.5036958286676214,0.910456118009856,train
Macro,53,57,52,56,0.0701182559132576,1879.086722987989,0.4139997389177791,0.9343648898260959,train
Macro,53,72,52,71,0.06976541876792908,3923.686398135658,0.3736968884231436,0.9310523506451128,train
Macro,53,73,52,72,0.0699136033654213,3707.2656061936423,0.38441243399251634,0.9328743759634126,train
Macro,53,74,52,73,0.06986519694328308,3523.469463419062,0.42928711623408367,0.9324328201503712,train
Macro,53,75,52,74,0.0701078251004219,3349.278846707301,0.46042254410365663,0.931177191062258,train
Macro,54,31,53,30,0.05900685861706734,983.2860280103273,0.5698864886812727,0.942340686856733,train
Macro,54,32,53,31,0.07011678069829941,1207.8792863260858,0.6500297946046333,0.9457335413629806,train
Macro,54,50,53,49,0.06963905692100525,3328.2793147099624,0.43608428179537007,0.9362633738724752,train
Macro,54,52,53,51,0.0592748187482357,935.456895600383,0.5998447522706482,0.9146471445560748,train
Macro,54,53,53,52,0.1321743130683899,449.5922701092691,0.7048932490265903,0.9473531828440138,train
Macro,54,55,53,54,0.130934476852417,446.74872696946056,0.6010768542261912,0.9430653782351451,train
Macro,54,56,53,55,0.059156160801649094,956.9045679775176,0.5874761862856642,0.9179471300455717,train
Macro,54,57,53,56,0.07019509375095367,1429.6580169527876,0.5020974068221308,0.9501803260187424,train
Macro,54,72,53,71,0.06978046894073486,4207.226698932332,0.32797541364822586,0.940570822065121,train
Macro,54,73,53,72,0.07002630084753036,3952.560895981979,0.3643087559039147,0.942958417171018,train
Macro,54,74,53,73,0.07000225782394409,3724.4912320229014,0.40269991120555343,0.944426901898963,train
Macro,54,75,53,74,0.07004529237747192,3498.899097480947,0.4408043535812843,0.9421682144294429,train
Macro,54,78,53,77,0.06964809447526932,3307.7278177528206,0.5883688476363411,0.9351356772598979,train
Macro,55,12,54,11,0.0699005126953125,2823.7689587736027,0.4841888544918644,0.9519808371337529,train
Macro,55,29,54,28,0.06987330317497253,2798.462700201597,0.47170104556515857,0.9546023212446891,train
Macro,55,31,54,30,0.05895688012242317,998.8981865066312,0.4059393827658857,0.9508943188429012,train
Macro,55,32,54,31,0.06998615711927414,1033.4126463419993,0.6384473772839875,0.9601719152663335,train
Macro,55,34,54,33,0.06997406482696533,1459.7897161784608,0.6084862750675509,0.9558872556009379,train
Macro,55,53,54,52,0.059525419026613235,896.3303897138748,0.5642446869343585,0.9267870688981773,train
Macro,55,54,54,53,0.06132664903998375,446.74872696946056,0.6010768542261912,0.9430653782351451,train
Macro,55,56,54,55,0.061142731457948685,510.31272305676555,0.6384855628133888,0.9365368711044243,train
Macro,55,57,54,56,0.12924796342849731,983.0552515288515,0.48285358428012765,0.959288174440215,train
Macro,55,58,54,57,0.07036605477333069,9951.234097740675,0.5425693902803912,0.9562207427236896,train
Macro,55,59,54,58,0.06983881443738937,9475.526842851106,0.41048633738018864,0.9536696283711471,train
Macro,55,77,54,76,0.07016507536172867,3421.935189282505,0.13787975616996695,0.9603582891798303,train
Macro,55,79,54,78,0.06984513998031616,3371.7144179606025,0.5415507672530243,0.940717858965141,train
Macro,55,82,54,81,0.06985124945640564,9376.948938272117,0.3530299688980906,0.9441695367821721,train
Macro,56,31,55,30,0.06991621106863022,1247.8428490596034,0.5070127708205192,0.9381306945265631,train
Macro,56,32,55,31,0.12891682982444763,1071.1017184413909,0.5699702099516426,0.9413706964376661,train
Macro,56,33,55,32,0.058800309896469116,1069.2842872942008,0.5923053810050756,0.929352054561698,train
Macro,56,35,55,34,0.06985929608345032,1601.7168008010576,0.46762028613360945,0.9371675450357307,train
Macro,56,36,55,35,0.06993095576763153,10745.429001225897,0.529332455425395,0.9361310744522281,train
Macro,56,54,55,53,0.05946505442261696,956.9045679775176,0.5874761862856642,0.9179471300455717,train
Macro,56,55,55,54,0.06142019107937813,510.31272305676555,0.6384855628133888,0.9365368711044243,train
Macro,56,57,55,56,0.1319684088230133,475.1261470013367,0.7261574753243323,0.9432643532815412,train
Macro,56,59,55,58,0.06999042630195618,9984.204227128794,0.5396000214412997,0.9396507350570709,train
Macro,56,60,55,59,0.0700053796172142,9510.111478559798,0.45734232886719867,0.9451337262148475,train
Macro,56,61,55,60,0.06987009197473526,9030.171375573862,0.4133338531024234,0.9366017769424044,train
Macro,56,75,55,74,0.07002805173397064,3978.4650931793876,0.3530912759499587,0.9397820438568384,train
Macro,56,79,55,78,0.06982878595590591,3410.511070262097,0.5741657496225424,0.927094402363161,train
Macro,57,32,56,31,0.1283033937215805,1245.7934114146356,0.4780254907402954,0.9631824329232358,train
Macro,57,33,56,32,0.0594993457198143,1047.618633573945,0.5208106787570995,0.9534677108404535,train
Macro,57,34,56,33,0.06031976267695427,905.6076252911558,0.5205061057693968,0.9434785892325741,train
Macro,57,35,56,34,0.06990533322095871,1270.92102007627,0.4187369785303246,0.9586116480896758,train
Macro,57,36,56,35,0.06992185115814209,11215.301515131796,0.6354757332076941,0.9605660004766741,train
Macro,57,38,56,37,0.06989126652479172,10269.980393251199,0.37681705224326156,0.9636871427664664,train
Macro,57,55,56,54,0.05988572910428047,983.0552515288515,0.48285358428012765,0.959288174440215,train
Macro,57,56,56,55,0.06211606413125992,475.1261470013367,0.7261574753243323,0.9432643532815412,train
Macro,57,59,56,58,0.07031578570604324,10458.480795689038,0.6473964505594955,0.9658646155461993,train
Macro,57,61,56,60,0.07006247341632843,9504.515712900606,0.43883249339379904,0.9550689784857668,train
Macro,57,75,56,74,0.06998930126428604,4230.892691358536,0.34822156056921694,0.9549652321934791,train
Macro,57,78,56,77,0.06978132575750351,3536.561426933654,0.45397197400011796,0.9550764790278901,train
Macro,57,79,56,78,0.07006435841321945,3448.9753884973393,0.5148281998802196,0.9575356294405959,train
Macro,57,84,56,83,0.06994403898715973,9404.047235524067,0.4417261035504625,0.9599241200875575,train
Macro,58,26,57,25,0.06975889950990677,6016.11241603673,0.20401632314097304,0.9423968718669925,train
Macro,58,30,57,29,0.06972293555736542,7900.377797442546,0.34489586537611555,0.9474113027170533,train
Macro,58,34,57,33,0.07020723074674606,11156.513716496069,0.6098641766762064,0.9516707846752028,train
Macro,58,36,57,35,0.05973448231816292,1002.8610480825182,0.6096597547035695,0.9446100430923762,train
Macro,58,37,57,36,0.059734687209129333,1002.8248425217226,0.5142866669537662,0.9197121043124887,train
Macro,58,38,57,37,0.05841221287846565,1207.94244428602,0.5192937448670497,0.9417958259416209,train
Macro,58,39,57,38,0.06974153220653534,1537.3034520900262,0.4323028390294511,0.9415681820382714,train
Macro,58,55,57,54,0.07057535648345947,9951.234097740675,0.5425693902803912,0.9562207427236896,train
Macro,58,57,57,56,0.07018489390611649,10934.192562390079,0.6208675179644532,0.9514402686385824,train
Macro,58,59,57,58,0.132124662399292,475.721033728124,0.6772028148267828,0.9433893781800516,train
Macro,58,60,57,59,0.06004074960947037,949.812539385663,0.613097324948276,0.9392313542065555,train
Macro,58,63,57,62,0.06972073763608932,2374.267487780802,0.40325974941094,0.9485107020367592,train
Macro,58,82,57,81,0.06983672827482224,3443.9727532825277,0.5231802276067917,0.9318943776004907,train
Macro,58,85,57,84,0.07020492851734161,4241.530298743043,0.41078189037607804,0.9451387662631295,train
Macro,59,17,58,16,0.06985275447368622,2421.467080945317,0.3167212908988826,0.9520938852463317,train
Macro,59,19,58,18,0.06989893317222595,3077.4757618585963,0.28606044285307025,0.9553152762685271,train
Macro,59,32,58,31,0.06985248625278473,9787.192068983708,0.3931502093217922,0.9550363540737836,train
Macro,59,36,58,35,0.0699307844042778,1210.303171129049,0.6879495215511697,0.9593847998375187,train
Macro,59,37,58,36,0.05900220200419426,1007.2130309949271,0.4195517262005436,0.9289869983227045,train
Macro,59,38,58,37,0.12893879413604736,1007.4089962210078,0.507781402755995,0.9570241953398143,train
Macro,59,57,58,56,0.07056299597024918,10458.480795689038,0.6473964505594955,0.9658646155461993,train
Macro,59,58,58,57,0.061343368142843246,475.721033728124,0.6772028148267828,0.9433893781800516,train
Macro,59,60,58,59,0.13123920559883118,474.104616654374,0.6888689601687429,0.9583957872621078,train
Macro,59,61,58,60,0.1295671910047531,954.2942572732771,0.5774673944590969,0.960376198147197,train
Macro,59,64,58,63,0.06991183012723923,2402.4811902861625,0.38076277172157497,0.9475265440755049,train
Macro,59,84,58,83,0.06989942491054535,3736.3175196238744,0.5421236471879551,0.9454134309276949,train
Macro,60,17,59,16,0.07003289461135864,2175.94044410149,0.3519970258198632,0.9516226301096501,train
Macro,60,35,59,34,0.06976954638957977,10738.34721658846,0.44955653575452376,0.953041982930245,train
Macro,60,36,59,35,0.06995950639247894,1537.1940863963712,0.5644591702289133,0.9540284671820533,train
Macro,60,38,59,37,0.12880992889404297,1006.3220343104938,0.6146415648217567,0.9543629179205574,train
Macro,60,56,59,55,0.0698760375380516,9510.111478559798,0.45734232886719867,0.9451337262148475,train
Macro,60,57,59,56,0.07015155255794525,9984.380406927603,0.5011816823954576,0.9566634584872894,train
Macro,60,58,59,57,0.059262797236442566,949.812539385663,0.613097324948276,0.9392313542065555,train
Macro,60,59,59,58,0.1315406858921051,474.104616654374,0.6888689601687429,0.9583957872621078,train
Macro,60,61,59,60,0.13166818022727966,480.5901848132012,0.715414310365311,0.9587639388525209,train
Macro,60,62,59,61,0.05925937369465828,950.4288930045193,0.4584618189150209,0.9268081474748844,train
Macro,60,104,59,103,0.06988180428743362,4501.516815674372,0.46834539110348267,0.9553781410198133,train
Macro,60,105,59,104,0.06978777796030045,4731.539781784991,0.4161760656276108,0.9500748688026113,train
Macro,61,17,60,16,0.06993100047111511,2039.5362352538414,0.39802565479249147,0.9511139202132609,train
Macro,61,36,60,35,0.06996607035398483,1945.466321699286,0.4967762659144601,0.9594337602657486,train
Macro,61,40,60,39,0.1286793053150177,1032.648413791922,0.39714291610223956,0.9513308474095242,train
Macro,61,57,60,56,0.07019834965467453,9504.515712900606,0.43883249339379904,0.9550689784857668,train
Macro,61,59,60,58,0.12941759824752808,954.2942572732771,0.5774673944590969,0.960376198147197,train
Macro,61,60,60,59,0.13121534883975983,480.5901848132012,0.715414310365311,0.9587639388525209,train
Macro,61,62,60,61,0.061315279453992844,471.37298229396976,0.5920121549961809,0.9283322575779874,train
Macro,61,63,60,62,0.05931752547621727,945.0513492226405,0.5952555517080111,0.9407988931698404,train
Macro,61,64,60,63,0.07011382281780243,1448.8058485089969,0.5153975664441512,0.9611252385170729,train
Macro,61,86,60,85,0.06992865353822708,3756.1688099045045,0.5151152473469249,0.9556424739333266,train
Macro,61,104,60,103,0.07003569602966309,4397.988148237278,0.47667391999357595,0.9604818639020594,train
Macro,61,105,60,104,0.06988134235143661,4582.235320680797,0.44974109818041363,0.9520331267667232,train
Macro,62,17,61,16,0.07022377103567123,1957.5783086659724,0.45217912715079767,0.9320495961491354,train
Macro,62,19,61,18,0.06986664235591888,2175.573848396188,0.37024491679650584,0.9276479828763844,train
Macro,62,36,61,35,0.06974563747644424,2349.5790695280148,0.30525161167834697,0.929424617876836,train
Macro,62,38,61,37,0.07028598338365555,1537.9796171402797,0.562396314814516,0.9368908878956361,train
Macro,62,41,61,40,0.0591382272541523,969.1187388590821,0.3793943732103695,0.9148198905521046,train
Macro,62,57,61,56,0.07000122219324112,9033.955116780444,0.27867480371661285,0.9302712535952979,train
Macro,62,59,61,58,0.0699130967259407,1424.533050881343,0.3493065104722153,0.9282187185076686,train
Macro,62,60,61,59,0.12904493510723114,950.4288930045193,0.4584618189150209,0.9268081474748844,train
Macro,62,61,61,60,0.1315566748380661,471.37298229396976,0.5920121549961809,0.9283322575779874,train
Macro,62,63,61,62,0.06126152724027634,474.03266896690536,0.6102140838847409,0.9249706914161611,train
Macro,62,64,61,63,0.12899048626422882,977.9481464319922,0.5864736487008705,0.9166682186150656,train
Macro,62,84,61,83,0.06997174769639969,3347.6435071902447,0.3183496687072186,0.932157166460849,train
Macro,63,17,62,16,0.06994674354791641,2013.0545042653746,0.5193091993995581,0.9433195783708632,train
Macro,63,19,62,18,0.0698886290192604,2013.1634781265452,0.42941234989635974,0.937840230566395,train
Macro,63,40,62,39,0.06976494938135147,1207.534666338947,0.4970644987003856,0.9365536477032497,train
Macro,63,41,62,40,0.05912862345576286,967.8211269107542,0.47269267595746745,0.9235190104514571,train
Macro,63,55,62,54,0.0698123574256897,7576.966953109685,0.29151360771580803,0.9408090880906852,train
Macro,63,58,62,57,0.07011387497186661,2374.267487780802,0.40325974941094,0.9485107020367592,train
Macro,63,61,62,60,0.1293097585439682,945.0513492226405,0.5952555517080111,0.9407988931698404,train
Macro,63,62,62,61,0.06124398484826088,474.03266896690536,0.6102140838847409,0.9249706914161611,train
Macro,63,64,62,63,0.13143539428710938,503.91763876590005,0.7389324797132734,0.9475690084563375,train
Macro,63,65,62,64,0.05921583250164986,952.2739257658018,0.47285613134792687,0.9286930135454767,train
Macro,63,82,62,81,0.06984757632017136,3465.9247125511342,0.35741916335377627,0.9299782962430709,train
Macro,63,85,62,84,0.0704570859670639,3342.0490045830225,0.5033528578771562,0.9457416116731205,train
Macro,63,88,62,87,0.06983521580696106,3730.9412781662595,0.5438613947062353,0.9383362620365773,train
Macro,64,17,63,16,0.0698484554886818,2188.0705818969773,0.5335645873439596,0.9488017748541453,train
Macro,64,19,63,18,0.06995124369859695,1957.2285090582245,0.4728312440180372,0.9480346629870924,train
Macro,64,40,63,39,0.07001149654388428,1558.3804321816067,0.5223095500213207,0.9468541311376223,train
Macro,64,43,63,42,0.05914059281349182,963.2142604940274,0.38238662285740466,0.943599195243035,train
Macro,64,61,63,60,0.07010624557733536,1448.8058485089969,0.5153975664441512,0.9611252385170729,train
Macro,64,62,63,61,0.05905713886022568,977.9481464319922,0.5864736487008705,0.9166682186150656,train
Macro,64,63,63,62,0.06114118918776512,503.91763876590005,0.7389324797132734,0.9475690084563375,train
Macro,64,65,63,64,0.06129827722907066,449.3990588384237,0.5268592452586083,0.9462760092470356,train
Macro,64,66,63,65,0.05936279892921448,922.9416014712835,0.4533486386314524,0.9453608755549723,train
Macro,64,86,63,85,0.07011814415454865,3343.4023443009123,0.5289190986065092,0.9562752912909073,train
Macro,64,88,63,87,0.07034669071435928,3534.155080718003,0.5779258345898385,0.9573327185168019,train
Macro,64,104,63,103,0.06994647532701492,4292.075611589366,0.3686910022853944,0.9543020113077026,train
Macro,64,105,63,104,0.06998082250356674,4318.351169187593,0.3870507838579348,0.949803744985499,train
Macro,64,107,63,106,0.06988208740949631,4476.023192812428,0.47784898897418626,0.9538593175422001,train
Macro,64,111,63,110,0.06980838626623154,5177.4422921136,0.2696378971252132,0.9492117151285555,train
Macro,65,40,64,39,0.0701877623796463,1906.701488651585,0.5796304320754874,0.9622782478100959,train
Macro,65,41,64,40,0.06979753077030182,1489.3125032082494,0.6997963368297382,0.948311213095367,train
Macro,65,42,64,41,0.07003553956747055,1176.3164500000041,0.6184943428712374,0.9609158587789365,train
Macro,65,43,64,42,0.059285253286361694,928.7449857143324,0.5545346855504779,0.9564057985992681,train
Macro,65,63,64,62,0.05915585532784462,952.2739257658018,0.47285613134792687,0.9286930135454767,train
Macro,65,64,64,63,0.06125069782137871,449.3990588384237,0.5268592452586083,0.9462760092470356,train
Macro,65,66,64,65,0.13164442777633667,477.0624595236486,0.6461054537493465,0.9708354784868939,train
Macro,65,67,64,66,0.05913494899868965,956.0257645603547,0.5700429328728702,0.9512753774560572,train
Macro,65,68,64,67,0.07010047137737274,1400.9283827558668,0.5225389459147347,0.963636686984729,train
Macro,65,90,64,89,0.06973589956760406,3695.254776072311,0.6111653174163675,0.9541301266228234,train
Macro,65,107,64,106,0.06996037811040878,4361.16901963272,0.40433665604428426,0.9532828861028076,train
Macro,65,110,64,109,0.06985589116811752,4669.910445680805,0.43808050501485046,0.9564750006916312,train
Macro,65,111,64,110,0.07004742324352264,4908.95804739028,0.374064197495034,0.9586684766778413,train
Macro,65,130,64,129,0.06980796158313751,5392.765298009389,0.35228959854442493,0.9548755066636281,train
Macro,66,40,65,39,0.07012305408716202,2348.5792824628443,0.402992115521893,0.9719360054723528,train
Macro,66,41,65,40,0.06980419158935547,1909.4482053874776,0.5686976359840635,0.9568625639873177,train
Macro,66,42,65,41,0.07003901898860931,1536.3203672062518,0.43820498852802,0.9687545945817415,train
Macro,66,43,65,42,0.07011712342500687,1176.8011876602202,0.511510604963449,0.970646670299548,train
Macro,66,45,65,44,0.05891137197613716,1000.5023182273891,0.10743553542217565,0.9002625277822413,train
Macro,66,64,65,63,0.05934687703847885,922.9416014712835,0.4533486386314524,0.9453608755549723,train
Macro,66,65,65,64,0.1313413679599762,477.0624595236486,0.6461054537493465,0.9708354784868939,train
Macro,66,67,65,66,0.06119677796959877,479.67814939891656,0.6991151572781938,0.9654270586032485,train
Macro,66,68,65,67,0.12955833971500397,924.0924721845929,0.5897272266164139,0.9746849041218123,train
Macro,66,107,65,106,0.06983638554811478,4370.81527023642,0.350609756239174,0.9626724553197025,train
Macro,66,110,65,109,0.06994982808828354,4531.29644891896,0.3714802568752085,0.968817143099603,train
Macro,66,111,65,110,0.07009568810462952,4730.187084949415,0.2907235542411028,0.9690290311793989,train
Macro,66,132,65,131,0.06967997550964355,5510.087226354987,0.21436768202404147,0.9588521276332779,train
Macro,67,40,66,39,0.06982872635126114,2792.8467531496967,0.3699689887640962,0.9515868992555692,train
Macro,67,42,66,41,0.06993328034877777,1931.9900115793907,0.4208575546002311,0.9504117759955986,train
Macro,67,46,66,45,0.059060145169496536,982.4259792322454,0.09104821535479612,0.8617673926858451,train
Macro,67,48,66,47,0.059148091822862625,966.9628282247335,0.11961789466754608,0.8871653135147345,train
Macro,67,65,66,64,0.12936368584632874,956.0257645603547,0.5700429328728702,0.9512753774560572,train
Macro,67,66,66,65,0.1317305862903595,479.67814939891656,0.6991151572781938,0.9654270586032485,train
Macro,67,68,66,67,0.13172690570354462,445.18651563831065,0.7032493530130992,0.9596824884821359,train
Macro,67,90,66,89,0.06976038217544556,3412.466598687041,0.4759969054054449,0.9469843001067818,train
Macro,67,107,66,106,0.06977839022874832,4395.876545680681,0.3310668245806208,0.9452526111940784,train
Macro,67,110,66,109,0.06985606253147125,4403.015636110141,0.36046167835942705,0.9475232244720417,train
Macro,67,111,66,110,0.06997803598642349,4557.930750714075,0.31996437044410064,0.9493355344531766,train
Macro,67,132,66,131,0.06983574479818344,5384.502708770596,0.22524753469631614,0.9470881672916586,train
Macro,68,40,67,39,0.0697658583521843,3223.982117090233,0.36863579815500397,0.9599990949214289,train
Macro,68,42,67,41,0.06982893496751785,2341.710686611843,0.4405821759601454,0.9608047679956577,train
Macro,68,43,67,42,0.06994763761758804,1904.9679240398568,0.5437451340027315,0.9651625578278001,train
Macro,68,47,67,46,0.059123121201992035,971.4754630365196,0.11237254910350958,0.8805255926418868,train
Macro,68,48,67,47,0.061098888516426086,527.2086028631437,0.12055180476766249,0.901267844264202,train
Macro,68,49,67,48,0.05905217304825783,983.9130819251884,0.12648160850852444,0.8962993561258602,train
Macro,68,65,67,64,0.06998537480831146,1400.9283827558668,0.5225389459147347,0.963636686984729,train
Macro,68,66,67,65,0.1298222690820694,924.0924721845929,0.5897272266164139,0.9746849041218123,train
Macro,68,67,67,66,0.06133995205163956,445.18651563831065,0.7032493530130992,0.9596824884821359,train
Macro,68,107,67,106,0.06995502859354019,4500.658006636613,0.3191936605101505,0.9614523368178216,train
Macro,68,110,67,109,0.0701560527086258,4364.64223022497,0.37603023247389844,0.964788006176502,train
Macro,68,111,67,110,0.07032043486833572,4474.449017872416,0.3483043670227233,0.9676556121284166,train
Macro,68,112,67,111,0.06983442604541779,4605.888968765321,0.3824537279954073,0.9573316682047686,train
Macro,68,132,67,131,0.06976992636919022,5340.448030232256,0.2389740459190747,0.9551098803300915,train
Macro,69,23,68,22,0.0699051171541214,1558.3498929763402,0.4705837371154388,0.9535659910637374,train
Macro,69,25,68,24,0.06971509009599686,2290.119365589406,0.35306707966531947,0.9524789526634765,train
Macro,69,45,68,44,0.07046136260032654,2774.9721003874693,0.5613438953639742,0.9633038781404797,train
Macro,69,46,68,45,0.06995229423046112,2569.9172251359605,0.32151642728994195,0.9522697510082334,train
Macro,69,48,68,47,0.07013259083032608,3540.412613287564,0.3682524290443167,0.9598703592442218,train
Macro,69,49,68,48,0.0697932317852974,3275.113646498167,0.3278038411113721,0.948895297864426,train
Macro,69,70,68,69,0.061312850564718246,477.63244482842083,0.7291413305684702,0.9421405898368611,train
Macro,69,72,68,71,0.0704360157251358,1425.1613732994904,0.4797566964871058,0.9644660397620161,train
Macro,69,73,68,72,0.07007836550474167,1901.592214260155,0.4665094523980779,0.9510737145118343,train
Macro,69,74,68,73,0.06984850019216537,2371.8416615240726,0.41625814584904475,0.9505439697688827,train
Macro,69,75,68,74,0.06967743486166,2851.3453139687385,0.3757014407993063,0.9491422865382911,train
Macro,69,89,68,88,0.05930130183696747,950.6851885254778,0.1337953142440512,0.8822932210288582,train
Macro,69,90,68,89,0.061323460191488266,473.94809154287606,0.12495116439110118,0.8950283981985172,train
Macro,69,110,68,109,0.05913734808564186,979.7348195839191,0.11452670043441707,0.8985587410191667,train
Macro,69,111,68,110,0.05892505124211311,1016.2304134385325,0.0973317338272245,0.8945150564635211,train
Macro,70,23,69,22,0.06958901882171631,1799.0545932787095,0.4357351521552225,0.9322947438507666,train
Macro,70,45,69,44,0.06999316066503525,3022.4208181199633,0.5002397219432542,0.93877062101545,train
Macro,70,46,69,45,0.0698474571108818,2749.229553715436,0.22901032203810068,0.9326404063574404,train
Macro,70,47,69,46,0.07074779272079468,2584.684286401367,0.5426156094319299,0.951000351592172,train
Macro,70,49,69,48,0.06964568793773651,3236.7861721260374,0.3022947926239966,0.9319512453469938,train
Macro,70,69,69,68,0.13142459094524384,477.63244482842083,0.7291413305684702,0.9421405898368611,train
Macro,70,71,69,70,0.1312691867351532,545.1392579215105,0.6974773682402258,0.9339088110242877,train
Macro,70,72,69,71,0.1294737458229065,949.1207393038169,0.47026424267146266,0.9426834362816114,train
Macro,70,73,69,72,0.06970873475074768,1426.2638339876958,0.51707980953124,0.9307265005388663,train
Macro,70,77,69,76,0.07016571611166,3323.089862045841,0.03629490368463554,0.9387350913397676,train
Macro,70,90,69,89,0.05934650078415871,950.6589343799012,0.12592631588784076,0.8757181803660998,train
Macro,70,111,69,110,0.058788396418094635,1046.4861768370743,0.11020382362889687,0.8655186720958029,train
Macro,71,26,70,25,0.06975073367357254,2424.6292389969753,0.21366377336302017,0.934611833771798,train
Macro,71,45,70,44,0.07011796534061432,3427.117961898315,0.4979965873871913,0.9433992728054894,train
Macro,71,46,70,45,0.06984803080558777,3102.2930780068186,0.3279929474170659,0.9363161062821487,train
Macro,71,47,70,46,0.07007312029600143,2864.5175476923223,0.6042275420879856,0.9443460469954189,train
Macro,71,48,70,47,0.0701417624950409,3755.519668216727,0.5079573004320012,0.9459113153967593,train
Macro,71,49,70,48,0.06974279135465622,3365.597575541307,0.4326428117580346,0.9368212564708212,train
Macro,71,69,70,68,0.12899331748485565,1019.3346169747455,0.6115630661724067,0.9458107737518183,train
Macro,71,70,70,69,0.06103286147117615,545.1392579215105,0.6974773682402258,0.9339088110242877,train
Macro,71,72,70,71,0.1317155510187149,406.61614106035626,0.6448681868974477,0.9500702589087646,train
Macro,71,73,70,72,0.12973342835903168,882.2648210051866,0.6188036889968281,0.94791959037239,train
Macro,71,74,70,73,0.06975264102220535,1352.507801208744,0.5381518604935385,0.9385275422359904,train
Macro,71,91,70,90,0.05909790098667145,974.5432786829493,0.49119242631968013,0.9394228195532779,train
Macro,72,45,71,44,0.06999918073415756,3713.770567879025,0.40545216978939785,0.9666801557713031,train
Macro,72,46,71,45,0.06973438709974289,3355.8532000479518,0.3939796930450411,0.9591902943585656,train
Macro,72,48,71,47,0.07004348933696747,3885.2945415112717,0.5778480923968528,0.9696412340738854,train
Macro,72,49,71,48,0.0700845867395401,3456.77150909449,0.5818240656864818,0.9634984767327034,train
Macro,72,50,71,49,0.06970523297786713,3363.1873245889665,0.5169771982343917,0.9595253467856667,train
Macro,72,69,71,68,0.0699113979935646,1425.1613732994904,0.4797566964871058,0.9644660397620161,train
Macro,72,70,71,69,0.05921754986047745,949.1207393038169,0.47026424267146266,0.9426834362816114,train
Macro,72,71,71,70,0.06140735745429993,406.61614106035626,0.6448681868974477,0.9500702589087646,train
Macro,72,73,71,72,0.13166385889053345,477.39769387248015,0.6955525802479792,0.9696733973636015,train
Macro,72,74,71,73,0.12942880392074585,947.4006652226747,0.58489321368885,0.9672519695108027,train
Macro,72,75,71,74,0.0702204704284668,1426.224665188307,0.48556468694366833,0.9685149464920156,train
Macro,72,92,71,91,0.05893006920814514,999.700092344363,0.5117923738973529,0.9284964684915267,train
Macro,72,94,71,93,0.06965363770723343,1554.5368808001747,0.38437647147968307,0.959641929636059,train
Macro,73,32,72,31,0.0696628987789154,3684.6100731978745,0.29648863435823464,0.95211386635389,train
Macro,73,45,72,44,0.06980922818183899,4111.03857454326,0.3784075775026663,0.9557023830308953,train
Macro,73,48,72,47,0.06998847424983978,4135.884575944106,0.44878918743834917,0.962500550532779,train
Macro,73,49,72,48,0.0700628012418747,3673.3016575206148,0.4830880987969281,0.9598703203079118,train
Macro,73,50,72,49,0.06977998465299606,3522.033737091773,0.5122202879570047,0.9561744476735702,train
Macro,73,71,72,70,0.05950426682829857,882.2648210051866,0.6188036889968281,0.94791959037239,train
Macro,73,72,72,71,0.13154293596744537,477.39769387248015,0.6955525802479792,0.9696733973636015,train
Macro,73,74,72,73,0.13162152469158173,470.2624123392499,0.7469482382660507,0.9692846011018075,train
Macro,73,75,72,74,0.12946394085884094,950.2428693576614,0.6365461429325355,0.961045077797265,train
Macro,73,76,72,75,0.06974334269762039,1424.361616492547,0.5492709792092582,0.9593641306330619,train
Macro,73,92,72,91,0.05904862657189369,966.480798708983,0.6427621494022266,0.923911849546201,train
Macro,73,94,72,93,0.06977196037769318,1201.4834762145122,0.5444171647523709,0.9557393089606325,train
Macro,74,32,73,31,0.06979405134916306,3339.2980467896627,0.32093118563597234,0.9584455714130325,train
Macro,74,48,73,47,0.06988346576690674,4402.138187578523,0.3885206558695564,0.9622472217262106,train
Macro,74,49,73,48,0.06978928297758102,3913.846232353153,0.42469338805028684,0.955521662585732,train
Macro,74,50,73,49,0.06979624181985855,3712.6519768101302,0.4935197707922759,0.9584773331374133,train
Macro,74,72,73,71,0.1294253170490265,947.4006652226747,0.58489321368885,0.9672519695108027,train
Macro,74,73,73,72,0.13173921406269073,470.2624123392499,0.7469482382660507,0.9692846011018075,train
Macro,74,75,73,74,0.13165973126888275,481.0343694841471,0.7601487109912038,0.9684895334280387,train
Macro,74,76,73,75,0.12908123433589935,954.1205011065445,0.6433909388776176,0.9591832082038523,train
Macro,74,78,73,77,0.06983578950166702,1911.343376645593,0.47798356112267365,0.9528613302230179,train
Macro,74,93,73,92,0.059109125286340714,969.7030010245367,0.6662320428774403,0.9472637435456209,train
Macro,74,94,73,93,0.06988648325204849,985.7653146213381,0.6242002393859795,0.959518676232644,train
Macro,75,32,74,31,0.06994501501321793,2987.0304941698478,0.33000086438044324,0.9588871536583549,train
Macro,75,48,74,47,0.06985920667648315,4672.544151648852,0.334393058924853,0.958998739882841,train
Macro,75,49,74,48,0.0698404535651207,4164.02393790827,0.3617522962947613,0.9548597342352994,train
Macro,75,57,74,56,0.06986034661531448,4230.892691358536,0.34822156056921694,0.9549652321934791,train
Macro,75,72,74,71,0.0701371282339096,1426.224665188307,0.48556468694366833,0.9685149464920156,train
Macro,75,73,74,72,0.12955978512763977,950.2428693576614,0.6365461429325355,0.961045077797265,train
Macro,75,74,74,73,0.13164237141609192,481.0343694841471,0.7601487109912038,0.9684895334280387,train
Macro,75,76,74,75,0.061283886432647705,476.3767336620417,0.7586292445795962,0.9545954958102293,train
Macro,75,77,74,76,0.05928253009915352,948.3920069339465,-0.06143153876921172,0.9499992039241242,train
Macro,75,78,74,77,0.06983736157417297,1431.6801742150842,0.5116256733236677,0.9544536626614327,train
Macro,75,79,74,78,0.06999792903661728,1904.086368261169,0.4467061816548753,0.9534323509355507,train
Macro,75,94,74,93,0.12875397503376007,1016.7017115402,0.6587824263774484,0.957428658961206,train
Macro,76,57,75,56,0.06988347321748734,3988.5042197119105,0.3938421434354554,0.9516428930314142,train
Macro,76,72,75,71,0.06971797347068787,1901.2265813594015,0.4373946510795485,0.9536736180577042,train
Macro,76,73,75,72,0.07006628811359406,1424.361616492547,0.5492709792092582,0.9593641306330619,train
Macro,76,74,75,73,0.1293918490409851,954.1205011065445,0.6433909388776176,0.9591832082038523,train
Macro,76,75,75,74,0.1314322054386139,476.3767336620417,0.7586292445795962,0.9545954958102293,train
Macro,76,77,75,76,0.06126219779253006,472.7903257042521,-0.10381130312197023,0.9443858576728441,train
Macro,76,78,75,77,0.12932568788528442,957.5042013829226,0.5962231905664332,0.9560924465324917,train
Macro,76,79,75,78,0.07015609741210938,1428.764843595103,0.5054778052365129,0.951271074932585,train
Macro,76,94,75,93,0.07006742805242538,1180.914709431624,0.5596050570898992,0.9543874946932149,train
Macro,76,95,75,94,0.05906539037823677,981.4255499353277,0.6627177783834026,0.9295653109628262,train
Macro,76,97,75,96,0.06979022920131683,1242.338745700662,0.5988391990224655,0.9516736767399805,train
Macro,76,98,75,97,0.069841168820858,1519.5474825703511,0.5028162590441371,0.9506955918942686,train
Macro,77,30,76,29,0.07000046968460083,2759.530000581182,-0.006671551577481165,0.9571791657723301,train
Macro,77,47,76,46,0.06999023258686066,4914.8039080492335,0.05805462711049311,0.9526344155275812,train
Macro,77,55,76,54,0.07043151557445526,3421.935189282505,0.13787975616996695,0.9603582891798303,train
Macro,77,73,76,72,0.06984326988458633,1897.151628022457,-0.004011698312337099,0.9478938533493203,train
Macro,77,74,76,73,0.06986230611801147,1426.9098320695523,-0.028798456237203986,0.9495968764320272,train
Macro,77,75,76,74,0.129303976893425,948.3920069339465,-0.06143153876921172,0.9499992039241242,train
Macro,77,76,76,75,0.0612858310341835,472.7903257042521,-0.10381130312197023,0.9443858576728441,train
Macro,77,78,76,77,0.131108820438385,485.3465192344266,-0.06574084276259817,0.949886322053963,train
Macro,77,79,76,78,0.12920650839805603,955.9800667850507,0.0024936716401322235,0.94082544213408,train
Macro,77,94,76,93,0.06978507339954376,1508.790766611533,-0.03562637101478074,0.9480154231576592,train
Macro,77,96,76,95,0.058958109468221664,1003.909323398673,-0.07487328986208125,0.9175565937822947,train
Macro,77,99,76,98,0.07022390514612198,1563.475922074116,0.04143115420868231,0.9478391082505571,train
Macro,78,57,77,56,0.06997056305408478,3536.561426933654,0.45397197400011796,0.9550764790278901,train
Macro,78,73,77,72,0.06987129151821136,2381.4491136178967,0.42084569216460177,0.9491310057610356,train
Macro,78,74,77,73,0.07008157670497894,1911.343376645593,0.47798356112267365,0.9528613302230179,train
Macro,78,75,77,74,0.07015600800514221,1431.6801742150842,0.5116256733236677,0.9544536626614327,train
Macro,78,76,77,75,0.12937119603157043,957.5042013829226,0.5962231905664332,0.9560924465324917,train
Macro,78,77,77,76,0.06131589785218239,485.3465192344266,-0.06574084276259817,0.949886322053963,train
Macro,78,79,77,78,0.1317504197359085,473.66848543058217,0.747021201423182,0.9571223811535734,train
Macro,78,80,77,79,0.06980649381875992,9503.267218932027,0.6282489082573718,0.9510719465142297,train
Macro,78,84,77,83,0.06977500766515732,7604.518758766047,0.36967209975116216,0.9436717453257537,train
Macro,78,94,77,93,0.069805808365345,1926.4046151470993,0.3814258818868362,0.9523080808616459,train
Macro,78,97,77,96,0.058937918394804,1018.2023762682254,0.6543115771544231,0.9410948055567645,train
Macro,78,98,77,97,0.12915773689746857,989.0465043780179,0.6669977945759905,0.9569089762462176,train
Macro,79,57,78,56,0.07014280557632446,3448.9753884973393,0.5148281998802196,0.9575356294405959,train
Macro,79,74,78,73,0.0698213055729866,2382.873364640789,0.42731568293103606,0.9503564409723909,train
Macro,79,75,78,74,0.07020565122365952,1904.086368261169,0.4467061816548753,0.9534323509355507,train
Macro,79,76,78,75,0.07000314444303513,1428.764843595103,0.5054778052365129,0.951271074932585,train
Macro,79,77,78,76,0.05988950654864311,955.9800667850507,0.0024936716401322235,0.94082544213408,train
Macro,79,78,78,77,0.13225223124027252,473.66848543058217,0.747021201423182,0.9571223811535734,train
Macro,79,80,78,79,0.07006587088108063,9974.778881501095,0.7500982831955955,0.9546412676661166,train
Macro,79,84,78,83,0.06988030672073364,8076.3439207981855,0.4178580517191052,0.9467401092970618,train
Macro,79,94,78,93,0.06983660161495209,2326.942780866073,0.3446010586180125,0.9496714246595821,train
Macro,79,97,78,96,0.058624036610126495,1160.377406666123,0.5675330836035329,0.9407415389413978,train
Macro,79,98,78,97,0.12992538511753082,941.7438998877022,0.6836748408425962,0.9509685812032123,train
Macro,79,99,78,98,0.05955361947417259,1013.8137748778955,0.6794251488645257,0.9338952659909694,train
Macro,79,103,78,102,0.06979957222938538,8328.020649752587,0.41294369587187596,0.9404580071458208,train
Macro,80,13,79,12,0.05794748663902283,1475.4899857076568,0.311831403928659,0.9244396348905034,train
Macro,80,14,79,13,0.057981520891189575,1471.454675902081,0.3107571213561588,0.9108020119506661,train
Macro,80,57,79,56,0.07018660753965378,11219.288808539824,0.580179174690296,0.9567442015389998,train
Macro,80,61,79,60,0.06973903626203537,3633.051011369196,0.3606948659118633,0.9398854659884995,train
Macro,80,75,79,74,0.06993146985769272,8071.742487839139,0.41505537795687886,0.9425570310352092,train
Macro,80,78,79,77,0.07013647258281708,9503.267218932027,0.6282489082573718,0.9510719465142297,train
Macro,80,79,79,78,0.07050904631614685,9974.778881501095,0.7500982831955955,0.9546412676661166,train
Macro,80,81,79,80,0.06379644572734833,478.89970062412067,0.7084660876544957,0.9229776536790278,train
Macro,80,82,79,81,0.061889830976724625,918.648540687596,0.6164856984477812,0.9356070748529358,train
Macro,80,83,79,82,0.05838475003838539,1422.9556666765104,0.5183022826125085,0.9200593655776993,train
Macro,80,84,79,83,0.07012810558080673,1899.6434080278648,0.495908617008717,0.9524078146766077,train
Macro,80,98,79,97,0.07003585249185562,9791.086046084685,0.584926158890077,0.9536440327412089,train
Macro,80,101,79,100,0.06977256387472153,11217.100056700414,0.5359433796324523,0.9503104500992321,train
Macro,80,103,79,102,0.06979630887508392,1934.4461835647357,0.45465271194049167,0.9388315936604952,train
Macro,80,104,79,103,0.06976451724767685,2300.8040410106637,0.3874147094031735,0.948173583478416,train
Macro,81,15,80,14,0.05710749700665474,1396.6721713918498,0.27473590242539836,0.9108888151104407,train
Macro,81,55,80,54,0.07008679211139679,9812.16828874779,0.3408715453172029,0.9376109578785021,train
Macro,81,57,80,56,0.06983155012130737,10746.343637371021,0.5773893350923945,0.9340544800406233,train
Macro,81,58,80,57,0.07001187652349472,3410.8750019554277,0.4727497434795022,0.9301606261134787,train
Macro,81,59,80,58,0.06953456997871399,3346.101427316295,0.516633786541839,0.9260439434285509,train
Macro,81,63,80,62,0.06970620900392532,3719.175817367537,0.2873720839438187,0.928091377886235,train
Macro,81,75,80,74,0.06964215636253357,7598.090883966127,0.3715293652719041,0.9249281106225389,train
Macro,81,79,80,78,0.07006102800369263,9501.585037124685,0.5721967911806584,0.9267652308848335,train
Macro,81,80,80,79,0.06217290088534355,478.89970062412067,0.7084660876544957,0.9229776536790278,train
Macro,81,82,80,81,0.13327887654304504,440.00111226444926,0.6288275306187668,0.9626966446246539,train
Macro,81,83,80,82,0.06015176698565483,948.0196188392938,0.6263399947805798,0.9071562320446047,train
Macro,81,84,80,83,0.06968951970338821,1425.2411304050602,0.5433175429416864,0.9301727710943769,train
Macro,81,85,80,84,0.0704401358962059,1899.4254916458904,0.3172683441344366,0.9429922187907951,train
Macro,81,102,80,101,0.05828511342406273,1239.8638281791239,0.5376566518792822,0.8896678184217676,train
Macro,82,55,81,54,0.07004064321517944,9376.948938272117,0.3530299688980906,0.9441695367821721,train
Macro,82,58,81,57,0.0698184072971344,3443.9727532825277,0.5231802276067917,0.9318943776004907,train
Macro,82,79,81,78,0.07028219103813171,9071.26369088358,0.5314466905334367,0.9343802827037107,train
Macro,82,80,81,79,0.05961493030190468,918.648540687596,0.6164856984477812,0.9356070748529358,train
Macro,82,81,81,80,0.13205331563949585,440.00111226444926,0.6288275306187668,0.9626966446246539,train
Macro,82,83,81,82,0.061311542987823486,524.8987280823535,0.624445470606586,0.9170410223361409,train
Macro,82,84,81,83,0.1289096176624298,998.5285930969807,0.6230275001360734,0.9326813714215121,train
Macro,82,85,81,84,0.0705927312374115,1471.0984324655913,0.44335665458546974,0.9510217471003728,train
Macro,82,86,81,85,0.06975539028644562,1945.958404608795,0.4017560107018078,0.9404630308608819,train
Macro,82,102,81,101,0.058347657322883606,1130.986816016264,0.6482280064692792,0.896605614917553,train
Macro,82,103,81,102,0.06977660953998566,1343.6943449576647,0.5774044911968468,0.928218323616213,train
Macro,82,104,81,103,0.06977257132530212,1598.5026125399318,0.4840114884551122,0.9404829695034009,train
Macro,82,105,81,104,0.06972447782754898,2030.5236778131389,0.44509512372680166,0.9367431655849179,train
Macro,83,80,82,79,0.06972544640302658,1422.9556666765104,0.5183022826125085,0.9200593655776993,train
Macro,83,81,82,80,0.05932045727968216,948.0196188392938,0.6263399947805798,0.9071562320446047,train
Macro,83,82,82,81,0.13100656867027283,524.8987280823535,0.624445470606586,0.9170410223361409,train
Macro,83,84,82,83,0.13128623366355896,477.22199054024964,0.7159936380817509,0.9224092826319389,train
Macro,83,85,82,84,0.12942087650299072,951.4101970610324,0.3131277310161936,0.9281532364086716,train
Macro,83,86,82,85,0.06994058936834335,1426.776619902679,0.3314953037975037,0.9295752936146817,train
Macro,83,96,82,95,0.06979149580001831,7442.501694650358,0.3055208749092963,0.9150033075481083,train
Macro,83,97,82,96,0.06994839012622833,7963.528680905641,0.36329734773249506,0.922433056522833,train
Macro,83,100,82,99,0.07047136127948761,9336.613912856312,0.5403235166978114,0.9273242665862019,train
Macro,83,102,82,101,0.05888538062572479,1023.6423962478032,0.5718585546711461,0.8921872285260736,train
Macro,83,103,82,102,0.07022915780544281,1029.1678661209578,0.5431154667171527,0.9207208541807039,train
Macro,83,115,82,114,0.06997404247522354,6506.144255088206,0.2532111611124488,0.9223812173299463,train
Macro,84,17,83,16,0.06985431164503098,1403.4709121893986,0.2703450606548895,0.9474534112972149,train
Macro,84,40,83,39,0.06992898881435394,2409.49637174702,0.3219034767374593,0.9568019994313076,train
Macro,84,57,83,56,0.07017738372087479,9404.047235524067,0.4417261035504625,0.9599241200875575,train
Macro,84,59,83,58,0.06988692283630371,3736.3175196238744,0.5421236471879551,0.9454134309276949,train
Macro,84,61,83,60,0.06988735496997833,3441.897664770999,0.5274151290375696,0.9437770110244292,train
Macro,84,79,83,78,0.07003501802682877,8076.3439207981855,0.4178580517191052,0.9467401092970618,train
Macro,84,82,83,81,0.0589815117418766,998.5285930969807,0.6230275001360734,0.9326813714215121,train
Macro,84,83,83,82,0.06126481667160988,477.22199054024964,0.7159936380817509,0.9224092826319389,train
Macro,84,85,83,84,0.061273496598005295,474.2054689580494,0.5049091436415114,0.943771132426646,train
Macro,84,86,83,85,0.12940961122512817,949.5581241170619,0.4756874235717368,0.958256337188226,train
Macro,84,103,83,102,0.07019215822219849,1007.0926457840533,0.6431831275197918,0.9548835580122418,train
Macro,84,104,83,103,0.1292629987001419,956.6893166134208,0.5815647447692437,0.9539067876479164,train
Macro,84,105,83,104,0.06984542310237885,1222.6039921950698,0.568469284224713,0.9543774354496896,train
Macro,85,55,84,54,0.06993895024061203,8051.826097095692,0.3247976247971782,0.9496342966739169,train
Macro,85,58,84,57,0.07013867050409317,4241.530298743043,0.41078189037607804,0.9451387662631295,train
Macro,85,63,84,62,0.06999589502811432,3342.0490045830225,0.5033528578771562,0.9457416116731205,train
Macro,85,81,84,80,0.06989355385303497,1899.4254916458904,0.3172683441344366,0.9429922187907951,train
Macro,85,82,84,81,0.07054460793733597,1471.0984324655913,0.44335665458546974,0.9510217471003728,train
Macro,85,83,84,82,0.059199292212724686,951.4101970610324,0.3131277310161936,0.9281532364086716,train
Macro,85,84,84,83,0.0612214058637619,474.2054689580494,0.5049091436415114,0.943771132426646,train
Macro,85,86,84,85,0.1310972422361374,475.37828803758936,0.7403273720431862,0.9539192186957306,train
Macro,85,87,84,86,0.059212300926446915,949.0674429792216,0.6335303959472436,0.914311956859915,train
Macro,85,103,84,102,0.06983228772878647,1196.6724237674066,0.5174990981868021,0.940240657317328,train
Macro,85,104,84,103,0.12907983362674713,960.4239609454996,0.590600677076836,0.9536270656954853,train
Macro,85,105,84,104,0.06999180465936661,1017.7409252103344,0.5591098622474905,0.9504515151509629,train
Macro,85,124,84,123,0.06985406577587128,2157.480532692467,0.3000047417075017,0.9510309758409491,train
Macro,86,40,85,39,0.06976062804460526,2761.2679164361425,0.3518202058976245,0.955572401396109,train
Macro,86,61,85,60,0.06986044347286224,3756.1688099045045,0.5151152473469249,0.9556424739333266,train
Macro,86,64,85,63,0.07005732506513596,3343.4023443009123,0.5289190986065092,0.9562752912909073,train
Macro,86,84,85,83,0.12921534478664398,949.5581241170619,0.4756874235717368,0.958256337188226,train
Macro,86,85,85,84,0.06124090403318405,475.37828803758936,0.7403273720431862,0.9539192186957306,train
Macro,86,87,85,86,0.06124099716544151,475.3455636618458,0.7424048899614548,0.930464033937933,train
Macro,86,88,85,87,0.12937436997890472,948.1734801418037,0.5818145290077197,0.9635130999764364,train
Macro,86,101,85,100,0.06970013678073883,8390.64632954452,0.27141799715138054,0.9616395387644746,train
Macro,86,103,85,102,0.070139579474926,1512.7488762082082,0.4659979640946922,0.9543566814130588,train
Macro,86,104,85,103,0.07019828259944916,1169.6163639966458,0.5180141335344071,0.9695587908547132,train
Macro,86,105,85,104,0.07011708617210388,1006.6478385406778,0.5692458550183058,0.9654153648240017,train
Macro,86,106,85,105,0.05904702842235565,982.2978634889633,0.5253080372698103,0.9376058344486069,train
Macro,86,107,85,106,0.07004790008068085,1269.2610982594988,0.5773784934680452,0.9645433882310174,train
Macro,87,40,86,39,0.07011321932077408,2992.6775396266303,0.3675510387755319,0.939989639715243,train
Macro,87,60,86,59,0.06979071348905563,4203.03744625772,0.3722291768088555,0.928194933316209,train
Macro,87,64,86,63,0.06982973963022232,3355.4769065833298,0.5867979938159223,0.916863515471569,train
Macro,87,84,86,83,0.06991881877183914,1422.9620738825167,0.3784383679609791,0.9391802112776315,train
Macro,87,85,86,84,0.05928713083267212,949.0674429792216,0.6335303959472436,0.914311956859915,train
Macro,87,86,86,85,0.06129550188779831,475.3455636618458,0.7424048899614548,0.930464033937933,train
Macro,87,88,86,87,0.13127166032791138,478.6397164209136,0.6505166850980921,0.9327611098331979,train
Macro,87,89,86,88,0.05928259342908859,949.8845750165266,0.5774091395441444,0.920213445290473,train
Macro,87,103,86,102,0.06973529607057571,1923.717172305813,0.3987964739980475,0.9208407703519386,train
Macro,87,104,86,103,0.06998404115438461,1537.924345373751,0.4504215239265185,0.9322005963014609,train
Macro,87,105,86,104,0.07041570544242859,1245.6122163645834,0.4855717008338995,0.9425074870192857,train
Macro,87,106,86,105,0.058848787099123,1025.2043062801679,0.4819702243209268,0.8839681341731902,train
Macro,87,107,86,106,0.06990652531385422,1120.8066747020926,0.6486522594991769,0.9322843330414107,train
Macro,87,109,86,108,0.07032033056020737,1565.8029237186058,0.4429065200482303,0.9410431309181544,train
Macro,88,19,87,18,0.06979983299970627,1826.8998335630995,0.35097108801646676,0.9523778990295371,train
Macro,88,40,87,39,0.0699453204870224,3352.704818277019,0.4383340628360292,0.9578056118429169,train
Macro,88,64,87,63,0.07029255479574203,3534.155080718003,0.5779258345898385,0.9573327185168019,train
Macro,88,86,87,85,0.12937970459461212,948.1734801418037,0.5818145290077197,0.9635130999764364,train
Macro,88,87,87,86,0.06122992932796478,478.6397164209136,0.6505166850980921,0.9327611098331979,train
Macro,88,89,87,88,0.06124361231923103,473.88592235584747,0.733571159719393,0.9398315578308045,train
Macro,88,90,87,89,0.05922790989279747,949.9653042769754,0.6017251277027658,0.9597630874806192,train
Macro,88,103,87,102,0.06982017308473587,2315.1558492692193,0.40670817991705466,0.9471778301414608,train
Macro,88,104,87,103,0.0700918659567833,1902.4515147186949,0.44170256109403694,0.9635847193233518,train
Macro,88,105,87,104,0.07012225687503815,1527.0376639880408,0.5219577404299492,0.9600187957467696,train
Macro,88,107,87,106,0.06999397277832031,1060.8308161838108,0.6528758668338135,0.9593941404975523,train
Macro,88,108,87,107,0.05906069278717041,979.6433379244776,0.5586006909591161,0.912296568298668,train
Macro,88,110,87,109,0.069845050573349,1541.6408910435784,0.5321588521797407,0.9571488804405226,train
Macro,88,111,87,110,0.06994712352752686,1948.6671945722567,0.41961182680732817,0.9554209278396198,train
Macro,89,19,88,18,0.06996198743581772,2155.4014948133718,0.3725810357365215,0.9370191971881607,train
Macro,89,40,88,39,0.06995636969804764,3692.2927679339145,0.4510927255409504,0.9366398515071114,train
Macro,89,64,88,63,0.06996186822652817,3700.806407834841,0.5483391860033513,0.9310582167524397,train
Macro,89,69,88,68,0.059236615896224976,950.6851885254778,0.1337953142440512,0.8822932210288582,train
Macro,89,77,88,76,0.07008182257413864,4749.240026443343,0.07158621999922431,0.9366465679246205,train
Macro,89,87,88,86,0.05924106389284134,949.8845750165266,0.5774091395441444,0.920213445290473,train
Macro,89,88,88,87,0.13124766945838928,473.88592235584747,0.733571159719393,0.9398315578308045,train
Macro,89,90,88,89,0.06124803423881531,476.91507458878596,0.7344120065755323,0.9337233984736144,train
Macro,89,104,88,103,0.06989230215549469,2334.82142435899,0.3853368797425519,0.9363538894060205,train
Macro,89,105,88,104,0.07009664922952652,1923.559912375712,0.4453611250863634,0.9380146145845615,train
Macro,89,107,88,106,0.06995968520641327,1262.79569704168,0.57012790697006,0.9372844387660216,train
Macro,89,108,88,107,0.059017542749643326,989.3673536373476,0.49849123523493993,0.8911266834599731,train
Macro,89,109,88,108,0.07026155292987823,998.3682002651541,0.6576074907658522,0.9408514564818089,train
Macro,89,111,88,110,0.0698368102312088,1571.1904938566834,0.4471587654480808,0.9364699230548128,train
Macro,90,40,89,39,0.0698191225528717,4084.208398620483,0.4374729451100443,0.956001133299823,train
Macro,90,64,89,63,0.06993485242128372,3953.196195466748,0.49801154871576514,0.9480343497633439,train
Macro,90,65,89,64,0.06982188671827316,3695.254776072311,0.6111653174163675,0.9541301266228234,train
Macro,90,66,89,65,0.06988723576068878,3542.4437758520494,0.537458004240887,0.9584970712100866,train
Macro,90,69,89,68,0.061232637614011765,473.94809154287606,0.12495116439110118,0.8950283981985172,train
Macro,90,70,89,69,0.05921362340450287,950.6589343799012,0.12592631588784076,0.8757181803660998,train
Macro,90,88,89,87,0.12929847836494446,949.9653042769754,0.6017251277027658,0.9597630874806192,train
Macro,90,89,89,88,0.061224110424518585,476.91507458878596,0.7344120065755323,0.9337233984736144,train
Macro,90,107,89,106,0.070133276283741,1560.6841466419903,0.5156351995917151,0.9588533975576765,train
Macro,90,108,89,107,0.06979137659072876,1172.338385176763,0.399852264499457,0.9181078492337801,train
Macro,90,109,89,108,0.059112150222063065,968.7570224572287,0.6245497659300898,0.9528981107575598,train
Macro,90,110,89,109,0.0704612210392952,991.5110149346227,0.6275619342929537,0.968586838436845,train
Macro,90,111,89,110,0.07031583040952682,1226.623368475076,0.4423786097017211,0.9623398441117239,train
Macro,90,127,89,126,0.06975419819355011,2697.6850075082143,0.36705104647182557,0.9512566481810996,train
Macro,91,48,90,47,0.06992613524198532,4722.396976429877,0.211789792160707,0.9507937767298711,train
Macro,91,71,90,70,0.05905194580554962,974.5432786829493,0.49119242631968013,0.9394228195532779,train
Macro,91,72,90,71,0.07001357525587082,1004.9261369959233,0.2945100869996857,0.9552377056660784,train
Macro,91,73,90,72,0.06990678608417511,1176.5605107043468,0.4177468840045302,0.9496160355606893,train
Macro,91,74,90,73,0.06989746540784836,1497.2695230060885,0.38382587683878444,0.9479992522544025,train
Macro,91,92,90,91,0.06123679503798485,462.4436894447176,0.6439915301667172,0.9441841294537373,train
Macro,91,93,90,92,0.0594085268676281,909.8312682211928,0.4447179879333578,0.9403052545791134,train
Macro,91,94,90,93,0.07048597186803818,1413.478104175906,0.4951503180077904,0.957590555414368,train
Macro,91,98,90,97,0.06969036906957626,3318.316022734866,0.26075177606402944,0.9419838484380773,train
Macro,91,111,90,110,0.05913712456822395,959.4467236423237,0.11750201464416589,0.9093519790037543,train
Macro,91,112,90,111,0.06116562336683273,487.24722868407474,0.11882852233156829,0.8945238911649728,train
Macro,91,113,90,112,0.07059462368488312,1038.2726454820317,0.3148695062932837,0.9585118778681146,train
Macro,91,115,90,114,0.06972967833280563,1552.4735624123082,0.4717211368788375,0.9425136649853754,train
Macro,91,116,90,115,0.07006267458200455,1948.0974683852226,0.3596017989053723,0.9464055646157192,train
Macro,91,117,90,116,0.06969267874956131,2366.7375503074354,0.3338751639461391,0.9454885490391228,train
Macro,92,73,91,72,0.05910038203001022,966.480798708983,0.6427621494022266,0.923911849546201,train
Macro,92,77,91,76,0.06984449177980423,2318.747166481782,0.014134093929361949,0.9337762453545129,train
Macro,92,91,91,90,0.13177576661109924,462.4436894447176,0.6439915301667172,0.9441841294537373,train
Macro,92,93,91,92,0.06128066033124924,447.5596232244284,0.6946898449441499,0.9150233454874858,train
Macro,92,94,91,93,0.1293717622756958,951.4345099833107,0.6405229181344102,0.936068011708843,train
Macro,92,95,91,94,0.06969921290874481,1425.7095146519491,0.5034814018357948,0.9352381097539383,train
Macro,92,99,91,98,0.06998544186353683,3333.7975533531203,0.3198576517318993,0.9283096943870667,train
Macro,92,112,91,111,0.05919462814927101,949.6376532882683,0.1296638946414474,0.8879337277519229,train
Macro,92,113,91,112,0.06984653323888779,1048.2495061230672,0.5225432577680386,0.9329419957210542,train
Macro,92,115,91,114,0.07028613239526749,1246.872861950983,0.617168636158772,0.9379800395339175,train
Macro,92,116,91,115,0.07004867494106293,1581.1756442355525,0.49270844449321255,0.9351537525749161,train
Macro,92,117,91,116,0.06988058984279633,1966.9242747438982,0.4505844724152236,0.9337565078731764,train
Macro,92,119,91,118,0.06968569755554199,2829.8392487463166,0.3340003483558134,0.9292810497986455,train
Macro,93,72,92,71,0.06984754651784897,1195.9675859219765,0.5361153053744327,0.9458506465781639,train
Macro,93,73,92,72,0.12907548248767853,968.6401425425901,0.6651112518676092,0.9381420707270548,train
Macro,93,74,92,73,0.12920188903808594,969.7030010245367,0.6662320428774403,0.9472637435456209,train
Macro,93,75,92,74,0.07013820856809616,1218.2246259417773,0.585369400174159,0.9518046163287813,train
Macro,93,76,92,75,0.0699668601155281,1524.5880301465963,0.5187484716140441,0.9430213570616585,train
Macro,93,78,92,77,0.06971919536590576,2367.263851054015,0.3841706513142261,0.9382005140407171,train
Macro,93,79,92,78,0.06989014148712158,2790.0012870698683,0.3551477089091202,0.9355420017133483,train
Macro,93,91,92,90,0.05941511318087578,909.8312682211928,0.4447179879333578,0.9403052545791134,train
Macro,93,92,92,91,0.06128454953432083,447.5596232244284,0.6946898449441499,0.9150233454874858,train
Macro,93,94,92,93,0.13167518377304077,503.93386161359246,0.6797909342440497,0.9511581037257835,train
Macro,93,98,92,97,0.069893017411232,2408.503215798906,0.4191977222573277,0.9440117690045883,train
Macro,93,113,92,112,0.06989281624555588,1220.934216822936,0.5430753584680719,0.9468306417621002,train
Macro,94,72,93,71,0.06989220529794693,1554.5368808001747,0.38437647147968307,0.959641929636059,train
Macro,94,73,93,72,0.07005728781223297,1201.4834762145122,0.5444171647523709,0.9557393089606325,train
Macro,94,74,93,73,0.12918660044670105,985.7653146213381,0.6242002393859795,0.959518676232644,train
Macro,94,75,93,74,0.07018562406301498,1016.7017115402,0.6587824263774484,0.957428658961206,train
Macro,94,76,93,75,0.07002968341112137,1180.914709431624,0.5596050570898992,0.9543874946932149,train
Macro,94,79,93,78,0.06995148956775665,2326.942780866073,0.3446010586180125,0.9496714246595821,train
Macro,94,91,93,90,0.06981638073921204,1413.478104175906,0.4951503180077904,0.957590555414368,train
Macro,94,92,93,91,0.05924453213810921,951.4345099833107,0.6405229181344102,0.936068011708843,train
Macro,94,93,93,92,0.13118068873882294,503.93386161359246,0.6797909342440497,0.9511581037257835,train
Macro,94,95,93,94,0.06126806139945984,474.2962807450348,0.6417845216983818,0.9421605110703573,train
Macro,94,96,93,95,0.05925663188099861,949.2574202602038,0.5345763610455494,0.9334648736004897,train
Macro,94,98,93,97,0.07001183927059174,1904.9506448599839,0.40874662629864317,0.9558837281712613,train
Macro,94,113,93,112,0.06991894543170929,1545.3627472483809,0.4011908542827881,0.9535911390122337,train
Macro,95,55,94,54,0.07015834748744965,4523.2341731090555,0.3162778814062175,0.9436475027187498,train
Macro,95,58,94,57,0.0701892152428627,9593.148234515678,0.28341099261257807,0.935912419977003,train
Macro,95,71,94,70,0.06990019232034683,2293.421520735732,0.4169196569630939,0.9294430959847281,train
Macro,95,75,94,74,0.06986498832702637,1026.1056376362885,0.6456834161363556,0.939433976444089,train
Macro,95,76,94,75,0.059141889214515686,981.4255499353277,0.6627177783834026,0.9295653109628262,train
Macro,95,77,94,76,0.0700887143611908,1181.7806143758237,-0.049498297435570215,0.944313082335011,train
Macro,95,82,94,81,0.06990823894739151,7493.662762363847,0.3163669012028402,0.933602790766794,train
Macro,95,85,94,84,0.06997768580913544,6028.6786596412885,0.2284056357263961,0.9383203600811868,train
Macro,95,93,94,92,0.059160519391298294,978.1705429395838,0.6035899612332957,0.9266273197384839,train
Macro,95,94,94,93,0.13131414353847504,474.2962807450348,0.6417845216983818,0.9421605110703573,train
Macro,95,96,94,95,0.06133461743593216,475.2000734125051,0.6959645612791511,0.908089148051135,train
Macro,95,97,94,96,0.05902581661939621,1001.4930135028627,0.6156963579288294,0.9162728079977377,train
Macro,95,113,94,112,0.06979716569185257,1928.2994220986375,0.43240110899698986,0.9409764782278257,train
Macro,95,119,94,118,0.07013852149248123,1576.9717821346705,0.3745332086638002,0.941677523251279,train
Macro,96,76,95,75,0.06992541998624802,1011.5412630449204,0.6478565425968967,0.9442095335778308,train
Macro,96,77,95,76,0.05898713693022728,1003.909323398673,-0.07487328986208125,0.9175565937822947,train
Macro,96,79,95,78,0.06963588297367096,1526.9278232870904,0.49570017377288217,0.9267472472178959,train
Macro,96,80,95,79,0.06966853141784668,8845.090529516767,0.4410194751722433,0.935437019503972,train
Macro,96,94,95,93,0.12905439734458923,949.2574202602038,0.5345763610455494,0.9334648736004897,train
Macro,96,95,95,94,0.0613090917468071,475.2000734125051,0.6959645612791511,0.908089148051135,train
Macro,96,97,95,96,0.13198813796043396,526.947511340291,0.725509999979595,0.9629650688735303,train
Macro,96,98,95,97,0.1290893703699112,957.532275334598,0.6058765137569322,0.9358003793775721,train
Macro,96,100,95,99,0.07010553777217865,1906.6730839485601,0.446047778177332,0.9451917962582438,train
Macro,96,101,95,100,0.06976053863763809,2381.354457409343,0.3856553654422566,0.9427634972473848,train
Macro,96,115,95,114,0.06997667998075485,1520.94814783648,0.4954104385424162,0.9483378023695908,train
Macro,96,116,95,115,0.07049927860498428,1203.7959014983933,0.5397269642526411,0.9491059642142121,train
Macro,97,76,96,75,0.06995527446269989,1242.338745700662,0.5988391990224655,0.9516736767399805,train
Macro,97,77,96,76,0.05891573429107666,1014.8318369625582,-0.07640615638299011,0.924095492018721,train
Macro,97,79,96,78,0.06959891319274902,1160.377406666123,0.5675330836035329,0.9407415389413978,train
Macro,97,95,96,94,0.05899401009082794,1001.4930135028627,0.6156963579288294,0.9162728079977377,train
Macro,97,96,96,95,0.1318478286266327,526.947511340291,0.725509999979595,0.9629650688735303,train
Macro,97,98,96,97,0.13135114312171936,431.42427988977647,0.7160615579570309,0.9473065158754126,train
Macro,97,99,96,98,0.05952362343668938,906.6218696099946,0.591692898068271,0.9292058215540387,train
Macro,97,100,96,99,0.07027193158864975,1379.9821823280433,0.5428298571290393,0.9536421091035772,train
Macro,97,101,96,100,0.06968879699707031,1854.6330258199234,0.4571973305656439,0.9493829587708223,train
Macro,97,103,96,102,0.06960270553827286,7620.731807952015,0.37297250014611455,0.9290850013416833,train
Macro,97,115,96,114,0.07005701214075089,1961.7164435609084,0.4573008102690184,0.9549027297572253,train
Macro,97,116,96,115,0.07048997282981873,1575.7756205399967,0.48741256834370206,0.9595109014354323,train
Macro,97,122,96,121,0.06970304995775223,1919.3708084803156,0.43912228896567923,0.9501345585599947,train
Macro,98,57,97,56,0.06991055607795715,4390.3684009213985,0.4469294948044406,0.9568725988106744,train
Macro,98,76,97,75,0.06982972472906113,1519.5474825703511,0.5028162590441371,0.9506955918942686,train
Macro,98,78,97,77,0.07007937133312225,989.0465043780179,0.6669977945759905,0.9569089762462176,train
Macro,98,79,97,78,0.12932135164737701,941.7438998877022,0.6836748408425962,0.9509685812032123,train
Macro,98,94,97,93,0.0700380802154541,1904.9506448599839,0.40874662629864317,0.9558837281712613,train
Macro,98,96,97,95,0.05913646146655083,957.532275334598,0.6058765137569322,0.9358003793775721,train
Macro,98,97,97,96,0.061308879405260086,431.42427988977647,0.7160615579570309,0.9473065158754126,train
Macro,98,99,97,98,0.06116954982280731,481.8827110573501,0.7654034987420907,0.9511916309820191,train
Macro,98,100,97,99,0.1290571391582489,953.1227372321894,0.5691591516655101,0.9526765198293216,train
Macro,98,101,97,100,0.07005737721920013,1427.069044051207,0.48894364320960276,0.9587845827746849,train
Macro,98,103,97,102,0.07011830806732178,8049.928120825789,0.4343466417872907,0.9504191667790185,train
Macro,98,104,97,103,0.07007759809494019,7617.28491088813,0.3732506802180025,0.9588469867373024,train
Macro,98,122,97,121,0.06989558786153793,1599.8557573689143,0.5421225295208537,0.9538647397873464,train
Macro,99,77,98,76,0.07032528519630432,1563.475922074116,0.04143115420868231,0.9478391082505571,train
Macro,99,79,98,78,0.06993215531110764,1013.8137748778955,0.6794251488645257,0.9338952659909694,train
Macro,99,94,98,93,0.06997595727443695,2382.3652022403307,0.3610526645499666,0.9388135697517799,train
Macro,99,97,98,96,0.05943506583571434,906.6218696099946,0.591692898068271,0.9292058215540387,train
Macro,99,98,98,97,0.13143913447856903,481.8827110573501,0.7654034987420907,0.9511916309820191,train
Macro,99,100,98,99,0.13113443553447723,473.4280629563631,0.6147103946017645,0.9392068398824105,train
Macro,99,101,98,100,0.12889297306537628,948.1117701379314,0.5286926714214035,0.9403214592775283,train
Macro,99,103,98,102,0.06998974084854126,8527.130360617217,0.49264817457941995,0.9323064576197415,train
Macro,99,104,98,103,0.07004966586828232,8094.985842655925,0.4243863589608565,0.9434248868422278,train
Macro,99,105,98,104,0.07004053890705109,7602.724548977119,0.36884102763685567,0.9446848645641749,train
Macro,99,120,98,119,0.05894877761602402,994.1672446142381,0.6910600705658586,0.9335410041413373,train
Macro,99,122,98,121,0.0698363333940506,1225.8788989120426,0.6192314783226037,0.942325806012908,train
Macro,100,96,99,95,0.06999769806861877,1906.6730839485601,0.446047778177332,0.9451917962582438,train
Macro,100,97,99,96,0.07029562443494797,1379.9821823280433,0.5428298571290393,0.9536421091035772,train
Macro,100,98,99,97,0.1294025033712387,953.1227372321894,0.5691591516655101,0.9526765198293216,train
Macro,100,99,99,98,0.061343882232904434,473.4280629563631,0.6147103946017645,0.9392068398824105,train
Macro,100,101,99,100,0.13126757740974426,474.68370777271605,0.7475684949574782,0.9510802104596394,train
Macro,100,103,99,102,0.06986163556575775,9000.55842085663,0.4773958086806245,0.9353042480264196,train
Macro,100,104,99,103,0.06990103423595428,8568.401229713627,0.3900799857278556,0.9510601396379218,train
Macro,100,105,99,104,0.06972416490316391,8076.152411999814,0.38344283175024274,0.944315965119779,train
Macro,100,115,99,114,0.07010212540626526,3225.087835296248,0.3533813540914832,0.9509977512228124,train
Macro,100,116,99,115,0.0698518380522728,2778.8775277556265,0.3506983151984156,0.9430131770599052,train
Macro,100,121,99,120,0.05907746031880379,993.3025230785745,0.6594312944277092,0.9337176021913147,train
Macro,100,122,99,121,0.12917444109916687,1018.0644193858952,0.5387084944574236,0.9558212875884933,train
Macro,101,79,100,78,0.069859080016613,1553.8449034226378,0.4477521728291691,0.9535705423024913,train
Macro,101,86,100,85,0.06984561681747437,8390.64632954452,0.27141799715138054,0.9616395387644746,train
Macro,101,98,100,97,0.07005099952220917,1427.069044051207,0.48894364320960276,0.9587845827746849,train
Macro,101,99,100,98,0.06000564247369766,948.1117701379314,0.5286926714214035,0.9403214592775283,train
Macro,101,100,100,99,0.062034718692302704,474.68370777271605,0.7475684949574782,0.9510802104596394,train
Macro,101,103,100,102,0.07030411809682846,9475.242121732424,0.5234132009409398,0.9572138785976807,train
Macro,101,104,100,103,0.07045625150203705,9043.073785280503,0.4363694957660744,0.9712873886418757,train
Macro,101,105,100,104,0.07004687935113907,8550.835968652074,0.4171270345764718,0.9619987204143498,train
Macro,101,107,100,106,0.06978654861450195,7599.449673229009,0.3004398498487378,0.9558884698502561,train
Macro,101,121,100,120,0.1282796412706375,1192.0610662243457,0.5874768443952849,0.9532818663547938,train
Macro,101,122,100,121,0.12953640520572662,1009.3966446042836,0.548574882046511,0.9622660883158973,train
Macro,101,123,100,122,0.12979401648044586,978.9857421715994,0.6311050706443794,0.9576548259901816,train
Macro,102,40,101,39,0.06984031200408936,3365.0800875070136,0.2548245762319408,0.9247335243251802,train
Macro,102,82,101,81,0.05883764103055,1130.986816016264,0.6482280064692792,0.896605614917553,train
Macro,102,83,101,82,0.059513337910175323,1023.6423962478032,0.5718585546711461,0.8921872285260736,train
Macro,102,86,101,85,0.06982021778821945,1924.4538626196527,0.4103585382879042,0.9225707340742813,train
Macro,102,101,101,100,0.06982487440109253,9975.126380805767,0.6084351588657325,0.9270598300644359,train
Macro,102,103,101,102,0.13218116760253906,500.0025873613573,0.7578299030289966,0.9260325771845755,train
Macro,102,104,101,103,0.13038133084774017,935.1117085538488,0.6306355603423729,0.9351273522230424,train
Macro,102,105,101,104,0.0703485757112503,1424.4175300729714,0.5528170511796868,0.935131521834739,train
Macro,102,107,101,106,0.06989458948373795,2376.061802651527,0.4118719554648734,0.9240815856513904,train
Macro,102,120,101,119,0.06980032473802567,8854.470477575453,0.4756216972018635,0.9268793641844647,train
Macro,102,122,101,121,0.06989964842796326,9804.643601089503,0.6025351031034067,0.9268457729569991,train
Macro,102,123,101,122,0.06993833929300308,10272.846807748607,0.6501881424498058,0.9185686556408393,train
Macro,102,124,101,123,0.05971964821219444,988.8116191711415,0.630237767445687,0.901186913973638,train
Macro,103,84,102,83,0.06987705081701279,1007.0926457840533,0.6431831275197918,0.9548835580122418,train
Macro,103,86,102,85,0.06999031454324722,1512.7488762082082,0.4659979640946922,0.9543566814130588,train
Macro,103,98,102,97,0.06981699913740158,8049.928120825789,0.4343466417872907,0.9504191667790185,train
Macro,103,101,102,100,0.07000838220119476,9475.242121732424,0.5234132009409398,0.9572138785976807,train
Macro,103,102,102,101,0.061173390597105026,500.0025873613573,0.7578299030289966,0.9260325771845755,train
Macro,103,104,102,103,0.13187576830387115,436.77986654332926,0.7560784830152782,0.9651620824591975,train
Macro,103,105,102,104,0.12961944937705994,924.445008656195,0.6473480308800519,0.9617376609962971,train
Macro,103,107,102,106,0.07000116258859634,1876.490675171963,0.47685617248978085,0.9543669623790924,train
Macro,103,122,102,121,0.06974199414253235,9308.54652999801,0.5427621799318402,0.9468019023549734,train
Macro,103,123,102,122,0.0700131356716156,9776.217390627291,0.5802062466654194,0.942857234661005,train
Macro,103,124,102,123,0.05898502096533775,993.913975339071,0.6183260936878502,0.9311141306445763,train
Macro,103,125,102,124,0.05911469832062721,971.2789828257919,0.6271003561555742,0.9029351336496906,train
Macro,103,127,102,126,0.06978268921375275,1491.2829140945173,0.5406154337950078,0.9545031463776068,train
Macro,104,61,103,60,0.06965038180351257,4397.988148237278,0.47667391999357595,0.9604818639020594,train
Macro,104,84,103,83,0.059151485562324524,956.6893166134208,0.5815647447692437,0.9539067876479164,train
Macro,104,85,103,84,0.059130579233169556,960.4239609454996,0.590600677076836,0.9536270656954853,train
Macro,104,86,103,85,0.06988023221492767,1169.6163639966458,0.5180141335344071,0.9695587908547132,train
Macro,104,88,103,87,0.06976748257875443,1902.4515147186949,0.44170256109403694,0.9635847193233518,train
Macro,104,101,103,100,0.06999094784259796,9043.073785280503,0.4363694957660744,0.9712873886418757,train
Macro,104,102,103,101,0.059270814061164856,935.1117085538488,0.6306355603423729,0.9351273522230424,train
Macro,104,103,103,102,0.13165895640850067,436.77986654332926,0.7560784830152782,0.9651620824591975,train
Macro,104,105,103,104,0.1315968781709671,494.96162652767407,0.7419337917616642,0.9773601593866896,train
Macro,104,107,103,106,0.07020222395658493,1447.5615426165637,0.5578190536949197,0.9706400325194242,train
Macro,104,122,103,121,0.06976328790187836,8885.789668112497,0.49059517765715027,0.9644035004324595,train
Macro,104,123,103,122,0.07004470378160477,9352.412775893616,0.5094637995076153,0.9624401641763418,train
Macro,104,127,103,126,0.06989199668169022,1236.666256291136,0.6007380783488391,0.9694155233123902,train
Macro,105,40,104,39,0.06975279748439789,3555.3148495709293,0.31875946353887824,0.9615216549472894,train
Macro,105,64,104,63,0.06971155852079391,4318.351169187593,0.3870507838579348,0.949803744985499,train
Macro,105,86,104,85,0.06990794092416763,1006.6478385406778,0.5692458550183058,0.9654153648240017,train
Macro,105,88,104,87,0.06990624964237213,1527.0376639880408,0.5219577404299492,0.9600187957467696,train
Macro,105,101,104,100,0.0696924701333046,8550.835968652074,0.4171270345764718,0.9619987204143498,train
Macro,105,103,104,102,0.1295369267463684,924.445008656195,0.6473480308800519,0.9617376609962971,train
Macro,105,104,104,103,0.13173028826713562,494.96162652767407,0.7419337917616642,0.9773601593866896,train
Macro,105,106,104,105,0.06122134253382683,475.92926364022816,0.7330690198784573,0.9335224747497649,train
Macro,105,107,104,106,0.1294623762369156,953.0456500446147,0.6168056971719722,0.971448961792548,train
Macro,105,123,104,122,0.07014115899801254,8857.451415645339,0.4679681172262619,0.954454965565496,train
Macro,105,127,104,126,0.12893693149089813,975.8992796927498,0.6686147839444683,0.9648570499355074,train
Macro,106,63,105,62,0.06960617750883102,4394.977922073031,0.41899243299324423,0.9248036664733564,train
Macro,106,85,105,84,0.07038509845733643,1199.3861350656064,0.4623504447496767,0.9422046709168727,train
Macro,106,86,105,85,0.0698275938630104,982.2978634889633,0.5253080372698103,0.9376058344486069,train
Macro,106,88,105,87,0.06982745975255966,1176.037377555005,0.5721810768753988,0.9302141261356562,train
Macro,106,101,105,100,0.06978143751621246,8076.2413795363345,0.3828910671686959,0.9329544399525608,train
Macro,106,103,105,102,0.06988895684480667,1399.7479776483879,0.5236353123350211,0.9218531607300777,train
Macro,106,104,105,103,0.12924815714359283,966.9304120084796,0.6093117932041691,0.94156959637953,train
Macro,106,105,105,104,0.1312735676765442,475.92926364022816,0.7330690198784573,0.9335224747497649,train
Macro,106,107,105,106,0.13142263889312744,484.88288998107834,0.6565548737606373,0.9380495916298114,train
Macro,106,108,105,107,0.059259556233882904,948.3419412498848,0.5776200898769829,0.8871145936198023,train
Macro,106,124,105,123,0.07039060443639755,1922.602823926326,0.45129224569372006,0.9422731297959591,train
Macro,106,128,105,127,0.059088703244924545,978.6906440827421,0.5089097803135721,0.9070908668062653,train
Macro,107,40,106,39,0.06985588371753693,4028.552909734021,0.36741164685908895,0.9620595405205893,train
Macro,107,86,106,85,0.069845050573349,1269.2610982594988,0.5773784934680452,0.9645433882310174,train
Macro,107,88,106,87,0.06978444755077362,1060.8308161838108,0.6528758668338135,0.9593941404975523,train
Macro,107,103,106,102,0.06994729489088058,1876.490675171963,0.47685617248978085,0.9543669623790924,train
Macro,107,104,106,103,0.07031751424074173,1447.5615426165637,0.5578190536949197,0.9706400325194242,train
Macro,107,105,106,104,0.07027360051870346,953.0456500446147,0.6168056971719722,0.971448961792548,train
Macro,107,106,106,105,0.0611056312918663,484.88288998107834,0.6565548737606373,0.9380495916298114,train
Macro,107,108,106,107,0.06111807003617287,480.61283311730494,0.4885649369610052,0.9293400482777562,train
Macro,107,109,106,108,0.05911187827587128,952.3731438632623,0.5999148190642901,0.9566990165648753,train
Macro,107,110,106,109,0.06989331543445587,1425.5164006238615,0.4981580325728951,0.9654905118890724,train
Macro,107,111,106,110,0.06994326412677765,1897.203525721334,0.3599968444577089,0.9645294694542197,train
Macro,107,127,106,126,0.07015646994113922,1146.1557915708147,0.6041821611068806,0.9674363742965242,train
Macro,107,128,106,127,0.05945809558033943,888.102612333648,0.31623707119033434,0.9464930465439051,train
Macro,107,129,106,128,0.05920634791254997,935.2379593926518,0.559441654529806,0.9619887849902572,train
Macro,107,130,106,129,0.06998312473297119,1169.6683399763972,0.566194712117951,0.966192341556289,train
Macro,108,40,107,39,0.06985775381326675,4227.958540281565,0.3325696269574661,0.9210606037653646,train
Macro,108,88,107,87,0.12884749472141266,979.6433379244776,0.5586006909591161,0.912296568298668,train
Macro,108,90,107,89,0.06989012658596039,1172.338385176763,0.399852264499457,0.9181078492337801,train
Macro,108,104,107,103,0.06993792951107025,1915.1153332084934,0.37097565751619627,0.9200116449601234,train
Macro,108,105,107,104,0.06996152549982071,1423.5698094233417,0.46934819023900204,0.9242907702194253,train
Macro,108,106,107,105,0.05924159660935402,948.3419412498848,0.5776200898769829,0.8871145936198023,train
Macro,108,107,107,106,0.13156910240650177,480.61283311730494,0.4885649369610052,0.9293400482777562,train
Macro,108,109,107,108,0.0612417571246624,476.2142145271756,0.5852417349892475,0.9148026151718806,train
Macro,108,110,107,109,0.12931601703166962,951.8127017384736,0.5448472852639218,0.9252224041343874,train
Macro,108,111,107,110,0.070064477622509,1425.5212861717882,0.5161086219325677,0.9199780746768561,train
Macro,108,127,107,126,0.0701967403292656,1545.2837543033536,0.4117867423495119,0.9276752066818614,train
Macro,108,130,107,129,0.06987551599740982,1042.493945807127,0.609502140425604,0.9199555205913404,train
Macro,109,65,108,64,0.06969466060400009,4481.14404051445,0.4578654757834032,0.9518450745968989,train
Macro,109,66,108,65,0.06968320161104202,4388.201827555774,0.3579497257378437,0.9553118001365369,train
Macro,109,90,108,89,0.05911426246166229,968.7570224572287,0.6245497659300898,0.9528981107575598,train
Macro,109,104,108,103,0.07000014930963516,2391.3123028301384,0.4212271362818035,0.9557390328257303,train
Macro,109,105,108,104,0.07030989229679108,1899.6666350210908,0.47292598682024656,0.9613233051867862,train
Macro,109,107,108,106,0.1293196976184845,952.3731438632623,0.5999148190642901,0.9566990165648753,train
Macro,109,108,108,107,0.06122832000255585,476.2142145271756,0.5852417349892475,0.9148026151718806,train
Macro,109,110,108,109,0.13106834888458252,475.7069242892565,0.7185210220001939,0.9618771736808106,train
Macro,109,111,108,110,0.1293945610523224,949.6302813496004,0.531141319718436,0.9606691524645038,train
Macro,109,129,108,128,0.06973568350076675,1239.9174589852994,0.5562428186053484,0.9525088934919441,train
Macro,109,130,108,129,0.07040621340274811,1036.5171217312013,0.6520971832694944,0.962370937893909,train
Macro,109,132,108,131,0.07004500925540924,1200.3345085377293,0.47941426638836704,0.952673225090489,train
Macro,110,40,109,39,0.06982874125242233,4888.185430074332,0.35456288918972223,0.962077171553902,train
Macro,110,66,109,65,0.0700339525938034,4531.29644891896,0.3714802568752085,0.968817143099603,train
Macro,110,68,109,67,0.0700223371386528,4364.64223022497,0.37603023247389844,0.964788006176502,train
Macro,110,69,109,68,0.05905868858098984,979.7348195839191,0.11452670043441707,0.8985587410191667,train
Macro,110,88,109,87,0.06980998814105988,1541.6408910435784,0.5321588521797407,0.9571488804405226,train
Macro,110,90,109,89,0.07012499123811722,991.5110149346227,0.6275619342929537,0.968586838436845,train
Macro,110,105,109,104,0.06983926147222519,2374.909231150086,0.40024760090515527,0.9647172259018741,train
Macro,110,107,109,106,0.07006797194480896,1425.5164006238615,0.4981580325728951,0.9654905118890724,train
Macro,110,108,109,107,0.059216152876615524,951.8127017384736,0.5448472852639218,0.9252224041343874,train
Macro,110,109,109,108,0.061236847192049026,475.7069242892565,0.7185210220001939,0.9618771736808106,train
Macro,110,111,109,110,0.1318330019712448,474.02998722092457,0.6820628317382859,0.9746791658761765,train
Macro,110,112,109,111,0.059246692806482315,946.3096185574077,0.5666360932314178,0.9611911433027122,train
Macro,110,127,109,126,0.06978802382946014,2352.1860731492925,0.3914697739165567,0.9617091928772995,train
Macro,110,130,109,129,0.06989339739084244,1218.8672416671184,0.5819480250521941,0.9608591738284157,train
Macro,111,42,110,41,0.06982134282588959,4568.560999742778,0.35048913506714247,0.9594988512446834,train
Macro,111,66,110,65,0.07011710107326508,4730.187084949415,0.2907235542411028,0.9690290311793989,train
Macro,111,68,110,67,0.07012352347373962,4474.449017872416,0.3483043670227233,0.9676556121284166,train
Macro,111,88,110,87,0.06984937191009521,1948.6671945722567,0.41961182680732817,0.9554209278396198,train
Macro,111,90,110,89,0.06991758942604065,1226.623368475076,0.4423786097017211,0.9623398441117239,train
Macro,111,105,110,104,0.06977606564760208,2847.985466635883,0.33031572787756525,0.9602795772429347,train
Macro,111,107,110,106,0.07005522400140762,1897.203525721334,0.3599968444577089,0.9645294694542197,train
Macro,111,109,110,108,0.0591934397816658,949.6302813496004,0.531141319718436,0.9606691524645038,train
Macro,111,110,110,109,0.1317337155342102,474.02998722092457,0.6820628317382859,0.9746791658761765,train
Macro,111,112,110,111,0.13114821910858154,472.627303497735,0.7394605918947431,0.9639870391072436,train
Macro,111,130,110,129,0.06987308710813522,1521.9893790658787,0.5140350496061061,0.9612054211303217,train
Macro,111,132,110,131,0.059164900332689285,954.7588752548074,0.663128047773844,0.9570864898225011,train
Macro,111,133,110,132,0.059226375073194504,943.6805351570217,0.6569387432242441,0.9480465009866278,train
Macro,112,42,111,41,0.06975653767585754,4904.510317494218,0.3437190197135434,0.9481587534505829,train
Macro,112,65,111,64,0.06985900551080704,5158.786828227786,0.3498913176331513,0.9509644147895036,train
Macro,112,66,111,65,0.07015576213598251,4943.747742291197,0.287868286940122,0.9572636672947866,train
Macro,112,68,111,67,0.07029081135988235,4605.888968765321,0.3824537279954073,0.9573316682047686,train
Macro,112,90,111,89,0.06984282284975052,1556.507255497324,0.4124104740049108,0.9520019142364168,train
Macro,112,91,111,90,0.06115848943591118,487.24722868407474,0.11882852233156829,0.8945238911649728,train
Macro,112,92,111,91,0.05918491631746292,949.6376532882683,0.1296638946414474,0.8879337277519229,train
Macro,112,107,111,106,0.06979158520698547,2369.63751403027,0.3104005502053714,0.9489407581241737,train
Macro,112,110,111,109,0.12936201691627502,946.3096185574077,0.5666360932314178,0.9611911433027122,train
Macro,112,111,111,110,0.13179416954517365,472.627303497735,0.7394605918947431,0.9639870391072436,train
Macro,112,130,111,129,0.0697152391076088,1908.8803705302319,0.44574122551980944,0.9485555669985325,train
Macro,112,132,111,131,0.06983631104230881,1163.971272453424,0.5697368713260988,0.947782270780741,train
Macro,112,133,111,132,0.05925239995121956,937.4053191023299,0.6572202110775283,0.9363613493040344,train
Macro,113,48,112,47,0.0698409378528595,5758.058352429776,0.3749935848839188,0.9520484709646891,train
Macro,113,72,112,71,0.07013846188783646,1992.5818214235553,0.5105978760050915,0.9557623547382409,train
Macro,113,73,112,72,0.0700167566537857,2014.5959470652094,0.48491000490447206,0.9509401409375128,train
Macro,113,74,112,73,0.06998244673013687,2162.924324636017,0.44206623914061466,0.95077984755576,train
Macro,113,75,112,74,0.06994428485631943,2438.0375056146404,0.3915361360499105,0.9530530638064629,train
Macro,113,78,112,77,0.06972698867321014,3458.9451291873906,0.31372075752385475,0.9466257149826907,train
Macro,113,91,112,90,0.12909162044525146,1038.2726454820317,0.3148695062932837,0.9585118778681146,train
Macro,113,94,112,93,0.07029303908348083,1545.3627472483809,0.4011908542827881,0.9535911390122337,train
Macro,113,114,112,113,0.06132328882813454,474.02613126302646,0.6705257083328386,0.9286593615198833,train
Macro,113,115,112,114,0.0593181848526001,947.6559433470132,0.5217977341873704,0.940556449216876,train
Macro,113,116,112,115,0.06989864259958267,1423.4422165568956,0.4604512196025636,0.9492924592759969,train
Macro,113,117,112,116,0.06986032426357269,1897.01054089677,0.45843025204543714,0.9537783005625676,train
Macro,113,133,112,132,0.05924690514802933,960.4190204804527,0.11114823142865245,0.8844119053947878,train
Macro,113,134,112,133,0.06131812930107117,475.81896081036933,0.10784206078345447,0.8906691278577883,train
Macro,114,48,113,47,0.06977726519107819,5887.944320591571,0.30059464603405156,0.9180073241501316,train
Macro,114,55,113,54,0.06992684304714203,5867.52534080224,0.24922197206155758,0.9189539970694046,train
Macro,114,71,113,70,0.0700690969824791,2138.8504722147113,0.46262456273164004,0.9189456848740888,train
Macro,114,72,113,71,0.06996390968561172,2027.1381070335037,0.44277841400454837,0.9252774820011025,train
Macro,114,73,113,72,0.06992630660533905,1936.0016058931371,0.5094798825635166,0.9194336359151849,train
Macro,114,74,113,73,0.07011320441961288,1980.6748123730397,0.49498187471916516,0.9229727470410488,train
Macro,114,75,113,74,0.06976862251758575,2175.5282000922543,0.45781226395816377,0.9191961693293217,train
Macro,114,93,113,92,0.1290527880191803,1012.0040299858493,0.679664814514101,0.9168719153697702,train
Macro,114,94,113,93,0.07003577798604965,1202.406316870331,0.5638048311410971,0.9193023867101755,train
Macro,114,113,113,112,0.13155756890773773,474.02613126302646,0.6705257083328386,0.9286593615198833,train
Macro,114,115,113,114,0.06127941608428955,474.74298445991474,0.7172514435940666,0.9113416394704876,train
Macro,114,116,113,115,0.059260398149490356,950.7792610482358,0.5740828864215981,0.9080257097195095,train
Macro,114,134,113,133,0.059268880635499954,949.2520356528291,0.11992423795012803,0.8528534476012322,train
Macro,115,93,114,92,0.06960950046777725,1048.0606478282366,0.671819207580706,0.9438220257076032,train
Macro,115,94,114,93,0.12876330316066742,1020.585282501316,0.6884500669372935,0.9486046812456951,train
Macro,115,96,114,95,0.0700981467962265,1520.94814783648,0.4954104385424162,0.9483378023695908,train
Macro,115,97,114,96,0.07031044363975525,1961.7164435609084,0.4573008102690184,0.9549027297572253,train
Macro,115,98,114,97,0.06975546479225159,2362.5683414875334,0.400119698110772,0.9453706452586702,train
Macro,115,100,114,99,0.07033200562000275,3225.087835296248,0.3533813540914832,0.9509977512228124,train
Macro,115,113,114,112,0.05928581580519676,947.6559433470132,0.5217977341873704,0.940556449216876,train
Macro,115,114,114,113,0.06128775700926781,474.74298445991474,0.7172514435940666,0.9113416394704876,train
Macro,115,116,114,115,0.1319884955883026,476.04402444989296,0.6917658808832514,0.9624135572427529,train
Macro,115,117,114,116,0.12890464067459106,949.5548351578982,0.6141719973974086,0.9523279102828915,train
Macro,115,122,114,121,0.07008594274520874,3333.6035754632935,0.32942314915458515,0.9554133969188695,train
Macro,115,124,114,123,0.06957851350307465,6161.358205092501,0.28980477825392853,0.9454338841349491,train
Macro,116,76,115,75,0.06976599991321564,2011.5130553659221,0.4459836551042167,0.9503716160573741,train
Macro,116,94,115,93,0.0698637142777443,1039.8132585884782,0.6069039363571178,0.9472922867452394,train
Macro,116,95,115,94,0.058823131024837494,1030.1255790838898,0.61085284089574,0.9287958249935153,train
Macro,116,96,115,95,0.07035285979509354,1203.7959014983933,0.5397269642526411,0.9491059642142121,train
Macro,116,97,115,96,0.07047570496797562,1575.7756205399967,0.48741256834370206,0.9595109014354323,train
Macro,116,98,115,97,0.06981070339679718,1951.7518331413619,0.42290479282158605,0.9442074686979791,train
Macro,116,100,115,99,0.06981416791677475,2778.8775277556265,0.3506983151984156,0.9430131770599052,train
Macro,116,101,115,100,0.06977204978466034,3227.622084473272,0.3158185873609022,0.9532119554094373,train
Macro,116,104,115,103,0.06972910463809967,6055.750645693482,0.24233735794615263,0.9525443870881651,train
Macro,116,114,115,113,0.0592813715338707,950.7792610482358,0.5740828864215981,0.9080257097195095,train
Macro,116,115,115,114,0.1317327320575714,476.04402444989296,0.6917658808832514,0.9624135572427529,train
Macro,116,117,115,116,0.061304472386837006,473.5715116036242,0.6738129977914812,0.9529401553032659,train
Macro,116,118,115,117,0.05929366499185562,948.5663972351335,0.5273088143280283,0.9457925857533588,train
Macro,116,122,115,121,0.06998036056756973,2857.662684691813,0.3349486991348519,0.955071865553352,train
Macro,117,94,116,93,0.07015751302242279,1244.5149183473707,0.5484178330703449,0.9499037130476589,train
Macro,117,96,116,95,0.05893273279070854,1008.911695915277,0.6628424868607757,0.9323131693001618,train
Macro,117,97,116,96,0.06987074762582779,1246.163351783634,0.5937214650711585,0.9475282243227502,train
Macro,117,98,116,97,0.06999535858631134,1572.5940011748135,0.512924356146224,0.9481915296398966,train
Macro,117,101,116,100,0.0700736790895462,2780.4387068617243,0.36589002692344164,0.9541074912450397,train
Macro,117,103,116,102,0.06986609101295471,6941.295296030773,0.30590053882687435,0.9380610597061413,train
Macro,117,113,116,112,0.07013904303312302,1897.01054089677,0.45843025204543714,0.9537783005625676,train
Macro,117,115,116,114,0.12909696996212006,949.5548351578982,0.6141719973974086,0.9523279102828915,train
Macro,117,116,116,115,0.1313641369342804,473.5715116036242,0.6738129977914812,0.9529401553032659,train
Macro,117,118,116,117,0.06128358840942383,474.9949759318862,0.6774265785382746,0.9405973984749552,train
Macro,117,119,116,118,0.05922407656908035,958.1309486635058,0.4263752777749892,0.9433305354876207,train
Macro,117,122,116,121,0.07015867531299591,2384.0911779341222,0.4239001456115772,0.9541269031482853,train
Macro,117,123,116,122,0.06983737647533417,2858.4320771176995,0.3852504084468155,0.9399970694562559,train
Macro,118,57,117,56,0.06984494626522064,5577.958272384227,0.33082630576747796,0.9413722003503627,train
Macro,118,75,117,74,0.07003317773342133,2230.5309198007662,0.44444713235536193,0.9464578069857057,train
Macro,118,78,117,77,0.06991520524024963,2050.2803676816798,0.48853053187775364,0.9407471014896961,train
Macro,118,79,117,78,0.07006551325321198,2165.611627147584,0.4542366377484208,0.9450811809859729,train
Macro,118,94,117,93,0.06996811181306839,1570.8460829273708,0.4257973109455808,0.9409541919848724,train
Macro,118,96,117,95,0.058894019573926926,1017.4147123118096,0.6615138712598677,0.9159617342244118,train
Macro,118,98,117,97,0.0702039822936058,1257.9544219258064,0.6020427706508924,0.9468943471385218,train
Macro,118,103,117,102,0.06986235082149506,7412.010969732292,0.34868508416111577,0.9329796181263961,train
Macro,118,104,117,103,0.06991266459226608,6992.578431399742,0.32509127637550383,0.9480027236081637,train
Macro,118,113,117,112,0.07012604176998138,2372.0045073240112,0.4141976595558994,0.9450585766285665,train
Macro,118,116,117,115,0.05928890034556389,948.5663972351335,0.5273088143280283,0.9457925857533588,train
Macro,118,117,117,116,0.06129545345902443,474.9949759318862,0.6774265785382746,0.9405973984749552,train
Macro,118,119,117,118,0.06127186119556427,483.1359729457142,0.3362252489229815,0.9379862792451217,train
Macro,118,120,117,119,0.05924978107213974,955.5876859342824,0.6321658127782256,0.9458424808171282,train
Macro,118,123,117,122,0.07006803154945374,2383.489845506438,0.40075844444305353,0.9414802550376797,train
Macro,119,58,118,57,0.06997592747211456,11133.962104826875,0.2056711375784161,0.9361290870794903,train
Macro,119,85,118,84,0.07004033029079437,7429.02090254728,0.1492911264932325,0.9365194226741076,train
Macro,119,95,118,94,0.07008679956197739,1576.9717821346705,0.3745332086638002,0.941677523251279,train
Macro,119,97,118,96,0.05888284370303154,1020.3821703819189,0.4660297184072385,0.9242643434177961,train
Macro,119,98,118,97,0.06988070160150528,1067.4890387282544,0.34591721324285835,0.9379333444688808,train
Macro,119,101,118,100,0.06996586173772812,1914.4827272855578,0.40981916877606267,0.9440285461677199,train
Macro,119,103,118,102,0.07006388902664185,7891.3229002098815,0.2620157582139925,0.934403307448316,train
Macro,119,104,118,103,0.06995447725057602,7470.848320083914,0.2311269085806002,0.9422626265547721,train
Macro,119,117,118,116,0.12934868037700653,958.1309486635058,0.4263752777749892,0.9433305354876207,train
Macro,119,118,118,117,0.06127852201461792,483.1359729457142,0.3362252489229815,0.9379862792451217,train
Macro,119,120,118,119,0.06130918115377426,472.5322401710816,0.31837651625038865,0.9367156315672674,train
Macro,119,121,118,120,0.05928749218583107,949.9794605741303,0.39778091097986423,0.9293503373980587,train
Macro,119,123,118,122,0.06991399824619293,1900.434985763425,0.34824245275446897,0.9322935135599497,train
Macro,119,124,118,123,0.07001138478517532,8068.952888322886,0.37137710759405107,0.9398953703432766,train
Macro,120,98,119,97,0.06982830911874771,1064.1167195526089,0.6852712398936961,0.9468040157498444,train
Macro,120,99,119,98,0.05900438874959946,994.1672446142381,0.6910600705658586,0.9335410041413373,train
Macro,120,101,119,100,0.06973515450954437,1520.7282133778979,0.47065405296446783,0.9530866199861924,train
Macro,120,103,119,102,0.06998194754123688,8358.982336325678,0.43326856869575986,0.9408410707859811,train
Macro,120,104,119,103,0.06996084004640579,7937.461498505058,0.3857685918770835,0.9530713910427573,train
Macro,120,105,119,104,0.06994994729757309,7442.619273404637,0.3456160003987416,0.9480458900576757,train
Macro,120,116,119,115,0.07006227225065231,1904.1124102772355,0.41839455840218137,0.9512605299186475,train
Macro,120,118,119,117,0.05922392010688782,955.5876859342824,0.6321658127782256,0.9458424808171282,train
Macro,120,119,119,118,0.06127576157450676,472.5322401710816,0.31837651625038865,0.9367156315672674,train
Macro,120,121,119,120,0.13147090375423431,477.51403324735753,0.7301618702955172,0.9516565287556211,train
Macro,120,122,119,121,0.12951762974262238,953.6985020659101,0.6388239573833795,0.958033296281363,train
Macro,120,123,119,122,0.0702921524643898,1427.9120627958712,0.5301023981457726,0.9499682987862892,train
Macro,120,126,119,125,0.06969678401947021,7618.0280370285345,0.3647652181947858,0.9460136315228806,train
Macro,121,98,120,97,0.06983199715614319,1265.7880379024768,0.6074002141997956,0.9452661018973817,train
Macro,121,100,120,99,0.059000901877880096,993.3025230785745,0.6594312944277092,0.9337176021913147,train
Macro,121,101,120,100,0.07022833824157715,1192.0610662243457,0.5874768443952849,0.9532818663547938,train
Macro,121,103,120,102,0.07009198516607285,8833.46494673251,0.4713253680526355,0.9395006897689469,train
Macro,121,104,120,103,0.06997798383235931,8411.176456056628,0.42310688718311357,0.9448816904474644,train
Macro,121,105,120,104,0.06988745927810669,7916.265725735725,0.386254988190881,0.9453470422119011,train
Macro,121,116,120,115,0.06979747861623764,2381.6233870013066,0.39823108496114856,0.9374153446013267,train
Macro,121,119,120,118,0.05924665182828903,949.9794605741303,0.39778091097986423,0.9293503373980587,train
Macro,121,120,120,119,0.13132235407829285,477.51403324735753,0.7301618702955172,0.9516565287556211,train
Macro,121,122,120,121,0.13136304914951324,476.3325320320584,0.7053146058840181,0.9473700549320716,train
Macro,121,123,120,122,0.1295810341835022,950.495388824063,0.6373003722782496,0.9398180935139447,train
Macro,121,127,120,126,0.06967079639434814,7622.086202239787,0.37068291575844775,0.9397993667533959,train
Macro,122,98,121,97,0.06991808861494064,1599.8557573689143,0.5421225295208537,0.9538647397873464,train
Macro,122,100,121,99,0.12901757657527924,1018.0644193858952,0.5387084944574236,0.9558212875884933,train
Macro,122,101,121,100,0.12891893088817596,1009.3966446042836,0.548574882046511,0.9622660883158973,train
Macro,122,103,121,102,0.07006553560495377,9308.54652999801,0.5427621799318402,0.9468019023549734,train
Macro,122,104,121,103,0.07025608420372009,8885.789668112497,0.49059517765715027,0.9644035004324595,train
Macro,122,105,121,104,0.07002149522304535,8390.85039485282,0.42969260245944657,0.9562625123342946,train
Macro,122,116,121,115,0.0698404312133789,2857.662684691813,0.3349486991348519,0.955071865553352,train
Macro,122,120,121,119,0.12906955182552338,953.6985020659101,0.6388239573833795,0.958033296281363,train
Macro,122,121,121,120,0.061357807368040085,476.3325320320584,0.7053146058840181,0.9473700549320716,train
Macro,122,123,121,122,0.1317521184682846,475.8774826478456,0.6975343841699092,0.9619058979357749,train
Macro,122,127,121,126,0.06978238373994827,8098.194472951871,0.41378403546551423,0.9541028574653904,train
Macro,123,98,122,97,0.06961338967084885,1961.064484111261,0.45330440338815836,0.9443639339245519,train
Macro,123,100,122,99,0.05904674157500267,1194.2140244056877,0.5741193833945419,0.9388233550967927,train
Macro,123,101,122,100,0.13023918867111206,978.9857421715994,0.6311050706443794,0.9576548259901816,train
Macro,123,103,122,102,0.07015682011842728,9776.217390627291,0.5802062466654194,0.942857234661005,train
Macro,123,104,122,103,0.07035785168409348,9352.412775893616,0.5094637995076153,0.9624401641763418,train
Macro,123,105,122,104,0.07034536451101303,8857.451415645339,0.4679681172262619,0.954454965565496,train
Macro,123,107,122,106,0.06993066519498825,7905.807717134198,0.35662203436950995,0.9486319654976121,train
Macro,123,120,122,119,0.05728711932897568,1427.9120627958712,0.5301023981457726,0.9499682987862892,train
Macro,123,121,122,120,0.130348339676857,950.495388824063,0.6373003722782496,0.9398180935139447,train
Macro,123,122,122,121,0.1328614354133606,475.8774826478456,0.6975343841699092,0.9619058979357749,train
Macro,123,127,122,126,0.07009781152009964,8572.241740283946,0.4412443882788084,0.9556056372174815,train
Macro,123,130,122,129,0.06971526890993118,7129.935662525019,0.330011021395977,0.9460810391520325,train
Macro,124,85,123,84,0.07025968283414841,2157.480532692467,0.3000047417075017,0.9510309758409491,train
Macro,124,100,123,99,0.07000789791345596,9289.449773182207,0.5481027477223888,0.9448615446177172,train
Macro,124,101,123,100,0.07003779709339142,9761.682460186345,0.6107032359795032,0.9498929551184646,train
Macro,124,102,123,101,0.05977232754230499,988.8116191711415,0.630237767445687,0.901186913973638,train
Macro,124,103,123,102,0.059742480516433716,993.913975339071,0.6183260936878502,0.9311141306445763,train
Macro,124,104,123,103,0.12819667160511017,1226.516651476683,0.5153273053499108,0.9491682691277584,train
Macro,124,106,123,105,0.07006993144750595,1922.602823926326,0.45129224569372006,0.9422731297959591,train
Macro,124,107,123,106,0.06984657049179077,2305.639908674692,0.34939016888347413,0.9433987853651791,train
Macro,124,115,123,114,0.06999197602272034,6161.358205092501,0.28980477825392853,0.9454338841349491,train
Macro,124,122,123,121,0.07023788243532181,9494.910739248287,0.5445433241971092,0.9552599589629176,train
Macro,124,123,123,122,0.06982577592134476,9969.083594235173,0.7229530256972703,0.9421134524540317,train
Macro,124,125,123,124,0.06210382655262947,450.22102273161676,0.6462398699915702,0.8981023248271318,train
Macro,124,126,123,125,0.060142967849969864,923.3293984250703,0.634543273408797,0.936337891026199,train
Macro,124,127,123,126,0.06976421922445297,1397.0553140618165,0.4634812344890037,0.9428089086531344,train
Macro,125,41,124,40,0.0716661587357521,4334.928403357444,0.20606546110625654,0.9319784668925446,train
Macro,125,101,124,100,0.06971854716539383,9312.357859542497,0.4563767774717628,0.9174622622707326,train
Macro,125,103,124,102,0.1288141906261444,971.2789828257919,0.6271003561555742,0.9029351336496906,train
Macro,125,104,124,103,0.12878629565238953,1033.7890922099693,0.5998623822213273,0.9218047133641998,train
Macro,125,105,124,104,0.06988364458084106,1192.7512729389612,0.5482347617978195,0.9148514997614611,train
Macro,125,107,124,106,0.06983786076307297,1893.4219269227506,0.395977140316803,0.9126590878114551,train
Macro,125,110,124,109,0.06959936022758484,3240.5116766336473,0.2899462119103728,0.9101253075382397,train
Macro,125,122,124,121,0.06962920725345612,9045.058721164125,0.4956790002207043,0.9119960979544652,train
Macro,125,123,124,122,0.07011519372463226,9519.157683269386,0.5735866528720049,0.9161565058790303,train
Macro,125,124,124,123,0.06138121709227562,450.22102273161676,0.6462398699915702,0.8981023248271318,train
Macro,125,126,124,125,0.06131589040160179,473.5662093207012,0.6613643120720812,0.9053769339314744,train
Macro,125,127,124,126,0.12925244867801666,946.9563685600847,0.5526420818424692,0.9187209711144986,train
Macro,126,103,125,102,0.06982336193323135,1179.2755941277824,0.5779842967814254,0.936631867208819,train
Macro,126,104,125,103,0.07016095519065857,1052.6835631432007,0.5946719804126794,0.9562946487357944,train
Macro,126,105,125,104,0.1291222870349884,997.4507876946169,0.6434240237907255,0.9544984914172442,train
Macro,126,107,125,106,0.07025334239006042,1501.6893112791806,0.4335140393839143,0.953632015722682,train
Macro,126,110,125,109,0.06966821849346161,2797.3813623502588,0.33450989889424754,0.9439295230929445,train
Macro,126,120,125,119,0.06967267394065857,7618.0280370285345,0.3647652181947858,0.9460136315228806,train
Macro,126,122,125,121,0.0698169469833374,8571.608055209326,0.44690751521194294,0.9467120337076176,train
Macro,126,123,125,122,0.07017525285482407,9045.759057833488,0.5384657272803457,0.9435480191611373,train
Macro,126,124,125,123,0.059381309896707535,923.3293984250703,0.634543273408797,0.936337891026199,train
Macro,126,125,125,124,0.06125207245349884,473.5662093207012,0.6613643120720812,0.9053769339314744,train
Macro,126,127,125,126,0.13157996535301208,473.96017361901073,0.6303517376479417,0.9583411109622486,train
Macro,126,128,125,127,0.059150323271751404,965.1333136212087,0.5364085527093927,0.9371497131022164,train
Macro,126,130,125,129,0.0699433907866478,1915.83993120766,0.4714316319876905,0.950541505492832,train
Macro,127,103,126,102,0.06993241608142853,1491.2829140945173,0.5406154337950078,0.9545031463776068,train
Macro,127,104,126,103,0.0702110081911087,1236.666256291136,0.6007380783488391,0.9694155233123902,train
Macro,127,105,126,104,0.1291503608226776,975.8992796927498,0.6686147839444683,0.9648570499355074,train
Macro,127,107,126,106,0.07036114484071732,1146.1557915708147,0.6041821611068806,0.9674363742965242,train
Macro,127,108,126,107,0.06979218870401382,1545.2837543033536,0.4117867423495119,0.9276752066818614,train
Macro,127,110,126,109,0.06981715559959412,2352.1860731492925,0.3914697739165567,0.9617091928772995,train
Macro,127,111,126,110,0.0697481706738472,2780.2961893005054,0.3147313632898807,0.9586533582777741,train
Macro,127,123,126,122,0.07010434567928314,8572.241740283946,0.4412443882788084,0.9556056372174815,train
Macro,127,125,126,124,0.05923221632838249,946.9563685600847,0.5526420818424692,0.9187209711144986,train
Macro,127,126,126,125,0.06123059615492821,473.96017361901073,0.6303517376479417,0.9583411109622486,train
Macro,127,128,126,127,0.06118011102080345,491.26733600331653,0.4107229590832085,0.9497685584436679,train
Macro,127,129,126,128,0.1291504055261612,936.9466826495466,0.5691677272041185,0.9614806078418535,train
Macro,127,130,126,129,0.07008985430002213,1442.5392302876694,0.5313714661626479,0.9605407931255447,train
Macro,128,103,127,102,0.06983176618814468,1879.9425932907739,0.335567669191909,0.9349763042680513,train
Macro,128,104,127,103,0.07009639590978622,1552.9049083558361,0.33601556324356485,0.9417575339318808,train
Macro,128,105,127,104,0.07009277492761612,1164.53441666093,0.4335722192999126,0.9478505016021,train
Macro,128,107,127,106,0.12979289889335632,888.102612333648,0.31623707119033434,0.9464930465439051,train
Macro,128,110,127,109,0.06982818245887756,1899.3088323145025,0.33083736751937565,0.9432211020085535,train
Macro,128,111,127,110,0.06976056843996048,2311.453632499853,0.3703231486020717,0.9370607669052413,train
Macro,128,123,127,122,0.06996539235115051,8082.337903854649,0.3417577964523298,0.9333361829440368,train
Macro,128,126,127,125,0.1288047879934311,965.1333136212087,0.5364085527093927,0.9371497131022164,train
Macro,128,127,127,126,0.1314057558774948,491.26733600331653,0.4107229590832085,0.9497685584436679,train
Macro,128,129,127,128,0.061226971447467804,449.6910835494617,0.6202357250426646,0.9391107456993314,train
Macro,128,130,127,129,0.12919455766677856,954.1996604850215,0.48274318757152285,0.9419961291005976,train
Macro,129,90,128,89,0.06982096284627914,2165.0053683911383,0.3644558397026511,0.9497231889704845,train
Macro,129,104,128,103,0.0699419230222702,1948.9457551009627,0.43464600805778864,0.9541303050288412,train
Macro,129,105,128,104,0.06998804211616516,1515.8696705890043,0.52273570832175,0.957340102459293,train
Macro,129,107,128,106,0.12952494621276855,935.2379593926518,0.559441654529806,0.9619887849902572,train
Macro,129,110,128,109,0.0698484480381012,1558.738683413522,0.4803773060733986,0.9541184515992271,train
Macro,129,111,128,110,0.06987138092517853,1933.75803877482,0.45268043668399555,0.9532003766041436,train
Macro,129,123,128,122,0.06986988335847855,7635.4298741495,0.373263007178104,0.9405669597805199,train
Macro,129,127,128,126,0.12953715026378632,936.9466826495466,0.5691677272041185,0.9614806078418535,train
Macro,129,128,128,127,0.06127983704209328,449.6910835494617,0.6202357250426646,0.9391107456993314,train
Macro,129,130,128,129,0.13151957094669342,505.5927475884133,0.7534865381250234,0.9616919254344182,train
Macro,129,131,128,130,0.059053461998701096,975.6074288658583,0.022483194408936737,0.939441438334204,train
Macro,129,132,128,131,0.06974439322948456,1441.4978468816453,0.5321718546428167,0.9478538589751637,train
Macro,130,104,129,103,0.06982152909040451,2398.5925944180735,0.39905568468238073,0.957716335355802,train
Macro,130,105,129,104,0.06996074318885803,1937.6004745470345,0.4733485350774661,0.9621161210178409,train
Macro,130,107,129,106,0.07025376707315445,1169.6683399763972,0.566194712117951,0.966192341556289,train
Macro,130,109,129,108,0.12873075902462006,1036.5171217312013,0.6520971832694944,0.962370937893909,train
Macro,130,110,129,109,0.06998879462480545,1218.8672416671184,0.5819480250521941,0.9608591738284157,train
Macro,130,111,129,110,0.07003121078014374,1521.9893790658787,0.5140350496061061,0.9612054211303217,train
Macro,130,123,129,122,0.06978780031204224,7129.935662525019,0.330011021395977,0.9460810391520325,train
Macro,130,127,129,126,0.07015623152256012,1442.5392302876694,0.5313714661626479,0.9605407931255447,train
Macro,130,128,129,127,0.05927605181932449,954.1996604850215,0.48274318757152285,0.9419961291005976,train
Macro,130,129,129,128,0.13128577172756195,505.5927475884133,0.7534865381250234,0.9616919254344182,train
Macro,130,131,129,130,0.061328403651714325,470.17564207530955,-0.0660065388311965,0.9526510590245603,train
Macro,130,132,129,131,0.12937897443771362,936.6428526366994,0.5820616213305261,0.9539911022307138,train
Macro,131,66,130,65,0.06963138282299042,5421.525769453765,0.026919191983430516,0.9364075763176524,train
Macro,131,105,130,104,0.06970620155334473,2352.49617366048,0.040096316279198664,0.9401823861211585,train
Macro,131,107,130,106,0.0699525699019432,1501.465387498999,-0.025593045823668514,0.9398688303846132,train
Macro,131,109,130,108,0.07032763212919235,1033.4225774577224,-0.05369176180253444,0.9484855906421994,train
Macro,131,110,130,109,0.1285463273525238,1016.0665939548501,-0.046982845429277886,0.9378151702789385,train
Macro,131,111,130,110,0.07005369663238525,1191.1196400786016,0.0586132546865766,0.9422084112794435,train
Macro,131,129,130,128,0.128977432847023,975.6074288658583,0.022483194408936737,0.939441438334204,train
Macro,131,130,130,129,0.13211292028427124,470.17564207530955,-0.0660065388311965,0.9526510590245603,train
Macro,131,132,130,131,0.13168804347515106,466.91149314653165,0.08530747036481943,0.941313325014364,train
Macro,131,133,130,132,0.12900380790233612,948.2759314994449,0.005171611174769479,0.9288958387098951,train
Macro,132,40,131,39,0.06975448876619339,5733.470464906975,0.2379236774935027,0.9515952851332871,train
Macro,132,65,131,64,0.06986571848392487,5637.942282617856,0.2782339652389227,0.9465500531027097,train
Macro,132,66,131,65,0.07014976441860199,5510.087226354987,0.21436768202404147,0.9588521276332779,train
Macro,132,68,131,67,0.07002224773168564,5340.448030232256,0.2389740459190747,0.9551098803300915,train
Macro,132,107,131,106,0.06992512941360474,1875.215013005758,0.31140517599091594,0.953865365778198,train
Macro,132,109,131,108,0.06986314803361893,1200.3345085377293,0.47941426638836704,0.952673225090489,train
Macro,132,110,131,109,0.0700717493891716,981.6393781112058,0.5574014379073361,0.9577207157108123,train
Macro,132,111,131,110,0.12939231097698212,954.7588752548074,0.663128047773844,0.9570864898225011,train
Macro,132,127,131,126,0.06983368843793869,2377.933215650652,0.3236733775541453,0.9516218300908165,train
Macro,132,130,131,129,0.1295725554227829,936.6428526366994,0.5820616213305261,0.9539911022307138,train
Macro,132,131,131,130,0.061236634850502014,466.91149314653165,0.08530747036481943,0.941313325014364,train
Macro,132,133,131,132,0.061194293200969696,481.6803803743101,0.6733917334156445,0.9309259207833886,train
Macro,132,134,131,133,0.05911831185221672,964.9255519444787,0.5112176366348452,0.9345548839855116,train
Macro,133,40,132,39,0.06973421573638916,6056.127449242089,0.2714189472746517,0.9343232183798817,train
Macro,133,65,132,64,0.06970660388469696,5828.024712992479,0.3264677393189719,0.9360620610472422,train
Macro,133,66,132,65,0.07007073611021042,5664.065379096385,0.2642873786076823,0.9395596050134184,train
Macro,133,68,132,67,0.06993915140628815,5417.642153877671,0.30037464847697215,0.9404208856221253,train
Macro,133,107,132,106,0.06976785510778427,2307.1824516370716,0.34737093792522533,0.9332511835411106,train
Macro,133,110,132,109,0.07018968462944031,1182.1705289384934,0.5746443728652955,0.9392938500820015,train
Macro,133,111,132,110,0.1295921951532364,943.6805351570217,0.6569387432242441,0.9480465009866278,train
Macro,133,112,132,111,0.12894456088542938,937.4053191023299,0.6572202110775283,0.9363613493040344,train
Macro,133,130,132,129,0.07046359032392502,1418.2549204785703,0.5507667933701048,0.9451801543388298,train
Macro,133,131,132,130,0.05919298902153969,948.2759314994449,0.005171611174769479,0.9288958387098951,train
Macro,133,132,132,131,0.1312379688024521,481.6803803743101,0.6733917334156445,0.9309259207833886,train
Macro,133,134,132,133,0.061160389333963394,486.7819302643229,0.6930625205196679,0.9154704742705791,train
Macro,134,40,133,39,0.06971566379070282,6454.249449171124,0.26686940829943595,0.9362640371398657,train
Macro,134,43,133,42,0.06977307051420212,5510.371286207335,0.31038822306911923,0.9340033703803435,train
Macro,134,65,133,64,0.06989012658596039,6121.777001020588,0.31216753281542436,0.934125353303515,train
Macro,134,66,133,65,0.0700712502002716,5927.833774724429,0.26939354168679047,0.9412140346238297,train
Macro,134,68,133,67,0.07034517824649811,5614.669700048688,0.3496782206800056,0.9442011873657956,train
Macro,134,90,133,89,0.06980206072330475,2447.136342780169,0.3741417891551889,0.9331780517728657,train
Macro,134,110,133,109,0.07029081881046295,1567.3258601332445,0.5207253447302417,0.9416102331226042,train
Macro,134,111,133,110,0.07027867436408997,1220.5130202776284,0.5554822393261745,0.9401877309473976,train
Macro,134,112,133,111,0.12884865701198578,1010.996599390459,0.6185912806891729,0.9359642377851413,train
Macro,134,113,133,112,0.061299510300159454,475.81896081036933,0.10784206078345447,0.8906691278577883,train
Macro,134,114,133,113,0.059291306883096695,949.2520356528291,0.11992423795012803,0.8528534476012322,train
Macro,134,132,133,131,0.12912611663341522,964.9255519444787,0.5112176366348452,0.9345548839855116,train
Macro,134,133,133,132,0.06126758083701134,486.7819302643229,0.6930625205196679,0.9154704742705791,train
Distance,1,2,0,1,0.20398394763469696,477.4161855436831,0.3922235536126477,0.9455199048251415,train
Distance,1,3,0,2,0.1972356140613556,953.5971809822636,-0.047496317715554515,0.9489797551542677,train
Distance,1,23,0,22,0.19731388986110687,949.3748939984782,0.6694953394200885,0.9505399258157494,train
Distance,1,24,0,23,0.20401521027088165,474.15250884170086,0.5964319222480639,0.9296913808633129,train
Distance,1,25,0,24,0.19745135307312012,941.916237617386,0.5101276855330716,0.9405694804665635,train
Distance,2,1,1,0,0.20423518121242523,477.4161855436831,0.3922235536126477,0.9455199048251415,train
Distance,2,3,1,2,0.20423997938632965,476.9147522244701,-0.03571372382382891,0.958655129900264,train
Distance,2,4,1,3,0.19755464792251587,949.4959282911008,0.6162952740389233,0.9535313636162054,train
Distance,2,24,1,23,0.19752313196659088,951.1968676464869,0.34331206351087956,0.9431578541757422,train
Distance,2,26,1,25,0.19644705951213837,1007.6808763648767,0.5241369231659045,0.9362487549200389,train
Distance,3,1,2,0,0.19763322174549103,953.5971809822636,-0.047496317715554515,0.9489797551542677,train
Distance,3,2,2,1,0.2043999582529068,476.9147522244701,-0.03571372382382891,0.958655129900264,train
Distance,3,4,2,3,0.2044142782688141,475.4246718269643,-0.057674678932506225,0.9580265871450764,train
Distance,3,5,2,4,0.19770219922065735,949.8842481577063,-0.052676392338024715,0.9360418886474617,train
Distance,3,27,2,26,0.19585038721561432,1045.4157238637772,-0.032438886088001204,0.9413335846274105,train
Distance,4,2,3,1,0.19739627838134766,949.4959282911008,0.6162952740389233,0.9535313636162054,train
Distance,4,3,3,2,0.20409053564071655,475.4246718269643,-0.057674678932506225,0.9580265871450764,train
Distance,4,5,3,4,0.20409396290779114,475.0708232153166,0.6780374081893777,0.9348223032861575,train
Distance,4,6,3,5,0.19692005217075348,974.9191684408497,0.6114685665431373,0.9501466498860475,train
Distance,4,29,3,28,0.19749921560287476,943.9190780347973,0.4196432675788904,0.9427625677824917,train
Distance,5,3,4,2,0.19743822515010834,949.8842481577063,-0.052676392338024715,0.9360418886474617,train
Distance,5,4,4,3,0.20414474606513977,475.0708232153166,0.6780374081893777,0.9348223032861575,train
Distance,5,6,4,5,0.20389717817306519,500.26754634839614,0.7570545535073143,0.9362363907892224,train
Distance,5,7,4,6,0.19696655869483948,975.0504843273078,0.5994424849505215,0.9353968043651261,train
Distance,5,29,4,28,0.1975533813238144,943.6472496108748,0.49584804845840386,0.9184085991202015,train
Distance,6,4,5,3,0.19724328815937042,974.9191684408497,0.6114685665431373,0.9501466498860475,train
Distance,6,5,5,4,0.20418106019496918,500.26754634839614,0.7570545535073143,0.9362363907892224,train
Distance,6,7,5,6,0.20441563427448273,476.45797045451053,0.7156517873906041,0.9578474313312758,train
Distance,6,8,5,7,0.1981702297925949,924.9320499347674,0.648294490492417,0.9626825925878213,train
Distance,6,30,5,29,0.19598978757858276,1039.038299619498,0.4217720230389551,0.9527255742510342,train
Distance,7,5,6,4,0.19986408948898315,975.0504843273078,0.5994424849505215,0.9353968043651261,train
Distance,7,6,6,5,0.20713436603546143,476.45797045451053,0.7156517873906041,0.9578474313312758,train
Distance,7,8,6,7,0.20739461481571198,448.9761485488697,0.7193892706860935,0.9714466325722373,train
Distance,7,30,6,29,0.19454821944236755,1223.4165639041871,0.5398712474445022,0.946326750965781,train
Distance,7,75,6,74,0.1910587102174759,1365.0458699819544,0.33103013044593355,0.9425761425555698,train
Distance,8,6,7,5,0.20427782833576202,924.9320499347674,0.648294490492417,0.9626825925878213,train
Distance,8,7,7,6,0.21098044514656067,448.9761485488697,0.7193892706860935,0.9714466325722373,train
Distance,8,31,7,30,0.19779343903064728,1228.364890603704,0.5043983340789642,0.9646645202984024,train
Distance,8,76,7,75,0.19353167712688446,1396.4505270472243,0.3090057042819034,0.9330443966895385,train
Distance,8,77,7,76,0.19341659545898438,1400.7571915274018,0.14932621501242296,0.9331120185206224,train
Distance,9,10,8,9,0.20714884996414185,475.2355023667303,0.7870136688348834,0.9653470978002712,train
Distance,9,11,8,10,0.20021939277648926,956.5582278650667,0.622261293036446,0.968984970959975,train
Distance,9,31,8,30,0.1942572444677353,1235.8474770323696,0.5076433149919325,0.96267312519964,train
Distance,9,32,8,31,0.19913546741008759,1012.400572795238,0.5893457196010967,0.9591721750179425,train
Distance,9,33,8,32,0.19923898577690125,1007.1882379017292,0.5158723173430403,0.9572875581059734,train
Distance,10,9,9,8,0.20503638684749603,475.2355023667303,0.7870136688348834,0.9653470978002712,train
Distance,10,11,9,10,0.20490658283233643,488.5457175555238,0.7157770547722535,0.9599830175412885,train
Distance,10,12,9,11,0.19826006889343262,952.1428348550701,0.6242109016432349,0.948083921791376,train
Distance,10,33,9,32,0.19713382422924042,1010.9217116333919,0.5830962316784287,0.953790563416024,train
Distance,10,34,9,33,0.1946631371974945,1130.2322424206325,0.5238527275392256,0.931124421906203,train
Distance,11,9,10,8,0.1991139054298401,956.5582278650667,0.622261293036446,0.968984970959975,train
Distance,11,10,10,9,0.20587466657161713,488.5457175555238,0.7157770547722535,0.9599830175412885,train
Distance,11,12,10,11,0.20598934590816498,476.86261335624766,0.7424472450987917,0.9497795717327914,train
Distance,11,34,10,33,0.192495197057724,1264.8078033691359,0.5220787065110825,0.9274619384620832,train
Distance,11,35,10,34,0.1965268850326538,1086.2288864410757,0.41554844495326876,0.942158290616727,train
Distance,12,9,11,8,0.19231529533863068,1426.3364352885055,0.5459686018096622,0.9531113777909347,train
Distance,12,10,11,9,0.2033277302980423,952.1428348550701,0.6242109016432349,0.948083921791376,train
Distance,12,11,11,10,0.21026119589805603,476.86261335624766,0.7424472450987917,0.9497795717327914,train
Distance,12,34,11,33,0.19269447028636932,1412.280305909326,0.5970683983132562,0.9429545775215682,train
Distance,12,35,11,34,0.20140135288238525,1048.5184118169147,0.49075244023981074,0.9403267607470349,train
Distance,13,14,12,13,0.20697186887264252,475.02891763412055,0.750664766417213,0.9325312178796072,train
Distance,13,15,12,14,0.20016489923000336,950.2684588351651,0.62439396505388,0.964969495735322,train
Distance,13,36,12,35,0.19906167685985565,1007.4493706512761,0.43706861685485254,0.9542805439973874,train
Distance,13,37,12,36,0.19908176362514496,1006.4346058724517,0.5296781540833312,0.9365358928262382,train
Distance,13,38,12,37,0.19471977651119232,1208.9840699493168,0.48825238561225764,0.9648374167418505,train
Distance,14,13,13,12,0.2044256180524826,475.02891763412055,0.750664766417213,0.9325312178796072,train
Distance,14,15,13,14,0.20442359149456024,475.24079878718754,0.7646252393214109,0.9370312314462604,train
Distance,14,16,13,15,0.19790618121623993,939.2231505543551,0.40927525552799293,0.898774833687262,train
Distance,14,37,13,36,0.19660434126853943,1007.8792918418734,0.5765629366741817,0.9136212908403133,train
Distance,14,38,13,37,0.1966402679681778,1006.0410559050429,0.5636078483632811,0.9412487744321987,train
Distance,15,13,14,12,0.19749489426612854,950.2684588351651,0.62439396505388,0.964969495735322,train
Distance,15,14,14,13,0.20420904457569122,475.24079878718754,0.7646252393214109,0.9370312314462604,train
Distance,15,16,14,15,0.204315647482872,463.9878984615271,0.4576529070679071,0.9265105830129761,train
Distance,15,17,14,16,0.19756869971752167,946.276995625497,0.43162932270321214,0.9531532095922053,train
Distance,15,39,14,38,0.19641175866127014,1007.1741968699913,0.5208771408157659,0.9390074270421105,train
Distance,16,14,15,13,0.1976993978023529,939.2231505543551,0.40927525552799293,0.898774833687262,train
Distance,16,15,15,14,0.20431660115718842,463.9878984615271,0.4576529070679071,0.9265105830129761,train
Distance,16,17,15,16,0.20414192974567413,482.2970581602021,0.7147572753391463,0.9381223843910776,train
Distance,16,18,15,17,0.19736440479755402,957.3355051704762,0.4702366583816969,0.9194904018142882,train
Distance,16,39,15,38,0.19647763669490814,1003.8447970814724,0.4790778612036447,0.9225632606180498,train
Distance,17,15,16,14,0.19760043919086456,946.276995625497,0.43162932270321214,0.9531532095922053,train
Distance,17,16,16,15,0.2041737586259842,482.2970581602021,0.7147572753391463,0.9381223843910776,train
Distance,17,18,16,17,0.2042437642812729,475.04112096218813,0.6616074049858377,0.9518114330770681,train
Distance,17,19,16,18,0.19753330945968628,949.9064352196021,0.6677971543574474,0.9734118871033,train
Distance,17,40,16,39,0.19644875824451447,1006.8957570278641,0.5495992819337011,0.957781910131021,train
Distance,18,16,17,15,0.19742806255817413,957.3355051704762,0.4702366583816969,0.9194904018142882,train
Distance,18,17,17,16,0.20427778363227844,475.04112096218813,0.6616074049858377,0.9518114330770681,train
Distance,18,19,17,18,0.20427948236465454,474.86547502189507,0.6543741997164595,0.951398011681339,train
Distance,18,20,17,19,0.19753409922122955,951.6379498705076,-0.004866928713703627,0.9307328565632493,train
Distance,18,42,17,41,0.19648058712482452,1006.9415061252856,0.5203525878155691,0.9400151651278791,train
Distance,19,17,18,16,0.1975587159395218,949.9064352196021,0.6677971543574474,0.9734118871033,train
Distance,19,18,18,17,0.20427173376083374,474.86547502189507,0.6543741997164595,0.951398011681339,train
Distance,19,20,18,19,0.20425140857696533,476.98392198075453,0.09267110894701563,0.9568695166662651,train
Distance,19,21,18,20,0.19742006063461304,957.3635918108538,0.5933256199325359,0.9633752367981261,train
Distance,19,42,18,41,0.19649814069271088,1005.659629737727,0.514162889374874,0.9563344726336994,train
Distance,20,18,19,17,0.1974964141845703,951.6379498705076,-0.004866928713703627,0.9307328565632493,train
Distance,20,19,19,18,0.20422019064426422,476.98392198075453,0.09267110894701563,0.9568695166662651,train
Distance,20,21,19,20,0.2040967494249344,489.65122339161553,-0.008632519583134152,0.9493922522402221,train
Distance,20,22,19,21,0.19736343622207642,958.7789587409734,0.10389543909793268,0.8779535784805125,train
Distance,20,44,19,43,0.1968231499195099,987.3109563508575,0.06874156204599983,0.9044050619663637,train
Distance,21,19,20,18,0.19779102504253387,957.3635918108538,0.5933256199325359,0.9633752367981261,train
Distance,21,20,20,19,0.20451150834560394,489.65122339161553,-0.008632519583134152,0.9493922522402221,train
Distance,21,22,20,21,0.20464693009853363,475.7642318928797,0.08451526047354048,0.8728660021481457,train
Distance,21,23,20,22,0.19790370762348175,951.3179088079512,0.10806716993935901,0.9017322713208379,train
Distance,21,45,20,44,0.19514688849449158,1090.4798902132852,0.10173870967155828,0.9065199839091712,train
Distance,22,20,21,19,0.19780178368091583,958.7789587409734,0.10389543909793268,0.8779535784805125,train
Distance,22,21,21,20,0.2046854943037033,475.7642318928797,0.08451526047354048,0.8728660021481457,train
Distance,22,23,21,22,0.20464259386062622,480.2042390779873,0.17213567481436207,0.9393097671102578,train
Distance,22,24,21,23,0.1979798823595047,949.2244940541924,0.2249982281237648,0.9170835659224751,train
Distance,22,45,21,44,0.19489018619060516,1104.3653112824668,0.22087753340191107,0.9313111980176288,train
Distance,23,1,22,0,0.1976536363363266,949.3748939984782,0.6694953394200885,0.9505399258157494,train
Distance,23,21,22,20,0.1976175755262375,951.3179088079512,0.10806716993935901,0.9017322713208379,train
Distance,23,22,22,21,0.20430822670459747,480.2042390779873,0.17213567481436207,0.9393097671102578,train
Distance,23,24,22,23,0.20434243977069855,476.6602359138928,0.7418030032661499,0.9543714764009643,train
Distance,23,46,22,45,0.19607818126678467,1031.2156459623461,0.3718866265420492,0.9664519181157998,train
Distance,24,1,23,0,0.20410038530826569,474.15250884170086,0.5964319222480639,0.9296913808633129,train
Distance,24,2,23,1,0.1973625123500824,951.1968676464869,0.34331206351087956,0.9431578541757422,train
Distance,24,22,23,21,0.19739902019500732,949.2244940541924,0.2249982281237648,0.9170835659224751,train
Distance,24,23,23,22,0.2040763646364212,476.6602359138928,0.7418030032661499,0.9543714764009643,train
Distance,24,25,23,24,0.19706173241138458,967.2979934985101,0.7255003331145852,0.9524019763958524,train
Distance,25,1,24,0,0.19747693836688995,941.916237617386,0.5101276855330716,0.9405694804665635,train
Distance,25,26,24,25,0.20401373505592346,477.0654254241888,0.45297796021885683,0.951923995198641,train
Distance,25,27,24,26,0.19726164638996124,953.5711970023101,0.632763389798096,0.9569477086910413,train
Distance,25,46,24,45,0.19721956551074982,955.834892992603,0.5018216877378799,0.9590697855808642,train
Distance,25,47,24,46,0.20402809977531433,475.56907575545495,0.6785828946229183,0.9552644811811998,train
Distance,26,25,25,24,0.2038956880569458,477.0654254241888,0.45297796021885683,0.951923995198641,train
Distance,26,27,25,26,0.20388002693653107,478.6935962529131,0.528666673256712,0.9381107761949495,train
Distance,26,28,25,27,0.19718214869499207,951.7038251082496,0.2597459539219062,0.9365431734500841,train
Distance,26,47,25,46,0.19766436517238617,925.3473471493122,0.2712897682528396,0.9418113513047383,train
Distance,26,49,25,48,0.19737780094146729,941.0915103822217,0.5774037322546829,0.94078538044653,train
Distance,27,25,26,24,0.19738443195819855,953.5711970023101,0.632763389798096,0.9569477086910413,train
Distance,27,26,26,25,0.2041250467300415,478.6935962529131,0.528666673256712,0.9381107761949495,train
Distance,27,28,26,27,0.2041722536087036,473.77570570138585,0.6566940705769276,0.9496884079317937,train
Distance,27,29,26,28,0.19745968282222748,949.5146328031458,0.656373014207659,0.955696872961605,train
Distance,27,50,26,49,0.19685861468315125,981.4938137874449,0.6754550122680111,0.9489931507245026,train
Distance,28,26,27,25,0.19738560914993286,951.7038251082496,0.2597459539219062,0.9365431734500841,train
Distance,28,27,27,26,0.20413760840892792,473.77570570138585,0.6566940705769276,0.9496884079317937,train
Distance,28,29,27,28,0.20400933921337128,487.02500048717246,0.6291671224033144,0.9523725605719278,train
Distance,28,30,27,29,0.19735665619373322,953.2637878822899,0.6652533027689912,0.9455893856356282,train
Distance,28,51,27,50,0.19711080193519592,966.4159822826441,0.6863700206513133,0.9348583298493714,train
Distance,29,4,28,3,0.1974189132452011,943.9190780347973,0.4196432675788904,0.9427625677824917,train
Distance,29,5,28,4,0.19742393493652344,943.6472496108748,0.49584804845840386,0.9184085991202015,train
Distance,29,27,28,26,0.19731567800045013,949.5146328031458,0.656373014207659,0.955696872961605,train
Distance,29,28,28,27,0.20389515161514282,487.02500048717246,0.6291671224033144,0.9523725605719278,train
Distance,29,30,28,29,0.2039462774991989,481.78280016301994,0.5840842192027702,0.9605805109460712,train
Distance,30,5,29,4,0.1988527476787567,1006.1408154268939,0.3761287558583495,0.9135735890960783,train
Distance,30,6,29,5,0.19819332659244537,1039.038299619498,0.4217720230389551,0.9527255742510342,train
Distance,30,28,29,27,0.19987252354621887,953.2637878822899,0.6652533027689912,0.9455893856356282,train
Distance,30,29,29,28,0.20666183531284332,481.78280016301994,0.5840842192027702,0.9605805109460712,train
Distance,30,52,29,51,0.19641956686973572,1123.2509938727856,0.5746252284220621,0.9210485413375225,train
Distance,31,32,30,31,0.2065810263156891,474.5058371202046,0.5775635809609821,0.9645802554251655,train
Distance,31,33,30,32,0.19980433583259583,949.0739444010258,0.4620373979464687,0.9584525011842027,train
Distance,31,53,30,52,0.1956121027469635,1153.3626698565542,0.5417909236976676,0.9322960598760084,train
Distance,31,54,30,53,0.19915325939655304,983.2860280103273,0.5698864886812727,0.942340686856733,train
Distance,31,55,30,54,0.19884923100471497,998.8981865066312,0.4059393827658857,0.9508943188429012,train
Distance,32,9,31,8,0.19656963646411896,1012.400572795238,0.5893457196010967,0.9591721750179425,train
Distance,32,31,31,30,0.20448677241802216,474.5058371202046,0.5775635809609821,0.9645802554251655,train
Distance,32,33,31,32,0.20448391139507294,474.8052738939812,0.7126683463907088,0.9615443470819144,train
Distance,32,34,31,33,0.19830670952796936,920.1907944341216,0.6044867637437416,0.9475102479173556,train
Distance,32,55,31,54,0.19615289568901062,1033.4126463419993,0.6384473772839875,0.9601719152663335,train
Distance,33,9,32,8,0.19641178846359253,1007.1882379017292,0.5158723173430403,0.9572875581059734,train
Distance,33,31,32,30,0.1975172907114029,949.0739444010258,0.4620373979464687,0.9584525011842027,train
Distance,33,32,32,31,0.20421354472637177,474.8052738939812,0.7126683463907088,0.9615443470819144,train
Distance,33,34,32,33,0.20439131557941437,455.86665723224337,0.6684192967646894,0.9383621982716734,train
Distance,33,35,32,34,0.19746609032154083,951.835736459684,0.5337132716701853,0.9537814999296886,train
Distance,34,32,33,31,0.19840572774410248,920.1907944341216,0.6044867637437416,0.9475102479173556,train
Distance,34,33,33,32,0.20476412773132324,455.86665723224337,0.6684192967646894,0.9383621982716734,train
Distance,34,35,33,34,0.20388689637184143,542.9288080322594,0.7166406479482761,0.9445914535003337,train
Distance,34,56,33,55,0.19427649676799774,1128.1597551904213,0.6186209206443349,0.9189693483529304,train
Distance,34,57,33,56,0.19866669178009033,905.6076252911558,0.5205061057693968,0.9434785892325741,train
Distance,35,10,34,9,0.19592782855033875,1177.5130242449827,0.44368140252898236,0.9473934268199411,train
Distance,35,11,34,10,0.19793695211410522,1086.2288864410757,0.41554844495326876,0.942158290616727,train
Distance,35,12,34,11,0.19872520864009857,1048.5184118169147,0.49075244023981074,0.9403267607470349,train
Distance,35,33,34,32,0.2006317526102066,951.835736459684,0.5337132716701853,0.9537814999296886,train
Distance,35,34,34,33,0.20677833259105682,542.9288080322594,0.7166406479482761,0.9445914535003337,train
Distance,36,13,35,12,0.19904747605323792,1007.4493706512761,0.43706861685485254,0.9542805439973874,train
Distance,36,37,35,36,0.2069740742444992,473.27957858885316,0.3848576988112681,0.9365468478712466,train
Distance,36,38,35,37,0.20016507804393768,949.4970654566449,0.4820206403442811,0.9658623708870151,train
Distance,36,58,35,57,0.19913814961910248,1002.8610480825182,0.6096597547035695,0.9446100430923762,train
Distance,36,59,35,58,0.19467522203922272,1210.303171129049,0.6879495215511697,0.9593847998375187,train
Distance,37,13,36,12,0.19665774703025818,1006.4346058724517,0.5296781540833312,0.9365358928262382,train
Distance,37,36,36,35,0.20446854829788208,473.27957858885316,0.3848576988112681,0.9365468478712466,train
Distance,37,38,36,37,0.2044404000043869,476.2177466218643,0.679307616671976,0.9460033626174862,train
Distance,37,39,36,38,0.19770516455173492,951.4821003383607,0.4428191499079589,0.9153251284992451,train
Distance,37,58,36,57,0.1967281699180603,1002.8248425217226,0.5142866669537662,0.9197121043124887,train
Distance,38,14,37,13,0.19646874070167542,1006.0410559050429,0.5636078483632811,0.9412487744321987,train
Distance,38,36,37,35,0.19754420220851898,949.4970654566449,0.4820206403442811,0.9658623708870151,train
Distance,38,37,37,36,0.20423594117164612,476.2177466218643,0.679307616671976,0.9460033626174862,train
Distance,38,39,37,38,0.20424507558345795,475.2644016722986,0.6587070210190492,0.9553202944143718,train
Distance,38,40,37,39,0.19750608503818512,951.5537451290274,0.3495705004975126,0.95056501213035,train
Distance,39,16,38,15,0.1965034157037735,1003.8447970814724,0.4790778612036447,0.9225632606180498,train
Distance,39,37,38,36,0.19749923050403595,951.4821003383607,0.4428191499079589,0.9153251284992451,train
Distance,39,38,38,37,0.20423658192157745,475.2644016722986,0.6587070210190492,0.9553202944143718,train
Distance,39,40,38,39,0.20422674715518951,476.2893495400145,0.4345898563554065,0.9339171234715573,train
Distance,39,41,38,40,0.1975340098142624,949.6058059347669,0.3833942466989942,0.9084961621768013,train
Distance,40,38,39,37,0.1975090056657791,951.5537451290274,0.3495705004975126,0.95056501213035,train
Distance,40,39,39,38,0.20423825085163116,476.2893495400145,0.4345898563554065,0.9339171234715573,train
Distance,40,41,39,40,0.2042590081691742,474.1238670602528,0.699210908914943,0.9588920277017935,train
Distance,40,42,39,41,0.19752833247184753,950.5125104533457,0.6390031562230769,0.9661686643414017,train
Distance,40,62,39,61,0.19646543264389038,1006.3597939693882,0.32789290459796466,0.9243012746460678,train
Distance,41,39,40,38,0.19740554690361023,949.6058059347669,0.3833942466989942,0.9084961621768013,train
Distance,41,40,40,39,0.20411467552185059,474.1238670602528,0.699210908914943,0.9588920277017935,train
Distance,41,42,40,41,0.20406170189380646,479.6364946561017,0.653905684152666,0.9577592262771769,train
Distance,41,43,40,42,0.19735266268253326,952.4571135289376,0.5690177360811641,0.9486634016896227,train
Distance,41,63,40,62,0.19706541299819946,967.8211269107542,0.47269267595746745,0.9235190104514571,train
Distance,42,19,41,18,0.19647596776485443,1005.659629737727,0.514162889374874,0.9563344726336994,train
Distance,42,40,41,39,0.19752520322799683,950.5125104533457,0.6390031562230769,0.9661686643414017,train
Distance,42,41,41,40,0.20420275628566742,479.6364946561017,0.653905684152666,0.9577592262771769,train
Distance,42,43,41,42,0.20423677563667297,476.10761071806263,0.7100147197840032,0.9620696842136212,train
Distance,42,44,41,43,0.19755925238132477,948.6741998986028,0.5771721142569671,0.9075885339183758,train
Distance,43,41,42,40,0.19710105657577515,952.4571135289376,0.5690177360811641,0.9486634016896227,train
Distance,43,42,42,41,0.20383548736572266,476.10761071806263,0.7100147197840032,0.9620696842136212,train
Distance,43,44,42,43,0.20383824408054352,475.8182225958592,0.7069301203013209,0.9164056400438455,train
Distance,43,45,42,44,0.19768959283828735,920.2095423653767,0.09447383701756495,0.909295966008718,train
Distance,43,65,42,64,0.19753561913967133,928.7449857143324,0.5545346855504779,0.9564057985992681,train
Distance,44,42,43,41,0.19734211266040802,948.6741998986028,0.5771721142569671,0.9075885339183758,train
Distance,44,43,43,42,0.2040150761604309,475.8182225958592,0.7069301203013209,0.9164056400438455,train
Distance,44,45,43,44,0.204300194978714,445.09940703138005,0.09224311666089151,0.8673188950249999,train
Distance,44,46,43,45,0.19734978675842285,948.2592545994831,0.08109508340514693,0.8662358443960101,train
Distance,44,65,43,64,0.19699279963970184,967.4023164312122,0.5090261715267529,0.9091447960045156,train
Distance,45,43,44,42,0.19817210733890533,920.2095423653767,0.09447383701756495,0.909295966008718,train
Distance,45,44,44,43,0.2046213448047638,445.09940703138005,0.09224311666089151,0.8673188950249999,train
Distance,45,46,44,45,0.20406211912631989,503.5327890906634,0.43431547534106985,0.9715319155090993,train
Distance,45,47,44,46,0.19647540152072906,1010.4209625834818,0.6423954854197507,0.9558090357011919,train
Distance,45,66,44,65,0.19666898250579834,1000.5023182273891,0.10743553542217565,0.9002625277822413,train
Distance,46,25,45,24,0.19746427237987518,955.834892992603,0.5018216877378799,0.9590697855808642,train
Distance,46,44,45,43,0.1976049393415451,948.2592545994831,0.08109508340514693,0.8662358443960101,train
Distance,46,45,45,44,0.20400527119636536,503.5327890906634,0.43431547534106985,0.9715319155090993,train
Distance,46,47,45,46,0.2039630115032196,507.68514577909826,0.46280258910090194,0.9541890108167775,train
Distance,46,67,45,66,0.19696244597434998,982.4259792322454,0.09104821535479612,0.8617673926858451,train
Distance,47,25,46,24,0.20430989563465118,475.56907575545495,0.6785828946229183,0.9552644811811998,train
Distance,47,26,46,25,0.19805197417736053,925.3473471493122,0.2712897682528396,0.9418113513047383,train
Distance,47,45,46,44,0.1964482218027115,1010.4209625834818,0.6423954854197507,0.9558090357011919,train
Distance,47,46,46,45,0.2039916217327118,507.68514577909826,0.46280258910090194,0.9541890108167775,train
Distance,47,68,46,67,0.197198286652565,971.4754630365196,0.11237254910350958,0.8805255926418868,train
Distance,48,47,47,46,0.19526571035385132,1102.913852542357,0.6331684377018183,0.959700625556632,train
Distance,48,49,47,48,0.2043561339378357,542.9156941170094,0.7592657746364573,0.9678841026277062,train
Distance,48,50,47,49,0.1978549063205719,974.4774211141234,0.6348110206204559,0.9679472440678657,train
Distance,48,67,47,66,0.19799745082855225,966.9628282247335,0.11961789466754608,0.8871653135147345,train
Distance,48,68,47,67,0.20452579855918884,527.2086028631437,0.12055180476766249,0.901267844264202,train
Distance,49,26,48,25,0.19771887362003326,941.0915103822217,0.5774037322546829,0.94078538044653,train
Distance,49,48,48,47,0.2035718560218811,542.9156941170094,0.7592657746364573,0.9678841026277062,train
Distance,49,50,48,49,0.2042539268732071,476.450312220681,0.7590418047401756,0.9618834137473489,train
Distance,49,51,48,50,0.19753950834274292,950.807830214968,0.45936561662513375,0.9418679707923575,train
Distance,49,68,48,67,0.19691585004329681,983.9130819251884,0.12648160850852444,0.8962993561258602,train
Distance,50,26,49,25,0.19702380895614624,983.2998810186676,0.45532882887050957,0.9380537898110332,train
Distance,50,27,49,26,0.19705833494663239,981.4938137874449,0.6754550122680111,0.9489931507245026,train
Distance,50,48,49,47,0.19719189405441284,974.4774211141234,0.6348110206204559,0.9679472440678657,train
Distance,50,49,49,48,0.20435373485088348,476.450312220681,0.7590418047401756,0.9618834137473489,train
Distance,50,51,49,50,0.20437225699424744,474.5226713729066,0.5851004212293683,0.943424312327229,train
Distance,51,26,50,25,0.1945239156484604,1210.7764462645862,0.19307296559499174,0.935468800297482,train
Distance,51,27,50,26,0.198965921998024,1004.3185721549346,0.4939936258516444,0.9351389931109391,train
Distance,51,28,50,27,0.1997009962797165,966.4159822826441,0.6863700206513133,0.9348583298493714,train
Distance,51,49,50,48,0.1999962478876114,950.807830214968,0.45936561662513375,0.9418679707923575,train
Distance,51,50,50,49,0.20681290328502655,474.5226713729066,0.5851004212293683,0.943424312327229,train
Distance,52,30,51,29,0.19989515841007233,1123.2509938727856,0.5746252284220621,0.9210485413375225,train
Distance,52,31,51,30,0.19248196482658386,1423.7761372943305,0.528924378061833,0.931704907197432,train
Distance,52,53,51,52,0.2102479189634323,488.8048476939155,0.7127308718555612,0.9072781379649567,train
Distance,52,54,51,53,0.20374725759029388,935.456895600383,0.5998447522706482,0.9146471445560748,train
Distance,52,55,51,54,0.19362765550613403,1380.9180265177235,0.5516620986674866,0.9268492171235514,train
Distance,53,31,52,30,0.19579046964645386,1153.3626698565542,0.5417909236976676,0.9322960598760084,train
Distance,53,52,52,51,0.20662882924079895,488.8048476939155,0.7127308718555612,0.9072781379649567,train
Distance,53,54,52,53,0.20700453221797943,449.5922701092691,0.7048932490265903,0.9473531828440138,train
Distance,53,55,52,54,0.20094986259937286,896.3303897138748,0.5642446869343585,0.9267870688981773,train
Distance,53,56,52,55,0.18962635099887848,1406.4826785187286,0.5036958286676214,0.910456118009856,train
Distance,54,31,53,30,0.19668951630592346,983.2860280103273,0.5698864886812727,0.942340686856733,train
Distance,54,52,53,51,0.19758272171020508,935.456895600383,0.5998447522706482,0.9146471445560748,train
Distance,54,53,53,52,0.20425741374492645,449.5922701092691,0.7048932490265903,0.9473531828440138,train
Distance,54,55,53,54,0.20428311824798584,446.74872696946056,0.6010768542261912,0.9430653782351451,train
Distance,54,56,53,55,0.19718720018863678,956.9045679775176,0.5874761862856642,0.9179471300455717,train
Distance,55,31,54,30,0.19652292132377625,998.8981865066312,0.4059393827658857,0.9508943188429012,train
Distance,55,53,54,52,0.1984180510044098,896.3303897138748,0.5642446869343585,0.9267870688981773,train
Distance,55,54,54,53,0.20442216098308563,446.74872696946056,0.6010768542261912,0.9430653782351451,train
Distance,55,56,54,55,0.20380909740924835,510.31272305676555,0.6384855628133888,0.9365368711044243,train
Distance,55,57,54,56,0.19682781398296356,983.0552515288515,0.48285358428012765,0.959288174440215,train
Distance,56,32,55,31,0.19596336781978607,1071.1017184413909,0.5699702099516426,0.9413706964376661,train
Distance,56,33,55,32,0.19600102305412292,1069.2842872942008,0.5923053810050756,0.929352054561698,train
Distance,56,54,55,53,0.19821684062480927,956.9045679775176,0.5874761862856642,0.9179471300455717,train
Distance,56,55,55,54,0.2047339677810669,510.31272305676555,0.6384855628133888,0.9365368711044243,train
Distance,56,57,55,56,0.20508478581905365,475.1261470013367,0.7261574753243323,0.9432643532815412,train
Distance,57,32,56,31,0.19393041729927063,1245.7934114146356,0.4780254907402954,0.9631824329232358,train
Distance,57,33,56,32,0.19833114743232727,1047.618633573945,0.5208106787570995,0.9534677108404535,train
Distance,57,34,56,33,0.20106586813926697,905.6076252911558,0.5205061057693968,0.9434785892325741,train
Distance,57,55,56,54,0.1996190845966339,983.0552515288515,0.48285358428012765,0.959288174440215,train
Distance,57,56,56,55,0.207053542137146,475.1261470013367,0.7261574753243323,0.9432643532815412,train
Distance,58,36,57,35,0.19911493360996246,1002.8610480825182,0.6096597547035695,0.9446100430923762,train
Distance,58,37,57,36,0.19911561906337738,1002.8248425217226,0.5142866669537662,0.9197121043124887,train
Distance,58,38,57,37,0.19470736384391785,1207.94244428602,0.5192937448670497,0.9417958259416209,train
Distance,58,59,57,58,0.20692625641822815,475.721033728124,0.6772028148267828,0.9433893781800516,train
Distance,58,60,57,59,0.20013582706451416,949.812539385663,0.613097324948276,0.9392313542065555,train
Distance,59,37,58,36,0.19667400419712067,1007.2130309949271,0.4195517262005436,0.9289869983227045,train
Distance,59,38,58,37,0.19667017459869385,1007.4089962210078,0.507781402755995,0.9570241953398143,train
Distance,59,58,58,57,0.20447789132595062,475.721033728124,0.6772028148267828,0.9433893781800516,train
Distance,59,60,58,59,0.20449338853359222,474.104616654374,0.6888689601687429,0.9583957872621078,train
Distance,59,61,58,60,0.19768449664115906,954.2942572732771,0.5774673944590969,0.960376198147197,train
Distance,60,38,59,37,0.19646747410297394,1006.3220343104938,0.6146415648217567,0.9543629179205574,train
Distance,60,58,59,57,0.19754262268543243,949.812539385663,0.613097324948276,0.9392313542065555,train
Distance,60,59,59,58,0.20426055788993835,474.104616654374,0.6888689601687429,0.9583957872621078,train
Distance,60,61,59,60,0.20419813692569733,480.5901848132012,0.715414310365311,0.9587639388525209,train
Distance,60,62,59,61,0.19753120839595795,950.4288930045193,0.4584618189150209,0.9268081474748844,train
Distance,61,40,60,39,0.19604115188121796,1032.648413791922,0.39714291610223956,0.9513308474095242,train
Distance,61,59,60,58,0.19755379855632782,954.2942572732771,0.5774673944590969,0.960376198147197,train
Distance,61,60,60,59,0.20429573953151703,480.5901848132012,0.715414310365311,0.9587639388525209,train
Distance,61,62,60,61,0.20438425242900848,471.37298229396976,0.5920121549961809,0.9283322575779874,train
Distance,61,63,60,62,0.1977250725030899,945.0513492226405,0.5952555517080111,0.9407988931698404,train
Distance,62,41,61,40,0.19712741672992706,969.1187388590821,0.3793943732103695,0.9148198905521046,train
Distance,62,60,61,59,0.19747687876224518,950.4288930045193,0.4584618189150209,0.9268081474748844,train
Distance,62,61,61,60,0.2042304277420044,471.37298229396976,0.5920121549961809,0.9283322575779874,train
Distance,62,63,61,62,0.20420508086681366,474.03266896690536,0.6102140838847409,0.9249706914161611,train
Distance,62,64,61,63,0.19696015119552612,977.9481464319922,0.5864736487008705,0.9166682186150656,train
Distance,63,41,62,40,0.19709540903568268,967.8211269107542,0.47269267595746745,0.9235190104514571,train
Distance,63,61,62,60,0.1975196897983551,945.0513492226405,0.5952555517080111,0.9407988931698404,train
Distance,63,62,62,61,0.204146608710289,474.03266896690536,0.6102140838847409,0.9249706914161611,train
Distance,63,64,62,63,0.20385223627090454,503.91763876590005,0.7389324797132734,0.9475690084563375,train
Distance,63,65,62,64,0.19738610088825226,952.2739257658018,0.47285613134792687,0.9286930135454767,train
Distance,64,43,63,42,0.1971352994441986,963.2142604940274,0.38238662285740466,0.943599195243035,train
Distance,64,62,63,61,0.19685712456703186,977.9481464319922,0.5864736487008705,0.9166682186150656,train
Distance,64,63,63,62,0.20380395650863647,503.91763876590005,0.7389324797132734,0.9475690084563375,train
Distance,64,65,63,64,0.20432758331298828,449.3990588384237,0.5268592452586083,0.9462760092470356,train
Distance,64,66,63,65,0.1978759914636612,922.9416014712835,0.4533486386314524,0.9453608755549723,train
Distance,65,43,64,42,0.19761750102043152,928.7449857143324,0.5545346855504779,0.9564057985992681,train
Distance,65,63,64,62,0.1971861720085144,952.2739257658018,0.47285613134792687,0.9286930135454767,train
Distance,65,64,64,63,0.20416899025440216,449.3990588384237,0.5268592452586083,0.9462760092470356,train
Distance,65,66,64,65,0.20391081273555756,477.0624595236486,0.6461054537493465,0.9708354784868939,train
Distance,65,67,64,66,0.19711649417877197,956.0257645603547,0.5700429328728702,0.9512753774560572,train
Distance,66,45,65,44,0.19637122750282288,1000.5023182273891,0.10743553542217565,0.9002625277822413,train
Distance,66,64,65,63,0.1978229135274887,922.9416014712835,0.4533486386314524,0.9453608755549723,train
Distance,66,65,65,64,0.20401446521282196,477.0624595236486,0.6461054537493465,0.9708354784868939,train
Distance,66,67,65,66,0.20398925244808197,479.67814939891656,0.6991151572781938,0.9654270586032485,train
Distance,66,68,65,67,0.19780214130878448,924.0924721845929,0.5897272266164139,0.9746849041218123,train
Distance,67,46,66,45,0.19686713814735413,982.4259792322454,0.09104821535479612,0.8617673926858451,train
Distance,67,48,66,47,0.19716030359268188,966.9628282247335,0.11961789466754608,0.8871653135147345,train
Distance,67,65,66,64,0.1973651647567749,956.0257645603547,0.5700429328728702,0.9512753774560572,train
Distance,67,66,66,65,0.20414280891418457,479.67814939891656,0.6991151572781938,0.9654270586032485,train
Distance,67,68,66,67,0.20446456968784332,445.18651563831065,0.7032493530130992,0.9596824884821359,train
Distance,68,47,67,46,0.19707705080509186,971.4754630365196,0.11237254910350958,0.8805255926418868,train
Distance,68,48,67,47,0.2036629468202591,527.2086028631437,0.12055180476766249,0.901267844264202,train
Distance,68,49,67,48,0.1968405544757843,983.9130819251884,0.12648160850852444,0.8962993561258602,train
Distance,68,66,67,65,0.19795289635658264,924.0924721845929,0.5897272266164139,0.9746849041218123,train
Distance,68,67,67,66,0.20446649193763733,445.18651563831065,0.7032493530130992,0.9596824884821359,train
Distance,69,70,68,69,0.20437616109848022,477.63244482842083,0.7291413305684702,0.9421405898368611,train
Distance,69,89,68,88,0.19767099618911743,950.6851885254778,0.1337953142440512,0.8822932210288582,train
Distance,69,90,68,89,0.20441152155399323,473.94809154287606,0.12495116439110118,0.8950283981985172,train
Distance,69,110,68,109,0.19712448120117188,979.7348195839191,0.11452670043441707,0.8985587410191667,train
Distance,69,111,68,110,0.19641682505607605,1016.2304134385325,0.0973317338272245,0.8945150564635211,train
Distance,70,69,69,68,0.20453141629695892,477.63244482842083,0.7291413305684702,0.9421405898368611,train
Distance,70,71,69,70,0.2038353830575943,545.1392579215105,0.6974773682402258,0.9339088110242877,train
Distance,70,72,69,71,0.19785018265247345,949.1207393038169,0.47026424267146266,0.9426834362816114,train
Distance,70,90,69,89,0.19782166182994843,950.6589343799012,0.12592631588784076,0.8757181803660998,train
Distance,70,111,69,110,0.19596131145954132,1046.4861768370743,0.11020382362889687,0.8655186720958029,train
Distance,71,69,70,68,0.1961263120174408,1019.3346169747455,0.6115630661724067,0.9458107737518183,train
Distance,71,70,70,69,0.20344285666942596,545.1392579215105,0.6974773682402258,0.9339088110242877,train
Distance,71,72,70,71,0.20477139949798584,406.61614106035626,0.6448681868974477,0.9500702589087646,train
Distance,71,73,70,72,0.19866648316383362,882.2648210051866,0.6188036889968281,0.94791959037239,train
Distance,71,91,70,90,0.19699297845363617,974.5432786829493,0.49119242631968013,0.9394228195532779,train
Distance,72,70,71,69,0.1973918229341507,949.1207393038169,0.47026424267146266,0.9426834362816114,train
Distance,72,71,71,70,0.20469118654727936,406.61614106035626,0.6448681868974477,0.9500702589087646,train
Distance,72,73,71,72,0.20405983924865723,477.39769387248015,0.6955525802479792,0.9696733973636015,train
Distance,72,74,71,73,0.19742362201213837,947.4006652226747,0.58489321368885,0.9672519695108027,train
Distance,72,92,71,91,0.19643355906009674,999.700092344363,0.5117923738973529,0.9284964684915267,train
Distance,73,71,72,70,0.1983475536108017,882.2648210051866,0.6188036889968281,0.94791959037239,train
Distance,73,72,72,71,0.2038121074438095,477.39769387248015,0.6955525802479792,0.9696733973636015,train
Distance,73,74,72,73,0.20388014614582062,470.2624123392499,0.7469482382660507,0.9692846011018075,train
Distance,73,75,72,74,0.1971314400434494,950.2428693576614,0.6365461429325355,0.961045077797265,train
Distance,73,92,72,91,0.19682875275611877,966.480798708983,0.6427621494022266,0.923911849546201,train
Distance,74,72,73,71,0.1974467635154724,947.4006652226747,0.58489321368885,0.9672519695108027,train
Distance,74,73,73,72,0.20415189862251282,470.2624123392499,0.7469482382660507,0.9692846011018075,train
Distance,74,75,73,74,0.20404863357543945,481.0343694841471,0.7601487109912038,0.9684895334280387,train
Distance,74,76,73,75,0.19732224941253662,954.1205011065445,0.6433909388776176,0.9591832082038523,train
Distance,74,93,73,92,0.19703041017055511,969.7030010245367,0.6662320428774403,0.9472637435456209,train
Distance,75,73,74,72,0.19757413864135742,950.2428693576614,0.6365461429325355,0.961045077797265,train
Distance,75,74,74,73,0.20423465967178345,481.0343694841471,0.7601487109912038,0.9684895334280387,train
Distance,75,76,74,75,0.20427961647510529,476.3767336620417,0.7586292445795962,0.9545954958102293,train
Distance,75,77,74,76,0.19760842621326447,948.3920069339465,-0.06143153876921172,0.9499992039241242,train
Distance,75,94,74,93,0.19630315899848938,1016.7017115402,0.6587824263774484,0.957428658961206,train
Distance,76,74,75,73,0.1973990499973297,954.1205011065445,0.6433909388776176,0.9591832082038523,train
Distance,76,75,75,74,0.2041729837656021,476.3767336620417,0.7586292445795962,0.9545954958102293,train
Distance,76,77,75,76,0.20420731604099274,472.7903257042521,-0.10381130312197023,0.9443858576728441,train
Distance,76,78,75,77,0.19733600318431854,957.5042013829226,0.5962231905664332,0.9560924465324917,train
Distance,76,95,75,94,0.1968846321105957,981.4255499353277,0.6627177783834026,0.9295653109628262,train
Distance,77,75,76,74,0.1975814700126648,948.3920069339465,-0.06143153876921172,0.9499992039241242,train
Distance,77,76,76,75,0.2042860984802246,472.7903257042521,-0.10381130312197023,0.9443858576728441,train
Distance,77,78,76,77,0.2041647732257843,485.3465192344266,-0.06574084276259817,0.949886322053963,train
Distance,77,79,76,78,0.19744054973125458,955.9800667850507,0.0024936716401322235,0.94082544213408,train
Distance,77,96,76,95,0.19652701914310455,1003.909323398673,-0.07487328986208125,0.9175565937822947,train
Distance,78,76,77,75,0.19762635231018066,957.5042013829226,0.5962231905664332,0.9560924465324917,train
Distance,78,77,77,76,0.20438633859157562,485.3465192344266,-0.06574084276259817,0.949886322053963,train
Distance,78,79,77,78,0.20449939370155334,473.66848543058217,0.747021201423182,0.9571223811535734,train
Distance,78,97,77,96,0.19645974040031433,1018.2023762682254,0.6543115771544231,0.9410948055567645,train
Distance,78,98,77,97,0.19702820479869843,989.0465043780179,0.6669977945759905,0.9569089762462176,train
Distance,79,77,78,76,0.19963166117668152,955.9800667850507,0.0024936716401322235,0.94082544213408,train
Distance,79,78,78,77,0.2065446972846985,473.66848543058217,0.747021201423182,0.9571223811535734,train
Distance,79,97,78,96,0.19541342556476593,1160.377406666123,0.5675330836035329,0.9407415389413978,train
Distance,79,98,78,97,0.1998981237411499,941.7438998877022,0.6836748408425962,0.9509685812032123,train
Distance,79,99,78,98,0.1985120326280594,1013.8137748778955,0.6794251488645257,0.9338952659909694,train
Distance,80,13,79,12,0.19315828382968903,1475.4899857076568,0.311831403928659,0.9244396348905034,train
Distance,80,14,79,13,0.1932717263698578,1471.454675902081,0.3107571213561588,0.9108020119506661,train
Distance,80,81,79,80,0.21265479922294617,478.89970062412067,0.7084660876544957,0.9229776536790278,train
Distance,80,82,79,81,0.20629942417144775,918.648540687596,0.6164856984477812,0.9356070748529358,train
Distance,80,83,79,82,0.19461582601070404,1422.9556666765104,0.5183022826125085,0.9200593655776993,train
Distance,81,15,80,14,0.19035831093788147,1396.6721713918498,0.27473590242539836,0.9108888151104407,train
Distance,81,80,80,79,0.20724299550056458,478.89970062412067,0.7084660876544957,0.9229776536790278,train
Distance,81,82,80,81,0.20760905742645264,440.00111226444926,0.6288275306187668,0.9626966446246539,train
Distance,81,83,80,82,0.20050588250160217,948.0196188392938,0.6263399947805798,0.9071562320446047,train
Distance,81,102,80,101,0.19428370893001556,1239.8638281791239,0.5376566518792822,0.8896678184217676,train
Distance,82,80,81,79,0.1987164169549942,918.648540687596,0.6164856984477812,0.9356070748529358,train
Distance,82,81,81,80,0.20520000159740448,440.00111226444926,0.6288275306187668,0.9626966446246539,train
Distance,82,83,81,82,0.20437179505825043,524.8987280823535,0.624445470606586,0.9170410223361409,train
Distance,82,84,81,83,0.1972196251153946,998.5285930969807,0.6230275001360734,0.9326813714215121,train
Distance,82,102,81,101,0.1944921761751175,1130.986816016264,0.6482280064692792,0.896605614917553,train
Distance,83,81,82,80,0.19773484766483307,948.0196188392938,0.6263399947805798,0.9071562320446047,train
Distance,83,82,82,81,0.20391349494457245,524.8987280823535,0.624445470606586,0.9170410223361409,train
Distance,83,84,82,83,0.20439505577087402,477.22199054024964,0.7159936380817509,0.9224092826319389,train
Distance,83,85,82,84,0.19767199456691742,951.4101970610324,0.3131277310161936,0.9281532364086716,train
Distance,83,102,82,101,0.19628459215164185,1023.6423962478032,0.5718585546711461,0.8921872285260736,train
Distance,84,82,83,81,0.19660502672195435,998.5285930969807,0.6230275001360734,0.9326813714215121,train
Distance,84,83,83,82,0.20421604812145233,477.22199054024964,0.7159936380817509,0.9224092826319389,train
Distance,84,85,83,84,0.20424498617649078,474.2054689580494,0.5049091436415114,0.943771132426646,train
Distance,84,86,83,85,0.19753322005271912,949.5581241170619,0.4756874235717368,0.958256337188226,train
Distance,84,104,83,103,0.19740067422389984,956.6893166134208,0.5815647447692437,0.9539067876479164,train
Distance,85,83,84,82,0.1973309963941574,951.4101970610324,0.3131277310161936,0.9281532364086716,train
Distance,85,84,84,83,0.20407137274742126,474.2054689580494,0.5049091436415114,0.943771132426646,train
Distance,85,86,84,85,0.2040601670742035,475.37828803758936,0.7403273720431862,0.9539192186957306,train
Distance,85,87,84,86,0.1973743587732315,949.0674429792216,0.6335303959472436,0.914311956859915,train
Distance,85,104,84,103,0.1971631646156311,960.4239609454996,0.590600677076836,0.9536270656954853,train
Distance,86,84,85,83,0.19743900001049042,949.5581241170619,0.4756874235717368,0.958256337188226,train
Distance,86,85,85,84,0.20413634181022644,475.37828803758936,0.7403273720431862,0.9539192186957306,train
Distance,86,87,85,86,0.2041366547346115,475.3455636618458,0.7424048899614548,0.930464033937933,train
Distance,86,88,85,87,0.19746460020542145,948.1734801418037,0.5818145290077197,0.9635130999764364,train
Distance,86,106,85,105,0.19682341814041138,982.2978634889633,0.5253080372698103,0.9376058344486069,train
Distance,87,85,86,84,0.19762375950813293,949.0674429792216,0.6335303959472436,0.914311956859915,train
Distance,87,86,86,85,0.2043183296918869,475.3455636618458,0.7424048899614548,0.930464033937933,train
Distance,87,88,86,87,0.2042866349220276,478.6397164209136,0.6505166850980921,0.9327611098331979,train
Distance,87,89,86,88,0.19760863482952118,949.8845750165266,0.5774091395441444,0.920213445290473,train
Distance,87,106,86,105,0.196162611246109,1025.2043062801679,0.4819702243209268,0.8839681341731902,train
Distance,88,86,87,85,0.19745951890945435,948.1734801418037,0.5818145290077197,0.9635130999764364,train
Distance,88,87,87,86,0.20409975945949554,478.6397164209136,0.6505166850980921,0.9327611098331979,train
Distance,88,89,87,88,0.2041453719139099,473.88592235584747,0.733571159719393,0.9398315578308045,train
Distance,88,90,87,89,0.19742636382579803,949.9653042769754,0.6017251277027658,0.9597630874806192,train
Distance,88,108,87,107,0.19686897099018097,979.6433379244776,0.5586006909591161,0.912296568298668,train
Distance,89,69,88,68,0.19745537638664246,950.6851885254778,0.1337953142440512,0.8822932210288582,train
Distance,89,87,88,86,0.19747020304203033,949.8845750165266,0.5774091395441444,0.920213445290473,train
Distance,89,88,88,87,0.20418915152549744,473.88592235584747,0.733571159719393,0.9398315578308045,train
Distance,89,90,88,89,0.20416010916233063,476.91507458878596,0.7344120065755323,0.9337233984736144,train
Distance,89,108,88,107,0.19672513008117676,989.3673536373476,0.49849123523493993,0.8911266834599731,train
Distance,90,69,89,68,0.20410878956317902,473.94809154287606,0.12495116439110118,0.8950283981985172,train
Distance,90,70,89,69,0.1973787397146225,950.6589343799012,0.12592631588784076,0.8757181803660998,train
Distance,90,88,89,87,0.1973915696144104,949.9653042769754,0.6017251277027658,0.9597630874806192,train
Distance,90,89,89,88,0.20408035814762115,476.91507458878596,0.7344120065755323,0.9337233984736144,train
Distance,90,109,89,108,0.19704049825668335,968.7570224572287,0.6245497659300898,0.9528981107575598,train
Distance,91,71,90,70,0.1968398094177246,974.5432786829493,0.49119242631968013,0.9394228195532779,train
Distance,91,92,90,91,0.2041226476430893,462.4436894447176,0.6439915301667172,0.9441841294537373,train
Distance,91,93,90,92,0.19802841544151306,909.8312682211928,0.4447179879333578,0.9403052545791134,train
Distance,91,111,90,110,0.19712373614311218,959.4467236423237,0.11750201464416589,0.9093519790037543,train
Distance,91,112,90,111,0.20388540625572205,487.24722868407474,0.11882852233156829,0.8945238911649728,train
Distance,92,73,91,72,0.19700126349925995,966.480798708983,0.6427621494022266,0.923911849546201,train
Distance,92,91,91,90,0.2041323333978653,462.4436894447176,0.6439915301667172,0.9441841294537373,train
Distance,92,93,91,92,0.20426885783672333,447.5596232244284,0.6946898449441499,0.9150233454874858,train
Distance,92,94,91,93,0.19728215038776398,951.4345099833107,0.6405229181344102,0.936068011708843,train
Distance,92,112,91,111,0.19731542468070984,949.6376532882683,0.1296638946414474,0.8879337277519229,train
Distance,93,73,92,72,0.19697314500808716,968.6401425425901,0.6651112518676092,0.9381420707270548,train
Distance,93,74,92,73,0.19695310294628143,969.7030010245367,0.6662320428774403,0.9472637435456209,train
Distance,93,91,92,90,0.1980503648519516,909.8312682211928,0.4447179879333578,0.9403052545791134,train
Distance,93,92,92,91,0.20428182184696198,447.5596232244284,0.6946898449441499,0.9150233454874858,train
Distance,93,94,92,93,0.20374156534671783,503.93386161359246,0.6797909342440497,0.9511581037257835,train
Distance,94,74,93,73,0.19683440029621124,985.7653146213381,0.6242002393859795,0.959518676232644,train
Distance,94,92,93,91,0.19748176634311676,951.4345099833107,0.6405229181344102,0.936068011708843,train
Distance,94,93,93,92,0.20393477380275726,503.93386161359246,0.6797909342440497,0.9511581037257835,train
Distance,94,95,93,94,0.20422686636447906,474.2962807450348,0.6417845216983818,0.9421605110703573,train
Distance,94,96,93,95,0.1975221037864685,949.2574202602038,0.5345763610455494,0.9334648736004897,train
Distance,95,76,94,75,0.19713960587978363,981.4255499353277,0.6627177783834026,0.9295653109628262,train
Distance,95,93,94,92,0.1972017139196396,978.1705429395838,0.6035899612332957,0.9266273197384839,train
Distance,95,94,94,93,0.2044573575258255,474.2962807450348,0.6417845216983818,0.9421605110703573,train
Distance,95,96,94,95,0.20444869995117188,475.2000734125051,0.6959645612791511,0.908089148051135,train
Distance,95,97,94,96,0.19675269722938538,1001.4930135028627,0.6156963579288294,0.9162728079977377,train
Distance,96,77,95,76,0.1966237872838974,1003.909323398673,-0.07487328986208125,0.9175565937822947,train
Distance,96,94,95,93,0.19766272604465485,949.2574202602038,0.5345763610455494,0.9334648736004897,train
Distance,96,95,95,94,0.2043636292219162,475.2000734125051,0.6959645612791511,0.908089148051135,train
Distance,96,97,95,96,0.20384106040000916,526.947511340291,0.725509999979595,0.9629650688735303,train
Distance,96,98,95,97,0.1975088268518448,957.532275334598,0.6058765137569322,0.9358003793775721,train
Distance,97,77,96,76,0.19638577103614807,1014.8318369625582,-0.07640615638299011,0.924095492018721,train
Distance,97,95,96,94,0.19664669036865234,1001.4930135028627,0.6156963579288294,0.9162728079977377,train
Distance,97,96,96,95,0.20381604135036469,526.947511340291,0.725509999979595,0.9629650688735303,train
Distance,97,98,96,97,0.20473934710025787,431.42427988977647,0.7160615579570309,0.9473065158754126,train
Distance,97,99,96,98,0.19841207563877106,906.6218696099946,0.591692898068271,0.9292058215540387,train
Distance,98,79,97,78,0.19741354882717133,941.7438998877022,0.6836748408425962,0.9509685812032123,train
Distance,98,96,97,95,0.1971215307712555,957.532275334598,0.6058765137569322,0.9358003793775721,train
Distance,98,97,97,96,0.2043629288673401,431.42427988977647,0.7160615579570309,0.9473065158754126,train
Distance,98,99,97,98,0.20389848947525024,481.8827110573501,0.7654034987420907,0.9511916309820191,train
Distance,98,100,97,99,0.19720351696014404,953.1227372321894,0.5691591516655101,0.9526765198293216,train
Distance,99,97,98,96,0.19811686873435974,906.6218696099946,0.591692898068271,0.9292058215540387,train
Distance,99,98,98,97,0.20397011935710907,481.8827110573501,0.7654034987420907,0.9511916309820191,train
Distance,99,100,98,99,0.20405146479606628,473.4280629563631,0.6147103946017645,0.9392068398824105,train
Distance,99,101,98,100,0.1973656266927719,948.1117701379314,0.5286926714214035,0.9403214592775283,train
Distance,99,120,98,119,0.1964959055185318,994.1672446142381,0.6910600705658586,0.9335410041413373,train
Distance,100,98,99,97,0.19768670201301575,953.1227372321894,0.5691591516655101,0.9526765198293216,train
Distance,100,99,99,98,0.20447960495948792,473.4280629563631,0.6147103946017645,0.9392068398824105,train
Distance,100,101,99,100,0.20446759462356567,474.68370777271605,0.7475684949574782,0.9510802104596394,train
Distance,100,121,99,120,0.1969248652458191,993.3025230785745,0.6594312944277092,0.9337176021913147,train
Distance,100,122,99,121,0.19644124805927277,1018.0644193858952,0.5387084944574236,0.9558212875884933,train
Distance,101,99,100,98,0.20001882314682007,948.1117701379314,0.5286926714214035,0.9403214592775283,train
Distance,101,100,100,99,0.20678241550922394,474.68370777271605,0.7475684949574782,0.9510802104596394,train
Distance,101,121,100,120,0.19492900371551514,1192.0610662243457,0.5874768443952849,0.9532818663547938,train
Distance,101,122,100,121,0.19883763790130615,1009.3966446042836,0.548574882046511,0.9622660883158973,train
Distance,101,123,100,122,0.1994321346282959,978.9857421715994,0.6311050706443794,0.9576548259901816,train
Distance,102,82,101,81,0.19612546265125275,1130.986816016264,0.6482280064692792,0.896605614917553,train
Distance,102,83,101,82,0.198377788066864,1023.6423962478032,0.5718585546711461,0.8921872285260736,train
Distance,102,103,101,102,0.20634782314300537,500.0025873613573,0.7578299030289966,0.9260325771845755,train
Distance,102,104,101,103,0.20008346438407898,935.1117085538488,0.6306355603423729,0.9351273522230424,train
Distance,102,124,101,123,0.19906549155712128,988.8116191711415,0.630237767445687,0.901186913973638,train
Distance,103,102,102,101,0.20391127467155457,500.0025873613573,0.7578299030289966,0.9260325771845755,train
Distance,103,104,102,103,0.20450837910175323,436.77986654332926,0.7560784830152782,0.9651620824591975,train
Distance,103,105,102,104,0.19791460037231445,924.445008656195,0.6473480308800519,0.9617376609962971,train
Distance,103,124,102,123,0.19661670923233032,993.913975339071,0.6183260936878502,0.9311141306445763,train
Distance,103,125,102,124,0.19704896211624146,971.2789828257919,0.6271003561555742,0.9029351336496906,train
Distance,104,84,103,83,0.19717161357402802,956.6893166134208,0.5815647447692437,0.9539067876479164,train
Distance,104,85,103,84,0.1971019208431244,960.4239609454996,0.590600677076836,0.9536270656954853,train
Distance,104,102,103,101,0.1975693702697754,935.1117085538488,0.6306355603423729,0.9351273522230424,train
Distance,104,103,103,102,0.20435167849063873,436.77986654332926,0.7560784830152782,0.9651620824591975,train
Distance,104,105,103,104,0.20380546152591705,494.96162652767407,0.7419337917616642,0.9773601593866896,train
Distance,105,103,104,102,0.1978401392698288,924.445008656195,0.6473480308800519,0.9617376609962971,train
Distance,105,104,104,103,0.203885018825531,494.96162652767407,0.7419337917616642,0.9773601593866896,train
Distance,105,106,104,105,0.20407113432884216,475.92926364022816,0.7330690198784573,0.9335224747497649,train
Distance,105,107,104,106,0.19731636345386505,953.0456500446147,0.6168056971719722,0.971448961792548,train
Distance,105,127,104,126,0.19688737392425537,975.8992796927498,0.6686147839444683,0.9648570499355074,train
Distance,106,104,105,103,0.1971849650144577,966.9304120084796,0.6093117932041691,0.94156959637953,train
Distance,106,105,105,104,0.20420381426811218,475.92926364022816,0.7330690198784573,0.9335224747497649,train
Distance,106,107,105,106,0.204117089509964,484.88288998107834,0.6565548737606373,0.9380495916298114,train
Distance,106,108,105,107,0.19753184914588928,948.3419412498848,0.5776200898769829,0.8871145936198023,train
Distance,106,128,105,127,0.19696234166622162,978.6906440827421,0.5089097803135721,0.9070908668062653,train
Distance,107,106,106,105,0.2036854326725006,484.88288998107834,0.6565548737606373,0.9380495916298114,train
Distance,107,108,106,107,0.2037268877029419,480.61283311730494,0.4885649369610052,0.9293400482777562,train
Distance,107,109,106,108,0.19703958928585052,952.3731438632623,0.5999148190642901,0.9566990165648753,train
Distance,107,128,106,127,0.19819363951683044,888.102612333648,0.31623707119033434,0.9464930465439051,train
Distance,107,129,106,128,0.1973544806241989,935.2379593926518,0.559441654529806,0.9619887849902572,train
Distance,108,88,107,87,0.19688448309898376,979.6433379244776,0.5586006909591161,0.912296568298668,train
Distance,108,106,107,105,0.1974719613790512,948.3419412498848,0.5776200898769829,0.8871145936198023,train
Distance,108,107,107,106,0.2040967345237732,480.61283311730494,0.4885649369610052,0.9293400482777562,train
Distance,108,109,107,108,0.20413915812969208,476.2142145271756,0.5852417349892475,0.9148026151718806,train
Distance,108,110,107,109,0.19740767776966095,951.8127017384736,0.5448472852639218,0.9252224041343874,train
Distance,109,90,108,89,0.19704753160476685,968.7570224572287,0.6245497659300898,0.9528981107575598,train
Distance,109,107,108,106,0.1973540037870407,952.3731438632623,0.5999148190642901,0.9566990165648753,train
Distance,109,108,108,107,0.20409439504146576,476.2142145271756,0.5852417349892475,0.9148026151718806,train
Distance,109,110,108,109,0.20409926772117615,475.7069242892565,0.7185210220001939,0.9618771736808106,train
Distance,109,111,108,110,0.19740481674671173,949.6302813496004,0.531141319718436,0.9606691524645038,train
Distance,110,69,109,68,0.19686226546764374,979.7348195839191,0.11452670043441707,0.8985587410191667,train
Distance,110,108,109,107,0.19738714396953583,951.8127017384736,0.5448472852639218,0.9252224041343874,train
Distance,110,109,109,108,0.20412279665470123,475.7069242892565,0.7185210220001939,0.9618771736808106,train
Distance,110,111,109,110,0.2041388303041458,474.02998722092457,0.6820628317382859,0.9746791658761765,train
Distance,110,112,109,111,0.1974889487028122,946.3096185574077,0.5666360932314178,0.9611911433027122,train
Distance,111,109,110,108,0.19731146097183228,949.6302813496004,0.531141319718436,0.9606691524645038,train
Distance,111,110,110,109,0.20401877164840698,474.02998722092457,0.6820628317382859,0.9746791658761765,train
Distance,111,112,110,111,0.20403213798999786,472.627303497735,0.7394605918947431,0.9639870391072436,train
Distance,111,132,110,131,0.19721633195877075,954.7588752548074,0.663128047773844,0.9570864898225011,train
Distance,111,133,110,132,0.19742123782634735,943.6805351570217,0.6569387432242441,0.9480465009866278,train
Distance,112,91,111,90,0.20386160910129547,487.24722868407474,0.11882852233156829,0.8945238911649728,train
Distance,112,92,111,91,0.19728302955627441,949.6376532882683,0.1296638946414474,0.8879337277519229,train
Distance,112,110,111,109,0.19734449684619904,946.3096185574077,0.5666360932314178,0.9611911433027122,train
Distance,112,111,111,110,0.20400287210941315,472.627303497735,0.7394605918947431,0.9639870391072436,train
Distance,112,133,111,132,0.19750797748565674,937.4053191023299,0.6572202110775283,0.9363613493040344,train
Distance,113,91,112,90,0.1959783285856247,1038.2726454820317,0.3148695062932837,0.9585118778681146,train
Distance,113,114,112,113,0.20441095530986786,474.02613126302646,0.6705257083328386,0.9286593615198833,train
Distance,113,115,112,114,0.1977272778749466,947.6559433470132,0.5217977341873704,0.940556449216876,train
Distance,113,133,112,132,0.1974896788597107,960.4190204804527,0.11114823142865245,0.8844119053947878,train
Distance,113,134,112,133,0.20439375936985016,475.81896081036933,0.10784206078345447,0.8906691278577883,train
Distance,114,93,113,92,0.19636614620685577,1012.0040299858493,0.679664814514101,0.9168719153697702,train
Distance,114,113,113,112,0.2042715847492218,474.02613126302646,0.6705257083328386,0.9286593615198833,train
Distance,114,115,113,114,0.20426470041275024,474.74298445991474,0.7172514435940666,0.9113416394704876,train
Distance,114,116,113,115,0.19753463566303253,950.7792610482358,0.5740828864215981,0.9080257097195095,train
Distance,114,134,113,133,0.19756291806697845,949.2520356528291,0.11992423795012803,0.8528534476012322,train
Distance,115,94,114,93,0.19622384011745453,1020.585282501316,0.6884500669372935,0.9486046812456951,train
Distance,115,113,114,112,0.19761937856674194,947.6559433470132,0.5217977341873704,0.940556449216876,train
Distance,115,114,114,113,0.20429252088069916,474.74298445991474,0.7172514435940666,0.9113416394704876,train
Distance,115,116,114,115,0.2042800784111023,476.04402444989296,0.6917658808832514,0.9624135572427529,train
Distance,115,117,114,116,0.19758424162864685,949.5548351578982,0.6141719973974086,0.9523279102828915,train
Distance,116,95,115,94,0.19607709348201752,1030.1255790838898,0.61085284089574,0.9287958249935153,train
Distance,116,114,115,113,0.19760456681251526,950.7792610482358,0.5740828864215981,0.9080257097195095,train
Distance,116,115,115,114,0.20432455837726593,476.04402444989296,0.6917658808832514,0.9624135572427529,train
Distance,116,117,115,116,0.20434823632240295,473.5715116036242,0.6738129977914812,0.9529401553032659,train
Distance,116,118,115,117,0.19764554500579834,948.5663972351335,0.5273088143280283,0.9457925857533588,train
Distance,117,96,116,95,0.19644244015216827,1008.911695915277,0.6628424868607757,0.9323131693001618,train
Distance,117,115,116,114,0.19757312536239624,949.5548351578982,0.6141719973974086,0.9523279102828915,train
Distance,117,116,116,115,0.20429225265979767,473.5715116036242,0.6738129977914812,0.9529401553032659,train
Distance,117,118,116,117,0.2042786180973053,474.9949759318862,0.6774265785382746,0.9405973984749552,train
Distance,117,119,116,118,0.1974135786294937,958.1309486635058,0.4263752777749892,0.9433305354876207,train
Distance,118,96,117,95,0.19631339609622955,1017.4147123118096,0.6615138712598677,0.9159617342244118,train
Distance,118,116,117,115,0.1976296603679657,948.5663972351335,0.5273088143280283,0.9457925857533588,train
Distance,118,117,117,116,0.20431816577911377,474.9949759318862,0.6774265785382746,0.9405973984749552,train
Distance,118,119,117,118,0.20423953235149384,483.1359729457142,0.3362252489229815,0.9379862792451217,train
Distance,118,120,117,119,0.19749926030635834,955.5876859342824,0.6321658127782256,0.9458424808171282,train
Distance,119,97,118,96,0.19627612829208374,1020.3821703819189,0.4660297184072385,0.9242643434177961,train
Distance,119,117,118,116,0.19747325778007507,958.1309486635058,0.4263752777749892,0.9433305354876207,train
Distance,119,118,118,117,0.20426172018051147,483.1359729457142,0.3362252489229815,0.9379862792451217,train
Distance,119,120,118,119,0.20436391234397888,472.5322401710816,0.31837651625038865,0.9367156315672674,train
Distance,119,121,118,120,0.19762495160102844,949.9794605741303,0.39778091097986423,0.9293503373980587,train
Distance,120,99,119,98,0.19668129086494446,994.1672446142381,0.6910600705658586,0.9335410041413373,train
Distance,120,118,119,117,0.19741305708885193,955.5876859342824,0.6321658127782256,0.9458424808171282,train
Distance,120,119,119,118,0.20425252616405487,472.5322401710816,0.31837651625038865,0.9367156315672674,train
Distance,120,121,119,120,0.20420481264591217,477.51403324735753,0.7301618702955172,0.9516565287556211,train
Distance,120,122,119,121,0.1974482387304306,953.6985020659101,0.6388239573833795,0.958033296281363,train
Distance,121,100,120,99,0.19666966795921326,993.3025230785745,0.6594312944277092,0.9337176021913147,train
Distance,121,119,120,118,0.19748882949352264,949.9794605741303,0.39778091097986423,0.9293503373980587,train
Distance,121,120,120,119,0.2041754275560379,477.51403324735753,0.7301618702955172,0.9516565287556211,train
Distance,121,122,120,121,0.2041867971420288,476.3325320320584,0.7053146058840181,0.9473700549320716,train
Distance,121,123,120,122,0.1974792778491974,950.495388824063,0.6373003722782496,0.9398180935139447,train
Distance,122,100,121,99,0.1965125948190689,1018.0644193858952,0.5387084944574236,0.9558212875884933,train
Distance,122,101,121,100,0.19668318331241608,1009.3966446042836,0.548574882046511,0.9622660883158973,train
Distance,122,120,121,119,0.1977478265762329,953.6985020659101,0.6388239573833795,0.958033296281363,train
Distance,122,121,121,120,0.20452602207660675,476.3325320320584,0.7053146058840181,0.9473700549320716,train
Distance,122,123,121,122,0.20453037321567535,475.8774826478456,0.6975343841699092,0.9619058979357749,train
Distance,123,100,122,99,0.19682246446609497,1194.2140244056877,0.5741193833945419,0.9388233550967927,train
Distance,123,101,122,100,0.20142042636871338,978.9857421715994,0.6311050706443794,0.9576548259901816,train
Distance,123,120,122,119,0.19095705449581146,1427.9120627958712,0.5301023981457726,0.9499682987862892,train
Distance,123,121,122,120,0.20196782052516937,950.495388824063,0.6373003722782496,0.9398180935139447,train
Distance,123,122,122,121,0.208832249045372,475.8774826478456,0.6975343841699092,0.9619058979357749,train
Distance,124,102,123,101,0.19924108684062958,988.8116191711415,0.630237767445687,0.901186913973638,train
Distance,124,103,123,102,0.19914159178733826,993.913975339071,0.6183260936878502,0.9311141306445763,train
Distance,124,104,123,103,0.19412793219089508,1226.516651476683,0.5153273053499108,0.9491682691277584,train
Distance,124,125,123,124,0.20701274275779724,450.22102273161676,0.6462398699915702,0.8981023248271318,train
Distance,124,126,123,125,0.20047655701637268,923.3293984250703,0.634543273408797,0.936337891026199,train
Distance,125,103,124,102,0.19725720584392548,971.2789828257919,0.6271003561555742,0.9029351336496906,train
Distance,125,104,124,103,0.19604036211967468,1033.7890922099693,0.5998623822213273,0.9218047133641998,train
Distance,125,124,124,123,0.20460404455661774,450.22102273161676,0.6462398699915702,0.8981023248271318,train
Distance,125,126,124,125,0.20438629388809204,473.5662093207012,0.6613643120720812,0.9053769339314744,train
Distance,125,127,124,126,0.19771210849285126,946.9563685600847,0.5526420818424692,0.9187209711144986,train
Distance,126,105,125,104,0.19655126333236694,997.4507876946169,0.6434240237907255,0.9544984914172442,train
Distance,126,124,125,123,0.19793768227100372,923.3293984250703,0.634543273408797,0.936337891026199,train
Distance,126,125,125,124,0.20417355000972748,473.5662093207012,0.6613643120720812,0.9053769339314744,train
Distance,126,127,125,126,0.20416980981826782,473.96017361901073,0.6303517376479417,0.9583411109622486,train
Distance,126,128,125,127,0.19716772437095642,965.1333136212087,0.5364085527093927,0.9371497131022164,train
Distance,127,105,126,104,0.19689896702766418,975.8992796927498,0.6686147839444683,0.9648570499355074,train
Distance,127,125,126,124,0.1974407136440277,946.9563685600847,0.5526420818424692,0.9187209711144986,train
Distance,127,126,126,125,0.20410197973251343,473.96017361901073,0.6303517376479417,0.9583411109622486,train
Distance,127,128,126,127,0.2039337009191513,491.26733600331653,0.4107229590832085,0.9497685584436679,train
Distance,127,129,126,128,0.19762463867664337,936.9466826495466,0.5691677272041185,0.9614806078418535,train
Distance,128,107,127,106,0.1982649713754654,888.102612333648,0.31623707119033434,0.9464930465439051,train
Distance,128,126,127,125,0.1968725174665451,965.1333136212087,0.5364085527093927,0.9371497131022164,train
Distance,128,127,127,126,0.20369604229927063,491.26733600331653,0.4107229590832085,0.9497685584436679,train
Distance,128,129,127,128,0.20408987998962402,449.6910835494617,0.6202357250426646,0.9391107456993314,train
Distance,128,130,127,129,0.19707657396793365,954.1996604850215,0.48274318757152285,0.9419961291005976,train
Distance,129,107,128,106,0.1975959837436676,935.2379593926518,0.559441654529806,0.9619887849902572,train
Distance,129,127,128,126,0.19756479561328888,936.9466826495466,0.5691677272041185,0.9614806078418535,train
Distance,129,128,128,127,0.20426611602306366,449.6910835494617,0.6202357250426646,0.9391107456993314,train
Distance,129,130,128,129,0.20372827351093292,505.5927475884133,0.7534865381250234,0.9616919254344182,train
Distance,129,131,128,130,0.19684486091136932,975.6074288658583,0.022483194408936737,0.939441438334204,train
Distance,130,109,129,108,0.19599473476409912,1036.5171217312013,0.6520971832694944,0.962370937893909,train
Distance,130,128,129,127,0.1975868195295334,954.1996604850215,0.48274318757152285,0.9419961291005976,train
Distance,130,129,129,128,0.2040794938802719,505.5927475884133,0.7534865381250234,0.9616919254344182,train
Distance,130,131,129,130,0.20442798733711243,470.17564207530955,-0.0660065388311965,0.9526510590245603,train
Distance,130,132,129,131,0.19791094958782196,936.6428526366994,0.5820616213305261,0.9539911022307138,train
Distance,131,110,130,109,0.19636809825897217,1016.0665939548501,-0.046982845429277886,0.9378151702789385,train
Distance,131,129,130,128,0.19715085625648499,975.6074288658583,0.022483194408936737,0.939441438334204,train
Distance,131,130,130,129,0.2043933868408203,470.17564207530955,-0.0660065388311965,0.9526510590245603,train
Distance,131,132,130,131,0.20442426204681396,466.91149314653165,0.08530747036481943,0.941313325014364,train
Distance,131,133,130,132,0.1976633369922638,948.2759314994449,0.005171611174769479,0.9288958387098951,train
Distance,132,111,131,110,0.19725097715854645,954.7588752548074,0.663128047773844,0.9570864898225011,train
Distance,132,130,131,129,0.19758495688438416,936.6428526366994,0.5820616213305261,0.9539911022307138,train
Distance,132,131,131,130,0.20412209630012512,466.91149314653165,0.08530747036481943,0.941313325014364,train
Distance,132,133,131,132,0.203980952501297,481.6803803743101,0.6733917334156445,0.9309259207833886,train
Distance,132,134,131,133,0.19706101715564728,964.9255519444787,0.5112176366348452,0.9345548839855116,train
Distance,133,111,132,110,0.19739466905593872,943.6805351570217,0.6569387432242441,0.9480465009866278,train
Distance,133,112,132,111,0.19750972092151642,937.4053191023299,0.6572202110775283,0.9363613493040344,train
Distance,133,131,132,130,0.1973099559545517,948.2759314994449,0.005171611174769479,0.9288958387098951,train
Distance,133,132,132,131,0.20391768217086792,481.6803803743101,0.6733917334156445,0.9309259207833886,train
Distance,133,134,132,133,0.20386795699596405,486.7819302643229,0.6930625205196679,0.9154704742705791,train
Distance,134,112,133,111,0.19646020233631134,1010.996599390459,0.6185912806891729,0.9359642377851413,train
Distance,134,113,133,112,0.20433169603347778,475.81896081036933,0.10784206078345447,0.8906691278577883,train
Distance,134,114,133,113,0.197637677192688,949.2520356528291,0.11992423795012803,0.8528534476012322,train
Distance,134,132,133,131,0.19734516739845276,964.9255519444787,0.5112176366348452,0.9345548839855116,train
Distance,134,133,133,132,0.20422525703907013,486.7819302643229,0.6930625205196679,0.9154704742705791,train
