TurbID,node_index,signal,representation,component,causal_window,future_horizon,association_method,association,absolute_association,valid_pair_count,feature_information_end_offset,target_start_offset,target_end_offset,fit_split
1,0,Patv_raw,raw,raw,,3,pearson,0.9378494151909231,0.9378494151909231,28646,0,1,3,train
2,1,Patv_raw,raw,raw,,3,pearson,0.9323130189953818,0.9323130189953818,28428,0,1,3,train
3,2,Patv_raw,raw,raw,,3,pearson,0.9377541002729338,0.9377541002729338,28855,0,1,3,train
4,3,Patv_raw,raw,raw,,3,pearson,0.9319022823442222,0.9319022823442222,28895,0,1,3,train
5,4,Patv_raw,raw,raw,,3,pearson,0.9436026139626137,0.9436026139626137,30093,0,1,3,train
6,5,Patv_raw,raw,raw,,3,pearson,0.9421480300254604,0.9421480300254604,29236,0,1,3,train
7,6,Patv_raw,raw,raw,,3,pearson,0.9410223187918001,0.9410223187918001,29377,0,1,3,train
8,7,Patv_raw,raw,raw,,3,pearson,0.9403149782099072,0.9403149782099072,29609,0,1,3,train
9,8,Patv_raw,raw,raw,,3,pearson,0.9365515728114059,0.9365515728114059,28977,0,1,3,train
10,9,Patv_raw,raw,raw,,3,pearson,0.9413334464489046,0.9413334464489046,29362,0,1,3,train
11,10,Patv_raw,raw,raw,,3,pearson,0.9363520628184078,0.9363520628184078,29194,0,1,3,train
12,11,Patv_raw,raw,raw,,3,pearson,0.9396994524955372,0.9396994524955372,29203,0,1,3,train
13,12,Patv_raw,raw,raw,,3,pearson,0.9337429249054985,0.9337429249054985,29324,0,1,3,train
14,13,Patv_raw,raw,raw,,3,pearson,0.9388215211588528,0.9388215211588528,30071,0,1,3,train
15,14,Patv_raw,raw,raw,,3,pearson,0.9362540939421912,0.9362540939421912,29042,0,1,3,train
16,15,Patv_raw,raw,raw,,3,pearson,0.9391048943144775,0.9391048943144775,29012,0,1,3,train
17,16,Patv_raw,raw,raw,,3,pearson,0.9337549358984655,0.9337549358984655,29284,0,1,3,train
18,17,Patv_raw,raw,raw,,3,pearson,0.9433524059369327,0.9433524059369327,30104,0,1,3,train
19,18,Patv_raw,raw,raw,,3,pearson,0.9244852720472176,0.9244852720472176,29109,0,1,3,train
20,19,Patv_raw,raw,raw,,3,pearson,0.9311962624216711,0.9311962624216711,28554,0,1,3,train
21,20,Patv_raw,raw,raw,,3,pearson,0.9297268328343475,0.9297268328343475,29344,0,1,3,train
22,21,Patv_raw,raw,raw,,3,pearson,0.9309914866285749,0.9309914866285749,28001,0,1,3,train
23,22,Patv_raw,raw,raw,,3,pearson,0.9301657506398852,0.9301657506398852,28704,0,1,3,train
24,23,Patv_raw,raw,raw,,3,pearson,0.9266229531330898,0.9266229531330898,28986,0,1,3,train
25,24,Patv_raw,raw,raw,,3,pearson,0.9303282468192521,0.9303282468192521,28808,0,1,3,train
26,25,Patv_raw,raw,raw,,3,pearson,0.9395268841753125,0.9395268841753125,30522,0,1,3,train
27,26,Patv_raw,raw,raw,,3,pearson,0.9259318125161282,0.9259318125161282,29495,0,1,3,train
28,27,Patv_raw,raw,raw,,3,pearson,0.9310691309651017,0.9310691309651017,30608,0,1,3,train
29,28,Patv_raw,raw,raw,,3,pearson,0.9283324227702712,0.9283324227702712,29023,0,1,3,train
30,29,Patv_raw,raw,raw,,3,pearson,0.930195695804295,0.930195695804295,29573,0,1,3,train
31,30,Patv_raw,raw,raw,,3,pearson,0.9292528980644955,0.9292528980644955,29657,0,1,3,train
32,31,Patv_raw,raw,raw,,3,pearson,0.9259134255136485,0.9259134255136485,28653,0,1,3,train
33,32,Patv_raw,raw,raw,,3,pearson,0.931044858424113,0.931044858424113,29174,0,1,3,train
34,33,Patv_raw,raw,raw,,3,pearson,0.9264159560277394,0.9264159560277394,28543,0,1,3,train
35,34,Patv_raw,raw,raw,,3,pearson,0.9249413868704146,0.9249413868704146,28312,0,1,3,train
36,35,Patv_raw,raw,raw,,3,pearson,0.9283612402445137,0.9283612402445137,28999,0,1,3,train
37,36,Patv_raw,raw,raw,,3,pearson,0.9378687182932295,0.9378687182932295,29111,0,1,3,train
38,37,Patv_raw,raw,raw,,3,pearson,0.9353530449280213,0.9353530449280213,29490,0,1,3,train
39,38,Patv_raw,raw,raw,,3,pearson,0.9281264795817074,0.9281264795817074,29004,0,1,3,train
40,39,Patv_raw,raw,raw,,3,pearson,0.9280771089127837,0.9280771089127837,29404,0,1,3,train
41,40,Patv_raw,raw,raw,,3,pearson,0.9278196715428251,0.9278196715428251,27998,0,1,3,train
42,41,Patv_raw,raw,raw,,3,pearson,0.9266307292314572,0.9266307292314572,28816,0,1,3,train
43,42,Patv_raw,raw,raw,,3,pearson,0.9336529142575997,0.9336529142575997,29260,0,1,3,train
44,43,Patv_raw,raw,raw,,3,pearson,0.9257105421239508,0.9257105421239508,28004,0,1,3,train
45,44,Patv_raw,raw,raw,,3,pearson,0.9267781497341017,0.9267781497341017,28704,0,1,3,train
46,45,Patv_raw,raw,raw,,3,pearson,0.928934855044728,0.928934855044728,28041,0,1,3,train
47,46,Patv_raw,raw,raw,,3,pearson,0.9274538684208551,0.9274538684208551,28294,0,1,3,train
48,47,Patv_raw,raw,raw,,3,pearson,0.9301023643941929,0.9301023643941929,29044,0,1,3,train
49,48,Patv_raw,raw,raw,,3,pearson,0.9352822972095396,0.9352822972095396,30684,0,1,3,train
50,49,Patv_raw,raw,raw,,3,pearson,0.9306449326006848,0.9306449326006848,28786,0,1,3,train
51,50,Patv_raw,raw,raw,,3,pearson,0.9396167972877411,0.9396167972877411,29611,0,1,3,train
52,51,Patv_raw,raw,raw,,3,pearson,0.9259079115044169,0.9259079115044169,27178,0,1,3,train
53,52,Patv_raw,raw,raw,,3,pearson,0.9350841964702693,0.9350841964702693,29880,0,1,3,train
54,53,Patv_raw,raw,raw,,3,pearson,0.9343363455642167,0.9343363455642167,29724,0,1,3,train
55,54,Patv_raw,raw,raw,,3,pearson,0.9322400318125255,0.9322400318125255,28928,0,1,3,train
56,55,Patv_raw,raw,raw,,3,pearson,0.924710406471739,0.924710406471739,27805,0,1,3,train
57,56,Patv_raw,raw,raw,,3,pearson,0.930095939909288,0.930095939909288,29977,0,1,3,train
58,57,Patv_raw,raw,raw,,3,pearson,0.9392605029879292,0.9392605029879292,31588,0,1,3,train
59,58,Patv_raw,raw,raw,,3,pearson,0.927111460826238,0.927111460826238,28052,0,1,3,train
60,59,Patv_raw,raw,raw,,3,pearson,0.921011762765868,0.921011762765868,28476,0,1,3,train
61,60,Patv_raw,raw,raw,,3,pearson,0.9220462607962735,0.9220462607962735,27983,0,1,3,train
62,61,Patv_raw,raw,raw,,3,pearson,0.9359864730211795,0.9359864730211795,30397,0,1,3,train
63,62,Patv_raw,raw,raw,,3,pearson,0.934166000413457,0.934166000413457,29069,0,1,3,train
64,63,Patv_raw,raw,raw,,3,pearson,0.9280214034735335,0.9280214034735335,28114,0,1,3,train
65,64,Patv_raw,raw,raw,,3,pearson,0.9248041155822327,0.9248041155822327,28706,0,1,3,train
66,65,Patv_raw,raw,raw,,3,pearson,0.9275747410995214,0.9275747410995214,29129,0,1,3,train
67,66,Patv_raw,raw,raw,,3,pearson,0.9284358464018484,0.9284358464018484,29948,0,1,3,train
68,67,Patv_raw,raw,raw,,3,pearson,0.9290633920636073,0.9290633920636073,29619,0,1,3,train
69,68,Patv_raw,raw,raw,,3,pearson,0.9352243061043564,0.9352243061043564,28764,0,1,3,train
70,69,Patv_raw,raw,raw,,3,pearson,0.9357955054776699,0.9357955054776699,28853,0,1,3,train
71,70,Patv_raw,raw,raw,,3,pearson,0.941678598147795,0.941678598147795,31607,0,1,3,train
72,71,Patv_raw,raw,raw,,3,pearson,0.931469253976719,0.931469253976719,28484,0,1,3,train
73,72,Patv_raw,raw,raw,,3,pearson,0.9402868399703778,0.9402868399703778,30427,0,1,3,train
74,73,Patv_raw,raw,raw,,3,pearson,0.9356973919087676,0.9356973919087676,29235,0,1,3,train
75,74,Patv_raw,raw,raw,,3,pearson,0.9332536934998095,0.9332536934998095,28587,0,1,3,train
76,75,Patv_raw,raw,raw,,3,pearson,0.9375953126246158,0.9375953126246158,28923,0,1,3,train
77,76,Patv_raw,raw,raw,,3,pearson,0.9356760252568759,0.9356760252568759,28794,0,1,3,train
78,77,Patv_raw,raw,raw,,3,pearson,0.927847919698428,0.927847919698428,27883,0,1,3,train
79,78,Patv_raw,raw,raw,,3,pearson,0.9294615305584311,0.9294615305584311,27859,0,1,3,train
80,79,Patv_raw,raw,raw,,3,pearson,0.9332782235873065,0.9332782235873065,28897,0,1,3,train
81,80,Patv_raw,raw,raw,,3,pearson,0.9371482035380339,0.9371482035380339,28875,0,1,3,train
82,81,Patv_raw,raw,raw,,3,pearson,0.9310357245311974,0.9310357245311974,27474,0,1,3,train
83,82,Patv_raw,raw,raw,,3,pearson,0.9430539572996882,0.9430539572996882,28177,0,1,3,train
84,83,Patv_raw,raw,raw,,3,pearson,0.9381076174997101,0.9381076174997101,31712,0,1,3,train
85,84,Patv_raw,raw,raw,,3,pearson,0.9327678833808487,0.9327678833808487,28000,0,1,3,train
86,85,Patv_raw,raw,raw,,3,pearson,0.9274162507849448,0.9274162507849448,29180,0,1,3,train
87,86,Patv_raw,raw,raw,,3,pearson,0.9314010769290298,0.9314010769290298,31477,0,1,3,train
88,87,Patv_raw,raw,raw,,3,pearson,0.9157773687331757,0.9157773687331757,28328,0,1,3,train
89,88,Patv_raw,raw,raw,,3,pearson,0.9344039047080019,0.9344039047080019,28733,0,1,3,train
90,89,Patv_raw,raw,raw,,3,pearson,0.9271139262411302,0.9271139262411302,29007,0,1,3,train
91,90,Patv_raw,raw,raw,,3,pearson,0.9275478991451719,0.9275478991451719,28737,0,1,3,train
92,91,Patv_raw,raw,raw,,3,pearson,0.9231488647110151,0.9231488647110151,27816,0,1,3,train
93,92,Patv_raw,raw,raw,,3,pearson,0.9272445160066843,0.9272445160066843,26805,0,1,3,train
94,93,Patv_raw,raw,raw,,3,pearson,0.9305267759730079,0.9305267759730079,28206,0,1,3,train
95,94,Patv_raw,raw,raw,,3,pearson,0.9300383773924832,0.9300383773924832,27423,0,1,3,train
96,95,Patv_raw,raw,raw,,3,pearson,0.9254277759602364,0.9254277759602364,26143,0,1,3,train
97,96,Patv_raw,raw,raw,,3,pearson,0.924445921945417,0.924445921945417,26617,0,1,3,train
98,97,Patv_raw,raw,raw,,3,pearson,0.9338394217470626,0.9338394217470626,29617,0,1,3,train
99,98,Patv_raw,raw,raw,,3,pearson,0.9390709274296597,0.9390709274296597,30296,0,1,3,train
100,99,Patv_raw,raw,raw,,3,pearson,0.9356675977145804,0.9356675977145804,27570,0,1,3,train
101,100,Patv_raw,raw,raw,,3,pearson,0.9273289388206908,0.9273289388206908,28433,0,1,3,train
102,101,Patv_raw,raw,raw,,3,pearson,0.9274105661476727,0.9274105661476727,27265,0,1,3,train
103,102,Patv_raw,raw,raw,,3,pearson,0.9312772859054136,0.9312772859054136,29959,0,1,3,train
104,103,Patv_raw,raw,raw,,3,pearson,0.9252529288293029,0.9252529288293029,28299,0,1,3,train
105,104,Patv_raw,raw,raw,,3,pearson,0.9232635751196611,0.9232635751196611,28421,0,1,3,train
106,105,Patv_raw,raw,raw,,3,pearson,0.9300316651291932,0.9300316651291932,27684,0,1,3,train
107,106,Patv_raw,raw,raw,,3,pearson,0.9289716515767841,0.9289716515767841,29611,0,1,3,train
108,107,Patv_raw,raw,raw,,3,pearson,0.9257504434080778,0.9257504434080778,27278,0,1,3,train
109,108,Patv_raw,raw,raw,,3,pearson,0.916694289447915,0.916694289447915,29021,0,1,3,train
110,109,Patv_raw,raw,raw,,3,pearson,0.9274226505738477,0.9274226505738477,29017,0,1,3,train
111,110,Patv_raw,raw,raw,,3,pearson,0.9209154140035468,0.9209154140035468,28947,0,1,3,train
112,111,Patv_raw,raw,raw,,3,pearson,0.9215051612178866,0.9215051612178866,27935,0,1,3,train
113,112,Patv_raw,raw,raw,,3,pearson,0.926174358701204,0.926174358701204,28479,0,1,3,train
114,113,Patv_raw,raw,raw,,3,pearson,0.934190777565813,0.934190777565813,27747,0,1,3,train
115,114,Patv_raw,raw,raw,,3,pearson,0.9243869933368338,0.9243869933368338,26121,0,1,3,train
116,115,Patv_raw,raw,raw,,3,pearson,0.9251661881522595,0.9251661881522595,27015,0,1,3,train
117,116,Patv_raw,raw,raw,,3,pearson,0.9255794440915395,0.9255794440915395,27032,0,1,3,train
118,117,Patv_raw,raw,raw,,3,pearson,0.9234888722839956,0.9234888722839956,27804,0,1,3,train
119,118,Patv_raw,raw,raw,,3,pearson,0.9344877528722147,0.9344877528722147,29403,0,1,3,train
120,119,Patv_raw,raw,raw,,3,pearson,0.9284725526936702,0.9284725526936702,28651,0,1,3,train
121,120,Patv_raw,raw,raw,,3,pearson,0.9302981042365852,0.9302981042365852,28981,0,1,3,train
122,121,Patv_raw,raw,raw,,3,pearson,0.9228834764014834,0.9228834764014834,26832,0,1,3,train
123,122,Patv_raw,raw,raw,,3,pearson,0.9202722643956628,0.9202722643956628,27244,0,1,3,train
124,123,Patv_raw,raw,raw,,3,pearson,0.9322113091814521,0.9322113091814521,26839,0,1,3,train
125,124,Patv_raw,raw,raw,,3,pearson,0.9292348231495331,0.9292348231495331,27629,0,1,3,train
126,125,Patv_raw,raw,raw,,3,pearson,0.9237312259792589,0.9237312259792589,27872,0,1,3,train
127,126,Patv_raw,raw,raw,,3,pearson,0.9258414405189732,0.9258414405189732,28717,0,1,3,train
128,127,Patv_raw,raw,raw,,3,pearson,0.9296418851666997,0.9296418851666997,28892,0,1,3,train
129,128,Patv_raw,raw,raw,,3,pearson,0.9251246040344391,0.9251246040344391,29415,0,1,3,train
130,129,Patv_raw,raw,raw,,3,pearson,0.9254230539032244,0.9254230539032244,28664,0,1,3,train
131,130,Patv_raw,raw,raw,,3,pearson,0.9299381825971479,0.9299381825971479,28984,0,1,3,train
132,131,Patv_raw,raw,raw,,3,pearson,0.9284874283033046,0.9284874283033046,30320,0,1,3,train
133,132,Patv_raw,raw,raw,,3,pearson,0.919339882945587,0.919339882945587,27468,0,1,3,train
134,133,Patv_raw,raw,raw,,3,pearson,0.9269169980688123,0.9269169980688123,29978,0,1,3,train
1,0,Patv_raw,raw,raw,,6,pearson,0.9104995810510419,0.9104995810510419,28744,0,1,6,train
2,1,Patv_raw,raw,raw,,6,pearson,0.9041046624804415,0.9041046624804415,28548,0,1,6,train
3,2,Patv_raw,raw,raw,,6,pearson,0.9093539732519421,0.9093539732519421,28962,0,1,6,train
4,3,Patv_raw,raw,raw,,6,pearson,0.9038763789709142,0.9038763789709142,29006,0,1,6,train
5,4,Patv_raw,raw,raw,,6,pearson,0.9183625381766192,0.9183625381766192,30188,0,1,6,train
6,5,Patv_raw,raw,raw,,6,pearson,0.917211447321593,0.917211447321593,29350,0,1,6,train
7,6,Patv_raw,raw,raw,,6,pearson,0.9158492430284042,0.9158492430284042,29515,0,1,6,train
8,7,Patv_raw,raw,raw,,6,pearson,0.914875258904648,0.914875258904648,29716,0,1,6,train
9,8,Patv_raw,raw,raw,,6,pearson,0.9109462943443987,0.9109462943443987,29095,0,1,6,train
10,9,Patv_raw,raw,raw,,6,pearson,0.9168495852765299,0.9168495852765299,29471,0,1,6,train
11,10,Patv_raw,raw,raw,,6,pearson,0.9108095170426741,0.9108095170426741,29314,0,1,6,train
12,11,Patv_raw,raw,raw,,6,pearson,0.9148059331994102,0.9148059331994102,29301,0,1,6,train
13,12,Patv_raw,raw,raw,,6,pearson,0.9071975369417156,0.9071975369417156,29429,0,1,6,train
14,13,Patv_raw,raw,raw,,6,pearson,0.9131515633275569,0.9131515633275569,30198,0,1,6,train
15,14,Patv_raw,raw,raw,,6,pearson,0.9101993318065693,0.9101993318065693,29177,0,1,6,train
16,15,Patv_raw,raw,raw,,6,pearson,0.9135760618016865,0.9135760618016865,29108,0,1,6,train
17,16,Patv_raw,raw,raw,,6,pearson,0.9064976515674146,0.9064976515674146,29397,0,1,6,train
18,17,Patv_raw,raw,raw,,6,pearson,0.9188654111899762,0.9188654111899762,30204,0,1,6,train
19,18,Patv_raw,raw,raw,,6,pearson,0.8981198722022217,0.8981198722022217,29217,0,1,6,train
20,19,Patv_raw,raw,raw,,6,pearson,0.9046787342393607,0.9046787342393607,28655,0,1,6,train
21,20,Patv_raw,raw,raw,,6,pearson,0.9025513205938027,0.9025513205938027,29453,0,1,6,train
22,21,Patv_raw,raw,raw,,6,pearson,0.9032726479107819,0.9032726479107819,28094,0,1,6,train
23,22,Patv_raw,raw,raw,,6,pearson,0.9015389442680986,0.9015389442680986,28800,0,1,6,train
24,23,Patv_raw,raw,raw,,6,pearson,0.8974617740111437,0.8974617740111437,29096,0,1,6,train
25,24,Patv_raw,raw,raw,,6,pearson,0.9014498362334797,0.9014498362334797,28917,0,1,6,train
26,25,Patv_raw,raw,raw,,6,pearson,0.9139971314321388,0.9139971314321388,30615,0,1,6,train
27,26,Patv_raw,raw,raw,,6,pearson,0.8983485150432925,0.8983485150432925,29608,0,1,6,train
28,27,Patv_raw,raw,raw,,6,pearson,0.9048007410977048,0.9048007410977048,30736,0,1,6,train
29,28,Patv_raw,raw,raw,,6,pearson,0.9008214113587502,0.9008214113587502,29149,0,1,6,train
30,29,Patv_raw,raw,raw,,6,pearson,0.9036959686801772,0.9036959686801772,29685,0,1,6,train
31,30,Patv_raw,raw,raw,,6,pearson,0.9028851227781267,0.9028851227781267,29788,0,1,6,train
32,31,Patv_raw,raw,raw,,6,pearson,0.8991798697387349,0.8991798697387349,28752,0,1,6,train
33,32,Patv_raw,raw,raw,,6,pearson,0.9037412491195518,0.9037412491195518,29266,0,1,6,train
34,33,Patv_raw,raw,raw,,6,pearson,0.8987950926687935,0.8987950926687935,28672,0,1,6,train
35,34,Patv_raw,raw,raw,,6,pearson,0.8963255923373118,0.8963255923373118,28428,0,1,6,train
36,35,Patv_raw,raw,raw,,6,pearson,0.9007784463549088,0.9007784463549088,29132,0,1,6,train
37,36,Patv_raw,raw,raw,,6,pearson,0.91253766472944,0.91253766472944,29218,0,1,6,train
38,37,Patv_raw,raw,raw,,6,pearson,0.9091929111508863,0.9091929111508863,29618,0,1,6,train
39,38,Patv_raw,raw,raw,,6,pearson,0.9035351872770213,0.9035351872770213,29135,0,1,6,train
40,39,Patv_raw,raw,raw,,6,pearson,0.9008940167394209,0.9008940167394209,29545,0,1,6,train
41,40,Patv_raw,raw,raw,,6,pearson,0.9010331990881857,0.9010331990881857,28109,0,1,6,train
42,41,Patv_raw,raw,raw,,6,pearson,0.899086273697928,0.899086273697928,28913,0,1,6,train
43,42,Patv_raw,raw,raw,,6,pearson,0.908600146238219,0.908600146238219,29377,0,1,6,train
44,43,Patv_raw,raw,raw,,6,pearson,0.8992768876911555,0.8992768876911555,28066,0,1,6,train
45,44,Patv_raw,raw,raw,,6,pearson,0.8969880580210151,0.8969880580210151,28806,0,1,6,train
46,45,Patv_raw,raw,raw,,6,pearson,0.8999675104459253,0.8999675104459253,28148,0,1,6,train
47,46,Patv_raw,raw,raw,,6,pearson,0.8996602028534453,0.8996602028534453,28392,0,1,6,train
48,47,Patv_raw,raw,raw,,6,pearson,0.9022819640105217,0.9022819640105217,29163,0,1,6,train
49,48,Patv_raw,raw,raw,,6,pearson,0.9101113319600155,0.9101113319600155,30783,0,1,6,train
50,49,Patv_raw,raw,raw,,6,pearson,0.9043112699487976,0.9043112699487976,28906,0,1,6,train
51,50,Patv_raw,raw,raw,,6,pearson,0.9159070206645024,0.9159070206645024,29732,0,1,6,train
52,51,Patv_raw,raw,raw,,6,pearson,0.8978977977713102,0.8978977977713102,27311,0,1,6,train
53,52,Patv_raw,raw,raw,,6,pearson,0.9111532096124348,0.9111532096124348,29994,0,1,6,train
54,53,Patv_raw,raw,raw,,6,pearson,0.9099496466534638,0.9099496466534638,29851,0,1,6,train
55,54,Patv_raw,raw,raw,,6,pearson,0.906895208924075,0.906895208924075,29047,0,1,6,train
56,55,Patv_raw,raw,raw,,6,pearson,0.8973537320521857,0.8973537320521857,27890,0,1,6,train
57,56,Patv_raw,raw,raw,,6,pearson,0.9043609281998575,0.9043609281998575,30095,0,1,6,train
58,57,Patv_raw,raw,raw,,6,pearson,0.9153166563277566,0.9153166563277566,31696,0,1,6,train
59,58,Patv_raw,raw,raw,,6,pearson,0.900618992283716,0.900618992283716,28156,0,1,6,train
60,59,Patv_raw,raw,raw,,6,pearson,0.8924419234947784,0.8924419234947784,28601,0,1,6,train
61,60,Patv_raw,raw,raw,,6,pearson,0.8930943303324888,0.8930943303324888,28098,0,1,6,train
62,61,Patv_raw,raw,raw,,6,pearson,0.9098805422703921,0.9098805422703921,30508,0,1,6,train
63,62,Patv_raw,raw,raw,,6,pearson,0.9087383388211219,0.9087383388211219,29184,0,1,6,train
64,63,Patv_raw,raw,raw,,6,pearson,0.8997368207102595,0.8997368207102595,28204,0,1,6,train
65,64,Patv_raw,raw,raw,,6,pearson,0.8968901496795233,0.8968901496795233,28817,0,1,6,train
66,65,Patv_raw,raw,raw,,6,pearson,0.9008549720744483,0.9008549720744483,29263,0,1,6,train
67,66,Patv_raw,raw,raw,,6,pearson,0.8999881875003949,0.8999881875003949,30075,0,1,6,train
68,67,Patv_raw,raw,raw,,6,pearson,0.9021077123372899,0.9021077123372899,29727,0,1,6,train
69,68,Patv_raw,raw,raw,,6,pearson,0.9072975672997688,0.9072975672997688,28869,0,1,6,train
70,69,Patv_raw,raw,raw,,6,pearson,0.9096575455063469,0.9096575455063469,28944,0,1,6,train
71,70,Patv_raw,raw,raw,,6,pearson,0.9186027889377649,0.9186027889377649,31735,0,1,6,train
72,71,Patv_raw,raw,raw,,6,pearson,0.9048439503505353,0.9048439503505353,28595,0,1,6,train
73,72,Patv_raw,raw,raw,,6,pearson,0.9159232342206373,0.9159232342206373,30537,0,1,6,train
74,73,Patv_raw,raw,raw,,6,pearson,0.911018805147772,0.911018805147772,29334,0,1,6,train
75,74,Patv_raw,raw,raw,,6,pearson,0.9080138507478693,0.9080138507478693,28711,0,1,6,train
76,75,Patv_raw,raw,raw,,6,pearson,0.9135966477113237,0.9135966477113237,29069,0,1,6,train
77,76,Patv_raw,raw,raw,,6,pearson,0.9105143208461842,0.9105143208461842,28920,0,1,6,train
78,77,Patv_raw,raw,raw,,6,pearson,0.9020428774077889,0.9020428774077889,28018,0,1,6,train
79,78,Patv_raw,raw,raw,,6,pearson,0.9033668953797123,0.9033668953797123,27984,0,1,6,train
80,79,Patv_raw,raw,raw,,6,pearson,0.9082977847931021,0.9082977847931021,29005,0,1,6,train
81,80,Patv_raw,raw,raw,,6,pearson,0.9139764419940609,0.9139764419940609,28989,0,1,6,train
82,81,Patv_raw,raw,raw,,6,pearson,0.9058350135465278,0.9058350135465278,27596,0,1,6,train
83,82,Patv_raw,raw,raw,,6,pearson,0.921994031436844,0.921994031436844,28286,0,1,6,train
84,83,Patv_raw,raw,raw,,6,pearson,0.9144563509788302,0.9144563509788302,31832,0,1,6,train
85,84,Patv_raw,raw,raw,,6,pearson,0.907871504848969,0.907871504848969,28103,0,1,6,train
86,85,Patv_raw,raw,raw,,6,pearson,0.9013935150947772,0.9013935150947772,29299,0,1,6,train
87,86,Patv_raw,raw,raw,,6,pearson,0.9062525778445041,0.9062525778445041,31593,0,1,6,train
88,87,Patv_raw,raw,raw,,6,pearson,0.8884313487011503,0.8884313487011503,28444,0,1,6,train
89,88,Patv_raw,raw,raw,,6,pearson,0.9089359414843807,0.9089359414843807,28835,0,1,6,train
90,89,Patv_raw,raw,raw,,6,pearson,0.8988695805426054,0.8988695805426054,29111,0,1,6,train
91,90,Patv_raw,raw,raw,,6,pearson,0.900006289940932,0.900006289940932,28855,0,1,6,train
92,91,Patv_raw,raw,raw,,6,pearson,0.8957937934557175,0.8957937934557175,27939,0,1,6,train
93,92,Patv_raw,raw,raw,,6,pearson,0.8997593516049588,0.8997593516049588,26936,0,1,6,train
94,93,Patv_raw,raw,raw,,6,pearson,0.9036257196728781,0.9036257196728781,28329,0,1,6,train
95,94,Patv_raw,raw,raw,,6,pearson,0.9038070660778417,0.9038070660778417,27581,0,1,6,train
96,95,Patv_raw,raw,raw,,6,pearson,0.8980966818316446,0.8980966818316446,26262,0,1,6,train
97,96,Patv_raw,raw,raw,,6,pearson,0.8990808525356694,0.8990808525356694,26775,0,1,6,train
98,97,Patv_raw,raw,raw,,6,pearson,0.9091108184769722,0.9091108184769722,29736,0,1,6,train
99,98,Patv_raw,raw,raw,,6,pearson,0.9173238865304983,0.9173238865304983,30446,0,1,6,train
100,99,Patv_raw,raw,raw,,6,pearson,0.9129282162679897,0.9129282162679897,27709,0,1,6,train
101,100,Patv_raw,raw,raw,,6,pearson,0.9009080044872155,0.9009080044872155,28549,0,1,6,train
102,101,Patv_raw,raw,raw,,6,pearson,0.901767371702739,0.901767371702739,27397,0,1,6,train
103,102,Patv_raw,raw,raw,,6,pearson,0.9069917054644921,0.9069917054644921,30060,0,1,6,train
104,103,Patv_raw,raw,raw,,6,pearson,0.897782313132844,0.897782313132844,28411,0,1,6,train
105,104,Patv_raw,raw,raw,,6,pearson,0.8952315333030806,0.8952315333030806,28576,0,1,6,train
106,105,Patv_raw,raw,raw,,6,pearson,0.9043041656929506,0.9043041656929506,27789,0,1,6,train
107,106,Patv_raw,raw,raw,,6,pearson,0.9023112858526307,0.9023112858526307,29731,0,1,6,train
108,107,Patv_raw,raw,raw,,6,pearson,0.8998330367702105,0.8998330367702105,27410,0,1,6,train
109,108,Patv_raw,raw,raw,,6,pearson,0.8882406703927045,0.8882406703927045,29131,0,1,6,train
110,109,Patv_raw,raw,raw,,6,pearson,0.8997305323352928,0.8997305323352928,29136,0,1,6,train
111,110,Patv_raw,raw,raw,,6,pearson,0.8934043532450553,0.8934043532450553,29058,0,1,6,train
112,111,Patv_raw,raw,raw,,6,pearson,0.8938168010135035,0.8938168010135035,28072,0,1,6,train
113,112,Patv_raw,raw,raw,,6,pearson,0.8988134611076296,0.8988134611076296,28604,0,1,6,train
114,113,Patv_raw,raw,raw,,6,pearson,0.9087221100730508,0.9087221100730508,27871,0,1,6,train
115,114,Patv_raw,raw,raw,,6,pearson,0.8978973330677247,0.8978973330677247,26277,0,1,6,train
116,115,Patv_raw,raw,raw,,6,pearson,0.8986314751863117,0.8986314751863117,27149,0,1,6,train
117,116,Patv_raw,raw,raw,,6,pearson,0.898934472324779,0.898934472324779,27216,0,1,6,train
118,117,Patv_raw,raw,raw,,6,pearson,0.8971460600554733,0.8971460600554733,27936,0,1,6,train
119,118,Patv_raw,raw,raw,,6,pearson,0.9099764359036031,0.9099764359036031,29519,0,1,6,train
120,119,Patv_raw,raw,raw,,6,pearson,0.9017287468591996,0.9017287468591996,28765,0,1,6,train
121,120,Patv_raw,raw,raw,,6,pearson,0.9041027371124335,0.9041027371124335,29107,0,1,6,train
122,121,Patv_raw,raw,raw,,6,pearson,0.8966520041990291,0.8966520041990291,26980,0,1,6,train
123,122,Patv_raw,raw,raw,,6,pearson,0.8913621966532929,0.8913621966532929,27348,0,1,6,train
124,123,Patv_raw,raw,raw,,6,pearson,0.9077114513520891,0.9077114513520891,26980,0,1,6,train
125,124,Patv_raw,raw,raw,,6,pearson,0.9022440755592389,0.9022440755592389,27750,0,1,6,train
126,125,Patv_raw,raw,raw,,6,pearson,0.8955856079084932,0.8955856079084932,28020,0,1,6,train
127,126,Patv_raw,raw,raw,,6,pearson,0.8983507655210361,0.8983507655210361,28834,0,1,6,train
128,127,Patv_raw,raw,raw,,6,pearson,0.9027102474673995,0.9027102474673995,28993,0,1,6,train
129,128,Patv_raw,raw,raw,,6,pearson,0.896730742244644,0.896730742244644,29532,0,1,6,train
130,129,Patv_raw,raw,raw,,6,pearson,0.8970880167542059,0.8970880167542059,28794,0,1,6,train
131,130,Patv_raw,raw,raw,,6,pearson,0.9026534711006332,0.9026534711006332,29085,0,1,6,train
132,131,Patv_raw,raw,raw,,6,pearson,0.9011178406958136,0.9011178406958136,30457,0,1,6,train
133,132,Patv_raw,raw,raw,,6,pearson,0.890019705656501,0.890019705656501,27567,0,1,6,train
134,133,Patv_raw,raw,raw,,6,pearson,0.9004183486555207,0.9004183486555207,30084,0,1,6,train
1,0,Patv_raw,raw,raw,,10,pearson,0.8778055045187386,0.8778055045187386,28814,0,1,10,train
2,1,Patv_raw,raw,raw,,10,pearson,0.8703237306336663,0.8703237306336663,28631,0,1,10,train
3,2,Patv_raw,raw,raw,,10,pearson,0.8764142389073822,0.8764142389073822,29034,0,1,10,train
4,3,Patv_raw,raw,raw,,10,pearson,0.8710347634219391,0.8710347634219391,29079,0,1,10,train
5,4,Patv_raw,raw,raw,,10,pearson,0.8883813072677413,0.8883813072677413,30254,0,1,10,train
6,5,Patv_raw,raw,raw,,10,pearson,0.8859655549625937,0.8859655549625937,29425,0,1,10,train
7,6,Patv_raw,raw,raw,,10,pearson,0.8851654261880979,0.8851654261880979,29626,0,1,10,train
8,7,Patv_raw,raw,raw,,10,pearson,0.8841858823438781,0.8841858823438781,29807,0,1,10,train
9,8,Patv_raw,raw,raw,,10,pearson,0.8794774632157618,0.8794774632157618,29166,0,1,10,train
10,9,Patv_raw,raw,raw,,10,pearson,0.8874478099452482,0.8874478099452482,29546,0,1,10,train
11,10,Patv_raw,raw,raw,,10,pearson,0.8799118732635705,0.8799118732635705,29395,0,1,10,train
12,11,Patv_raw,raw,raw,,10,pearson,0.885133370074906,0.885133370074906,29371,0,1,10,train
13,12,Patv_raw,raw,raw,,10,pearson,0.8765015061752667,0.8765015061752667,29502,0,1,10,train
14,13,Patv_raw,raw,raw,,10,pearson,0.8840376076444726,0.8840376076444726,30270,0,1,10,train
15,14,Patv_raw,raw,raw,,10,pearson,0.8795065020730961,0.8795065020730961,29246,0,1,10,train
16,15,Patv_raw,raw,raw,,10,pearson,0.8830785188126543,0.8830785188126543,29169,0,1,10,train
17,16,Patv_raw,raw,raw,,10,pearson,0.8737185226197526,0.8737185226197526,29466,0,1,10,train
18,17,Patv_raw,raw,raw,,10,pearson,0.8891097758115494,0.8891097758115494,30275,0,1,10,train
19,18,Patv_raw,raw,raw,,10,pearson,0.8652113555678087,0.8652113555678087,29300,0,1,10,train
20,19,Patv_raw,raw,raw,,10,pearson,0.8710219794308579,0.8710219794308579,28730,0,1,10,train
21,20,Patv_raw,raw,raw,,10,pearson,0.8680829389762088,0.8680829389762088,29524,0,1,10,train
22,21,Patv_raw,raw,raw,,10,pearson,0.8704626436707775,0.8704626436707775,28169,0,1,10,train
23,22,Patv_raw,raw,raw,,10,pearson,0.8675565244242449,0.8675565244242449,28876,0,1,10,train
24,23,Patv_raw,raw,raw,,10,pearson,0.8641330873000008,0.8641330873000008,29184,0,1,10,train
25,24,Patv_raw,raw,raw,,10,pearson,0.8678797186664134,0.8678797186664134,28990,0,1,10,train
26,25,Patv_raw,raw,raw,,10,pearson,0.8839114207454379,0.8839114207454379,30678,0,1,10,train
27,26,Patv_raw,raw,raw,,10,pearson,0.8666437559344,0.8666437559344,29700,0,1,10,train
28,27,Patv_raw,raw,raw,,10,pearson,0.8738938334405264,0.8738938334405264,30818,0,1,10,train
29,28,Patv_raw,raw,raw,,10,pearson,0.8674686213200047,0.8674686213200047,29233,0,1,10,train
30,29,Patv_raw,raw,raw,,10,pearson,0.871795220933527,0.871795220933527,29773,0,1,10,train
31,30,Patv_raw,raw,raw,,10,pearson,0.8708190678819172,0.8708190678819172,29865,0,1,10,train
32,31,Patv_raw,raw,raw,,10,pearson,0.8671688875595486,0.8671688875595486,28820,0,1,10,train
33,32,Patv_raw,raw,raw,,10,pearson,0.8716956450752907,0.8716956450752907,29348,0,1,10,train
34,33,Patv_raw,raw,raw,,10,pearson,0.8665794628423881,0.8665794628423881,28733,0,1,10,train
35,34,Patv_raw,raw,raw,,10,pearson,0.8634805345334053,0.8634805345334053,28504,0,1,10,train
36,35,Patv_raw,raw,raw,,10,pearson,0.8683525582742645,0.8683525582742645,29209,0,1,10,train
37,36,Patv_raw,raw,raw,,10,pearson,0.8831142120585226,0.8831142120585226,29265,0,1,10,train
38,37,Patv_raw,raw,raw,,10,pearson,0.8785833745723637,0.8785833745723637,29702,0,1,10,train
39,38,Patv_raw,raw,raw,,10,pearson,0.8730929365464823,0.8730929365464823,29226,0,1,10,train
40,39,Patv_raw,raw,raw,,10,pearson,0.8662435159397806,0.8662435159397806,29636,0,1,10,train
41,40,Patv_raw,raw,raw,,10,pearson,0.8668487620530091,0.8668487620530091,28188,0,1,10,train
42,41,Patv_raw,raw,raw,,10,pearson,0.8653721216624481,0.8653721216624481,28984,0,1,10,train
43,42,Patv_raw,raw,raw,,10,pearson,0.8770174527313723,0.8770174527313723,29445,0,1,10,train
44,43,Patv_raw,raw,raw,,10,pearson,0.8669445062923462,0.8669445062923462,28118,0,1,10,train
45,44,Patv_raw,raw,raw,,10,pearson,0.8631754574890597,0.8631754574890597,28894,0,1,10,train
46,45,Patv_raw,raw,raw,,10,pearson,0.8664468360724127,0.8664468360724127,28221,0,1,10,train
47,46,Patv_raw,raw,raw,,10,pearson,0.8660075629029386,0.8660075629029386,28465,0,1,10,train
48,47,Patv_raw,raw,raw,,10,pearson,0.8693073377516802,0.8693073377516802,29241,0,1,10,train
49,48,Patv_raw,raw,raw,,10,pearson,0.8795111017249615,0.8795111017249615,30846,0,1,10,train
50,49,Patv_raw,raw,raw,,10,pearson,0.8730020391240035,0.8730020391240035,28985,0,1,10,train
51,50,Patv_raw,raw,raw,,10,pearson,0.8869049905881806,0.8869049905881806,29797,0,1,10,train
52,51,Patv_raw,raw,raw,,10,pearson,0.8643075110847476,0.8643075110847476,27383,0,1,10,train
53,52,Patv_raw,raw,raw,,10,pearson,0.8820535173612699,0.8820535173612699,30064,0,1,10,train
54,53,Patv_raw,raw,raw,,10,pearson,0.8798321331501958,0.8798321331501958,29940,0,1,10,train
55,54,Patv_raw,raw,raw,,10,pearson,0.8761162504329084,0.8761162504329084,29110,0,1,10,train
56,55,Patv_raw,raw,raw,,10,pearson,0.8648452387529916,0.8648452387529916,27964,0,1,10,train
57,56,Patv_raw,raw,raw,,10,pearson,0.8732123666023881,0.8732123666023881,30151,0,1,10,train
58,57,Patv_raw,raw,raw,,10,pearson,0.8867690693558609,0.8867690693558609,31750,0,1,10,train
59,58,Patv_raw,raw,raw,,10,pearson,0.8690003913564863,0.8690003913564863,28237,0,1,10,train
60,59,Patv_raw,raw,raw,,10,pearson,0.8579747314901526,0.8579747314901526,28686,0,1,10,train
61,60,Patv_raw,raw,raw,,10,pearson,0.8590504367703314,0.8590504367703314,28184,0,1,10,train
62,61,Patv_raw,raw,raw,,10,pearson,0.8791270995336073,0.8791270995336073,30575,0,1,10,train
63,62,Patv_raw,raw,raw,,10,pearson,0.8779958810596462,0.8779958810596462,29265,0,1,10,train
64,63,Patv_raw,raw,raw,,10,pearson,0.8653050445976885,0.8653050445976885,28279,0,1,10,train
65,64,Patv_raw,raw,raw,,10,pearson,0.8619862101823321,0.8619862101823321,28895,0,1,10,train
66,65,Patv_raw,raw,raw,,10,pearson,0.8670689053847294,0.8670689053847294,29343,0,1,10,train
67,66,Patv_raw,raw,raw,,10,pearson,0.8642518421421937,0.8642518421421937,30164,0,1,10,train
68,67,Patv_raw,raw,raw,,10,pearson,0.8690015806155932,0.8690015806155932,29801,0,1,10,train
69,68,Patv_raw,raw,raw,,10,pearson,0.8734298755536942,0.8734298755536942,28951,0,1,10,train
70,69,Patv_raw,raw,raw,,10,pearson,0.8777084788643368,0.8777084788643368,29032,0,1,10,train
71,70,Patv_raw,raw,raw,,10,pearson,0.8894539155393579,0.8894539155393579,31791,0,1,10,train
72,71,Patv_raw,raw,raw,,10,pearson,0.8722778628895044,0.8722778628895044,28674,0,1,10,train
73,72,Patv_raw,raw,raw,,10,pearson,0.8856782345484676,0.8856782345484676,30608,0,1,10,train
74,73,Patv_raw,raw,raw,,10,pearson,0.879944083977267,0.879944083977267,29401,0,1,10,train
75,74,Patv_raw,raw,raw,,10,pearson,0.8771582845856323,0.8771582845856323,28784,0,1,10,train
76,75,Patv_raw,raw,raw,,10,pearson,0.8839705934950769,0.8839705934950769,29151,0,1,10,train
77,76,Patv_raw,raw,raw,,10,pearson,0.8792052907066882,0.8792052907066882,28985,0,1,10,train
78,77,Patv_raw,raw,raw,,10,pearson,0.8697246472151465,0.8697246472151465,28085,0,1,10,train
79,78,Patv_raw,raw,raw,,10,pearson,0.8725253719756834,0.8725253719756834,28064,0,1,10,train
80,79,Patv_raw,raw,raw,,10,pearson,0.8772898991159629,0.8772898991159629,29091,0,1,10,train
81,80,Patv_raw,raw,raw,,10,pearson,0.885722043097107,0.885722043097107,29064,0,1,10,train
82,81,Patv_raw,raw,raw,,10,pearson,0.8756799125558491,0.8756799125558491,27685,0,1,10,train
83,82,Patv_raw,raw,raw,,10,pearson,0.8952962549240328,0.8952962549240328,28376,0,1,10,train
84,83,Patv_raw,raw,raw,,10,pearson,0.8853257881208122,0.8853257881208122,31897,0,1,10,train
85,84,Patv_raw,raw,raw,,10,pearson,0.8772608279720565,0.8772608279720565,28196,0,1,10,train
86,85,Patv_raw,raw,raw,,10,pearson,0.868414266768545,0.868414266768545,29385,0,1,10,train
87,86,Patv_raw,raw,raw,,10,pearson,0.8748008911315541,0.8748008911315541,31665,0,1,10,train
88,87,Patv_raw,raw,raw,,10,pearson,0.8540282209170424,0.8540282209170424,28527,0,1,10,train
89,88,Patv_raw,raw,raw,,10,pearson,0.8777741152246924,0.8777741152246924,28914,0,1,10,train
90,89,Patv_raw,raw,raw,,10,pearson,0.8625252829667525,0.8625252829667525,29182,0,1,10,train
91,90,Patv_raw,raw,raw,,10,pearson,0.8664544645906163,0.8664544645906163,28938,0,1,10,train
92,91,Patv_raw,raw,raw,,10,pearson,0.863300147515589,0.863300147515589,28030,0,1,10,train
93,92,Patv_raw,raw,raw,,10,pearson,0.8668305816368841,0.8668305816368841,27023,0,1,10,train
94,93,Patv_raw,raw,raw,,10,pearson,0.8706268907726361,0.8706268907726361,28401,0,1,10,train
95,94,Patv_raw,raw,raw,,10,pearson,0.8717987789327938,0.8717987789327938,27665,0,1,10,train
96,95,Patv_raw,raw,raw,,10,pearson,0.8657201046191128,0.8657201046191128,26344,0,1,10,train
97,96,Patv_raw,raw,raw,,10,pearson,0.8669533247403205,0.8669533247403205,26872,0,1,10,train
98,97,Patv_raw,raw,raw,,10,pearson,0.8785455886200373,0.8785455886200373,29816,0,1,10,train
99,98,Patv_raw,raw,raw,,10,pearson,0.8894622697205852,0.8894622697205852,30542,0,1,10,train
100,99,Patv_raw,raw,raw,,10,pearson,0.8843565343788867,0.8843565343788867,27798,0,1,10,train
101,100,Patv_raw,raw,raw,,10,pearson,0.8689973536979173,0.8689973536979173,28637,0,1,10,train
102,101,Patv_raw,raw,raw,,10,pearson,0.8706239302568074,0.8706239302568074,27495,0,1,10,train
103,102,Patv_raw,raw,raw,,10,pearson,0.8763584147720661,0.8763584147720661,30153,0,1,10,train
104,103,Patv_raw,raw,raw,,10,pearson,0.8645341758850057,0.8645341758850057,28485,0,1,10,train
105,104,Patv_raw,raw,raw,,10,pearson,0.8613712758405518,0.8613712758405518,28686,0,1,10,train
106,105,Patv_raw,raw,raw,,10,pearson,0.8725976677990477,0.8725976677990477,27861,0,1,10,train
107,106,Patv_raw,raw,raw,,10,pearson,0.869403272814951,0.869403272814951,29815,0,1,10,train
108,107,Patv_raw,raw,raw,,10,pearson,0.8674658152050225,0.8674658152050225,27505,0,1,10,train
109,108,Patv_raw,raw,raw,,10,pearson,0.8520121460458759,0.8520121460458759,29221,0,1,10,train
110,109,Patv_raw,raw,raw,,10,pearson,0.8652354964885389,0.8652354964885389,29229,0,1,10,train
111,110,Patv_raw,raw,raw,,10,pearson,0.8600588086673243,0.8600588086673243,29139,0,1,10,train
112,111,Patv_raw,raw,raw,,10,pearson,0.8606889521334163,0.8606889521334163,28159,0,1,10,train
113,112,Patv_raw,raw,raw,,10,pearson,0.8645188143197067,0.8645188143197067,28681,0,1,10,train
114,113,Patv_raw,raw,raw,,10,pearson,0.8775234218752813,0.8775234218752813,27954,0,1,10,train
115,114,Patv_raw,raw,raw,,10,pearson,0.8652619332940373,0.8652619332940373,26373,0,1,10,train
116,115,Patv_raw,raw,raw,,10,pearson,0.8660340249503207,0.8660340249503207,27245,0,1,10,train
117,116,Patv_raw,raw,raw,,10,pearson,0.8666434936624269,0.8666434936624269,27322,0,1,10,train
118,117,Patv_raw,raw,raw,,10,pearson,0.864437822275136,0.864437822275136,28027,0,1,10,train
119,118,Patv_raw,raw,raw,,10,pearson,0.8786607894953903,0.8786607894953903,29594,0,1,10,train
120,119,Patv_raw,raw,raw,,10,pearson,0.8693782368662584,0.8693782368662584,28856,0,1,10,train
121,120,Patv_raw,raw,raw,,10,pearson,0.87214955490538,0.87214955490538,29188,0,1,10,train
122,121,Patv_raw,raw,raw,,10,pearson,0.8647901728099233,0.8647901728099233,27081,0,1,10,train
123,122,Patv_raw,raw,raw,,10,pearson,0.8564684094794277,0.8564684094794277,27423,0,1,10,train
124,123,Patv_raw,raw,raw,,10,pearson,0.8771435517892282,0.8771435517892282,27092,0,1,10,train
125,124,Patv_raw,raw,raw,,10,pearson,0.8695678916521459,0.8695678916521459,27828,0,1,10,train
126,125,Patv_raw,raw,raw,,10,pearson,0.8610794641454819,0.8610794641454819,28119,0,1,10,train
127,126,Patv_raw,raw,raw,,10,pearson,0.8632462801376665,0.8632462801376665,28908,0,1,10,train
128,127,Patv_raw,raw,raw,,10,pearson,0.8687510678567881,0.8687510678567881,29067,0,1,10,train
129,128,Patv_raw,raw,raw,,10,pearson,0.8606684304008172,0.8606684304008172,29596,0,1,10,train
130,129,Patv_raw,raw,raw,,10,pearson,0.8610102956673469,0.8610102956673469,28876,0,1,10,train
131,130,Patv_raw,raw,raw,,10,pearson,0.8676769914882191,0.8676769914882191,29152,0,1,10,train
132,131,Patv_raw,raw,raw,,10,pearson,0.8664564701073005,0.8664564701073005,30541,0,1,10,train
133,132,Patv_raw,raw,raw,,10,pearson,0.8544384599605572,0.8544384599605572,27644,0,1,10,train
134,133,Patv_raw,raw,raw,,10,pearson,0.8681478187814019,0.8681478187814019,30170,0,1,10,train
1,0,Patv_raw,trend_ma6,trend,6.0,3,pearson,0.8949457244266449,0.8949457244266449,29331,0,1,3,train
2,1,Patv_raw,trend_ma6,trend,6.0,3,pearson,0.888796044724178,0.888796044724178,29248,0,1,3,train
3,2,Patv_raw,trend_ma6,trend,6.0,3,pearson,0.8928306040468937,0.8928306040468937,29530,0,1,3,train
4,3,Patv_raw,trend_ma6,trend,6.0,3,pearson,0.8881459619508735,0.8881459619508735,29661,0,1,3,train
5,4,Patv_raw,trend_ma6,trend,6.0,3,pearson,0.9043559599038336,0.9043559599038336,30904,0,1,3,train
6,5,Patv_raw,trend_ma6,trend,6.0,3,pearson,0.9026015431411522,0.9026015431411522,29998,0,1,3,train
7,6,Patv_raw,trend_ma6,trend,6.0,3,pearson,0.9020426888872585,0.9020426888872585,30340,0,1,3,train
8,7,Patv_raw,trend_ma6,trend,6.0,3,pearson,0.9014336092414817,0.9014336092414817,30422,0,1,3,train
9,8,Patv_raw,trend_ma6,trend,6.0,3,pearson,0.8962850126595571,0.8962850126595571,29767,0,1,3,train
10,9,Patv_raw,trend_ma6,trend,6.0,3,pearson,0.9041814544795643,0.9041814544795643,30139,0,1,3,train
11,10,Patv_raw,trend_ma6,trend,6.0,3,pearson,0.8966678546318088,0.8966678546318088,29959,0,1,3,train
12,11,Patv_raw,trend_ma6,trend,6.0,3,pearson,0.9017850837210912,0.9017850837210912,29862,0,1,3,train
13,12,Patv_raw,trend_ma6,trend,6.0,3,pearson,0.8938720821784749,0.8938720821784749,30114,0,1,3,train
14,13,Patv_raw,trend_ma6,trend,6.0,3,pearson,0.8988099192760348,0.8988099192760348,31015,0,1,3,train
15,14,Patv_raw,trend_ma6,trend,6.0,3,pearson,0.8958579589266361,0.8958579589266361,29888,0,1,3,train
16,15,Patv_raw,trend_ma6,trend,6.0,3,pearson,0.8992013022945754,0.8992013022945754,29715,0,1,3,train
17,16,Patv_raw,trend_ma6,trend,6.0,3,pearson,0.8912787004788062,0.8912787004788062,30083,0,1,3,train
18,17,Patv_raw,trend_ma6,trend,6.0,3,pearson,0.9061378667174101,0.9061378667174101,30868,0,1,3,train
19,18,Patv_raw,trend_ma6,trend,6.0,3,pearson,0.8847611531736816,0.8847611531736816,29858,0,1,3,train
20,19,Patv_raw,trend_ma6,trend,6.0,3,pearson,0.890572295756478,0.890572295756478,29255,0,1,3,train
21,20,Patv_raw,trend_ma6,trend,6.0,3,pearson,0.8877618032716112,0.8877618032716112,30122,0,1,3,train
22,21,Patv_raw,trend_ma6,trend,6.0,3,pearson,0.8893991139110977,0.8893991139110977,28714,0,1,3,train
23,22,Patv_raw,trend_ma6,trend,6.0,3,pearson,0.8857427536795095,0.8857427536795095,29397,0,1,3,train
24,23,Patv_raw,trend_ma6,trend,6.0,3,pearson,0.8831628000653784,0.8831628000653784,29836,0,1,3,train
25,24,Patv_raw,trend_ma6,trend,6.0,3,pearson,0.8860731262362531,0.8860731262362531,29531,0,1,3,train
26,25,Patv_raw,trend_ma6,trend,6.0,3,pearson,0.9010284837752706,0.9010284837752706,31386,0,1,3,train
27,26,Patv_raw,trend_ma6,trend,6.0,3,pearson,0.8848001428337494,0.8848001428337494,30380,0,1,3,train
28,27,Patv_raw,trend_ma6,trend,6.0,3,pearson,0.8928741370326,0.8928741370326,31658,0,1,3,train
29,28,Patv_raw,trend_ma6,trend,6.0,3,pearson,0.8873568501533893,0.8873568501533893,29960,0,1,3,train
30,29,Patv_raw,trend_ma6,trend,6.0,3,pearson,0.8910893121191342,0.8910893121191342,30448,0,1,3,train
31,30,Patv_raw,trend_ma6,trend,6.0,3,pearson,0.8903753820159456,0.8903753820159456,30603,0,1,3,train
32,31,Patv_raw,trend_ma6,trend,6.0,3,pearson,0.8862480883080918,0.8862480883080918,29342,0,1,3,train
33,32,Patv_raw,trend_ma6,trend,6.0,3,pearson,0.890179751320903,0.890179751320903,29877,0,1,3,train
34,33,Patv_raw,trend_ma6,trend,6.0,3,pearson,0.8849680703452121,0.8849680703452121,29373,0,1,3,train
35,34,Patv_raw,trend_ma6,trend,6.0,3,pearson,0.8807342195230771,0.8807342195230771,29058,0,1,3,train
36,35,Patv_raw,trend_ma6,trend,6.0,3,pearson,0.8866655723508738,0.8866655723508738,29874,0,1,3,train
37,36,Patv_raw,trend_ma6,trend,6.0,3,pearson,0.8989482111237638,0.8989482111237638,29975,0,1,3,train
38,37,Patv_raw,trend_ma6,trend,6.0,3,pearson,0.8956313706664878,0.8956313706664878,30366,0,1,3,train
39,38,Patv_raw,trend_ma6,trend,6.0,3,pearson,0.8917343492429449,0.8917343492429449,29893,0,1,3,train
40,39,Patv_raw,trend_ma6,trend,6.0,3,pearson,0.8873836993355818,0.8873836993355818,30245,0,1,3,train
41,40,Patv_raw,trend_ma6,trend,6.0,3,pearson,0.8871376284882416,0.8871376284882416,28718,0,1,3,train
42,41,Patv_raw,trend_ma6,trend,6.0,3,pearson,0.8854549757600974,0.8854549757600974,29525,0,1,3,train
43,42,Patv_raw,trend_ma6,trend,6.0,3,pearson,0.8949436809570592,0.8949436809570592,30042,0,1,3,train
44,43,Patv_raw,trend_ma6,trend,6.0,3,pearson,0.8872767620441686,0.8872767620441686,28529,0,1,3,train
45,44,Patv_raw,trend_ma6,trend,6.0,3,pearson,0.8816683697419576,0.8816683697419576,29379,0,1,3,train
46,45,Patv_raw,trend_ma6,trend,6.0,3,pearson,0.8841667668506942,0.8841667668506942,28756,0,1,3,train
47,46,Patv_raw,trend_ma6,trend,6.0,3,pearson,0.8852323290586958,0.8852323290586958,28963,0,1,3,train
48,47,Patv_raw,trend_ma6,trend,6.0,3,pearson,0.888629593698223,0.888629593698223,29877,0,1,3,train
49,48,Patv_raw,trend_ma6,trend,6.0,3,pearson,0.8973582019926474,0.8973582019926474,31669,0,1,3,train
50,49,Patv_raw,trend_ma6,trend,6.0,3,pearson,0.891339556374272,0.891339556374272,29677,0,1,3,train
51,50,Patv_raw,trend_ma6,trend,6.0,3,pearson,0.9045280302525809,0.9045280302525809,30486,0,1,3,train
52,51,Patv_raw,trend_ma6,trend,6.0,3,pearson,0.8850175031057588,0.8850175031057588,27995,0,1,3,train
53,52,Patv_raw,trend_ma6,trend,6.0,3,pearson,0.9001488268092898,0.9001488268092898,30836,0,1,3,train
54,53,Patv_raw,trend_ma6,trend,6.0,3,pearson,0.8981954031371169,0.8981954031371169,30690,0,1,3,train
55,54,Patv_raw,trend_ma6,trend,6.0,3,pearson,0.894757971331229,0.894757971331229,29647,0,1,3,train
56,55,Patv_raw,trend_ma6,trend,6.0,3,pearson,0.8836612360459442,0.8836612360459442,28464,0,1,3,train
57,56,Patv_raw,trend_ma6,trend,6.0,3,pearson,0.8931522062742273,0.8931522062742273,30779,0,1,3,train
58,57,Patv_raw,trend_ma6,trend,6.0,3,pearson,0.9051996381993425,0.9051996381993425,32571,0,1,3,train
59,58,Patv_raw,trend_ma6,trend,6.0,3,pearson,0.8876191616757431,0.8876191616757431,28905,0,1,3,train
60,59,Patv_raw,trend_ma6,trend,6.0,3,pearson,0.8783673219065063,0.8783673219065063,29341,0,1,3,train
61,60,Patv_raw,trend_ma6,trend,6.0,3,pearson,0.8776093266079447,0.8776093266079447,28687,0,1,3,train
62,61,Patv_raw,trend_ma6,trend,6.0,3,pearson,0.8978804626846466,0.8978804626846466,31358,0,1,3,train
63,62,Patv_raw,trend_ma6,trend,6.0,3,pearson,0.896406062860948,0.896406062860948,29811,0,1,3,train
64,63,Patv_raw,trend_ma6,trend,6.0,3,pearson,0.8841879155067014,0.8841879155067014,28752,0,1,3,train
65,64,Patv_raw,trend_ma6,trend,6.0,3,pearson,0.8828734486368839,0.8828734486368839,29522,0,1,3,train
66,65,Patv_raw,trend_ma6,trend,6.0,3,pearson,0.8868851762736345,0.8868851762736345,29961,0,1,3,train
67,66,Patv_raw,trend_ma6,trend,6.0,3,pearson,0.8852142967496032,0.8852142967496032,30830,0,1,3,train
68,67,Patv_raw,trend_ma6,trend,6.0,3,pearson,0.8876845006966743,0.8876845006966743,30341,0,1,3,train
69,68,Patv_raw,trend_ma6,trend,6.0,3,pearson,0.8907903952895863,0.8907903952895863,29465,0,1,3,train
70,69,Patv_raw,trend_ma6,trend,6.0,3,pearson,0.8946234480142992,0.8946234480142992,29502,0,1,3,train
71,70,Patv_raw,trend_ma6,trend,6.0,3,pearson,0.9060505904922829,0.9060505904922829,32704,0,1,3,train
72,71,Patv_raw,trend_ma6,trend,6.0,3,pearson,0.8905029010679354,0.8905029010679354,29245,0,1,3,train
73,72,Patv_raw,trend_ma6,trend,6.0,3,pearson,0.9033937524143802,0.9033937524143802,31357,0,1,3,train
74,73,Patv_raw,trend_ma6,trend,6.0,3,pearson,0.8979608219854249,0.8979608219854249,30066,0,1,3,train
75,74,Patv_raw,trend_ma6,trend,6.0,3,pearson,0.8952458327485648,0.8952458327485648,29457,0,1,3,train
76,75,Patv_raw,trend_ma6,trend,6.0,3,pearson,0.9018888505440807,0.9018888505440807,29881,0,1,3,train
77,76,Patv_raw,trend_ma6,trend,6.0,3,pearson,0.8972238645797134,0.8972238645797134,29564,0,1,3,train
78,77,Patv_raw,trend_ma6,trend,6.0,3,pearson,0.8884783687597037,0.8884783687597037,28688,0,1,3,train
79,78,Patv_raw,trend_ma6,trend,6.0,3,pearson,0.8891150347649341,0.8891150347649341,28632,0,1,3,train
80,79,Patv_raw,trend_ma6,trend,6.0,3,pearson,0.8951413627446366,0.8951413627446366,29787,0,1,3,train
81,80,Patv_raw,trend_ma6,trend,6.0,3,pearson,0.901870862197186,0.901870862197186,29742,0,1,3,train
82,81,Patv_raw,trend_ma6,trend,6.0,3,pearson,0.8930142785092364,0.8930142785092364,28289,0,1,3,train
83,82,Patv_raw,trend_ma6,trend,6.0,3,pearson,0.9109999658716516,0.9109999658716516,28996,0,1,3,train
84,83,Patv_raw,trend_ma6,trend,6.0,3,pearson,0.9037277314673885,0.9037277314673885,32880,0,1,3,train
85,84,Patv_raw,trend_ma6,trend,6.0,3,pearson,0.8950933429491313,0.8950933429491313,28753,0,1,3,train
86,85,Patv_raw,trend_ma6,trend,6.0,3,pearson,0.8887973925974273,0.8887973925974273,29967,0,1,3,train
87,86,Patv_raw,trend_ma6,trend,6.0,3,pearson,0.8954292624204454,0.8954292624204454,32616,0,1,3,train
88,87,Patv_raw,trend_ma6,trend,6.0,3,pearson,0.8748392306313625,0.8748392306313625,29134,0,1,3,train
89,88,Patv_raw,trend_ma6,trend,6.0,3,pearson,0.8961898718022813,0.8961898718022813,29516,0,1,3,train
90,89,Patv_raw,trend_ma6,trend,6.0,3,pearson,0.8841210752955524,0.8841210752955524,29717,0,1,3,train
91,90,Patv_raw,trend_ma6,trend,6.0,3,pearson,0.8861722230295559,0.8861722230295559,29534,0,1,3,train
92,91,Patv_raw,trend_ma6,trend,6.0,3,pearson,0.8832229996591382,0.8832229996591382,28724,0,1,3,train
93,92,Patv_raw,trend_ma6,trend,6.0,3,pearson,0.8864822029802306,0.8864822029802306,27735,0,1,3,train
94,93,Patv_raw,trend_ma6,trend,6.0,3,pearson,0.888474801155246,0.888474801155246,28995,0,1,3,train
95,94,Patv_raw,trend_ma6,trend,6.0,3,pearson,0.8902990308839046,0.8902990308839046,28375,0,1,3,train
96,95,Patv_raw,trend_ma6,trend,6.0,3,pearson,0.8846033632168413,0.8846033632168413,26969,0,1,3,train
97,96,Patv_raw,trend_ma6,trend,6.0,3,pearson,0.8859251898954268,0.8859251898954268,27643,0,1,3,train
98,97,Patv_raw,trend_ma6,trend,6.0,3,pearson,0.8969739954825898,0.8969739954825898,30528,0,1,3,train
99,98,Patv_raw,trend_ma6,trend,6.0,3,pearson,0.9066826204075367,0.9066826204075367,31669,0,1,3,train
100,99,Patv_raw,trend_ma6,trend,6.0,3,pearson,0.9021642618839893,0.9021642618839893,28681,0,1,3,train
101,100,Patv_raw,trend_ma6,trend,6.0,3,pearson,0.8875503047930061,0.8875503047930061,29192,0,1,3,train
102,101,Patv_raw,trend_ma6,trend,6.0,3,pearson,0.8886201826719884,0.8886201826719884,28122,0,1,3,train
103,102,Patv_raw,trend_ma6,trend,6.0,3,pearson,0.8952199630545432,0.8952199630545432,30796,0,1,3,train
104,103,Patv_raw,trend_ma6,trend,6.0,3,pearson,0.8837270413450843,0.8837270413450843,29067,0,1,3,train
105,104,Patv_raw,trend_ma6,trend,6.0,3,pearson,0.8817488295892507,0.8817488295892507,29350,0,1,3,train
106,105,Patv_raw,trend_ma6,trend,6.0,3,pearson,0.891434699617986,0.891434699617986,28356,0,1,3,train
107,106,Patv_raw,trend_ma6,trend,6.0,3,pearson,0.8886307752955689,0.8886307752955689,30555,0,1,3,train
108,107,Patv_raw,trend_ma6,trend,6.0,3,pearson,0.8885430773384929,0.8885430773384929,28245,0,1,3,train
109,108,Patv_raw,trend_ma6,trend,6.0,3,pearson,0.8763939695700412,0.8763939695700412,29812,0,1,3,train
110,109,Patv_raw,trend_ma6,trend,6.0,3,pearson,0.8845009059922436,0.8845009059922436,29849,0,1,3,train
111,110,Patv_raw,trend_ma6,trend,6.0,3,pearson,0.8790170674020115,0.8790170674020115,29716,0,1,3,train
112,111,Patv_raw,trend_ma6,trend,6.0,3,pearson,0.8774948144399027,0.8774948144399027,28781,0,1,3,train
113,112,Patv_raw,trend_ma6,trend,6.0,3,pearson,0.8844851275138808,0.8844851275138808,29294,0,1,3,train
114,113,Patv_raw,trend_ma6,trend,6.0,3,pearson,0.895935711710876,0.895935711710876,28597,0,1,3,train
115,114,Patv_raw,trend_ma6,trend,6.0,3,pearson,0.8862733325161227,0.8862733325161227,27147,0,1,3,train
116,115,Patv_raw,trend_ma6,trend,6.0,3,pearson,0.8855104050904243,0.8855104050904243,27904,0,1,3,train
117,116,Patv_raw,trend_ma6,trend,6.0,3,pearson,0.8853439230342782,0.8853439230342782,28103,0,1,3,train
118,117,Patv_raw,trend_ma6,trend,6.0,3,pearson,0.8843114014828682,0.8843114014828682,28642,0,1,3,train
119,118,Patv_raw,trend_ma6,trend,6.0,3,pearson,0.8975869190868216,0.8975869190868216,30224,0,1,3,train
120,119,Patv_raw,trend_ma6,trend,6.0,3,pearson,0.8881349351941498,0.8881349351941498,29487,0,1,3,train
121,120,Patv_raw,trend_ma6,trend,6.0,3,pearson,0.8909080798799492,0.8909080798799492,29883,0,1,3,train
122,121,Patv_raw,trend_ma6,trend,6.0,3,pearson,0.8839521269406752,0.8839521269406752,27807,0,1,3,train
123,122,Patv_raw,trend_ma6,trend,6.0,3,pearson,0.8763019514371058,0.8763019514371058,27958,0,1,3,train
124,123,Patv_raw,trend_ma6,trend,6.0,3,pearson,0.8949050393823722,0.8949050393823722,27791,0,1,3,train
125,124,Patv_raw,trend_ma6,trend,6.0,3,pearson,0.8872839840481549,0.8872839840481549,28460,0,1,3,train
126,125,Patv_raw,trend_ma6,trend,6.0,3,pearson,0.8812709004954374,0.8812709004954374,28802,0,1,3,train
127,126,Patv_raw,trend_ma6,trend,6.0,3,pearson,0.8837574423317072,0.8837574423317072,29522,0,1,3,train
128,127,Patv_raw,trend_ma6,trend,6.0,3,pearson,0.8883080056317447,0.8883080056317447,29715,0,1,3,train
129,128,Patv_raw,trend_ma6,trend,6.0,3,pearson,0.8820224709498702,0.8820224709498702,30298,0,1,3,train
130,129,Patv_raw,trend_ma6,trend,6.0,3,pearson,0.8819382706963395,0.8819382706963395,29528,0,1,3,train
131,130,Patv_raw,trend_ma6,trend,6.0,3,pearson,0.8876580644832346,0.8876580644832346,29702,0,1,3,train
132,131,Patv_raw,trend_ma6,trend,6.0,3,pearson,0.8874639683020092,0.8874639683020092,31289,0,1,3,train
133,132,Patv_raw,trend_ma6,trend,6.0,3,pearson,0.8727586737782255,0.8727586737782255,28167,0,1,3,train
134,133,Patv_raw,trend_ma6,trend,6.0,3,pearson,0.8867323152335433,0.8867323152335433,30848,0,1,3,train
1,0,Patv_raw,trend_ma6,trend,6.0,6,pearson,0.8704798198403401,0.8704798198403401,29739,0,1,6,train
2,1,Patv_raw,trend_ma6,trend,6.0,6,pearson,0.8634778500436081,0.8634778500436081,29725,0,1,6,train
3,2,Patv_raw,trend_ma6,trend,6.0,6,pearson,0.86784324804623,0.86784324804623,29958,0,1,6,train
4,3,Patv_raw,trend_ma6,trend,6.0,6,pearson,0.8635826757635132,0.8635826757635132,30092,0,1,6,train
5,4,Patv_raw,trend_ma6,trend,6.0,6,pearson,0.8816347232170675,0.8816347232170675,31288,0,1,6,train
6,5,Patv_raw,trend_ma6,trend,6.0,6,pearson,0.8785224864168188,0.8785224864168188,30437,0,1,6,train
7,6,Patv_raw,trend_ma6,trend,6.0,6,pearson,0.879249676250503,0.879249676250503,30943,0,1,6,train
8,7,Patv_raw,trend_ma6,trend,6.0,6,pearson,0.8792194588625085,0.8792194588625085,30905,0,1,6,train
9,8,Patv_raw,trend_ma6,trend,6.0,6,pearson,0.8727784612414882,0.8727784612414882,30217,0,1,6,train
10,9,Patv_raw,trend_ma6,trend,6.0,6,pearson,0.8823389208413667,0.8823389208413667,30582,0,1,6,train
11,10,Patv_raw,trend_ma6,trend,6.0,6,pearson,0.8737166532020166,0.8737166532020166,30435,0,1,6,train
12,11,Patv_raw,trend_ma6,trend,6.0,6,pearson,0.8793716317764474,0.8793716317764474,30272,0,1,6,train
13,12,Patv_raw,trend_ma6,trend,6.0,6,pearson,0.8713292121059596,0.8713292121059596,30523,0,1,6,train
14,13,Patv_raw,trend_ma6,trend,6.0,6,pearson,0.8773891938422232,0.8773891938422232,31477,0,1,6,train
15,14,Patv_raw,trend_ma6,trend,6.0,6,pearson,0.8737480794532921,0.8737480794532921,30362,0,1,6,train
16,15,Patv_raw,trend_ma6,trend,6.0,6,pearson,0.8754524608354091,0.8754524608354091,30087,0,1,6,train
17,16,Patv_raw,trend_ma6,trend,6.0,6,pearson,0.8659859705666327,0.8659859705666327,30511,0,1,6,train
18,17,Patv_raw,trend_ma6,trend,6.0,6,pearson,0.883895402155863,0.883895402155863,31274,0,1,6,train
19,18,Patv_raw,trend_ma6,trend,6.0,6,pearson,0.8601014783959805,0.8601014783959805,30313,0,1,6,train
20,19,Patv_raw,trend_ma6,trend,6.0,6,pearson,0.8647909042426658,0.8647909042426658,29666,0,1,6,train
21,20,Patv_raw,trend_ma6,trend,6.0,6,pearson,0.8614409404953854,0.8614409404953854,30558,0,1,6,train
22,21,Patv_raw,trend_ma6,trend,6.0,6,pearson,0.8653999954906892,0.8653999954906892,29109,0,1,6,train
23,22,Patv_raw,trend_ma6,trend,6.0,6,pearson,0.8605261734415398,0.8605261734415398,29807,0,1,6,train
24,23,Patv_raw,trend_ma6,trend,6.0,6,pearson,0.8593431248084026,0.8593431248084026,30301,0,1,6,train
25,24,Patv_raw,trend_ma6,trend,6.0,6,pearson,0.8612122887614816,0.8612122887614816,29954,0,1,6,train
26,25,Patv_raw,trend_ma6,trend,6.0,6,pearson,0.8788860840126269,0.8788860840126269,31760,0,1,6,train
27,26,Patv_raw,trend_ma6,trend,6.0,6,pearson,0.862576379716277,0.862576379716277,30863,0,1,6,train
28,27,Patv_raw,trend_ma6,trend,6.0,6,pearson,0.8706484121238512,0.8706484121238512,32122,0,1,6,train
29,28,Patv_raw,trend_ma6,trend,6.0,6,pearson,0.8631437680766577,0.8631437680766577,30435,0,1,6,train
30,29,Patv_raw,trend_ma6,trend,6.0,6,pearson,0.8687540451631595,0.8687540451631595,30927,0,1,6,train
31,30,Patv_raw,trend_ma6,trend,6.0,6,pearson,0.8677536442442474,0.8677536442442474,31075,0,1,6,train
32,31,Patv_raw,trend_ma6,trend,6.0,6,pearson,0.8636749442989652,0.8636749442989652,29734,0,1,6,train
33,32,Patv_raw,trend_ma6,trend,6.0,6,pearson,0.8671252867515583,0.8671252867515583,30301,0,1,6,train
34,33,Patv_raw,trend_ma6,trend,6.0,6,pearson,0.8614597180591993,0.8614597180591993,29813,0,1,6,train
35,34,Patv_raw,trend_ma6,trend,6.0,6,pearson,0.857419468666021,0.857419468666021,29515,0,1,6,train
36,35,Patv_raw,trend_ma6,trend,6.0,6,pearson,0.8624622821127691,0.8624622821127691,30361,0,1,6,train
37,36,Patv_raw,trend_ma6,trend,6.0,6,pearson,0.8772076948681076,0.8772076948681076,30307,0,1,6,train
38,37,Patv_raw,trend_ma6,trend,6.0,6,pearson,0.8735913350218276,0.8735913350218276,30843,0,1,6,train
39,38,Patv_raw,trend_ma6,trend,6.0,6,pearson,0.8699670024314471,0.8699670024314471,30407,0,1,6,train
40,39,Patv_raw,trend_ma6,trend,6.0,6,pearson,0.8619883059953632,0.8619883059953632,30784,0,1,6,train
41,40,Patv_raw,trend_ma6,trend,6.0,6,pearson,0.8621934420552845,0.8621934420552845,29166,0,1,6,train
42,41,Patv_raw,trend_ma6,trend,6.0,6,pearson,0.861173208988783,0.861173208988783,29936,0,1,6,train
43,42,Patv_raw,trend_ma6,trend,6.0,6,pearson,0.8713664858663001,0.8713664858663001,30470,0,1,6,train
44,43,Patv_raw,trend_ma6,trend,6.0,6,pearson,0.8606337003068201,0.8606337003068201,28811,0,1,6,train
45,44,Patv_raw,trend_ma6,trend,6.0,6,pearson,0.85733590262077,0.85733590262077,29844,0,1,6,train
46,45,Patv_raw,trend_ma6,trend,6.0,6,pearson,0.8602152049101331,0.8602152049101331,29190,0,1,6,train
47,46,Patv_raw,trend_ma6,trend,6.0,6,pearson,0.8606387432616941,0.8606387432616941,29379,0,1,6,train
48,47,Patv_raw,trend_ma6,trend,6.0,6,pearson,0.8655212142725126,0.8655212142725126,30336,0,1,6,train
49,48,Patv_raw,trend_ma6,trend,6.0,6,pearson,0.8749230392061111,0.8749230392061111,32047,0,1,6,train
50,49,Patv_raw,trend_ma6,trend,6.0,6,pearson,0.8691223976213008,0.8691223976213008,30150,0,1,6,train
51,50,Patv_raw,trend_ma6,trend,6.0,6,pearson,0.8837153481791433,0.8837153481791433,30926,0,1,6,train
52,51,Patv_raw,trend_ma6,trend,6.0,6,pearson,0.8616967051931388,0.8616967051931388,28446,0,1,6,train
53,52,Patv_raw,trend_ma6,trend,6.0,6,pearson,0.879657678304601,0.879657678304601,31248,0,1,6,train
54,53,Patv_raw,trend_ma6,trend,6.0,6,pearson,0.8768534401780336,0.8768534401780336,31196,0,1,6,train
55,54,Patv_raw,trend_ma6,trend,6.0,6,pearson,0.8731011196527825,0.8731011196527825,30072,0,1,6,train
56,55,Patv_raw,trend_ma6,trend,6.0,6,pearson,0.8603597966446219,0.8603597966446219,28866,0,1,6,train
57,56,Patv_raw,trend_ma6,trend,6.0,6,pearson,0.8713403433272406,0.8713403433272406,31191,0,1,6,train
58,57,Patv_raw,trend_ma6,trend,6.0,6,pearson,0.8852532485159841,0.8852532485159841,32945,0,1,6,train
59,58,Patv_raw,trend_ma6,trend,6.0,6,pearson,0.864430379327038,0.864430379327038,29364,0,1,6,train
60,59,Patv_raw,trend_ma6,trend,6.0,6,pearson,0.853913873822456,0.853913873822456,29847,0,1,6,train
61,60,Patv_raw,trend_ma6,trend,6.0,6,pearson,0.8528515645780815,0.8528515645780815,29159,0,1,6,train
62,61,Patv_raw,trend_ma6,trend,6.0,6,pearson,0.8753452699841142,0.8753452699841142,31763,0,1,6,train
63,62,Patv_raw,trend_ma6,trend,6.0,6,pearson,0.8731400797615178,0.8731400797615178,30254,0,1,6,train
64,63,Patv_raw,trend_ma6,trend,6.0,6,pearson,0.857943670793359,0.857943670793359,29129,0,1,6,train
65,64,Patv_raw,trend_ma6,trend,6.0,6,pearson,0.8568941163695565,0.8568941163695565,29981,0,1,6,train
66,65,Patv_raw,trend_ma6,trend,6.0,6,pearson,0.8618295782886469,0.8618295782886469,30448,0,1,6,train
67,66,Patv_raw,trend_ma6,trend,6.0,6,pearson,0.8583315245634306,0.8583315245634306,31344,0,1,6,train
68,67,Patv_raw,trend_ma6,trend,6.0,6,pearson,0.8630797084944851,0.8630797084944851,30776,0,1,6,train
69,68,Patv_raw,trend_ma6,trend,6.0,6,pearson,0.8640591975238687,0.8640591975238687,29916,0,1,6,train
70,69,Patv_raw,trend_ma6,trend,6.0,6,pearson,0.870096564679428,0.870096564679428,29948,0,1,6,train
71,70,Patv_raw,trend_ma6,trend,6.0,6,pearson,0.8835536455802007,0.8835536455802007,33116,0,1,6,train
72,71,Patv_raw,trend_ma6,trend,6.0,6,pearson,0.8659670139063438,0.8659670139063438,29705,0,1,6,train
73,72,Patv_raw,trend_ma6,trend,6.0,6,pearson,0.8805102440373032,0.8805102440373032,31781,0,1,6,train
74,73,Patv_raw,trend_ma6,trend,6.0,6,pearson,0.874575720036665,0.874575720036665,30457,0,1,6,train
75,74,Patv_raw,trend_ma6,trend,6.0,6,pearson,0.8724906527750174,0.8724906527750174,29933,0,1,6,train
76,75,Patv_raw,trend_ma6,trend,6.0,6,pearson,0.8800795132469109,0.8800795132469109,30416,0,1,6,train
77,76,Patv_raw,trend_ma6,trend,6.0,6,pearson,0.8741985893050594,0.8741985893050594,30005,0,1,6,train
78,77,Patv_raw,trend_ma6,trend,6.0,6,pearson,0.8649689921277063,0.8649689921277063,29159,0,1,6,train
79,78,Patv_raw,trend_ma6,trend,6.0,6,pearson,0.8662576939545722,0.8662576939545722,29103,0,1,6,train
80,79,Patv_raw,trend_ma6,trend,6.0,6,pearson,0.8723535371259319,0.8723535371259319,30252,0,1,6,train
81,80,Patv_raw,trend_ma6,trend,6.0,6,pearson,0.8815055795851705,0.8815055795851705,30167,0,1,6,train
82,81,Patv_raw,trend_ma6,trend,6.0,6,pearson,0.8710266428893073,0.8710266428893073,28785,0,1,6,train
83,82,Patv_raw,trend_ma6,trend,6.0,6,pearson,0.8906601715311958,0.8906601715311958,29458,0,1,6,train
84,83,Patv_raw,trend_ma6,trend,6.0,6,pearson,0.8824315210809639,0.8824315210809639,33303,0,1,6,train
85,84,Patv_raw,trend_ma6,trend,6.0,6,pearson,0.8730439894485801,0.8730439894485801,29226,0,1,6,train
86,85,Patv_raw,trend_ma6,trend,6.0,6,pearson,0.8646858114811428,0.8646858114811428,30451,0,1,6,train
87,86,Patv_raw,trend_ma6,trend,6.0,6,pearson,0.8708525159535174,0.8708525159535174,33040,0,1,6,train
88,87,Patv_raw,trend_ma6,trend,6.0,6,pearson,0.8497366897807196,0.8497366897807196,29606,0,1,6,train
89,88,Patv_raw,trend_ma6,trend,6.0,6,pearson,0.8720270996554751,0.8720270996554751,29945,0,1,6,train
90,89,Patv_raw,trend_ma6,trend,6.0,6,pearson,0.8563378918236035,0.8563378918236035,30124,0,1,6,train
91,90,Patv_raw,trend_ma6,trend,6.0,6,pearson,0.860594775712493,0.860594775712493,30015,0,1,6,train
92,91,Patv_raw,trend_ma6,trend,6.0,6,pearson,0.859071349463899,0.859071349463899,29244,0,1,6,train
93,92,Patv_raw,trend_ma6,trend,6.0,6,pearson,0.8621061177158369,0.8621061177158369,28245,0,1,6,train
94,93,Patv_raw,trend_ma6,trend,6.0,6,pearson,0.8630862664125637,0.8630862664125637,29462,0,1,6,train
95,94,Patv_raw,trend_ma6,trend,6.0,6,pearson,0.8663464931469068,0.8663464931469068,28916,0,1,6,train
96,95,Patv_raw,trend_ma6,trend,6.0,6,pearson,0.8606873834918964,0.8606873834918964,27439,0,1,6,train
97,96,Patv_raw,trend_ma6,trend,6.0,6,pearson,0.8625122010269073,0.8625122010269073,28229,0,1,6,train
98,97,Patv_raw,trend_ma6,trend,6.0,6,pearson,0.8740995213415221,0.8740995213415221,30989,0,1,6,train
99,98,Patv_raw,trend_ma6,trend,6.0,6,pearson,0.8864199525926711,0.8864199525926711,32225,0,1,6,train
100,99,Patv_raw,trend_ma6,trend,6.0,6,pearson,0.8806488275576103,0.8806488275576103,29197,0,1,6,train
101,100,Patv_raw,trend_ma6,trend,6.0,6,pearson,0.8637117685808559,0.8637117685808559,29675,0,1,6,train
102,101,Patv_raw,trend_ma6,trend,6.0,6,pearson,0.8652893921700591,0.8652893921700591,28670,0,1,6,train
103,102,Patv_raw,trend_ma6,trend,6.0,6,pearson,0.8730065032350729,0.8730065032350729,31281,0,1,6,train
104,103,Patv_raw,trend_ma6,trend,6.0,6,pearson,0.8588293877177711,0.8588293877177711,29516,0,1,6,train
105,104,Patv_raw,trend_ma6,trend,6.0,6,pearson,0.8570068946347584,0.8570068946347584,29957,0,1,6,train
106,105,Patv_raw,trend_ma6,trend,6.0,6,pearson,0.8668940957347222,0.8668940957347222,28771,0,1,6,train
107,106,Patv_raw,trend_ma6,trend,6.0,6,pearson,0.8634410222431975,0.8634410222431975,31038,0,1,6,train
108,107,Patv_raw,trend_ma6,trend,6.0,6,pearson,0.8635742421752483,0.8635742421752483,28795,0,1,6,train
109,108,Patv_raw,trend_ma6,trend,6.0,6,pearson,0.8483050314751204,0.8483050314751204,30291,0,1,6,train
110,109,Patv_raw,trend_ma6,trend,6.0,6,pearson,0.858160197456714,0.858160197456714,30355,0,1,6,train
111,110,Patv_raw,trend_ma6,trend,6.0,6,pearson,0.8550125578652086,0.8550125578652086,30161,0,1,6,train
112,111,Patv_raw,trend_ma6,trend,6.0,6,pearson,0.8523200632566661,0.8523200632566661,29320,0,1,6,train
113,112,Patv_raw,trend_ma6,trend,6.0,6,pearson,0.8582618744873011,0.8582618744873011,29762,0,1,6,train
114,113,Patv_raw,trend_ma6,trend,6.0,6,pearson,0.8722859595948753,0.8722859595948753,29082,0,1,6,train
115,114,Patv_raw,trend_ma6,trend,6.0,6,pearson,0.8628196110071142,0.8628196110071142,27745,0,1,6,train
116,115,Patv_raw,trend_ma6,trend,6.0,6,pearson,0.8613571487636548,0.8613571487636548,28432,0,1,6,train
117,116,Patv_raw,trend_ma6,trend,6.0,6,pearson,0.861484814293109,0.861484814293109,28786,0,1,6,train
118,117,Patv_raw,trend_ma6,trend,6.0,6,pearson,0.8593162042103121,0.8593162042103121,29163,0,1,6,train
119,118,Patv_raw,trend_ma6,trend,6.0,6,pearson,0.8732902586843907,0.8732902586843907,30685,0,1,6,train
120,119,Patv_raw,trend_ma6,trend,6.0,6,pearson,0.8631422495150952,0.8631422495150952,29964,0,1,6,train
121,120,Patv_raw,trend_ma6,trend,6.0,6,pearson,0.8664533808466931,0.8664533808466931,30366,0,1,6,train
122,121,Patv_raw,trend_ma6,trend,6.0,6,pearson,0.8603662657859268,0.8603662657859268,28406,0,1,6,train
123,122,Patv_raw,trend_ma6,trend,6.0,6,pearson,0.8497747348399383,0.8497747348399383,28370,0,1,6,train
124,123,Patv_raw,trend_ma6,trend,6.0,6,pearson,0.8715135756622843,0.8715135756622843,28386,0,1,6,train
125,124,Patv_raw,trend_ma6,trend,6.0,6,pearson,0.8622642538762856,0.8622642538762856,28935,0,1,6,train
126,125,Patv_raw,trend_ma6,trend,6.0,6,pearson,0.8551500629420028,0.8551500629420028,29371,0,1,6,train
127,126,Patv_raw,trend_ma6,trend,6.0,6,pearson,0.8565403312614319,0.8565403312614319,29962,0,1,6,train
128,127,Patv_raw,trend_ma6,trend,6.0,6,pearson,0.8616444894708025,0.8616444894708025,30150,0,1,6,train
129,128,Patv_raw,trend_ma6,trend,6.0,6,pearson,0.853420953102476,0.853420953102476,30720,0,1,6,train
130,129,Patv_raw,trend_ma6,trend,6.0,6,pearson,0.8542697848166271,0.8542697848166271,30030,0,1,6,train
131,130,Patv_raw,trend_ma6,trend,6.0,6,pearson,0.8605326664433746,0.8605326664433746,30093,0,1,6,train
132,131,Patv_raw,trend_ma6,trend,6.0,6,pearson,0.8615481470086116,0.8615481470086116,31793,0,1,6,train
133,132,Patv_raw,trend_ma6,trend,6.0,6,pearson,0.8429629947646221,0.8429629947646221,28582,0,1,6,train
134,133,Patv_raw,trend_ma6,trend,6.0,6,pearson,0.8613486063086924,0.8613486063086924,31315,0,1,6,train
1,0,Patv_raw,trend_ma6,trend,6.0,10,pearson,0.840834433763136,0.840834433763136,30130,0,1,10,train
2,1,Patv_raw,trend_ma6,trend,6.0,10,pearson,0.8320822449395017,0.8320822449395017,30140,0,1,10,train
3,2,Patv_raw,trend_ma6,trend,6.0,10,pearson,0.8379498848512239,0.8379498848512239,30318,0,1,10,train
4,3,Patv_raw,trend_ma6,trend,6.0,10,pearson,0.8330991055979317,0.8330991055979317,30507,0,1,10,train
5,4,Patv_raw,trend_ma6,trend,6.0,10,pearson,0.8531905647833438,0.8531905647833438,31659,0,1,10,train
6,5,Patv_raw,trend_ma6,trend,6.0,10,pearson,0.8492375895205131,0.8492375895205131,30816,0,1,10,train
7,6,Patv_raw,trend_ma6,trend,6.0,10,pearson,0.850825761237081,0.850825761237081,31435,0,1,10,train
8,7,Patv_raw,trend_ma6,trend,6.0,10,pearson,0.8511995727896949,0.8511995727896949,31344,0,1,10,train
9,8,Patv_raw,trend_ma6,trend,6.0,10,pearson,0.8437490235112927,0.8437490235112927,30604,0,1,10,train
10,9,Patv_raw,trend_ma6,trend,6.0,10,pearson,0.8543989097768814,0.8543989097768814,30990,0,1,10,train
11,10,Patv_raw,trend_ma6,trend,6.0,10,pearson,0.8444866217859343,0.8444866217859343,30872,0,1,10,train
12,11,Patv_raw,trend_ma6,trend,6.0,10,pearson,0.8504588018961202,0.8504588018961202,30652,0,1,10,train
13,12,Patv_raw,trend_ma6,trend,6.0,10,pearson,0.8432467201564853,0.8432467201564853,30893,0,1,10,train
14,13,Patv_raw,trend_ma6,trend,6.0,10,pearson,0.851595761281694,0.851595761281694,31808,0,1,10,train
15,14,Patv_raw,trend_ma6,trend,6.0,10,pearson,0.8457809451350967,0.8457809451350967,30772,0,1,10,train
16,15,Patv_raw,trend_ma6,trend,6.0,10,pearson,0.8462918179827649,0.8462918179827649,30452,0,1,10,train
17,16,Patv_raw,trend_ma6,trend,6.0,10,pearson,0.8348980393995801,0.8348980393995801,30914,0,1,10,train
18,17,Patv_raw,trend_ma6,trend,6.0,10,pearson,0.8558562208375295,0.8558562208375295,31644,0,1,10,train
19,18,Patv_raw,trend_ma6,trend,6.0,10,pearson,0.8278816669070028,0.8278816669070028,30795,0,1,10,train
20,19,Patv_raw,trend_ma6,trend,6.0,10,pearson,0.8310520732919559,0.8310520732919559,30046,0,1,10,train
21,20,Patv_raw,trend_ma6,trend,6.0,10,pearson,0.8302245804991268,0.8302245804991268,30962,0,1,10,train
22,21,Patv_raw,trend_ma6,trend,6.0,10,pearson,0.8354134723748221,0.8354134723748221,29465,0,1,10,train
23,22,Patv_raw,trend_ma6,trend,6.0,10,pearson,0.8289096538331421,0.8289096538331421,30210,0,1,10,train
24,23,Patv_raw,trend_ma6,trend,6.0,10,pearson,0.8300789203342215,0.8300789203342215,30768,0,1,10,train
25,24,Patv_raw,trend_ma6,trend,6.0,10,pearson,0.8309573521402813,0.8309573521402813,30345,0,1,10,train
26,25,Patv_raw,trend_ma6,trend,6.0,10,pearson,0.8512006385853731,0.8512006385853731,32092,0,1,10,train
27,26,Patv_raw,trend_ma6,trend,6.0,10,pearson,0.8340049728741096,0.8340049728741096,31335,0,1,10,train
28,27,Patv_raw,trend_ma6,trend,6.0,10,pearson,0.8421422710879118,0.8421422710879118,32490,0,1,10,train
29,28,Patv_raw,trend_ma6,trend,6.0,10,pearson,0.8318216446861921,0.8318216446861921,30865,0,1,10,train
30,29,Patv_raw,trend_ma6,trend,6.0,10,pearson,0.8398610616076945,0.8398610616076945,31346,0,1,10,train
31,30,Patv_raw,trend_ma6,trend,6.0,10,pearson,0.8384463824079624,0.8384463824079624,31484,0,1,10,train
32,31,Patv_raw,trend_ma6,trend,6.0,10,pearson,0.834807898592904,0.834807898592904,30136,0,1,10,train
33,32,Patv_raw,trend_ma6,trend,6.0,10,pearson,0.8381947430065222,0.8381947430065222,30737,0,1,10,train
34,33,Patv_raw,trend_ma6,trend,6.0,10,pearson,0.832215920810878,0.832215920810878,30171,0,1,10,train
35,34,Patv_raw,trend_ma6,trend,6.0,10,pearson,0.8285556971421797,0.8285556971421797,29878,0,1,10,train
36,35,Patv_raw,trend_ma6,trend,6.0,10,pearson,0.8328175078125883,0.8328175078125883,30725,0,1,10,train
37,36,Patv_raw,trend_ma6,trend,6.0,10,pearson,0.8488701192383977,0.8488701192383977,30593,0,1,10,train
38,37,Patv_raw,trend_ma6,trend,6.0,10,pearson,0.8455912420051493,0.8455912420051493,31257,0,1,10,train
39,38,Patv_raw,trend_ma6,trend,6.0,10,pearson,0.8420228378000202,0.8420228378000202,30887,0,1,10,train
40,39,Patv_raw,trend_ma6,trend,6.0,10,pearson,0.8296209170090952,0.8296209170090952,31256,0,1,10,train
41,40,Patv_raw,trend_ma6,trend,6.0,10,pearson,0.8287075595040746,0.8287075595040746,29602,0,1,10,train
42,41,Patv_raw,trend_ma6,trend,6.0,10,pearson,0.8292240122011165,0.8292240122011165,30317,0,1,10,train
43,42,Patv_raw,trend_ma6,trend,6.0,10,pearson,0.8410708735987471,0.8410708735987471,30869,0,1,10,train
44,43,Patv_raw,trend_ma6,trend,6.0,10,pearson,0.8284805297157053,0.8284805297157053,29081,0,1,10,train
45,44,Patv_raw,trend_ma6,trend,6.0,10,pearson,0.8274683236155719,0.8274683236155719,30286,0,1,10,train
46,45,Patv_raw,trend_ma6,trend,6.0,10,pearson,0.8305089161691848,0.8305089161691848,29573,0,1,10,train
47,46,Patv_raw,trend_ma6,trend,6.0,10,pearson,0.8295582783022426,0.8295582783022426,29795,0,1,10,train
48,47,Patv_raw,trend_ma6,trend,6.0,10,pearson,0.8361275216044084,0.8361275216044084,30761,0,1,10,train
49,48,Patv_raw,trend_ma6,trend,6.0,10,pearson,0.8454668526762529,0.8454668526762529,32392,0,1,10,train
50,49,Patv_raw,trend_ma6,trend,6.0,10,pearson,0.8397876596277144,0.8397876596277144,30545,0,1,10,train
51,50,Patv_raw,trend_ma6,trend,6.0,10,pearson,0.8561073386541891,0.8561073386541891,31286,0,1,10,train
52,51,Patv_raw,trend_ma6,trend,6.0,10,pearson,0.8303311471817202,0.8303311471817202,28834,0,1,10,train
53,52,Patv_raw,trend_ma6,trend,6.0,10,pearson,0.8519240111767055,0.8519240111767055,31615,0,1,10,train
54,53,Patv_raw,trend_ma6,trend,6.0,10,pearson,0.849112890213236,0.849112890213236,31625,0,1,10,train
55,54,Patv_raw,trend_ma6,trend,6.0,10,pearson,0.84388161213114,0.84388161213114,30464,0,1,10,train
56,55,Patv_raw,trend_ma6,trend,6.0,10,pearson,0.8305364174577028,0.8305364174577028,29228,0,1,10,train
57,56,Patv_raw,trend_ma6,trend,6.0,10,pearson,0.8423571374068901,0.8423571374068901,31554,0,1,10,train
58,57,Patv_raw,trend_ma6,trend,6.0,10,pearson,0.8582442713930116,0.8582442713930116,33254,0,1,10,train
59,58,Patv_raw,trend_ma6,trend,6.0,10,pearson,0.8348680890980462,0.8348680890980462,29773,0,1,10,train
60,59,Patv_raw,trend_ma6,trend,6.0,10,pearson,0.8221319687130129,0.8221319687130129,30283,0,1,10,train
61,60,Patv_raw,trend_ma6,trend,6.0,10,pearson,0.821939861882257,0.821939861882257,29571,0,1,10,train
62,61,Patv_raw,trend_ma6,trend,6.0,10,pearson,0.8462784006348588,0.8462784006348588,32099,0,1,10,train
63,62,Patv_raw,trend_ma6,trend,6.0,10,pearson,0.843398102143455,0.843398102143455,30620,0,1,10,train
64,63,Patv_raw,trend_ma6,trend,6.0,10,pearson,0.8253403082227241,0.8253403082227241,29500,0,1,10,train
65,64,Patv_raw,trend_ma6,trend,6.0,10,pearson,0.8236904238294676,0.8236904238294676,30447,0,1,10,train
66,65,Patv_raw,trend_ma6,trend,6.0,10,pearson,0.8295598104751963,0.8295598104751963,30846,0,1,10,train
67,66,Patv_raw,trend_ma6,trend,6.0,10,pearson,0.8250272450714659,0.8250272450714659,31788,0,1,10,train
68,67,Patv_raw,trend_ma6,trend,6.0,10,pearson,0.8312659901223487,0.8312659901223487,31138,0,1,10,train
69,68,Patv_raw,trend_ma6,trend,6.0,10,pearson,0.8310492395787445,0.8310492395787445,30359,0,1,10,train
70,69,Patv_raw,trend_ma6,trend,6.0,10,pearson,0.8383191872223299,0.8383191872223299,30429,0,1,10,train
71,70,Patv_raw,trend_ma6,trend,6.0,10,pearson,0.8554328408741029,0.8554328408741029,33444,0,1,10,train
72,71,Patv_raw,trend_ma6,trend,6.0,10,pearson,0.8355258942576782,0.8355258942576782,30139,0,1,10,train
73,72,Patv_raw,trend_ma6,trend,6.0,10,pearson,0.8513884334809432,0.8513884334809432,32169,0,1,10,train
74,73,Patv_raw,trend_ma6,trend,6.0,10,pearson,0.8453526526318021,0.8453526526318021,30832,0,1,10,train
75,74,Patv_raw,trend_ma6,trend,6.0,10,pearson,0.8432388234585245,0.8432388234585245,30334,0,1,10,train
76,75,Patv_raw,trend_ma6,trend,6.0,10,pearson,0.8517145978916913,0.8517145978916913,30826,0,1,10,train
77,76,Patv_raw,trend_ma6,trend,6.0,10,pearson,0.845003305853243,0.845003305853243,30374,0,1,10,train
78,77,Patv_raw,trend_ma6,trend,6.0,10,pearson,0.8352806845937842,0.8352806845937842,29519,0,1,10,train
79,78,Patv_raw,trend_ma6,trend,6.0,10,pearson,0.8363383356266754,0.8363383356266754,29532,0,1,10,train
80,79,Patv_raw,trend_ma6,trend,6.0,10,pearson,0.8433243223021434,0.8433243223021434,30646,0,1,10,train
81,80,Patv_raw,trend_ma6,trend,6.0,10,pearson,0.8541756864912374,0.8541756864912374,30559,0,1,10,train
82,81,Patv_raw,trend_ma6,trend,6.0,10,pearson,0.8423115997664592,0.8423115997664592,29249,0,1,10,train
83,82,Patv_raw,trend_ma6,trend,6.0,10,pearson,0.8640375766247254,0.8640375766247254,29885,0,1,10,train
84,83,Patv_raw,trend_ma6,trend,6.0,10,pearson,0.8542875800685504,0.8542875800685504,33661,0,1,10,train
85,84,Patv_raw,trend_ma6,trend,6.0,10,pearson,0.8440395975433426,0.8440395975433426,29665,0,1,10,train
86,85,Patv_raw,trend_ma6,trend,6.0,10,pearson,0.8328480387361641,0.8328480387361641,30880,0,1,10,train
87,86,Patv_raw,trend_ma6,trend,6.0,10,pearson,0.8401184523743769,0.8401184523743769,33349,0,1,10,train
88,87,Patv_raw,trend_ma6,trend,6.0,10,pearson,0.81804120468898,0.81804120468898,30032,0,1,10,train
89,88,Patv_raw,trend_ma6,trend,6.0,10,pearson,0.8400236205601056,0.8400236205601056,30384,0,1,10,train
90,89,Patv_raw,trend_ma6,trend,6.0,10,pearson,0.8211722795350332,0.8211722795350332,30534,0,1,10,train
91,90,Patv_raw,trend_ma6,trend,6.0,10,pearson,0.8286594249539845,0.8286594249539845,30502,0,1,10,train
92,91,Patv_raw,trend_ma6,trend,6.0,10,pearson,0.8287722627817667,0.8287722627817667,29736,0,1,10,train
93,92,Patv_raw,trend_ma6,trend,6.0,10,pearson,0.8306199633816399,0.8306199633816399,28681,0,1,10,train
94,93,Patv_raw,trend_ma6,trend,6.0,10,pearson,0.8322876004317722,0.8322876004317722,29830,0,1,10,train
95,94,Patv_raw,trend_ma6,trend,6.0,10,pearson,0.8357598697528859,0.8357598697528859,29366,0,1,10,train
96,95,Patv_raw,trend_ma6,trend,6.0,10,pearson,0.8303741859312678,0.8303741859312678,27846,0,1,10,train
97,96,Patv_raw,trend_ma6,trend,6.0,10,pearson,0.8309599950455506,0.8309599950455506,28696,0,1,10,train
98,97,Patv_raw,trend_ma6,trend,6.0,10,pearson,0.843561275239418,0.843561275239418,31393,0,1,10,train
99,98,Patv_raw,trend_ma6,trend,6.0,10,pearson,0.8582212676443078,0.8582212676443078,32676,0,1,10,train
100,99,Patv_raw,trend_ma6,trend,6.0,10,pearson,0.8523995755934851,0.8523995755934851,29631,0,1,10,train
101,100,Patv_raw,trend_ma6,trend,6.0,10,pearson,0.8330184891857235,0.8330184891857235,30134,0,1,10,train
102,101,Patv_raw,trend_ma6,trend,6.0,10,pearson,0.8352005092305983,0.8352005092305983,29209,0,1,10,train
103,102,Patv_raw,trend_ma6,trend,6.0,10,pearson,0.8434772511400863,0.8434772511400863,31695,0,1,10,train
104,103,Patv_raw,trend_ma6,trend,6.0,10,pearson,0.8263028624984885,0.8263028624984885,29937,0,1,10,train
105,104,Patv_raw,trend_ma6,trend,6.0,10,pearson,0.8253513916222003,0.8253513916222003,30446,0,1,10,train
106,105,Patv_raw,trend_ma6,trend,6.0,10,pearson,0.8358076529923697,0.8358076529923697,29115,0,1,10,train
107,106,Patv_raw,trend_ma6,trend,6.0,10,pearson,0.8310665219363371,0.8310665219363371,31426,0,1,10,train
108,107,Patv_raw,trend_ma6,trend,6.0,10,pearson,0.8320433252362994,0.8320433252362994,29264,0,1,10,train
109,108,Patv_raw,trend_ma6,trend,6.0,10,pearson,0.8123970160551848,0.8123970160551848,30717,0,1,10,train
110,109,Patv_raw,trend_ma6,trend,6.0,10,pearson,0.8248234375860416,0.8248234375860416,30798,0,1,10,train
111,110,Patv_raw,trend_ma6,trend,6.0,10,pearson,0.8230283773471704,0.8230283773471704,30578,0,1,10,train
112,111,Patv_raw,trend_ma6,trend,6.0,10,pearson,0.8199562726615384,0.8199562726615384,29813,0,1,10,train
113,112,Patv_raw,trend_ma6,trend,6.0,10,pearson,0.8246080910423278,0.8246080910423278,30173,0,1,10,train
114,113,Patv_raw,trend_ma6,trend,6.0,10,pearson,0.8414310934294,0.8414310934294,29486,0,1,10,train
115,114,Patv_raw,trend_ma6,trend,6.0,10,pearson,0.8313654070236667,0.8313654070236667,28252,0,1,10,train
116,115,Patv_raw,trend_ma6,trend,6.0,10,pearson,0.8279275070026633,0.8279275070026633,28889,0,1,10,train
117,116,Patv_raw,trend_ma6,trend,6.0,10,pearson,0.8295956574834118,0.8295956574834118,29320,0,1,10,train
118,117,Patv_raw,trend_ma6,trend,6.0,10,pearson,0.8272746686771314,0.8272746686771314,29613,0,1,10,train
119,118,Patv_raw,trend_ma6,trend,6.0,10,pearson,0.8428576204064615,0.8428576204064615,31045,0,1,10,train
120,119,Patv_raw,trend_ma6,trend,6.0,10,pearson,0.8318515593150154,0.8318515593150154,30449,0,1,10,train
121,120,Patv_raw,trend_ma6,trend,6.0,10,pearson,0.8345896218555211,0.8345896218555211,30785,0,1,10,train
122,121,Patv_raw,trend_ma6,trend,6.0,10,pearson,0.8298903688865966,0.8298903688865966,28909,0,1,10,train
123,122,Patv_raw,trend_ma6,trend,6.0,10,pearson,0.8169246452533001,0.8169246452533001,28753,0,1,10,train
124,123,Patv_raw,trend_ma6,trend,6.0,10,pearson,0.8423418100137523,0.8423418100137523,28940,0,1,10,train
125,124,Patv_raw,trend_ma6,trend,6.0,10,pearson,0.8319990822795598,0.8319990822795598,29336,0,1,10,train
126,125,Patv_raw,trend_ma6,trend,6.0,10,pearson,0.8213169042688733,0.8213169042688733,29847,0,1,10,train
127,126,Patv_raw,trend_ma6,trend,6.0,10,pearson,0.8224919764483358,0.8224919764483358,30350,0,1,10,train
128,127,Patv_raw,trend_ma6,trend,6.0,10,pearson,0.8275768810150289,0.8275768810150289,30531,0,1,10,train
129,128,Patv_raw,trend_ma6,trend,6.0,10,pearson,0.8179806738714316,0.8179806738714316,31073,0,1,10,train
130,129,Patv_raw,trend_ma6,trend,6.0,10,pearson,0.817951550811057,0.817951550811057,30415,0,1,10,train
131,130,Patv_raw,trend_ma6,trend,6.0,10,pearson,0.8254082072112915,0.8254082072112915,30483,0,1,10,train
132,131,Patv_raw,trend_ma6,trend,6.0,10,pearson,0.828815270769752,0.828815270769752,32202,0,1,10,train
133,132,Patv_raw,trend_ma6,trend,6.0,10,pearson,0.8072366950606836,0.8072366950606836,28988,0,1,10,train
134,133,Patv_raw,trend_ma6,trend,6.0,10,pearson,0.8292935873677546,0.8292935873677546,31777,0,1,10,train
1,0,Patv_raw,local_residual_ma6,local_residual,6.0,3,pearson,0.24065402797760513,0.24065402797760513,28646,0,1,3,train
2,1,Patv_raw,local_residual_ma6,local_residual,6.0,3,pearson,0.24307045765068203,0.24307045765068203,28428,0,1,3,train
3,2,Patv_raw,local_residual_ma6,local_residual,6.0,3,pearson,0.24652849196803467,0.24652849196803467,28855,0,1,3,train
4,3,Patv_raw,local_residual_ma6,local_residual,6.0,3,pearson,0.24612128265582514,0.24612128265582514,28895,0,1,3,train
5,4,Patv_raw,local_residual_ma6,local_residual,6.0,3,pearson,0.2325233605033069,0.2325233605033069,30093,0,1,3,train
6,5,Patv_raw,local_residual_ma6,local_residual,6.0,3,pearson,0.23284091588705075,0.23284091588705075,29236,0,1,3,train
7,6,Patv_raw,local_residual_ma6,local_residual,6.0,3,pearson,0.22852487924532708,0.22852487924532708,29377,0,1,3,train
8,7,Patv_raw,local_residual_ma6,local_residual,6.0,3,pearson,0.2307867023194671,0.2307867023194671,29609,0,1,3,train
9,8,Patv_raw,local_residual_ma6,local_residual,6.0,3,pearson,0.23630533341160742,0.23630533341160742,28977,0,1,3,train
10,9,Patv_raw,local_residual_ma6,local_residual,6.0,3,pearson,0.22723960278570504,0.22723960278570504,29362,0,1,3,train
11,10,Patv_raw,local_residual_ma6,local_residual,6.0,3,pearson,0.2339625181303638,0.2339625181303638,29194,0,1,3,train
12,11,Patv_raw,local_residual_ma6,local_residual,6.0,3,pearson,0.22894875721226648,0.22894875721226648,29203,0,1,3,train
13,12,Patv_raw,local_residual_ma6,local_residual,6.0,3,pearson,0.23359428111311983,0.23359428111311983,29324,0,1,3,train
14,13,Patv_raw,local_residual_ma6,local_residual,6.0,3,pearson,0.22957959676344664,0.22957959676344664,30071,0,1,3,train
15,14,Patv_raw,local_residual_ma6,local_residual,6.0,3,pearson,0.2323363819266527,0.2323363819266527,29042,0,1,3,train
16,15,Patv_raw,local_residual_ma6,local_residual,6.0,3,pearson,0.2347613839544404,0.2347613839544404,29012,0,1,3,train
17,16,Patv_raw,local_residual_ma6,local_residual,6.0,3,pearson,0.2398675460127711,0.2398675460127711,29284,0,1,3,train
18,17,Patv_raw,local_residual_ma6,local_residual,6.0,3,pearson,0.22478241519320985,0.22478241519320985,30104,0,1,3,train
19,18,Patv_raw,local_residual_ma6,local_residual,6.0,3,pearson,0.23467254401128962,0.23467254401128962,29109,0,1,3,train
20,19,Patv_raw,local_residual_ma6,local_residual,6.0,3,pearson,0.23223109020025634,0.23223109020025634,28554,0,1,3,train
21,20,Patv_raw,local_residual_ma6,local_residual,6.0,3,pearson,0.2344717119524714,0.2344717119524714,29344,0,1,3,train
22,21,Patv_raw,local_residual_ma6,local_residual,6.0,3,pearson,0.2366784108482819,0.2366784108482819,28001,0,1,3,train
23,22,Patv_raw,local_residual_ma6,local_residual,6.0,3,pearson,0.2444811163671245,0.2444811163671245,28704,0,1,3,train
24,23,Patv_raw,local_residual_ma6,local_residual,6.0,3,pearson,0.24038370010327997,0.24038370010327997,28986,0,1,3,train
25,24,Patv_raw,local_residual_ma6,local_residual,6.0,3,pearson,0.2436325280634869,0.2436325280634869,28808,0,1,3,train
26,25,Patv_raw,local_residual_ma6,local_residual,6.0,3,pearson,0.2273938225079504,0.2273938225079504,30522,0,1,3,train
27,26,Patv_raw,local_residual_ma6,local_residual,6.0,3,pearson,0.24014362135975903,0.24014362135975903,29495,0,1,3,train
28,27,Patv_raw,local_residual_ma6,local_residual,6.0,3,pearson,0.22973155826158337,0.22973155826158337,30608,0,1,3,train
29,28,Patv_raw,local_residual_ma6,local_residual,6.0,3,pearson,0.23652695998970613,0.23652695998970613,29023,0,1,3,train
30,29,Patv_raw,local_residual_ma6,local_residual,6.0,3,pearson,0.23172917641425544,0.23172917641425544,29573,0,1,3,train
31,30,Patv_raw,local_residual_ma6,local_residual,6.0,3,pearson,0.2313933239316654,0.2313933239316654,29657,0,1,3,train
32,31,Patv_raw,local_residual_ma6,local_residual,6.0,3,pearson,0.2331173280360467,0.2331173280360467,28653,0,1,3,train
33,32,Patv_raw,local_residual_ma6,local_residual,6.0,3,pearson,0.23644331555303363,0.23644331555303363,29174,0,1,3,train
34,33,Patv_raw,local_residual_ma6,local_residual,6.0,3,pearson,0.23514664332216118,0.23514664332216118,28543,0,1,3,train
35,34,Patv_raw,local_residual_ma6,local_residual,6.0,3,pearson,0.24361582901224904,0.24361582901224904,28312,0,1,3,train
36,35,Patv_raw,local_residual_ma6,local_residual,6.0,3,pearson,0.23856007909031102,0.23856007909031102,28999,0,1,3,train
37,36,Patv_raw,local_residual_ma6,local_residual,6.0,3,pearson,0.23104433205867267,0.23104433205867267,29111,0,1,3,train
38,37,Patv_raw,local_residual_ma6,local_residual,6.0,3,pearson,0.23449805481136077,0.23449805481136077,29490,0,1,3,train
39,38,Patv_raw,local_residual_ma6,local_residual,6.0,3,pearson,0.22825736412342598,0.22825736412342598,29004,0,1,3,train
40,39,Patv_raw,local_residual_ma6,local_residual,6.0,3,pearson,0.23520847627252314,0.23520847627252314,29404,0,1,3,train
41,40,Patv_raw,local_residual_ma6,local_residual,6.0,3,pearson,0.23746150123278018,0.23746150123278018,27998,0,1,3,train
42,41,Patv_raw,local_residual_ma6,local_residual,6.0,3,pearson,0.23455213459715077,0.23455213459715077,28816,0,1,3,train
43,42,Patv_raw,local_residual_ma6,local_residual,6.0,3,pearson,0.22798085789764866,0.22798085789764866,29260,0,1,3,train
44,43,Patv_raw,local_residual_ma6,local_residual,6.0,3,pearson,0.23224711809230922,0.23224711809230922,28004,0,1,3,train
45,44,Patv_raw,local_residual_ma6,local_residual,6.0,3,pearson,0.24536881269233968,0.24536881269233968,28704,0,1,3,train
46,45,Patv_raw,local_residual_ma6,local_residual,6.0,3,pearson,0.2459323942468544,0.2459323942468544,28041,0,1,3,train
47,46,Patv_raw,local_residual_ma6,local_residual,6.0,3,pearson,0.23904135652576275,0.23904135652576275,28294,0,1,3,train
48,47,Patv_raw,local_residual_ma6,local_residual,6.0,3,pearson,0.23731071368710316,0.23731071368710316,29044,0,1,3,train
49,48,Patv_raw,local_residual_ma6,local_residual,6.0,3,pearson,0.2267340637774058,0.2267340637774058,30684,0,1,3,train
50,49,Patv_raw,local_residual_ma6,local_residual,6.0,3,pearson,0.23342581141246857,0.23342581141246857,28786,0,1,3,train
51,50,Patv_raw,local_residual_ma6,local_residual,6.0,3,pearson,0.21754404493798898,0.21754404493798898,29611,0,1,3,train
52,51,Patv_raw,local_residual_ma6,local_residual,6.0,3,pearson,0.23720998852113648,0.23720998852113648,27178,0,1,3,train
53,52,Patv_raw,local_residual_ma6,local_residual,6.0,3,pearson,0.21927679841711586,0.21927679841711586,29880,0,1,3,train
54,53,Patv_raw,local_residual_ma6,local_residual,6.0,3,pearson,0.22411926787109485,0.22411926787109485,29724,0,1,3,train
55,54,Patv_raw,local_residual_ma6,local_residual,6.0,3,pearson,0.2261861341421944,0.2261861341421944,28928,0,1,3,train
56,55,Patv_raw,local_residual_ma6,local_residual,6.0,3,pearson,0.23655422596842576,0.23655422596842576,27805,0,1,3,train
57,56,Patv_raw,local_residual_ma6,local_residual,6.0,3,pearson,0.22416574293484423,0.22416574293484423,29977,0,1,3,train
58,57,Patv_raw,local_residual_ma6,local_residual,6.0,3,pearson,0.21593242981686017,0.21593242981686017,31588,0,1,3,train
59,58,Patv_raw,local_residual_ma6,local_residual,6.0,3,pearson,0.23389987642749985,0.23389987642749985,28052,0,1,3,train
60,59,Patv_raw,local_residual_ma6,local_residual,6.0,3,pearson,0.23883043193169926,0.23883043193169926,28476,0,1,3,train
61,60,Patv_raw,local_residual_ma6,local_residual,6.0,3,pearson,0.24539036972345873,0.24539036972345873,27983,0,1,3,train
62,61,Patv_raw,local_residual_ma6,local_residual,6.0,3,pearson,0.22455221985966756,0.22455221985966756,30397,0,1,3,train
63,62,Patv_raw,local_residual_ma6,local_residual,6.0,3,pearson,0.22609165585292987,0.22609165585292987,29069,0,1,3,train
64,63,Patv_raw,local_residual_ma6,local_residual,6.0,3,pearson,0.24369425868947492,0.24369425868947492,28114,0,1,3,train
65,64,Patv_raw,local_residual_ma6,local_residual,6.0,3,pearson,0.2411392765406307,0.2411392765406307,28706,0,1,3,train
66,65,Patv_raw,local_residual_ma6,local_residual,6.0,3,pearson,0.23444103818420228,0.23444103818420228,29129,0,1,3,train
67,66,Patv_raw,local_residual_ma6,local_residual,6.0,3,pearson,0.23730534140831994,0.23730534140831994,29948,0,1,3,train
68,67,Patv_raw,local_residual_ma6,local_residual,6.0,3,pearson,0.2363454353042988,0.2363454353042988,29619,0,1,3,train
69,68,Patv_raw,local_residual_ma6,local_residual,6.0,3,pearson,0.2420096453307537,0.2420096453307537,28764,0,1,3,train
70,69,Patv_raw,local_residual_ma6,local_residual,6.0,3,pearson,0.23798616519245006,0.23798616519245006,28853,0,1,3,train
71,70,Patv_raw,local_residual_ma6,local_residual,6.0,3,pearson,0.22213603968435464,0.22213603968435464,31607,0,1,3,train
72,71,Patv_raw,local_residual_ma6,local_residual,6.0,3,pearson,0.23641447052525125,0.23641447052525125,28484,0,1,3,train
73,72,Patv_raw,local_residual_ma6,local_residual,6.0,3,pearson,0.22550984787682885,0.22550984787682885,30427,0,1,3,train
74,73,Patv_raw,local_residual_ma6,local_residual,6.0,3,pearson,0.22989793785040813,0.22989793785040813,29235,0,1,3,train
75,74,Patv_raw,local_residual_ma6,local_residual,6.0,3,pearson,0.23030126684980678,0.23030126684980678,28587,0,1,3,train
76,75,Patv_raw,local_residual_ma6,local_residual,6.0,3,pearson,0.22240375918334196,0.22240375918334196,28923,0,1,3,train
77,76,Patv_raw,local_residual_ma6,local_residual,6.0,3,pearson,0.22780676458620544,0.22780676458620544,28794,0,1,3,train
78,77,Patv_raw,local_residual_ma6,local_residual,6.0,3,pearson,0.23144511276269011,0.23144511276269011,27883,0,1,3,train
79,78,Patv_raw,local_residual_ma6,local_residual,6.0,3,pearson,0.23684761135012888,0.23684761135012888,27859,0,1,3,train
80,79,Patv_raw,local_residual_ma6,local_residual,6.0,3,pearson,0.22650406366202414,0.22650406366202414,28897,0,1,3,train
81,80,Patv_raw,local_residual_ma6,local_residual,6.0,3,pearson,0.22019917944532016,0.22019917944532016,28875,0,1,3,train
82,81,Patv_raw,local_residual_ma6,local_residual,6.0,3,pearson,0.2280065360272478,0.2280065360272478,27474,0,1,3,train
83,82,Patv_raw,local_residual_ma6,local_residual,6.0,3,pearson,0.21514919961257398,0.21514919961257398,28177,0,1,3,train
84,83,Patv_raw,local_residual_ma6,local_residual,6.0,3,pearson,0.21597171345188057,0.21597171345188057,31712,0,1,3,train
85,84,Patv_raw,local_residual_ma6,local_residual,6.0,3,pearson,0.22803817369520427,0.22803817369520427,28000,0,1,3,train
86,85,Patv_raw,local_residual_ma6,local_residual,6.0,3,pearson,0.2303745003889679,0.2303745003889679,29180,0,1,3,train
87,86,Patv_raw,local_residual_ma6,local_residual,6.0,3,pearson,0.22024683437788914,0.22024683437788914,31477,0,1,3,train
88,87,Patv_raw,local_residual_ma6,local_residual,6.0,3,pearson,0.23940224952992897,0.23940224952992897,28328,0,1,3,train
89,88,Patv_raw,local_residual_ma6,local_residual,6.0,3,pearson,0.22869909893433202,0.22869909893433202,28733,0,1,3,train
90,89,Patv_raw,local_residual_ma6,local_residual,6.0,3,pearson,0.24030227901319712,0.24030227901319712,29007,0,1,3,train
91,90,Patv_raw,local_residual_ma6,local_residual,6.0,3,pearson,0.23370689909698597,0.23370689909698597,28737,0,1,3,train
92,91,Patv_raw,local_residual_ma6,local_residual,6.0,3,pearson,0.23044747301597193,0.23044747301597193,27816,0,1,3,train
93,92,Patv_raw,local_residual_ma6,local_residual,6.0,3,pearson,0.23170836493665975,0.23170836493665975,26805,0,1,3,train
94,93,Patv_raw,local_residual_ma6,local_residual,6.0,3,pearson,0.23678883644056017,0.23678883644056017,28206,0,1,3,train
95,94,Patv_raw,local_residual_ma6,local_residual,6.0,3,pearson,0.22904428174318495,0.22904428174318495,27423,0,1,3,train
96,95,Patv_raw,local_residual_ma6,local_residual,6.0,3,pearson,0.23270889481879373,0.23270889481879373,26143,0,1,3,train
97,96,Patv_raw,local_residual_ma6,local_residual,6.0,3,pearson,0.22616769365867698,0.22616769365867698,26617,0,1,3,train
98,97,Patv_raw,local_residual_ma6,local_residual,6.0,3,pearson,0.22397829764415897,0.22397829764415897,29617,0,1,3,train
99,98,Patv_raw,local_residual_ma6,local_residual,6.0,3,pearson,0.208938359551623,0.208938359551623,30296,0,1,3,train
100,99,Patv_raw,local_residual_ma6,local_residual,6.0,3,pearson,0.21476017736932088,0.21476017736932088,27570,0,1,3,train
101,100,Patv_raw,local_residual_ma6,local_residual,6.0,3,pearson,0.2291540455029139,0.2291540455029139,28433,0,1,3,train
102,101,Patv_raw,local_residual_ma6,local_residual,6.0,3,pearson,0.22561313155485693,0.22561313155485693,27265,0,1,3,train
103,102,Patv_raw,local_residual_ma6,local_residual,6.0,3,pearson,0.22336661666859403,0.22336661666859403,29959,0,1,3,train
104,103,Patv_raw,local_residual_ma6,local_residual,6.0,3,pearson,0.2369595885921998,0.2369595885921998,28299,0,1,3,train
105,104,Patv_raw,local_residual_ma6,local_residual,6.0,3,pearson,0.23709878739403312,0.23709878739403312,28421,0,1,3,train
106,105,Patv_raw,local_residual_ma6,local_residual,6.0,3,pearson,0.22672599448496575,0.22672599448496575,27684,0,1,3,train
107,106,Patv_raw,local_residual_ma6,local_residual,6.0,3,pearson,0.2334872972178419,0.2334872972178419,29611,0,1,3,train
108,107,Patv_raw,local_residual_ma6,local_residual,6.0,3,pearson,0.22739350279309078,0.22739350279309078,27278,0,1,3,train
109,108,Patv_raw,local_residual_ma6,local_residual,6.0,3,pearson,0.23257112367756336,0.23257112367756336,29021,0,1,3,train
110,109,Patv_raw,local_residual_ma6,local_residual,6.0,3,pearson,0.23997678099337452,0.23997678099337452,29017,0,1,3,train
111,110,Patv_raw,local_residual_ma6,local_residual,6.0,3,pearson,0.23813701090165365,0.23813701090165365,28947,0,1,3,train
112,111,Patv_raw,local_residual_ma6,local_residual,6.0,3,pearson,0.2424834599060565,0.2424834599060565,27935,0,1,3,train
113,112,Patv_raw,local_residual_ma6,local_residual,6.0,3,pearson,0.23552611879568802,0.23552611879568802,28479,0,1,3,train
114,113,Patv_raw,local_residual_ma6,local_residual,6.0,3,pearson,0.22898370017913824,0.22898370017913824,27747,0,1,3,train
115,114,Patv_raw,local_residual_ma6,local_residual,6.0,3,pearson,0.2254511293708594,0.2254511293708594,26121,0,1,3,train
116,115,Patv_raw,local_residual_ma6,local_residual,6.0,3,pearson,0.23030847233465493,0.23030847233465493,27015,0,1,3,train
117,116,Patv_raw,local_residual_ma6,local_residual,6.0,3,pearson,0.22963315130882786,0.22963315130882786,27032,0,1,3,train
118,117,Patv_raw,local_residual_ma6,local_residual,6.0,3,pearson,0.2325252830346335,0.2325252830346335,27804,0,1,3,train
119,118,Patv_raw,local_residual_ma6,local_residual,6.0,3,pearson,0.22348954844110275,0.22348954844110275,29403,0,1,3,train
120,119,Patv_raw,local_residual_ma6,local_residual,6.0,3,pearson,0.23155593507941086,0.23155593507941086,28651,0,1,3,train
121,120,Patv_raw,local_residual_ma6,local_residual,6.0,3,pearson,0.22763809670788432,0.22763809670788432,28981,0,1,3,train
122,121,Patv_raw,local_residual_ma6,local_residual,6.0,3,pearson,0.22787103763945415,0.22787103763945415,26832,0,1,3,train
123,122,Patv_raw,local_residual_ma6,local_residual,6.0,3,pearson,0.245494792560659,0.245494792560659,27244,0,1,3,train
124,123,Patv_raw,local_residual_ma6,local_residual,6.0,3,pearson,0.22085196532694068,0.22085196532694068,26839,0,1,3,train
125,124,Patv_raw,local_residual_ma6,local_residual,6.0,3,pearson,0.23614187556025973,0.23614187556025973,27629,0,1,3,train
126,125,Patv_raw,local_residual_ma6,local_residual,6.0,3,pearson,0.23728590613890904,0.23728590613890904,27872,0,1,3,train
127,126,Patv_raw,local_residual_ma6,local_residual,6.0,3,pearson,0.23863431189245848,0.23863431189245848,28717,0,1,3,train
128,127,Patv_raw,local_residual_ma6,local_residual,6.0,3,pearson,0.23241918896992733,0.23241918896992733,28892,0,1,3,train
129,128,Patv_raw,local_residual_ma6,local_residual,6.0,3,pearson,0.23459928609665404,0.23459928609665404,29415,0,1,3,train
130,129,Patv_raw,local_residual_ma6,local_residual,6.0,3,pearson,0.23812135322012679,0.23812135322012679,28664,0,1,3,train
131,130,Patv_raw,local_residual_ma6,local_residual,6.0,3,pearson,0.23462577997582168,0.23462577997582168,28984,0,1,3,train
132,131,Patv_raw,local_residual_ma6,local_residual,6.0,3,pearson,0.2341588050492266,0.2341588050492266,30320,0,1,3,train
133,132,Patv_raw,local_residual_ma6,local_residual,6.0,3,pearson,0.24884366520304185,0.24884366520304185,27468,0,1,3,train
134,133,Patv_raw,local_residual_ma6,local_residual,6.0,3,pearson,0.23377888494752197,0.23377888494752197,29978,0,1,3,train
1,0,Patv_raw,local_residual_ma6,local_residual,6.0,6,pearson,0.22860550445445982,0.22860550445445982,28744,0,1,6,train
2,1,Patv_raw,local_residual_ma6,local_residual,6.0,6,pearson,0.2292906134947148,0.2292906134947148,28548,0,1,6,train
3,2,Patv_raw,local_residual_ma6,local_residual,6.0,6,pearson,0.23197128460850727,0.23197128460850727,28962,0,1,6,train
4,3,Patv_raw,local_residual_ma6,local_residual,6.0,6,pearson,0.23151957651593758,0.23151957651593758,29006,0,1,6,train
5,4,Patv_raw,local_residual_ma6,local_residual,6.0,6,pearson,0.21948857304061864,0.21948857304061864,30188,0,1,6,train
6,5,Patv_raw,local_residual_ma6,local_residual,6.0,6,pearson,0.22405263188502753,0.22405263188502753,29350,0,1,6,train
7,6,Patv_raw,local_residual_ma6,local_residual,6.0,6,pearson,0.2172761408775934,0.2172761408775934,29515,0,1,6,train
8,7,Patv_raw,local_residual_ma6,local_residual,6.0,6,pearson,0.2196082527081542,0.2196082527081542,29716,0,1,6,train
9,8,Patv_raw,local_residual_ma6,local_residual,6.0,6,pearson,0.22472730639358204,0.22472730639358204,29095,0,1,6,train
10,9,Patv_raw,local_residual_ma6,local_residual,6.0,6,pearson,0.21559765094474972,0.21559765094474972,29471,0,1,6,train
11,10,Patv_raw,local_residual_ma6,local_residual,6.0,6,pearson,0.22125914742007666,0.22125914742007666,29314,0,1,6,train
12,11,Patv_raw,local_residual_ma6,local_residual,6.0,6,pearson,0.21614186285156894,0.21614186285156894,29301,0,1,6,train
13,12,Patv_raw,local_residual_ma6,local_residual,6.0,6,pearson,0.2173712956489939,0.2173712956489939,29429,0,1,6,train
14,13,Patv_raw,local_residual_ma6,local_residual,6.0,6,pearson,0.21072782477459176,0.21072782477459176,30198,0,1,6,train
15,14,Patv_raw,local_residual_ma6,local_residual,6.0,6,pearson,0.21693446697804805,0.21693446697804805,29177,0,1,6,train
16,15,Patv_raw,local_residual_ma6,local_residual,6.0,6,pearson,0.2228647911558747,0.2228647911558747,29108,0,1,6,train
17,16,Patv_raw,local_residual_ma6,local_residual,6.0,6,pearson,0.22792539005212165,0.22792539005212165,29397,0,1,6,train
18,17,Patv_raw,local_residual_ma6,local_residual,6.0,6,pearson,0.213572967418527,0.213572967418527,30204,0,1,6,train
19,18,Patv_raw,local_residual_ma6,local_residual,6.0,6,pearson,0.22197660260361896,0.22197660260361896,29217,0,1,6,train
20,19,Patv_raw,local_residual_ma6,local_residual,6.0,6,pearson,0.22162507599358572,0.22162507599358572,28655,0,1,6,train
21,20,Patv_raw,local_residual_ma6,local_residual,6.0,6,pearson,0.22296857534412118,0.22296857534412118,29453,0,1,6,train
22,21,Patv_raw,local_residual_ma6,local_residual,6.0,6,pearson,0.22103179870095932,0.22103179870095932,28094,0,1,6,train
23,22,Patv_raw,local_residual_ma6,local_residual,6.0,6,pearson,0.2289798428015472,0.2289798428015472,28800,0,1,6,train
24,23,Patv_raw,local_residual_ma6,local_residual,6.0,6,pearson,0.22266530742101762,0.22266530742101762,29096,0,1,6,train
25,24,Patv_raw,local_residual_ma6,local_residual,6.0,6,pearson,0.2274030698223319,0.2274030698223319,28917,0,1,6,train
26,25,Patv_raw,local_residual_ma6,local_residual,6.0,6,pearson,0.21259939613837361,0.21259939613837361,30615,0,1,6,train
27,26,Patv_raw,local_residual_ma6,local_residual,6.0,6,pearson,0.22215044698792824,0.22215044698792824,29608,0,1,6,train
28,27,Patv_raw,local_residual_ma6,local_residual,6.0,6,pearson,0.2125720397808647,0.2125720397808647,30736,0,1,6,train
29,28,Patv_raw,local_residual_ma6,local_residual,6.0,6,pearson,0.22204892656742614,0.22204892656742614,29149,0,1,6,train
30,29,Patv_raw,local_residual_ma6,local_residual,6.0,6,pearson,0.216723984994712,0.216723984994712,29685,0,1,6,train
31,30,Patv_raw,local_residual_ma6,local_residual,6.0,6,pearson,0.2166431875480425,0.2166431875480425,29788,0,1,6,train
32,31,Patv_raw,local_residual_ma6,local_residual,6.0,6,pearson,0.21704225747644543,0.21704225747644543,28752,0,1,6,train
33,32,Patv_raw,local_residual_ma6,local_residual,6.0,6,pearson,0.2197200601166375,0.2197200601166375,29266,0,1,6,train
34,33,Patv_raw,local_residual_ma6,local_residual,6.0,6,pearson,0.2176291374524028,0.2176291374524028,28672,0,1,6,train
35,34,Patv_raw,local_residual_ma6,local_residual,6.0,6,pearson,0.22417438951170615,0.22417438951170615,28428,0,1,6,train
36,35,Patv_raw,local_residual_ma6,local_residual,6.0,6,pearson,0.22167441805323704,0.22167441805323704,29132,0,1,6,train
37,36,Patv_raw,local_residual_ma6,local_residual,6.0,6,pearson,0.2149356738696949,0.2149356738696949,29218,0,1,6,train
38,37,Patv_raw,local_residual_ma6,local_residual,6.0,6,pearson,0.21951865205950416,0.21951865205950416,29618,0,1,6,train
39,38,Patv_raw,local_residual_ma6,local_residual,6.0,6,pearson,0.21363034507179146,0.21363034507179146,29135,0,1,6,train
40,39,Patv_raw,local_residual_ma6,local_residual,6.0,6,pearson,0.22483844430062958,0.22483844430062958,29545,0,1,6,train
41,40,Patv_raw,local_residual_ma6,local_residual,6.0,6,pearson,0.22724269241348746,0.22724269241348746,28109,0,1,6,train
42,41,Patv_raw,local_residual_ma6,local_residual,6.0,6,pearson,0.2218270741265534,0.2218270741265534,28913,0,1,6,train
43,42,Patv_raw,local_residual_ma6,local_residual,6.0,6,pearson,0.21924255405283086,0.21924255405283086,29377,0,1,6,train
44,43,Patv_raw,local_residual_ma6,local_residual,6.0,6,pearson,0.22083309444434532,0.22083309444434532,28066,0,1,6,train
45,44,Patv_raw,local_residual_ma6,local_residual,6.0,6,pearson,0.22836707294455588,0.22836707294455588,28806,0,1,6,train
46,45,Patv_raw,local_residual_ma6,local_residual,6.0,6,pearson,0.23023217117718384,0.23023217117718384,28148,0,1,6,train
47,46,Patv_raw,local_residual_ma6,local_residual,6.0,6,pearson,0.22651223965209893,0.22651223965209893,28392,0,1,6,train
48,47,Patv_raw,local_residual_ma6,local_residual,6.0,6,pearson,0.22178043500117606,0.22178043500117606,29163,0,1,6,train
49,48,Patv_raw,local_residual_ma6,local_residual,6.0,6,pearson,0.21273589216987293,0.21273589216987293,30783,0,1,6,train
50,49,Patv_raw,local_residual_ma6,local_residual,6.0,6,pearson,0.21810085046646124,0.21810085046646124,28906,0,1,6,train
51,50,Patv_raw,local_residual_ma6,local_residual,6.0,6,pearson,0.20416804015404014,0.20416804015404014,29732,0,1,6,train
52,51,Patv_raw,local_residual_ma6,local_residual,6.0,6,pearson,0.2226478725242754,0.2226478725242754,27311,0,1,6,train
53,52,Patv_raw,local_residual_ma6,local_residual,6.0,6,pearson,0.20611601454066833,0.20611601454066833,29994,0,1,6,train
54,53,Patv_raw,local_residual_ma6,local_residual,6.0,6,pearson,0.2113919086488842,0.2113919086488842,29851,0,1,6,train
55,54,Patv_raw,local_residual_ma6,local_residual,6.0,6,pearson,0.21272913558754397,0.21272913558754397,29047,0,1,6,train
56,55,Patv_raw,local_residual_ma6,local_residual,6.0,6,pearson,0.2202815632189052,0.2202815632189052,27890,0,1,6,train
57,56,Patv_raw,local_residual_ma6,local_residual,6.0,6,pearson,0.21085100054603642,0.21085100054603642,30095,0,1,6,train
58,57,Patv_raw,local_residual_ma6,local_residual,6.0,6,pearson,0.20134146794445498,0.20134146794445498,31696,0,1,6,train
59,58,Patv_raw,local_residual_ma6,local_residual,6.0,6,pearson,0.22058699997846376,0.22058699997846376,28156,0,1,6,train
60,59,Patv_raw,local_residual_ma6,local_residual,6.0,6,pearson,0.22363278617208507,0.22363278617208507,28601,0,1,6,train
61,60,Patv_raw,local_residual_ma6,local_residual,6.0,6,pearson,0.22873320977781003,0.22873320977781003,28098,0,1,6,train
62,61,Patv_raw,local_residual_ma6,local_residual,6.0,6,pearson,0.21006781931028992,0.21006781931028992,30508,0,1,6,train
63,62,Patv_raw,local_residual_ma6,local_residual,6.0,6,pearson,0.21414269990742651,0.21414269990742651,29184,0,1,6,train
64,63,Patv_raw,local_residual_ma6,local_residual,6.0,6,pearson,0.23125196392179242,0.23125196392179242,28204,0,1,6,train
65,64,Patv_raw,local_residual_ma6,local_residual,6.0,6,pearson,0.22983596694276423,0.22983596694276423,28817,0,1,6,train
66,65,Patv_raw,local_residual_ma6,local_residual,6.0,6,pearson,0.22307542951856757,0.22307542951856757,29263,0,1,6,train
67,66,Patv_raw,local_residual_ma6,local_residual,6.0,6,pearson,0.22637379574733651,0.22637379574733651,30075,0,1,6,train
68,67,Patv_raw,local_residual_ma6,local_residual,6.0,6,pearson,0.2237418739018564,0.2237418739018564,29727,0,1,6,train
69,68,Patv_raw,local_residual_ma6,local_residual,6.0,6,pearson,0.2310655633334342,0.2310655633334342,28869,0,1,6,train
70,69,Patv_raw,local_residual_ma6,local_residual,6.0,6,pearson,0.2286798711480204,0.2286798711480204,28944,0,1,6,train
71,70,Patv_raw,local_residual_ma6,local_residual,6.0,6,pearson,0.21225095941808483,0.21225095941808483,31735,0,1,6,train
72,71,Patv_raw,local_residual_ma6,local_residual,6.0,6,pearson,0.2261166151090294,0.2261166151090294,28595,0,1,6,train
73,72,Patv_raw,local_residual_ma6,local_residual,6.0,6,pearson,0.21488136670524413,0.21488136670524413,30537,0,1,6,train
74,73,Patv_raw,local_residual_ma6,local_residual,6.0,6,pearson,0.22056825350680664,0.22056825350680664,29334,0,1,6,train
75,74,Patv_raw,local_residual_ma6,local_residual,6.0,6,pearson,0.2190035935191352,0.2190035935191352,28711,0,1,6,train
76,75,Patv_raw,local_residual_ma6,local_residual,6.0,6,pearson,0.21096355840839,0.21096355840839,29069,0,1,6,train
77,76,Patv_raw,local_residual_ma6,local_residual,6.0,6,pearson,0.21658570390780255,0.21658570390780255,28920,0,1,6,train
78,77,Patv_raw,local_residual_ma6,local_residual,6.0,6,pearson,0.21873871956586655,0.21873871956586655,28018,0,1,6,train
79,78,Patv_raw,local_residual_ma6,local_residual,6.0,6,pearson,0.22499637204245518,0.22499637204245518,27984,0,1,6,train
80,79,Patv_raw,local_residual_ma6,local_residual,6.0,6,pearson,0.21359552641221743,0.21359552641221743,29005,0,1,6,train
81,80,Patv_raw,local_residual_ma6,local_residual,6.0,6,pearson,0.20738872088896143,0.20738872088896143,28989,0,1,6,train
82,81,Patv_raw,local_residual_ma6,local_residual,6.0,6,pearson,0.21357030091114906,0.21357030091114906,27596,0,1,6,train
83,82,Patv_raw,local_residual_ma6,local_residual,6.0,6,pearson,0.20619621886277759,0.20619621886277759,28286,0,1,6,train
84,83,Patv_raw,local_residual_ma6,local_residual,6.0,6,pearson,0.204676097243041,0.204676097243041,31832,0,1,6,train
85,84,Patv_raw,local_residual_ma6,local_residual,6.0,6,pearson,0.21686975165036954,0.21686975165036954,28103,0,1,6,train
86,85,Patv_raw,local_residual_ma6,local_residual,6.0,6,pearson,0.21920800329838494,0.21920800329838494,29299,0,1,6,train
87,86,Patv_raw,local_residual_ma6,local_residual,6.0,6,pearson,0.20965155067840985,0.20965155067840985,31593,0,1,6,train
88,87,Patv_raw,local_residual_ma6,local_residual,6.0,6,pearson,0.2243190879292566,0.2243190879292566,28444,0,1,6,train
89,88,Patv_raw,local_residual_ma6,local_residual,6.0,6,pearson,0.21790023975404105,0.21790023975404105,28835,0,1,6,train
90,89,Patv_raw,local_residual_ma6,local_residual,6.0,6,pearson,0.23275657546898987,0.23275657546898987,29111,0,1,6,train
91,90,Patv_raw,local_residual_ma6,local_residual,6.0,6,pearson,0.22093320823307935,0.22093320823307935,28855,0,1,6,train
92,91,Patv_raw,local_residual_ma6,local_residual,6.0,6,pearson,0.2178040873178256,0.2178040873178256,27939,0,1,6,train
93,92,Patv_raw,local_residual_ma6,local_residual,6.0,6,pearson,0.21845653923512584,0.21845653923512584,26936,0,1,6,train
94,93,Patv_raw,local_residual_ma6,local_residual,6.0,6,pearson,0.22917895087735915,0.22917895087735915,28329,0,1,6,train
95,94,Patv_raw,local_residual_ma6,local_residual,6.0,6,pearson,0.2168434160888092,0.2168434160888092,27581,0,1,6,train
96,95,Patv_raw,local_residual_ma6,local_residual,6.0,6,pearson,0.21882662863127972,0.21882662863127972,26262,0,1,6,train
97,96,Patv_raw,local_residual_ma6,local_residual,6.0,6,pearson,0.21459340892897444,0.21459340892897444,26775,0,1,6,train
98,97,Patv_raw,local_residual_ma6,local_residual,6.0,6,pearson,0.21296309655664855,0.21296309655664855,29736,0,1,6,train
99,98,Patv_raw,local_residual_ma6,local_residual,6.0,6,pearson,0.20105118381607623,0.20105118381607623,30446,0,1,6,train
100,99,Patv_raw,local_residual_ma6,local_residual,6.0,6,pearson,0.20563255686289597,0.20563255686289597,27709,0,1,6,train
101,100,Patv_raw,local_residual_ma6,local_residual,6.0,6,pearson,0.21672992090506857,0.21672992090506857,28549,0,1,6,train
102,101,Patv_raw,local_residual_ma6,local_residual,6.0,6,pearson,0.21432814549631773,0.21432814549631773,27397,0,1,6,train
103,102,Patv_raw,local_residual_ma6,local_residual,6.0,6,pearson,0.21211117877793922,0.21211117877793922,30060,0,1,6,train
104,103,Patv_raw,local_residual_ma6,local_residual,6.0,6,pearson,0.22422715225494863,0.22422715225494863,28411,0,1,6,train
105,104,Patv_raw,local_residual_ma6,local_residual,6.0,6,pearson,0.22498288631247454,0.22498288631247454,28576,0,1,6,train
106,105,Patv_raw,local_residual_ma6,local_residual,6.0,6,pearson,0.2169115466033207,0.2169115466033207,27789,0,1,6,train
107,106,Patv_raw,local_residual_ma6,local_residual,6.0,6,pearson,0.22192179905385798,0.22192179905385798,29731,0,1,6,train
108,107,Patv_raw,local_residual_ma6,local_residual,6.0,6,pearson,0.21502028329445674,0.21502028329445674,27410,0,1,6,train
109,108,Patv_raw,local_residual_ma6,local_residual,6.0,6,pearson,0.22376483595751354,0.22376483595751354,29131,0,1,6,train
110,109,Patv_raw,local_residual_ma6,local_residual,6.0,6,pearson,0.2287388825676219,0.2287388825676219,29136,0,1,6,train
111,110,Patv_raw,local_residual_ma6,local_residual,6.0,6,pearson,0.22302703102747445,0.22302703102747445,29058,0,1,6,train
112,111,Patv_raw,local_residual_ma6,local_residual,6.0,6,pearson,0.2295470501301046,0.2295470501301046,28072,0,1,6,train
113,112,Patv_raw,local_residual_ma6,local_residual,6.0,6,pearson,0.22305886982838352,0.22305886982838352,28604,0,1,6,train
114,113,Patv_raw,local_residual_ma6,local_residual,6.0,6,pearson,0.21911751846688188,0.21911751846688188,27871,0,1,6,train
115,114,Patv_raw,local_residual_ma6,local_residual,6.0,6,pearson,0.2118164875954802,0.2118164875954802,26277,0,1,6,train
116,115,Patv_raw,local_residual_ma6,local_residual,6.0,6,pearson,0.21787482312004908,0.21787482312004908,27149,0,1,6,train
117,116,Patv_raw,local_residual_ma6,local_residual,6.0,6,pearson,0.21875495845927145,0.21875495845927145,27216,0,1,6,train
118,117,Patv_raw,local_residual_ma6,local_residual,6.0,6,pearson,0.22222030845744634,0.22222030845744634,27936,0,1,6,train
119,118,Patv_raw,local_residual_ma6,local_residual,6.0,6,pearson,0.213968237893802,0.213968237893802,29519,0,1,6,train
120,119,Patv_raw,local_residual_ma6,local_residual,6.0,6,pearson,0.21929591565369144,0.21929591565369144,28765,0,1,6,train
121,120,Patv_raw,local_residual_ma6,local_residual,6.0,6,pearson,0.21548444686742785,0.21548444686742785,29107,0,1,6,train
122,121,Patv_raw,local_residual_ma6,local_residual,6.0,6,pearson,0.21712367410822025,0.21712367410822025,26980,0,1,6,train
123,122,Patv_raw,local_residual_ma6,local_residual,6.0,6,pearson,0.2339048956720671,0.2339048956720671,27348,0,1,6,train
124,123,Patv_raw,local_residual_ma6,local_residual,6.0,6,pearson,0.21234668649446223,0.21234668649446223,26980,0,1,6,train
125,124,Patv_raw,local_residual_ma6,local_residual,6.0,6,pearson,0.2254825560496309,0.2254825560496309,27750,0,1,6,train
126,125,Patv_raw,local_residual_ma6,local_residual,6.0,6,pearson,0.22668142547287454,0.22668142547287454,28020,0,1,6,train
127,126,Patv_raw,local_residual_ma6,local_residual,6.0,6,pearson,0.22913002022304416,0.22913002022304416,28834,0,1,6,train
128,127,Patv_raw,local_residual_ma6,local_residual,6.0,6,pearson,0.22268977141158344,0.22268977141158344,28993,0,1,6,train
129,128,Patv_raw,local_residual_ma6,local_residual,6.0,6,pearson,0.22437166085907545,0.22437166085907545,29532,0,1,6,train
130,129,Patv_raw,local_residual_ma6,local_residual,6.0,6,pearson,0.22876616488317317,0.22876616488317317,28794,0,1,6,train
131,130,Patv_raw,local_residual_ma6,local_residual,6.0,6,pearson,0.22530144292262186,0.22530144292262186,29085,0,1,6,train
132,131,Patv_raw,local_residual_ma6,local_residual,6.0,6,pearson,0.22426302345550053,0.22426302345550053,30457,0,1,6,train
133,132,Patv_raw,local_residual_ma6,local_residual,6.0,6,pearson,0.23548264439837846,0.23548264439837846,27567,0,1,6,train
134,133,Patv_raw,local_residual_ma6,local_residual,6.0,6,pearson,0.21984896572251195,0.21984896572251195,30084,0,1,6,train
1,0,Patv_raw,local_residual_ma6,local_residual,6.0,10,pearson,0.21465786230713801,0.21465786230713801,28814,0,1,10,train
2,1,Patv_raw,local_residual_ma6,local_residual,6.0,10,pearson,0.21578417285937382,0.21578417285937382,28631,0,1,10,train
3,2,Patv_raw,local_residual_ma6,local_residual,6.0,10,pearson,0.21692167745362492,0.21692167745362492,29034,0,1,10,train
4,3,Patv_raw,local_residual_ma6,local_residual,6.0,10,pearson,0.2175334836359075,0.2175334836359075,29079,0,1,10,train
5,4,Patv_raw,local_residual_ma6,local_residual,6.0,10,pearson,0.20677498640023434,0.20677498640023434,30254,0,1,10,train
6,5,Patv_raw,local_residual_ma6,local_residual,6.0,10,pearson,0.2133503247371267,0.2133503247371267,29425,0,1,10,train
7,6,Patv_raw,local_residual_ma6,local_residual,6.0,10,pearson,0.20629322676796893,0.20629322676796893,29626,0,1,10,train
8,7,Patv_raw,local_residual_ma6,local_residual,6.0,10,pearson,0.20887092845273417,0.20887092845273417,29807,0,1,10,train
9,8,Patv_raw,local_residual_ma6,local_residual,6.0,10,pearson,0.21378620613081822,0.21378620613081822,29166,0,1,10,train
10,9,Patv_raw,local_residual_ma6,local_residual,6.0,10,pearson,0.20772731871768546,0.20772731871768546,29546,0,1,10,train
11,10,Patv_raw,local_residual_ma6,local_residual,6.0,10,pearson,0.21105516716023756,0.21105516716023756,29395,0,1,10,train
12,11,Patv_raw,local_residual_ma6,local_residual,6.0,10,pearson,0.20838761690545132,0.20838761690545132,29371,0,1,10,train
13,12,Patv_raw,local_residual_ma6,local_residual,6.0,10,pearson,0.20343646139130375,0.20343646139130375,29502,0,1,10,train
14,13,Patv_raw,local_residual_ma6,local_residual,6.0,10,pearson,0.19353094124059156,0.19353094124059156,30270,0,1,10,train
15,14,Patv_raw,local_residual_ma6,local_residual,6.0,10,pearson,0.2036648959784138,0.2036648959784138,29246,0,1,10,train
16,15,Patv_raw,local_residual_ma6,local_residual,6.0,10,pearson,0.21195739642953887,0.21195739642953887,29169,0,1,10,train
17,16,Patv_raw,local_residual_ma6,local_residual,6.0,10,pearson,0.21612230841979843,0.21612230841979843,29466,0,1,10,train
18,17,Patv_raw,local_residual_ma6,local_residual,6.0,10,pearson,0.2036466130218356,0.2036466130218356,30275,0,1,10,train
19,18,Patv_raw,local_residual_ma6,local_residual,6.0,10,pearson,0.21186855445425357,0.21186855445425357,29300,0,1,10,train
20,19,Patv_raw,local_residual_ma6,local_residual,6.0,10,pearson,0.2131971377752602,0.2131971377752602,28730,0,1,10,train
21,20,Patv_raw,local_residual_ma6,local_residual,6.0,10,pearson,0.20984588099196147,0.20984588099196147,29524,0,1,10,train
22,21,Patv_raw,local_residual_ma6,local_residual,6.0,10,pearson,0.20612970741887554,0.20612970741887554,28169,0,1,10,train
23,22,Patv_raw,local_residual_ma6,local_residual,6.0,10,pearson,0.21494129760232528,0.21494129760232528,28876,0,1,10,train
24,23,Patv_raw,local_residual_ma6,local_residual,6.0,10,pearson,0.20751494934503747,0.20751494934503747,29184,0,1,10,train
25,24,Patv_raw,local_residual_ma6,local_residual,6.0,10,pearson,0.21210515112779363,0.21210515112779363,28990,0,1,10,train
26,25,Patv_raw,local_residual_ma6,local_residual,6.0,10,pearson,0.19972183605842997,0.19972183605842997,30678,0,1,10,train
27,26,Patv_raw,local_residual_ma6,local_residual,6.0,10,pearson,0.20807174687842558,0.20807174687842558,29700,0,1,10,train
28,27,Patv_raw,local_residual_ma6,local_residual,6.0,10,pearson,0.19787934907267762,0.19787934907267762,30818,0,1,10,train
29,28,Patv_raw,local_residual_ma6,local_residual,6.0,10,pearson,0.21007965520357094,0.21007965520357094,29233,0,1,10,train
30,29,Patv_raw,local_residual_ma6,local_residual,6.0,10,pearson,0.20313524633750063,0.20313524633750063,29773,0,1,10,train
31,30,Patv_raw,local_residual_ma6,local_residual,6.0,10,pearson,0.20412656041991664,0.20412656041991664,29865,0,1,10,train
32,31,Patv_raw,local_residual_ma6,local_residual,6.0,10,pearson,0.20408193390174267,0.20408193390174267,28820,0,1,10,train
33,32,Patv_raw,local_residual_ma6,local_residual,6.0,10,pearson,0.20548014661954142,0.20548014661954142,29348,0,1,10,train
34,33,Patv_raw,local_residual_ma6,local_residual,6.0,10,pearson,0.20441776518718155,0.20441776518718155,28733,0,1,10,train
35,34,Patv_raw,local_residual_ma6,local_residual,6.0,10,pearson,0.20716885411205668,0.20716885411205668,28504,0,1,10,train
36,35,Patv_raw,local_residual_ma6,local_residual,6.0,10,pearson,0.2073470642944086,0.2073470642944086,29209,0,1,10,train
37,36,Patv_raw,local_residual_ma6,local_residual,6.0,10,pearson,0.20249092150271644,0.20249092150271644,29265,0,1,10,train
38,37,Patv_raw,local_residual_ma6,local_residual,6.0,10,pearson,0.20590742299512305,0.20590742299512305,29702,0,1,10,train
39,38,Patv_raw,local_residual_ma6,local_residual,6.0,10,pearson,0.20075964681231023,0.20075964681231023,29226,0,1,10,train
40,39,Patv_raw,local_residual_ma6,local_residual,6.0,10,pearson,0.2132229302926428,0.2132229302926428,29636,0,1,10,train
41,40,Patv_raw,local_residual_ma6,local_residual,6.0,10,pearson,0.21860470936474666,0.21860470936474666,28188,0,1,10,train
42,41,Patv_raw,local_residual_ma6,local_residual,6.0,10,pearson,0.21102281851503443,0.21102281851503443,28984,0,1,10,train
43,42,Patv_raw,local_residual_ma6,local_residual,6.0,10,pearson,0.21087365885938916,0.21087365885938916,29445,0,1,10,train
44,43,Patv_raw,local_residual_ma6,local_residual,6.0,10,pearson,0.21187473624216965,0.21187473624216965,28118,0,1,10,train
45,44,Patv_raw,local_residual_ma6,local_residual,6.0,10,pearson,0.21217315647087803,0.21217315647087803,28894,0,1,10,train
46,45,Patv_raw,local_residual_ma6,local_residual,6.0,10,pearson,0.21500280211332834,0.21500280211332834,28221,0,1,10,train
47,46,Patv_raw,local_residual_ma6,local_residual,6.0,10,pearson,0.21363286884413196,0.21363286884413196,28465,0,1,10,train
48,47,Patv_raw,local_residual_ma6,local_residual,6.0,10,pearson,0.20752400534717402,0.20752400534717402,29241,0,1,10,train
49,48,Patv_raw,local_residual_ma6,local_residual,6.0,10,pearson,0.2018967181967526,0.2018967181967526,30846,0,1,10,train
50,49,Patv_raw,local_residual_ma6,local_residual,6.0,10,pearson,0.2065605146305651,0.2065605146305651,28985,0,1,10,train
51,50,Patv_raw,local_residual_ma6,local_residual,6.0,10,pearson,0.19314848914576302,0.19314848914576302,29797,0,1,10,train
52,51,Patv_raw,local_residual_ma6,local_residual,6.0,10,pearson,0.2105998501232783,0.2105998501232783,27383,0,1,10,train
53,52,Patv_raw,local_residual_ma6,local_residual,6.0,10,pearson,0.19551105971106955,0.19551105971106955,30064,0,1,10,train
54,53,Patv_raw,local_residual_ma6,local_residual,6.0,10,pearson,0.19912672020336059,0.19912672020336059,29940,0,1,10,train
55,54,Patv_raw,local_residual_ma6,local_residual,6.0,10,pearson,0.20289098991923754,0.20289098991923754,29110,0,1,10,train
56,55,Patv_raw,local_residual_ma6,local_residual,6.0,10,pearson,0.2065937050201067,0.2065937050201067,27964,0,1,10,train
57,56,Patv_raw,local_residual_ma6,local_residual,6.0,10,pearson,0.1977190330525857,0.1977190330525857,30151,0,1,10,train
58,57,Patv_raw,local_residual_ma6,local_residual,6.0,10,pearson,0.19076881573705756,0.19076881573705756,31750,0,1,10,train
59,58,Patv_raw,local_residual_ma6,local_residual,6.0,10,pearson,0.2068398434128363,0.2068398434128363,28237,0,1,10,train
60,59,Patv_raw,local_residual_ma6,local_residual,6.0,10,pearson,0.20901980190463423,0.20901980190463423,28686,0,1,10,train
61,60,Patv_raw,local_residual_ma6,local_residual,6.0,10,pearson,0.2133573662442389,0.2133573662442389,28184,0,1,10,train
62,61,Patv_raw,local_residual_ma6,local_residual,6.0,10,pearson,0.19715296911886354,0.19715296911886354,30575,0,1,10,train
63,62,Patv_raw,local_residual_ma6,local_residual,6.0,10,pearson,0.2044251100495677,0.2044251100495677,29265,0,1,10,train
64,63,Patv_raw,local_residual_ma6,local_residual,6.0,10,pearson,0.21923057118835643,0.21923057118835643,28279,0,1,10,train
65,64,Patv_raw,local_residual_ma6,local_residual,6.0,10,pearson,0.2166461102607719,0.2166461102607719,28895,0,1,10,train
66,65,Patv_raw,local_residual_ma6,local_residual,6.0,10,pearson,0.21301026633130826,0.21301026633130826,29343,0,1,10,train
67,66,Patv_raw,local_residual_ma6,local_residual,6.0,10,pearson,0.21477934431673262,0.21477934431673262,30164,0,1,10,train
68,67,Patv_raw,local_residual_ma6,local_residual,6.0,10,pearson,0.21397666583171068,0.21397666583171068,29801,0,1,10,train
69,68,Patv_raw,local_residual_ma6,local_residual,6.0,10,pearson,0.21971270862319556,0.21971270862319556,28951,0,1,10,train
70,69,Patv_raw,local_residual_ma6,local_residual,6.0,10,pearson,0.21996743946314815,0.21996743946314815,29032,0,1,10,train
71,70,Patv_raw,local_residual_ma6,local_residual,6.0,10,pearson,0.2007126554738312,0.2007126554738312,31791,0,1,10,train
72,71,Patv_raw,local_residual_ma6,local_residual,6.0,10,pearson,0.21437757232361976,0.21437757232361976,28674,0,1,10,train
73,72,Patv_raw,local_residual_ma6,local_residual,6.0,10,pearson,0.20453856478770943,0.20453856478770943,30608,0,1,10,train
74,73,Patv_raw,local_residual_ma6,local_residual,6.0,10,pearson,0.2077561843895315,0.2077561843895315,29401,0,1,10,train
75,74,Patv_raw,local_residual_ma6,local_residual,6.0,10,pearson,0.20742601828968213,0.20742601828968213,28784,0,1,10,train
76,75,Patv_raw,local_residual_ma6,local_residual,6.0,10,pearson,0.20059438438205393,0.20059438438205393,29151,0,1,10,train
77,76,Patv_raw,local_residual_ma6,local_residual,6.0,10,pearson,0.2055444563030898,0.2055444563030898,28985,0,1,10,train
78,77,Patv_raw,local_residual_ma6,local_residual,6.0,10,pearson,0.20513083125330267,0.20513083125330267,28085,0,1,10,train
79,78,Patv_raw,local_residual_ma6,local_residual,6.0,10,pearson,0.21400744762639443,0.21400744762639443,28064,0,1,10,train
80,79,Patv_raw,local_residual_ma6,local_residual,6.0,10,pearson,0.20061383830813873,0.20061383830813873,29091,0,1,10,train
81,80,Patv_raw,local_residual_ma6,local_residual,6.0,10,pearson,0.1973216177577127,0.1973216177577127,29064,0,1,10,train
82,81,Patv_raw,local_residual_ma6,local_residual,6.0,10,pearson,0.20254090835265592,0.20254090835265592,27685,0,1,10,train
83,82,Patv_raw,local_residual_ma6,local_residual,6.0,10,pearson,0.19831713036865914,0.19831713036865914,28376,0,1,10,train
84,83,Patv_raw,local_residual_ma6,local_residual,6.0,10,pearson,0.1913261233082759,0.1913261233082759,31897,0,1,10,train
85,84,Patv_raw,local_residual_ma6,local_residual,6.0,10,pearson,0.20601871814893846,0.20601871814893846,28196,0,1,10,train
86,85,Patv_raw,local_residual_ma6,local_residual,6.0,10,pearson,0.20683927814818762,0.20683927814818762,29385,0,1,10,train
87,86,Patv_raw,local_residual_ma6,local_residual,6.0,10,pearson,0.19760732110550724,0.19760732110550724,31665,0,1,10,train
88,87,Patv_raw,local_residual_ma6,local_residual,6.0,10,pearson,0.2109836158313943,0.2109836158313943,28527,0,1,10,train
89,88,Patv_raw,local_residual_ma6,local_residual,6.0,10,pearson,0.21063697232255227,0.21063697232255227,28914,0,1,10,train
90,89,Patv_raw,local_residual_ma6,local_residual,6.0,10,pearson,0.2229071393788372,0.2229071393788372,29182,0,1,10,train
91,90,Patv_raw,local_residual_ma6,local_residual,6.0,10,pearson,0.20907169479909252,0.20907169479909252,28938,0,1,10,train
92,91,Patv_raw,local_residual_ma6,local_residual,6.0,10,pearson,0.2062799777129688,0.2062799777129688,28030,0,1,10,train
93,92,Patv_raw,local_residual_ma6,local_residual,6.0,10,pearson,0.206887227359933,0.206887227359933,27023,0,1,10,train
94,93,Patv_raw,local_residual_ma6,local_residual,6.0,10,pearson,0.2177572665292948,0.2177572665292948,28401,0,1,10,train
95,94,Patv_raw,local_residual_ma6,local_residual,6.0,10,pearson,0.20749891847572058,0.20749891847572058,27665,0,1,10,train
96,95,Patv_raw,local_residual_ma6,local_residual,6.0,10,pearson,0.20639638236365895,0.20639638236365895,26344,0,1,10,train
97,96,Patv_raw,local_residual_ma6,local_residual,6.0,10,pearson,0.2054000081013031,0.2054000081013031,26872,0,1,10,train
98,97,Patv_raw,local_residual_ma6,local_residual,6.0,10,pearson,0.20270419015839736,0.20270419015839736,29816,0,1,10,train
99,98,Patv_raw,local_residual_ma6,local_residual,6.0,10,pearson,0.19465207243076868,0.19465207243076868,30542,0,1,10,train
100,99,Patv_raw,local_residual_ma6,local_residual,6.0,10,pearson,0.1957343932940122,0.1957343932940122,27798,0,1,10,train
101,100,Patv_raw,local_residual_ma6,local_residual,6.0,10,pearson,0.20517669406029707,0.20517669406029707,28637,0,1,10,train
102,101,Patv_raw,local_residual_ma6,local_residual,6.0,10,pearson,0.20202361483435766,0.20202361483435766,27495,0,1,10,train
103,102,Patv_raw,local_residual_ma6,local_residual,6.0,10,pearson,0.20107556394532664,0.20107556394532664,30153,0,1,10,train
104,103,Patv_raw,local_residual_ma6,local_residual,6.0,10,pearson,0.21150617211345915,0.21150617211345915,28485,0,1,10,train
105,104,Patv_raw,local_residual_ma6,local_residual,6.0,10,pearson,0.2130108157742501,0.2130108157742501,28686,0,1,10,train
106,105,Patv_raw,local_residual_ma6,local_residual,6.0,10,pearson,0.20585133789917132,0.20585133789917132,27861,0,1,10,train
107,106,Patv_raw,local_residual_ma6,local_residual,6.0,10,pearson,0.20878732627893404,0.20878732627893404,29815,0,1,10,train
108,107,Patv_raw,local_residual_ma6,local_residual,6.0,10,pearson,0.20238789369434876,0.20238789369434876,27505,0,1,10,train
109,108,Patv_raw,local_residual_ma6,local_residual,6.0,10,pearson,0.21376593167946295,0.21376593167946295,29221,0,1,10,train
110,109,Patv_raw,local_residual_ma6,local_residual,6.0,10,pearson,0.21733714328539086,0.21733714328539086,29229,0,1,10,train
111,110,Patv_raw,local_residual_ma6,local_residual,6.0,10,pearson,0.20980485149667968,0.20980485149667968,29139,0,1,10,train
112,111,Patv_raw,local_residual_ma6,local_residual,6.0,10,pearson,0.21835940545582944,0.21835940545582944,28159,0,1,10,train
113,112,Patv_raw,local_residual_ma6,local_residual,6.0,10,pearson,0.21034111891882676,0.21034111891882676,28681,0,1,10,train
114,113,Patv_raw,local_residual_ma6,local_residual,6.0,10,pearson,0.21058625342907622,0.21058625342907622,27954,0,1,10,train
115,114,Patv_raw,local_residual_ma6,local_residual,6.0,10,pearson,0.20215489361934524,0.20215489361934524,26373,0,1,10,train
116,115,Patv_raw,local_residual_ma6,local_residual,6.0,10,pearson,0.2104827145364066,0.2104827145364066,27245,0,1,10,train
117,116,Patv_raw,local_residual_ma6,local_residual,6.0,10,pearson,0.20977316944628827,0.20977316944628827,27322,0,1,10,train
118,117,Patv_raw,local_residual_ma6,local_residual,6.0,10,pearson,0.21170279493847532,0.21170279493847532,28027,0,1,10,train
119,118,Patv_raw,local_residual_ma6,local_residual,6.0,10,pearson,0.20335537214610866,0.20335537214610866,29594,0,1,10,train
120,119,Patv_raw,local_residual_ma6,local_residual,6.0,10,pearson,0.20677776438292583,0.20677776438292583,28856,0,1,10,train
121,120,Patv_raw,local_residual_ma6,local_residual,6.0,10,pearson,0.20559466112074426,0.20559466112074426,29188,0,1,10,train
122,121,Patv_raw,local_residual_ma6,local_residual,6.0,10,pearson,0.2074567052785891,0.2074567052785891,27081,0,1,10,train
123,122,Patv_raw,local_residual_ma6,local_residual,6.0,10,pearson,0.21977891243501443,0.21977891243501443,27423,0,1,10,train
124,123,Patv_raw,local_residual_ma6,local_residual,6.0,10,pearson,0.2023637853275046,0.2023637853275046,27092,0,1,10,train
125,124,Patv_raw,local_residual_ma6,local_residual,6.0,10,pearson,0.21183165988514208,0.21183165988514208,27828,0,1,10,train
126,125,Patv_raw,local_residual_ma6,local_residual,6.0,10,pearson,0.21411040331654993,0.21411040331654993,28119,0,1,10,train
127,126,Patv_raw,local_residual_ma6,local_residual,6.0,10,pearson,0.21753675024089444,0.21753675024089444,28908,0,1,10,train
128,127,Patv_raw,local_residual_ma6,local_residual,6.0,10,pearson,0.21336034278554084,0.21336034278554084,29067,0,1,10,train
129,128,Patv_raw,local_residual_ma6,local_residual,6.0,10,pearson,0.21137629819202494,0.21137629819202494,29596,0,1,10,train
130,129,Patv_raw,local_residual_ma6,local_residual,6.0,10,pearson,0.21937689652848508,0.21937689652848508,28876,0,1,10,train
131,130,Patv_raw,local_residual_ma6,local_residual,6.0,10,pearson,0.21596106613244045,0.21596106613244045,29152,0,1,10,train
132,131,Patv_raw,local_residual_ma6,local_residual,6.0,10,pearson,0.21213666194913255,0.21213666194913255,30541,0,1,10,train
133,132,Patv_raw,local_residual_ma6,local_residual,6.0,10,pearson,0.2234308313067664,0.2234308313067664,27644,0,1,10,train
134,133,Patv_raw,local_residual_ma6,local_residual,6.0,10,pearson,0.20799137189664907,0.20799137189664907,30170,0,1,10,train
1,0,Patv_raw,trend_ma18,trend,18.0,3,pearson,0.8094429783383712,0.8094429783383712,29855,0,1,3,train
2,1,Patv_raw,trend_ma18,trend,18.0,3,pearson,0.8005841969733466,0.8005841969733466,29813,0,1,3,train
3,2,Patv_raw,trend_ma18,trend,18.0,3,pearson,0.8071518506735715,0.8071518506735715,30010,0,1,3,train
4,3,Patv_raw,trend_ma18,trend,18.0,3,pearson,0.801098986908817,0.801098986908817,30186,0,1,3,train
5,4,Patv_raw,trend_ma18,trend,18.0,3,pearson,0.8239524110456975,0.8239524110456975,31382,0,1,3,train
6,5,Patv_raw,trend_ma18,trend,18.0,3,pearson,0.8188094931661942,0.8188094931661942,30508,0,1,3,train
7,6,Patv_raw,trend_ma18,trend,18.0,3,pearson,0.8219952344449932,0.8219952344449932,30947,0,1,3,train
8,7,Patv_raw,trend_ma18,trend,18.0,3,pearson,0.8192383200278394,0.8192383200278394,30963,0,1,3,train
9,8,Patv_raw,trend_ma18,trend,18.0,3,pearson,0.812371745627467,0.812371745627467,30281,0,1,3,train
10,9,Patv_raw,trend_ma18,trend,18.0,3,pearson,0.8257800820873702,0.8257800820873702,30645,0,1,3,train
11,10,Patv_raw,trend_ma18,trend,18.0,3,pearson,0.8138558993698454,0.8138558993698454,30501,0,1,3,train
12,11,Patv_raw,trend_ma18,trend,18.0,3,pearson,0.8195472079296291,0.8195472079296291,30373,0,1,3,train
13,12,Patv_raw,trend_ma18,trend,18.0,3,pearson,0.8135354669451199,0.8135354669451199,30594,0,1,3,train
14,13,Patv_raw,trend_ma18,trend,18.0,3,pearson,0.8240026153608896,0.8240026153608896,31463,0,1,3,train
15,14,Patv_raw,trend_ma18,trend,18.0,3,pearson,0.8159153225096771,0.8159153225096771,30395,0,1,3,train
16,15,Patv_raw,trend_ma18,trend,18.0,3,pearson,0.8169726333326974,0.8169726333326974,30200,0,1,3,train
17,16,Patv_raw,trend_ma18,trend,18.0,3,pearson,0.8046955318238096,0.8046955318238096,30607,0,1,3,train
18,17,Patv_raw,trend_ma18,trend,18.0,3,pearson,0.8266453585737336,0.8266453585737336,31332,0,1,3,train
19,18,Patv_raw,trend_ma18,trend,18.0,3,pearson,0.7943622868099722,0.7943622868099722,30460,0,1,3,train
20,19,Patv_raw,trend_ma18,trend,18.0,3,pearson,0.7968778742835513,0.7968778742835513,29724,0,1,3,train
21,20,Patv_raw,trend_ma18,trend,18.0,3,pearson,0.7985825927580743,0.7985825927580743,30635,0,1,3,train
22,21,Patv_raw,trend_ma18,trend,18.0,3,pearson,0.8053845889298792,0.8053845889298792,29175,0,1,3,train
23,22,Patv_raw,trend_ma18,trend,18.0,3,pearson,0.7973255405233145,0.7973255405233145,29911,0,1,3,train
24,23,Patv_raw,trend_ma18,trend,18.0,3,pearson,0.7973662145399175,0.7973662145399175,30386,0,1,3,train
25,24,Patv_raw,trend_ma18,trend,18.0,3,pearson,0.7990405335399043,0.7990405335399043,30030,0,1,3,train
26,25,Patv_raw,trend_ma18,trend,18.0,3,pearson,0.8216531319401793,0.8216531319401793,31806,0,1,3,train
27,26,Patv_raw,trend_ma18,trend,18.0,3,pearson,0.8024212057756519,0.8024212057756519,30956,0,1,3,train
28,27,Patv_raw,trend_ma18,trend,18.0,3,pearson,0.812354400901818,0.812354400901818,32112,0,1,3,train
29,28,Patv_raw,trend_ma18,trend,18.0,3,pearson,0.8006147481274284,0.8006147481274284,30474,0,1,3,train
30,29,Patv_raw,trend_ma18,trend,18.0,3,pearson,0.8090106648160895,0.8090106648160895,30985,0,1,3,train
31,30,Patv_raw,trend_ma18,trend,18.0,3,pearson,0.8070551363749101,0.8070551363749101,31150,0,1,3,train
32,31,Patv_raw,trend_ma18,trend,18.0,3,pearson,0.8029945651290555,0.8029945651290555,29866,0,1,3,train
33,32,Patv_raw,trend_ma18,trend,18.0,3,pearson,0.8061842380592841,0.8061842380592841,30433,0,1,3,train
34,33,Patv_raw,trend_ma18,trend,18.0,3,pearson,0.8017471057607358,0.8017471057607358,29863,0,1,3,train
35,34,Patv_raw,trend_ma18,trend,18.0,3,pearson,0.7970097394338514,0.7970097394338514,29528,0,1,3,train
36,35,Patv_raw,trend_ma18,trend,18.0,3,pearson,0.8031102573399124,0.8031102573399124,30343,0,1,3,train
37,36,Patv_raw,trend_ma18,trend,18.0,3,pearson,0.818345898977854,0.818345898977854,30333,0,1,3,train
38,37,Patv_raw,trend_ma18,trend,18.0,3,pearson,0.815677324794953,0.815677324794953,30910,0,1,3,train
39,38,Patv_raw,trend_ma18,trend,18.0,3,pearson,0.8120398652606464,0.8120398652606464,30497,0,1,3,train
40,39,Patv_raw,trend_ma18,trend,18.0,3,pearson,0.7957340364691176,0.7957340364691176,30839,0,1,3,train
41,40,Patv_raw,trend_ma18,trend,18.0,3,pearson,0.7941099965844478,0.7941099965844478,29220,0,1,3,train
42,41,Patv_raw,trend_ma18,trend,18.0,3,pearson,0.7956925130454199,0.7956925130454199,30050,0,1,3,train
43,42,Patv_raw,trend_ma18,trend,18.0,3,pearson,0.8085871881513462,0.8085871881513462,30543,0,1,3,train
44,43,Patv_raw,trend_ma18,trend,18.0,3,pearson,0.7965602941469088,0.7965602941469088,28886,0,1,3,train
45,44,Patv_raw,trend_ma18,trend,18.0,3,pearson,0.7948401201078702,0.7948401201078702,29914,0,1,3,train
46,45,Patv_raw,trend_ma18,trend,18.0,3,pearson,0.7972559759469273,0.7972559759469273,29243,0,1,3,train
47,46,Patv_raw,trend_ma18,trend,18.0,3,pearson,0.7981543156649049,0.7981543156649049,29483,0,1,3,train
48,47,Patv_raw,trend_ma18,trend,18.0,3,pearson,0.8027773644698917,0.8027773644698917,30423,0,1,3,train
49,48,Patv_raw,trend_ma18,trend,18.0,3,pearson,0.814177102456751,0.814177102456751,32103,0,1,3,train
50,49,Patv_raw,trend_ma18,trend,18.0,3,pearson,0.8073369322622329,0.8073369322622329,30186,0,1,3,train
51,50,Patv_raw,trend_ma18,trend,18.0,3,pearson,0.8257041174050388,0.8257041174050388,30970,0,1,3,train
52,51,Patv_raw,trend_ma18,trend,18.0,3,pearson,0.7941754396094328,0.7941754396094328,28487,0,1,3,train
53,52,Patv_raw,trend_ma18,trend,18.0,3,pearson,0.8226576640381539,0.8226576640381539,31302,0,1,3,train
54,53,Patv_raw,trend_ma18,trend,18.0,3,pearson,0.8179083539371617,0.8179083539371617,31257,0,1,3,train
55,54,Patv_raw,trend_ma18,trend,18.0,3,pearson,0.8116278090492806,0.8116278090492806,30136,0,1,3,train
56,55,Patv_raw,trend_ma18,trend,18.0,3,pearson,0.7986108152322274,0.7986108152322274,28935,0,1,3,train
57,56,Patv_raw,trend_ma18,trend,18.0,3,pearson,0.8109478778201971,0.8109478778201971,31229,0,1,3,train
58,57,Patv_raw,trend_ma18,trend,18.0,3,pearson,0.8282153569363281,0.8282153569363281,32973,0,1,3,train
59,58,Patv_raw,trend_ma18,trend,18.0,3,pearson,0.8036563159554151,0.8036563159554151,29408,0,1,3,train
60,59,Patv_raw,trend_ma18,trend,18.0,3,pearson,0.790232619292188,0.790232619292188,29913,0,1,3,train
61,60,Patv_raw,trend_ma18,trend,18.0,3,pearson,0.7900939545614881,0.7900939545614881,29219,0,1,3,train
62,61,Patv_raw,trend_ma18,trend,18.0,3,pearson,0.8157935360657826,0.8157935360657826,31769,0,1,3,train
63,62,Patv_raw,trend_ma18,trend,18.0,3,pearson,0.8121521610898592,0.8121521610898592,30311,0,1,3,train
64,63,Patv_raw,trend_ma18,trend,18.0,3,pearson,0.7926754871782454,0.7926754871782454,29208,0,1,3,train
65,64,Patv_raw,trend_ma18,trend,18.0,3,pearson,0.790003397281391,0.790003397281391,30083,0,1,3,train
66,65,Patv_raw,trend_ma18,trend,18.0,3,pearson,0.7968927642036598,0.7968927642036598,30481,0,1,3,train
67,66,Patv_raw,trend_ma18,trend,18.0,3,pearson,0.791814294146949,0.791814294146949,31381,0,1,3,train
68,67,Patv_raw,trend_ma18,trend,18.0,3,pearson,0.7975305831929966,0.7975305831929966,30835,0,1,3,train
69,68,Patv_raw,trend_ma18,trend,18.0,3,pearson,0.7993377461920192,0.7993377461920192,30008,0,1,3,train
70,69,Patv_raw,trend_ma18,trend,18.0,3,pearson,0.8077713988100114,0.8077713988100114,30090,0,1,3,train
71,70,Patv_raw,trend_ma18,trend,18.0,3,pearson,0.8256253389574055,0.8256253389574055,33114,0,1,3,train
72,71,Patv_raw,trend_ma18,trend,18.0,3,pearson,0.8042075619245975,0.8042075619245975,29834,0,1,3,train
73,72,Patv_raw,trend_ma18,trend,18.0,3,pearson,0.8207549495306202,0.8207549495306202,31865,0,1,3,train
74,73,Patv_raw,trend_ma18,trend,18.0,3,pearson,0.8144743264929498,0.8144743264929498,30577,0,1,3,train
75,74,Patv_raw,trend_ma18,trend,18.0,3,pearson,0.8118873625095384,0.8118873625095384,29973,0,1,3,train
76,75,Patv_raw,trend_ma18,trend,18.0,3,pearson,0.8211938809126782,0.8211938809126782,30402,0,1,3,train
77,76,Patv_raw,trend_ma18,trend,18.0,3,pearson,0.8128504245626249,0.8128504245626249,30052,0,1,3,train
78,77,Patv_raw,trend_ma18,trend,18.0,3,pearson,0.8035174529729097,0.8035174529729097,29155,0,1,3,train
79,78,Patv_raw,trend_ma18,trend,18.0,3,pearson,0.8061928746316015,0.8061928746316015,29173,0,1,3,train
80,79,Patv_raw,trend_ma18,trend,18.0,3,pearson,0.813765135295832,0.813765135295832,30280,0,1,3,train
81,80,Patv_raw,trend_ma18,trend,18.0,3,pearson,0.8250949532077061,0.8250949532077061,30245,0,1,3,train
82,81,Patv_raw,trend_ma18,trend,18.0,3,pearson,0.8119939140230326,0.8119939140230326,28850,0,1,3,train
83,82,Patv_raw,trend_ma18,trend,18.0,3,pearson,0.8358606252297524,0.8358606252297524,29517,0,1,3,train
84,83,Patv_raw,trend_ma18,trend,18.0,3,pearson,0.8256497693078383,0.8256497693078383,33294,0,1,3,train
85,84,Patv_raw,trend_ma18,trend,18.0,3,pearson,0.8135797972101668,0.8135797972101668,29298,0,1,3,train
86,85,Patv_raw,trend_ma18,trend,18.0,3,pearson,0.8012358236185565,0.8012358236185565,30487,0,1,3,train
87,86,Patv_raw,trend_ma18,trend,18.0,3,pearson,0.8092576787592862,0.8092576787592862,32994,0,1,3,train
88,87,Patv_raw,trend_ma18,trend,18.0,3,pearson,0.7849747360050897,0.7849747360050897,29646,0,1,3,train
89,88,Patv_raw,trend_ma18,trend,18.0,3,pearson,0.8091099803569732,0.8091099803569732,30050,0,1,3,train
90,89,Patv_raw,trend_ma18,trend,18.0,3,pearson,0.7873250417990391,0.7873250417990391,30198,0,1,3,train
91,90,Patv_raw,trend_ma18,trend,18.0,3,pearson,0.7942802398464064,0.7942802398464064,30125,0,1,3,train
92,91,Patv_raw,trend_ma18,trend,18.0,3,pearson,0.7954553106630526,0.7954553106630526,29349,0,1,3,train
93,92,Patv_raw,trend_ma18,trend,18.0,3,pearson,0.8006136510911581,0.8006136510911581,28320,0,1,3,train
94,93,Patv_raw,trend_ma18,trend,18.0,3,pearson,0.8011477651151446,0.8011477651151446,29512,0,1,3,train
95,94,Patv_raw,trend_ma18,trend,18.0,3,pearson,0.8020018996182087,0.8020018996182087,28957,0,1,3,train
96,95,Patv_raw,trend_ma18,trend,18.0,3,pearson,0.7993266820350732,0.7993266820350732,27473,0,1,3,train
97,96,Patv_raw,trend_ma18,trend,18.0,3,pearson,0.7986911102937992,0.7986911102937992,28205,0,1,3,train
98,97,Patv_raw,trend_ma18,trend,18.0,3,pearson,0.8122985365235575,0.8122985365235575,31043,0,1,3,train
99,98,Patv_raw,trend_ma18,trend,18.0,3,pearson,0.8292307132709179,0.8292307132709179,32213,0,1,3,train
100,99,Patv_raw,trend_ma18,trend,18.0,3,pearson,0.8239511452028342,0.8239511452028342,29233,0,1,3,train
101,100,Patv_raw,trend_ma18,trend,18.0,3,pearson,0.8008393870644561,0.8008393870644561,29750,0,1,3,train
102,101,Patv_raw,trend_ma18,trend,18.0,3,pearson,0.8059711809961734,0.8059711809961734,28743,0,1,3,train
103,102,Patv_raw,trend_ma18,trend,18.0,3,pearson,0.8098246726649505,0.8098246726649505,31315,0,1,3,train
104,103,Patv_raw,trend_ma18,trend,18.0,3,pearson,0.7937137651734277,0.7937137651734277,29572,0,1,3,train
105,104,Patv_raw,trend_ma18,trend,18.0,3,pearson,0.7924964802515394,0.7924964802515394,29948,0,1,3,train
106,105,Patv_raw,trend_ma18,trend,18.0,3,pearson,0.8050729118569137,0.8050729118569137,28783,0,1,3,train
107,106,Patv_raw,trend_ma18,trend,18.0,3,pearson,0.8000978165232976,0.8000978165232976,31016,0,1,3,train
108,107,Patv_raw,trend_ma18,trend,18.0,3,pearson,0.8022121810232666,0.8022121810232666,28794,0,1,3,train
109,108,Patv_raw,trend_ma18,trend,18.0,3,pearson,0.7786393717631613,0.7786393717631613,30329,0,1,3,train
110,109,Patv_raw,trend_ma18,trend,18.0,3,pearson,0.7909549413145188,0.7909549413145188,30401,0,1,3,train
111,110,Patv_raw,trend_ma18,trend,18.0,3,pearson,0.7891453682123019,0.7891453682123019,30249,0,1,3,train
112,111,Patv_raw,trend_ma18,trend,18.0,3,pearson,0.7887312859449267,0.7887312859449267,29372,0,1,3,train
113,112,Patv_raw,trend_ma18,trend,18.0,3,pearson,0.7922083710207283,0.7922083710207283,29832,0,1,3,train
114,113,Patv_raw,trend_ma18,trend,18.0,3,pearson,0.8103810759266159,0.8103810759266159,29142,0,1,3,train
115,114,Patv_raw,trend_ma18,trend,18.0,3,pearson,0.7976456325697785,0.7976456325697785,27789,0,1,3,train
116,115,Patv_raw,trend_ma18,trend,18.0,3,pearson,0.7921325435650727,0.7921325435650727,28485,0,1,3,train
117,116,Patv_raw,trend_ma18,trend,18.0,3,pearson,0.7985377717676487,0.7985377717676487,28767,0,1,3,train
118,117,Patv_raw,trend_ma18,trend,18.0,3,pearson,0.793424941631938,0.793424941631938,29195,0,1,3,train
119,118,Patv_raw,trend_ma18,trend,18.0,3,pearson,0.8119772605351115,0.8119772605351115,30690,0,1,3,train
120,119,Patv_raw,trend_ma18,trend,18.0,3,pearson,0.7990267269303483,0.7990267269303483,30063,0,1,3,train
121,120,Patv_raw,trend_ma18,trend,18.0,3,pearson,0.8031502135851292,0.8031502135851292,30415,0,1,3,train
122,121,Patv_raw,trend_ma18,trend,18.0,3,pearson,0.7959909867805478,0.7959909867805478,28427,0,1,3,train
123,122,Patv_raw,trend_ma18,trend,18.0,3,pearson,0.7806346214779564,0.7806346214779564,28443,0,1,3,train
124,123,Patv_raw,trend_ma18,trend,18.0,3,pearson,0.8116897114159902,0.8116897114159902,28425,0,1,3,train
125,124,Patv_raw,trend_ma18,trend,18.0,3,pearson,0.8003829850716468,0.8003829850716468,28949,0,1,3,train
126,125,Patv_raw,trend_ma18,trend,18.0,3,pearson,0.7881401258613484,0.7881401258613484,29371,0,1,3,train
127,126,Patv_raw,trend_ma18,trend,18.0,3,pearson,0.7891179287111393,0.7891179287111393,29991,0,1,3,train
128,127,Patv_raw,trend_ma18,trend,18.0,3,pearson,0.795852706732051,0.795852706732051,30183,0,1,3,train
129,128,Patv_raw,trend_ma18,trend,18.0,3,pearson,0.7876084200830752,0.7876084200830752,30740,0,1,3,train
130,129,Patv_raw,trend_ma18,trend,18.0,3,pearson,0.7839103710377734,0.7839103710377734,30024,0,1,3,train
131,130,Patv_raw,trend_ma18,trend,18.0,3,pearson,0.7919001177970985,0.7919001177970985,30193,0,1,3,train
132,131,Patv_raw,trend_ma18,trend,18.0,3,pearson,0.7939029760994729,0.7939029760994729,31804,0,1,3,train
133,132,Patv_raw,trend_ma18,trend,18.0,3,pearson,0.7763236059396793,0.7763236059396793,28682,0,1,3,train
134,133,Patv_raw,trend_ma18,trend,18.0,3,pearson,0.7996007656419224,0.7996007656419224,31409,0,1,3,train
1,0,Patv_raw,trend_ma18,trend,18.0,6,pearson,0.787634425447927,0.787634425447927,30720,0,1,6,train
2,1,Patv_raw,trend_ma18,trend,18.0,6,pearson,0.7793361131207839,0.7793361131207839,30763,0,1,6,train
3,2,Patv_raw,trend_ma18,trend,18.0,6,pearson,0.7854149336745123,0.7854149336745123,30824,0,1,6,train
4,3,Patv_raw,trend_ma18,trend,18.0,6,pearson,0.7797063204552163,0.7797063204552163,31044,0,1,6,train
5,4,Patv_raw,trend_ma18,trend,18.0,6,pearson,0.8027651177732408,0.8027651177732408,32150,0,1,6,train
6,5,Patv_raw,trend_ma18,trend,18.0,6,pearson,0.7978250781684484,0.7978250781684484,31382,0,1,6,train
7,6,Patv_raw,trend_ma18,trend,18.0,6,pearson,0.803320557638297,0.803320557638297,32009,0,1,6,train
8,7,Patv_raw,trend_ma18,trend,18.0,6,pearson,0.7998532471541551,0.7998532471541551,31868,0,1,6,train
9,8,Patv_raw,trend_ma18,trend,18.0,6,pearson,0.7913752870656716,0.7913752870656716,31159,0,1,6,train
10,9,Patv_raw,trend_ma18,trend,18.0,6,pearson,0.8062482207816802,0.8062482207816802,31520,0,1,6,train
11,10,Patv_raw,trend_ma18,trend,18.0,6,pearson,0.7932083167818146,0.7932083167818146,31412,0,1,6,train
12,11,Patv_raw,trend_ma18,trend,18.0,6,pearson,0.7989644875483681,0.7989644875483681,31182,0,1,6,train
13,12,Patv_raw,trend_ma18,trend,18.0,6,pearson,0.7942950404837804,0.7942950404837804,31400,0,1,6,train
14,13,Patv_raw,trend_ma18,trend,18.0,6,pearson,0.8063565208151111,0.8063565208151111,32309,0,1,6,train
15,14,Patv_raw,trend_ma18,trend,18.0,6,pearson,0.7974294816985531,0.7974294816985531,31297,0,1,6,train
16,15,Patv_raw,trend_ma18,trend,18.0,6,pearson,0.7958204541219149,0.7958204541219149,30995,0,1,6,train
17,16,Patv_raw,trend_ma18,trend,18.0,6,pearson,0.782659788579559,0.782659788579559,31457,0,1,6,train
18,17,Patv_raw,trend_ma18,trend,18.0,6,pearson,0.8077110727622369,0.8077110727622369,32084,0,1,6,train
19,18,Patv_raw,trend_ma18,trend,18.0,6,pearson,0.7731294640459991,0.7731294640459991,31380,0,1,6,train
20,19,Patv_raw,trend_ma18,trend,18.0,6,pearson,0.7741865640849016,0.7741865640849016,30508,0,1,6,train
21,20,Patv_raw,trend_ma18,trend,18.0,6,pearson,0.7771324935058895,0.7771324935058895,31502,0,1,6,train
22,21,Patv_raw,trend_ma18,trend,18.0,6,pearson,0.7859668438485321,0.7859668438485321,29954,0,1,6,train
23,22,Patv_raw,trend_ma18,trend,18.0,6,pearson,0.776817028566177,0.776817028566177,30760,0,1,6,train
24,23,Patv_raw,trend_ma18,trend,18.0,6,pearson,0.7779270314977916,0.7779270314977916,31286,0,1,6,train
25,24,Patv_raw,trend_ma18,trend,18.0,6,pearson,0.7788442700500076,0.7788442700500076,30849,0,1,6,train
26,25,Patv_raw,trend_ma18,trend,18.0,6,pearson,0.8026414687047165,0.8026414687047165,32522,0,1,6,train
27,26,Patv_raw,trend_ma18,trend,18.0,6,pearson,0.7840970150960176,0.7840970150960176,31902,0,1,6,train
28,27,Patv_raw,trend_ma18,trend,18.0,6,pearson,0.7941004333630273,0.7941004333630273,32906,0,1,6,train
29,28,Patv_raw,trend_ma18,trend,18.0,6,pearson,0.7810759698386371,0.7810759698386371,31356,0,1,6,train
30,29,Patv_raw,trend_ma18,trend,18.0,6,pearson,0.7907121274371337,0.7907121274371337,31894,0,1,6,train
31,30,Patv_raw,trend_ma18,trend,18.0,6,pearson,0.7882044051784586,0.7882044051784586,32089,0,1,6,train
32,31,Patv_raw,trend_ma18,trend,18.0,6,pearson,0.7841183783315633,0.7841183783315633,30695,0,1,6,train
33,32,Patv_raw,trend_ma18,trend,18.0,6,pearson,0.7861216247586542,0.7861216247586542,31302,0,1,6,train
34,33,Patv_raw,trend_ma18,trend,18.0,6,pearson,0.7821419857572895,0.7821419857572895,30735,0,1,6,train
35,34,Patv_raw,trend_ma18,trend,18.0,6,pearson,0.7778645874204594,0.7778645874204594,30367,0,1,6,train
36,35,Patv_raw,trend_ma18,trend,18.0,6,pearson,0.7828898358161736,0.7828898358161736,31216,0,1,6,train
37,36,Patv_raw,trend_ma18,trend,18.0,6,pearson,0.7982372781769725,0.7982372781769725,30972,0,1,6,train
38,37,Patv_raw,trend_ma18,trend,18.0,6,pearson,0.7972709357443808,0.7972709357443808,31806,0,1,6,train
39,38,Patv_raw,trend_ma18,trend,18.0,6,pearson,0.794271327994179,0.794271327994179,31489,0,1,6,train
40,39,Patv_raw,trend_ma18,trend,18.0,6,pearson,0.7754252426137166,0.7754252426137166,31840,0,1,6,train
41,40,Patv_raw,trend_ma18,trend,18.0,6,pearson,0.7718782157683906,0.7718782157683906,30090,0,1,6,train
42,41,Patv_raw,trend_ma18,trend,18.0,6,pearson,0.7752495372250657,0.7752495372250657,30904,0,1,6,train
43,42,Patv_raw,trend_ma18,trend,18.0,6,pearson,0.786999668274763,0.786999668274763,31395,0,1,6,train
44,43,Patv_raw,trend_ma18,trend,18.0,6,pearson,0.770302895606352,0.770302895606352,29474,0,1,6,train
45,44,Patv_raw,trend_ma18,trend,18.0,6,pearson,0.7754028479186567,0.7754028479186567,30794,0,1,6,train
46,45,Patv_raw,trend_ma18,trend,18.0,6,pearson,0.7767634966742853,0.7767634966742853,30055,0,1,6,train
47,46,Patv_raw,trend_ma18,trend,18.0,6,pearson,0.7773236425892817,0.7773236425892817,30326,0,1,6,train
48,47,Patv_raw,trend_ma18,trend,18.0,6,pearson,0.7830473666411681,0.7830473666411681,31324,0,1,6,train
49,48,Patv_raw,trend_ma18,trend,18.0,6,pearson,0.7935538658088294,0.7935538658088294,32820,0,1,6,train
50,49,Patv_raw,trend_ma18,trend,18.0,6,pearson,0.7873566105169572,0.7873566105169572,31074,0,1,6,train
51,50,Patv_raw,trend_ma18,trend,18.0,6,pearson,0.8057495430890512,0.8057495430890512,31808,0,1,6,train
52,51,Patv_raw,trend_ma18,trend,18.0,6,pearson,0.7742662929637903,0.7742662929637903,29355,0,1,6,train
53,52,Patv_raw,trend_ma18,trend,18.0,6,pearson,0.8046284942895409,0.8046284942895409,32104,0,1,6,train
54,53,Patv_raw,trend_ma18,trend,18.0,6,pearson,0.7995308423254961,0.7995308423254961,32220,0,1,6,train
55,54,Patv_raw,trend_ma18,trend,18.0,6,pearson,0.7929216706937945,0.7929216706937945,30964,0,1,6,train
56,55,Patv_raw,trend_ma18,trend,18.0,6,pearson,0.7792441220002597,0.7792441220002597,29719,0,1,6,train
57,56,Patv_raw,trend_ma18,trend,18.0,6,pearson,0.7930181950400764,0.7930181950400764,32033,0,1,6,train
58,57,Patv_raw,trend_ma18,trend,18.0,6,pearson,0.810568626585323,0.810568626585323,33670,0,1,6,train
59,58,Patv_raw,trend_ma18,trend,18.0,6,pearson,0.7827343823818609,0.7827343823818609,30275,0,1,6,train
60,59,Patv_raw,trend_ma18,trend,18.0,6,pearson,0.7706969419888988,0.7706969419888988,30852,0,1,6,train
61,60,Patv_raw,trend_ma18,trend,18.0,6,pearson,0.7690222818744533,0.7690222818744533,30077,0,1,6,train
62,61,Patv_raw,trend_ma18,trend,18.0,6,pearson,0.7953533229446234,0.7953533229446234,32485,0,1,6,train
63,62,Patv_raw,trend_ma18,trend,18.0,6,pearson,0.7905758932827065,0.7905758932827065,31160,0,1,6,train
64,63,Patv_raw,trend_ma18,trend,18.0,6,pearson,0.7693848581580838,0.7693848581580838,29916,0,1,6,train
65,64,Patv_raw,trend_ma18,trend,18.0,6,pearson,0.7665964471158015,0.7665964471158015,30990,0,1,6,train
66,65,Patv_raw,trend_ma18,trend,18.0,6,pearson,0.7760710894880916,0.7760710894880916,31393,0,1,6,train
67,66,Patv_raw,trend_ma18,trend,18.0,6,pearson,0.7702037277383803,0.7702037277383803,32314,0,1,6,train
68,67,Patv_raw,trend_ma18,trend,18.0,6,pearson,0.7759028240809518,0.7759028240809518,31671,0,1,6,train
69,68,Patv_raw,trend_ma18,trend,18.0,6,pearson,0.7751296810979187,0.7751296810979187,30883,0,1,6,train
70,69,Patv_raw,trend_ma18,trend,18.0,6,pearson,0.7851046860799583,0.7851046860799583,30985,0,1,6,train
71,70,Patv_raw,trend_ma18,trend,18.0,6,pearson,0.8041937672830913,0.8041937672830913,33846,0,1,6,train
72,71,Patv_raw,trend_ma18,trend,18.0,6,pearson,0.7826905035731467,0.7826905035731467,30784,0,1,6,train
73,72,Patv_raw,trend_ma18,trend,18.0,6,pearson,0.7996456674947645,0.7996456674947645,32690,0,1,6,train
74,73,Patv_raw,trend_ma18,trend,18.0,6,pearson,0.7927985477978822,0.7927985477978822,31405,0,1,6,train
75,74,Patv_raw,trend_ma18,trend,18.0,6,pearson,0.7903176283152121,0.7903176283152121,30863,0,1,6,train
76,75,Patv_raw,trend_ma18,trend,18.0,6,pearson,0.8005685406274601,0.8005685406274601,31344,0,1,6,train
77,76,Patv_raw,trend_ma18,trend,18.0,6,pearson,0.791211529617404,0.791211529617404,30914,0,1,6,train
78,77,Patv_raw,trend_ma18,trend,18.0,6,pearson,0.7824520558635443,0.7824520558635443,30035,0,1,6,train
79,78,Patv_raw,trend_ma18,trend,18.0,6,pearson,0.7861607799721306,0.7861607799721306,30102,0,1,6,train
80,79,Patv_raw,trend_ma18,trend,18.0,6,pearson,0.7936661625760884,0.7936661625760884,31140,0,1,6,train
81,80,Patv_raw,trend_ma18,trend,18.0,6,pearson,0.806959287589753,0.806959287589753,31081,0,1,6,train
82,81,Patv_raw,trend_ma18,trend,18.0,6,pearson,0.7926661389754039,0.7926661389754039,29775,0,1,6,train
83,82,Patv_raw,trend_ma18,trend,18.0,6,pearson,0.8171938972087683,0.8171938972087683,30382,0,1,6,train
84,83,Patv_raw,trend_ma18,trend,18.0,6,pearson,0.8060273603836491,0.8060273603836491,34043,0,1,6,train
85,84,Patv_raw,trend_ma18,trend,18.0,6,pearson,0.7942715710203245,0.7942715710203245,30163,0,1,6,train
86,85,Patv_raw,trend_ma18,trend,18.0,6,pearson,0.7801166092012096,0.7801166092012096,31353,0,1,6,train
87,86,Patv_raw,trend_ma18,trend,18.0,6,pearson,0.7860699674883584,0.7860699674883584,33692,0,1,6,train
88,87,Patv_raw,trend_ma18,trend,18.0,6,pearson,0.7643934313149097,0.7643934313149097,30520,0,1,6,train
89,88,Patv_raw,trend_ma18,trend,18.0,6,pearson,0.7861945658847117,0.7861945658847117,30906,0,1,6,train
90,89,Patv_raw,trend_ma18,trend,18.0,6,pearson,0.7633790547859254,0.7633790547859254,31000,0,1,6,train
91,90,Patv_raw,trend_ma18,trend,18.0,6,pearson,0.772401715584811,0.772401715584811,31108,0,1,6,train
92,91,Patv_raw,trend_ma18,trend,18.0,6,pearson,0.7740900811883523,0.7740900811883523,30357,0,1,6,train
93,92,Patv_raw,trend_ma18,trend,18.0,6,pearson,0.7800681851098632,0.7800681851098632,29312,0,1,6,train
94,93,Patv_raw,trend_ma18,trend,18.0,6,pearson,0.7787234416867344,0.7787234416867344,30407,0,1,6,train
95,94,Patv_raw,trend_ma18,trend,18.0,6,pearson,0.7792650859164761,0.7792650859164761,29981,0,1,6,train
96,95,Patv_raw,trend_ma18,trend,18.0,6,pearson,0.777392742279983,0.777392742279983,28328,0,1,6,train
97,96,Patv_raw,trend_ma18,trend,18.0,6,pearson,0.7763747425707449,0.7763747425707449,29196,0,1,6,train
98,97,Patv_raw,trend_ma18,trend,18.0,6,pearson,0.7907349222195602,0.7907349222195602,31900,0,1,6,train
99,98,Patv_raw,trend_ma18,trend,18.0,6,pearson,0.8090640492952816,0.8090640492952816,33148,0,1,6,train
100,99,Patv_raw,trend_ma18,trend,18.0,6,pearson,0.803395444401404,0.803395444401404,30174,0,1,6,train
101,100,Patv_raw,trend_ma18,trend,18.0,6,pearson,0.7788521154691299,0.7788521154691299,30664,0,1,6,train
102,101,Patv_raw,trend_ma18,trend,18.0,6,pearson,0.7857304680528769,0.7857304680528769,29767,0,1,6,train
103,102,Patv_raw,trend_ma18,trend,18.0,6,pearson,0.7888102972470126,0.7888102972470126,32160,0,1,6,train
104,103,Patv_raw,trend_ma18,trend,18.0,6,pearson,0.7712051248853985,0.7712051248853985,30428,0,1,6,train
105,104,Patv_raw,trend_ma18,trend,18.0,6,pearson,0.7721014443904375,0.7721014443904375,30988,0,1,6,train
106,105,Patv_raw,trend_ma18,trend,18.0,6,pearson,0.7820682401195583,0.7820682401195583,29522,0,1,6,train
107,106,Patv_raw,trend_ma18,trend,18.0,6,pearson,0.7770376937249229,0.7770376937249229,31853,0,1,6,train
108,107,Patv_raw,trend_ma18,trend,18.0,6,pearson,0.7798770270687442,0.7798770270687442,29768,0,1,6,train
109,108,Patv_raw,trend_ma18,trend,18.0,6,pearson,0.7543460499752292,0.7543460499752292,31209,0,1,6,train
110,109,Patv_raw,trend_ma18,trend,18.0,6,pearson,0.7675375043380883,0.7675375043380883,31334,0,1,6,train
111,110,Patv_raw,trend_ma18,trend,18.0,6,pearson,0.7677618874040354,0.7677618874040354,31113,0,1,6,train
112,111,Patv_raw,trend_ma18,trend,18.0,6,pearson,0.7660879548411127,0.7660879548411127,30362,0,1,6,train
113,112,Patv_raw,trend_ma18,trend,18.0,6,pearson,0.7688881785949606,0.7688881785949606,30740,0,1,6,train
114,113,Patv_raw,trend_ma18,trend,18.0,6,pearson,0.7884903590375368,0.7884903590375368,30048,0,1,6,train
115,114,Patv_raw,trend_ma18,trend,18.0,6,pearson,0.7771896732966632,0.7771896732966632,28893,0,1,6,train
116,115,Patv_raw,trend_ma18,trend,18.0,6,pearson,0.7684176672357432,0.7684176672357432,29448,0,1,6,train
117,116,Patv_raw,trend_ma18,trend,18.0,6,pearson,0.7774478974241886,0.7774478974241886,29939,0,1,6,train
118,117,Patv_raw,trend_ma18,trend,18.0,6,pearson,0.7706639353743778,0.7706639353743778,30145,0,1,6,train
119,118,Patv_raw,trend_ma18,trend,18.0,6,pearson,0.789595578123396,0.789595578123396,31515,0,1,6,train
120,119,Patv_raw,trend_ma18,trend,18.0,6,pearson,0.7764852724141966,0.7764852724141966,30981,0,1,6,train
121,120,Patv_raw,trend_ma18,trend,18.0,6,pearson,0.7809200529526125,0.7809200529526125,31338,0,1,6,train
122,121,Patv_raw,trend_ma18,trend,18.0,6,pearson,0.7746341411133956,0.7746341411133956,29506,0,1,6,train
123,122,Patv_raw,trend_ma18,trend,18.0,6,pearson,0.7571369188254093,0.7571369188254093,29246,0,1,6,train
124,123,Patv_raw,trend_ma18,trend,18.0,6,pearson,0.7897139526106364,0.7897139526106364,29520,0,1,6,train
125,124,Patv_raw,trend_ma18,trend,18.0,6,pearson,0.7780793486985309,0.7780793486985309,29817,0,1,6,train
126,125,Patv_raw,trend_ma18,trend,18.0,6,pearson,0.7641258130614764,0.7641258130614764,30359,0,1,6,train
127,126,Patv_raw,trend_ma18,trend,18.0,6,pearson,0.7648764427833056,0.7648764427833056,30810,0,1,6,train
128,127,Patv_raw,trend_ma18,trend,18.0,6,pearson,0.7717890422478506,0.7717890422478506,30990,0,1,6,train
129,128,Patv_raw,trend_ma18,trend,18.0,6,pearson,0.7638559706555401,0.7638559706555401,31532,0,1,6,train
130,129,Patv_raw,trend_ma18,trend,18.0,6,pearson,0.7597262024725678,0.7597262024725678,30926,0,1,6,train
131,130,Patv_raw,trend_ma18,trend,18.0,6,pearson,0.7673870765204364,0.7673870765204364,30994,0,1,6,train
132,131,Patv_raw,trend_ma18,trend,18.0,6,pearson,0.7708012363362753,0.7708012363362753,32705,0,1,6,train
133,132,Patv_raw,trend_ma18,trend,18.0,6,pearson,0.7493167944968764,0.7493167944968764,29494,0,1,6,train
134,133,Patv_raw,trend_ma18,trend,18.0,6,pearson,0.7766631718973777,0.7766631718973777,32313,0,1,6,train
1,0,Patv_raw,trend_ma18,trend,18.0,10,pearson,0.7600249609000019,0.7600249609000019,31597,0,1,10,train
2,1,Patv_raw,trend_ma18,trend,18.0,10,pearson,0.7527961248685643,0.7527961248685643,31669,0,1,10,train
3,2,Patv_raw,trend_ma18,trend,18.0,10,pearson,0.7568639927318873,0.7568639927318873,31621,0,1,10,train
4,3,Patv_raw,trend_ma18,trend,18.0,10,pearson,0.7514365045762924,0.7514365045762924,31941,0,1,10,train
5,4,Patv_raw,trend_ma18,trend,18.0,10,pearson,0.7754584587839146,0.7754584587839146,32949,0,1,10,train
6,5,Patv_raw,trend_ma18,trend,18.0,10,pearson,0.7713446721300823,0.7713446721300823,32278,0,1,10,train
7,6,Patv_raw,trend_ma18,trend,18.0,10,pearson,0.7781488476613323,0.7781488476613323,32999,0,1,10,train
8,7,Patv_raw,trend_ma18,trend,18.0,10,pearson,0.7747626573432204,0.7747626573432204,32767,0,1,10,train
9,8,Patv_raw,trend_ma18,trend,18.0,10,pearson,0.7645590952444853,0.7645590952444853,32032,0,1,10,train
10,9,Patv_raw,trend_ma18,trend,18.0,10,pearson,0.7806748996085685,0.7806748996085685,32394,0,1,10,train
11,10,Patv_raw,trend_ma18,trend,18.0,10,pearson,0.7656331174981732,0.7656331174981732,32307,0,1,10,train
12,11,Patv_raw,trend_ma18,trend,18.0,10,pearson,0.7722846723437353,0.7722846723437353,32008,0,1,10,train
13,12,Patv_raw,trend_ma18,trend,18.0,10,pearson,0.7672750720555008,0.7672750720555008,32202,0,1,10,train
14,13,Patv_raw,trend_ma18,trend,18.0,10,pearson,0.7829205434468002,0.7829205434468002,33075,0,1,10,train
15,14,Patv_raw,trend_ma18,trend,18.0,10,pearson,0.7724378285663231,0.7724378285663231,32144,0,1,10,train
16,15,Patv_raw,trend_ma18,trend,18.0,10,pearson,0.7693128051885462,0.7693128051885462,31807,0,1,10,train
17,16,Patv_raw,trend_ma18,trend,18.0,10,pearson,0.7547513817293462,0.7547513817293462,32292,0,1,10,train
18,17,Patv_raw,trend_ma18,trend,18.0,10,pearson,0.7827682804300286,0.7827682804300286,32792,0,1,10,train
19,18,Patv_raw,trend_ma18,trend,18.0,10,pearson,0.7454364674940003,0.7454364674940003,32311,0,1,10,train
20,19,Patv_raw,trend_ma18,trend,18.0,10,pearson,0.7448464931011254,0.7448464931011254,31301,0,1,10,train
21,20,Patv_raw,trend_ma18,trend,18.0,10,pearson,0.750603054219802,0.750603054219802,32356,0,1,10,train
22,21,Patv_raw,trend_ma18,trend,18.0,10,pearson,0.7605013554778463,0.7605013554778463,30732,0,1,10,train
23,22,Patv_raw,trend_ma18,trend,18.0,10,pearson,0.7502255142941172,0.7502255142941172,31641,0,1,10,train
24,23,Patv_raw,trend_ma18,trend,18.0,10,pearson,0.7514953987396448,0.7514953987396448,32195,0,1,10,train
25,24,Patv_raw,trend_ma18,trend,18.0,10,pearson,0.753251336104486,0.753251336104486,31674,0,1,10,train
26,25,Patv_raw,trend_ma18,trend,18.0,10,pearson,0.7771027880652688,0.7771027880652688,33250,0,1,10,train
27,26,Patv_raw,trend_ma18,trend,18.0,10,pearson,0.7585588649149004,0.7585588649149004,32874,0,1,10,train
28,27,Patv_raw,trend_ma18,trend,18.0,10,pearson,0.7694346685096191,0.7694346685096191,33649,0,1,10,train
29,28,Patv_raw,trend_ma18,trend,18.0,10,pearson,0.754425126340543,0.754425126340543,32221,0,1,10,train
30,29,Patv_raw,trend_ma18,trend,18.0,10,pearson,0.7653937520742929,0.7653937520742929,32782,0,1,10,train
31,30,Patv_raw,trend_ma18,trend,18.0,10,pearson,0.7626309591154254,0.7626309591154254,33000,0,1,10,train
32,31,Patv_raw,trend_ma18,trend,18.0,10,pearson,0.7587373009527503,0.7587373009527503,31571,0,1,10,train
33,32,Patv_raw,trend_ma18,trend,18.0,10,pearson,0.7592668401968782,0.7592668401968782,32220,0,1,10,train
34,33,Patv_raw,trend_ma18,trend,18.0,10,pearson,0.7564493147429182,0.7564493147429182,31604,0,1,10,train
35,34,Patv_raw,trend_ma18,trend,18.0,10,pearson,0.7527227028815799,0.7527227028815799,31161,0,1,10,train
36,35,Patv_raw,trend_ma18,trend,18.0,10,pearson,0.7560910799725122,0.7560910799725122,32010,0,1,10,train
37,36,Patv_raw,trend_ma18,trend,18.0,10,pearson,0.7710977723856689,0.7710977723856689,31574,0,1,10,train
38,37,Patv_raw,trend_ma18,trend,18.0,10,pearson,0.7726051111674345,0.7726051111674345,32689,0,1,10,train
39,38,Patv_raw,trend_ma18,trend,18.0,10,pearson,0.7694878496415186,0.7694878496415186,32472,0,1,10,train
40,39,Patv_raw,trend_ma18,trend,18.0,10,pearson,0.7478719260923582,0.7478719260923582,32767,0,1,10,train
41,40,Patv_raw,trend_ma18,trend,18.0,10,pearson,0.7434564834278525,0.7434564834278525,30949,0,1,10,train
42,41,Patv_raw,trend_ma18,trend,18.0,10,pearson,0.7479872511889607,0.7479872511889607,31760,0,1,10,train
43,42,Patv_raw,trend_ma18,trend,18.0,10,pearson,0.7592889314298639,0.7592889314298639,32244,0,1,10,train
44,43,Patv_raw,trend_ma18,trend,18.0,10,pearson,0.7387595450399159,0.7387595450399159,30073,0,1,10,train
45,44,Patv_raw,trend_ma18,trend,18.0,10,pearson,0.750060248645475,0.750060248645475,31669,0,1,10,train
46,45,Patv_raw,trend_ma18,trend,18.0,10,pearson,0.7499099746427029,0.7499099746427029,30838,0,1,10,train
47,46,Patv_raw,trend_ma18,trend,18.0,10,pearson,0.7492424797708135,0.7492424797708135,31226,0,1,10,train
48,47,Patv_raw,trend_ma18,trend,18.0,10,pearson,0.7562410475853558,0.7562410475853558,32226,0,1,10,train
49,48,Patv_raw,trend_ma18,trend,18.0,10,pearson,0.7659418695200814,0.7659418695200814,33515,0,1,10,train
50,49,Patv_raw,trend_ma18,trend,18.0,10,pearson,0.7601012354558443,0.7601012354558443,31928,0,1,10,train
51,50,Patv_raw,trend_ma18,trend,18.0,10,pearson,0.7785887790970869,0.7785887790970869,32601,0,1,10,train
52,51,Patv_raw,trend_ma18,trend,18.0,10,pearson,0.7468264287558117,0.7468264287558117,30187,0,1,10,train
53,52,Patv_raw,trend_ma18,trend,18.0,10,pearson,0.7782232591342391,0.7782232591342391,32895,0,1,10,train
54,53,Patv_raw,trend_ma18,trend,18.0,10,pearson,0.7742040102630666,0.7742040102630666,33151,0,1,10,train
55,54,Patv_raw,trend_ma18,trend,18.0,10,pearson,0.7667010994894479,0.7667010994894479,31784,0,1,10,train
56,55,Patv_raw,trend_ma18,trend,18.0,10,pearson,0.7518270802692026,0.7518270802692026,30472,0,1,10,train
57,56,Patv_raw,trend_ma18,trend,18.0,10,pearson,0.7673460095579828,0.7673460095579828,32842,0,1,10,train
58,57,Patv_raw,trend_ma18,trend,18.0,10,pearson,0.7856187899484625,0.7856187899484625,34331,0,1,10,train
59,58,Patv_raw,trend_ma18,trend,18.0,10,pearson,0.7540328196440635,0.7540328196440635,31138,0,1,10,train
60,59,Patv_raw,trend_ma18,trend,18.0,10,pearson,0.7434439496803812,0.7434439496803812,31755,0,1,10,train
61,60,Patv_raw,trend_ma18,trend,18.0,10,pearson,0.7408500006633965,0.7408500006633965,30906,0,1,10,train
62,61,Patv_raw,trend_ma18,trend,18.0,10,pearson,0.7686494444001519,0.7686494444001519,33140,0,1,10,train
63,62,Patv_raw,trend_ma18,trend,18.0,10,pearson,0.762548115865478,0.762548115865478,31988,0,1,10,train
64,63,Patv_raw,trend_ma18,trend,18.0,10,pearson,0.7404051155141441,0.7404051155141441,30633,0,1,10,train
65,64,Patv_raw,trend_ma18,trend,18.0,10,pearson,0.7362109658024956,0.7362109658024956,31872,0,1,10,train
66,65,Patv_raw,trend_ma18,trend,18.0,10,pearson,0.7482016326204648,0.7482016326204648,32284,0,1,10,train
67,66,Patv_raw,trend_ma18,trend,18.0,10,pearson,0.7426529662996879,0.7426529662996879,33189,0,1,10,train
68,67,Patv_raw,trend_ma18,trend,18.0,10,pearson,0.7484758181821763,0.7484758181821763,32502,0,1,10,train
69,68,Patv_raw,trend_ma18,trend,18.0,10,pearson,0.7438114465593683,0.7438114465593683,31765,0,1,10,train
70,69,Patv_raw,trend_ma18,trend,18.0,10,pearson,0.755602230432567,0.755602230432567,31928,0,1,10,train
71,70,Patv_raw,trend_ma18,trend,18.0,10,pearson,0.7757892308271487,0.7757892308271487,34474,0,1,10,train
72,71,Patv_raw,trend_ma18,trend,18.0,10,pearson,0.7543411430034608,0.7543411430034608,31753,0,1,10,train
73,72,Patv_raw,trend_ma18,trend,18.0,10,pearson,0.7719930196316168,0.7719930196316168,33512,0,1,10,train
74,73,Patv_raw,trend_ma18,trend,18.0,10,pearson,0.7647921258001062,0.7647921258001062,32261,0,1,10,train
75,74,Patv_raw,trend_ma18,trend,18.0,10,pearson,0.761162536027318,0.761162536027318,31694,0,1,10,train
76,75,Patv_raw,trend_ma18,trend,18.0,10,pearson,0.7719053630791791,0.7719053630791791,32166,0,1,10,train
77,76,Patv_raw,trend_ma18,trend,18.0,10,pearson,0.7624460492964512,0.7624460492964512,31736,0,1,10,train
78,77,Patv_raw,trend_ma18,trend,18.0,10,pearson,0.7535753094494492,0.7535753094494492,30844,0,1,10,train
79,78,Patv_raw,trend_ma18,trend,18.0,10,pearson,0.7591963498289231,0.7591963498289231,31045,0,1,10,train
80,79,Patv_raw,trend_ma18,trend,18.0,10,pearson,0.7663077335012691,0.7663077335012691,31963,0,1,10,train
81,80,Patv_raw,trend_ma18,trend,18.0,10,pearson,0.7815540091506736,0.7815540091506736,31911,0,1,10,train
82,81,Patv_raw,trend_ma18,trend,18.0,10,pearson,0.7653410035856982,0.7653410035856982,30663,0,1,10,train
83,82,Patv_raw,trend_ma18,trend,18.0,10,pearson,0.7918497418931328,0.7918497418931328,31232,0,1,10,train
84,83,Patv_raw,trend_ma18,trend,18.0,10,pearson,0.7790945146847158,0.7790945146847158,34724,0,1,10,train
85,84,Patv_raw,trend_ma18,trend,18.0,10,pearson,0.7677139695094637,0.7677139695094637,31022,0,1,10,train
86,85,Patv_raw,trend_ma18,trend,18.0,10,pearson,0.7517280902777052,0.7517280902777052,32170,0,1,10,train
87,86,Patv_raw,trend_ma18,trend,18.0,10,pearson,0.7571664937486416,0.7571664937486416,34279,0,1,10,train
88,87,Patv_raw,trend_ma18,trend,18.0,10,pearson,0.7374049335208186,0.7374049335208186,31356,0,1,10,train
89,88,Patv_raw,trend_ma18,trend,18.0,10,pearson,0.7562286136244017,0.7562286136244017,31780,0,1,10,train
90,89,Patv_raw,trend_ma18,trend,18.0,10,pearson,0.7331129706729397,0.7331129706729397,31791,0,1,10,train
91,90,Patv_raw,trend_ma18,trend,18.0,10,pearson,0.7439604826078531,0.7439604826078531,32072,0,1,10,train
92,91,Patv_raw,trend_ma18,trend,18.0,10,pearson,0.745963644569063,0.745963644569063,31353,0,1,10,train
93,92,Patv_raw,trend_ma18,trend,18.0,10,pearson,0.75148125371282,0.75148125371282,30256,0,1,10,train
94,93,Patv_raw,trend_ma18,trend,18.0,10,pearson,0.7505721899277117,0.7505721899277117,31257,0,1,10,train
95,94,Patv_raw,trend_ma18,trend,18.0,10,pearson,0.748950838661161,0.748950838661161,30927,0,1,10,train
96,95,Patv_raw,trend_ma18,trend,18.0,10,pearson,0.7476896994045691,0.7476896994045691,29133,0,1,10,train
97,96,Patv_raw,trend_ma18,trend,18.0,10,pearson,0.7455065475214813,0.7455065475214813,30066,0,1,10,train
98,97,Patv_raw,trend_ma18,trend,18.0,10,pearson,0.7617757011989116,0.7617757011989116,32734,0,1,10,train
99,98,Patv_raw,trend_ma18,trend,18.0,10,pearson,0.7812811867712747,0.7812811867712747,33954,0,1,10,train
100,99,Patv_raw,trend_ma18,trend,18.0,10,pearson,0.77577151661537,0.77577151661537,31043,0,1,10,train
101,100,Patv_raw,trend_ma18,trend,18.0,10,pearson,0.7497456640225894,0.7497456640225894,31583,0,1,10,train
102,101,Patv_raw,trend_ma18,trend,18.0,10,pearson,0.7593736934541164,0.7593736934541164,30758,0,1,10,train
103,102,Patv_raw,trend_ma18,trend,18.0,10,pearson,0.7606804951790125,0.7606804951790125,32990,0,1,10,train
104,103,Patv_raw,trend_ma18,trend,18.0,10,pearson,0.7419529963553451,0.7419529963553451,31261,0,1,10,train
105,104,Patv_raw,trend_ma18,trend,18.0,10,pearson,0.7451410652644582,0.7451410652644582,31940,0,1,10,train
106,105,Patv_raw,trend_ma18,trend,18.0,10,pearson,0.7530037297685156,0.7530037297685156,30230,0,1,10,train
107,106,Patv_raw,trend_ma18,trend,18.0,10,pearson,0.7475507154649097,0.7475507154649097,32601,0,1,10,train
108,107,Patv_raw,trend_ma18,trend,18.0,10,pearson,0.7507279003819272,0.7507279003819272,30666,0,1,10,train
109,108,Patv_raw,trend_ma18,trend,18.0,10,pearson,0.7227833364296826,0.7227833364296826,32045,0,1,10,train
110,109,Patv_raw,trend_ma18,trend,18.0,10,pearson,0.737563436161488,0.737563436161488,32221,0,1,10,train
111,110,Patv_raw,trend_ma18,trend,18.0,10,pearson,0.738830293828256,0.738830293828256,31959,0,1,10,train
112,111,Patv_raw,trend_ma18,trend,18.0,10,pearson,0.7361314154291178,0.7361314154291178,31279,0,1,10,train
113,112,Patv_raw,trend_ma18,trend,18.0,10,pearson,0.7383724317828415,0.7383724317828415,31613,0,1,10,train
114,113,Patv_raw,trend_ma18,trend,18.0,10,pearson,0.7599995500289043,0.7599995500289043,30923,0,1,10,train
115,114,Patv_raw,trend_ma18,trend,18.0,10,pearson,0.7492354384387568,0.7492354384387568,29916,0,1,10,train
116,115,Patv_raw,trend_ma18,trend,18.0,10,pearson,0.7365079592470307,0.7365079592470307,30376,0,1,10,train
117,116,Patv_raw,trend_ma18,trend,18.0,10,pearson,0.7492901141217493,0.7492901141217493,30984,0,1,10,train
118,117,Patv_raw,trend_ma18,trend,18.0,10,pearson,0.7407333906962951,0.7407333906962951,31021,0,1,10,train
119,118,Patv_raw,trend_ma18,trend,18.0,10,pearson,0.760718680061634,0.760718680061634,32260,0,1,10,train
120,119,Patv_raw,trend_ma18,trend,18.0,10,pearson,0.7476782255915337,0.7476782255915337,31917,0,1,10,train
121,120,Patv_raw,trend_ma18,trend,18.0,10,pearson,0.7519981013884469,0.7519981013884469,32227,0,1,10,train
122,121,Patv_raw,trend_ma18,trend,18.0,10,pearson,0.7453744224020072,0.7453744224020072,30492,0,1,10,train
123,122,Patv_raw,trend_ma18,trend,18.0,10,pearson,0.7268829592351952,0.7268829592351952,30017,0,1,10,train
124,123,Patv_raw,trend_ma18,trend,18.0,10,pearson,0.7614464978133856,0.7614464978133856,30565,0,1,10,train
125,124,Patv_raw,trend_ma18,trend,18.0,10,pearson,0.7503500185838897,0.7503500185838897,30630,0,1,10,train
126,125,Patv_raw,trend_ma18,trend,18.0,10,pearson,0.7335672106020007,0.7335672106020007,31281,0,1,10,train
127,126,Patv_raw,trend_ma18,trend,18.0,10,pearson,0.7340268317099573,0.7340268317099573,31616,0,1,10,train
128,127,Patv_raw,trend_ma18,trend,18.0,10,pearson,0.7419922236445472,0.7419922236445472,31768,0,1,10,train
129,128,Patv_raw,trend_ma18,trend,18.0,10,pearson,0.7340392968554904,0.7340392968554904,32288,0,1,10,train
130,129,Patv_raw,trend_ma18,trend,18.0,10,pearson,0.7284753583439421,0.7284753583439421,31773,0,1,10,train
131,130,Patv_raw,trend_ma18,trend,18.0,10,pearson,0.7351240644398848,0.7351240644398848,31798,0,1,10,train
132,131,Patv_raw,trend_ma18,trend,18.0,10,pearson,0.7410690107184801,0.7410690107184801,33516,0,1,10,train
133,132,Patv_raw,trend_ma18,trend,18.0,10,pearson,0.7173960495368572,0.7173960495368572,30301,0,1,10,train
134,133,Patv_raw,trend_ma18,trend,18.0,10,pearson,0.7471020253215995,0.7471020253215995,33207,0,1,10,train
1,0,Patv_raw,local_residual_ma18,local_residual,18.0,3,pearson,0.3870818318624992,0.3870818318624992,28646,0,1,3,train
2,1,Patv_raw,local_residual_ma18,local_residual,18.0,3,pearson,0.39165394637576384,0.39165394637576384,28428,0,1,3,train
3,2,Patv_raw,local_residual_ma18,local_residual,18.0,3,pearson,0.39236965629298526,0.39236965629298526,28855,0,1,3,train
4,3,Patv_raw,local_residual_ma18,local_residual,18.0,3,pearson,0.39213748537399845,0.39213748537399845,28895,0,1,3,train
5,4,Patv_raw,local_residual_ma18,local_residual,18.0,3,pearson,0.3744793770835724,0.3744793770835724,30093,0,1,3,train
6,5,Patv_raw,local_residual_ma18,local_residual,18.0,3,pearson,0.37884885727898626,0.37884885727898626,29236,0,1,3,train
7,6,Patv_raw,local_residual_ma18,local_residual,18.0,3,pearson,0.3702137089849139,0.3702137089849139,29377,0,1,3,train
8,7,Patv_raw,local_residual_ma18,local_residual,18.0,3,pearson,0.3771902535992839,0.3771902535992839,29609,0,1,3,train
9,8,Patv_raw,local_residual_ma18,local_residual,18.0,3,pearson,0.38205323214478487,0.38205323214478487,28977,0,1,3,train
10,9,Patv_raw,local_residual_ma18,local_residual,18.0,3,pearson,0.3687462133420427,0.3687462133420427,29362,0,1,3,train
11,10,Patv_raw,local_residual_ma18,local_residual,18.0,3,pearson,0.3800828213023346,0.3800828213023346,29194,0,1,3,train
12,11,Patv_raw,local_residual_ma18,local_residual,18.0,3,pearson,0.3770295441658086,0.3770295441658086,29203,0,1,3,train
13,12,Patv_raw,local_residual_ma18,local_residual,18.0,3,pearson,0.3758661981538453,0.3758661981538453,29324,0,1,3,train
14,13,Patv_raw,local_residual_ma18,local_residual,18.0,3,pearson,0.3656865229618326,0.3656865229618326,30071,0,1,3,train
15,14,Patv_raw,local_residual_ma18,local_residual,18.0,3,pearson,0.37201899714509523,0.37201899714509523,29042,0,1,3,train
16,15,Patv_raw,local_residual_ma18,local_residual,18.0,3,pearson,0.37778204780061714,0.37778204780061714,29012,0,1,3,train
17,16,Patv_raw,local_residual_ma18,local_residual,18.0,3,pearson,0.3862562429894058,0.3862562429894058,29284,0,1,3,train
18,17,Patv_raw,local_residual_ma18,local_residual,18.0,3,pearson,0.36920258102856296,0.36920258102856296,30104,0,1,3,train
19,18,Patv_raw,local_residual_ma18,local_residual,18.0,3,pearson,0.38716818596056374,0.38716818596056374,29109,0,1,3,train
20,19,Patv_raw,local_residual_ma18,local_residual,18.0,3,pearson,0.3877116991761641,0.3877116991761641,28554,0,1,3,train
21,20,Patv_raw,local_residual_ma18,local_residual,18.0,3,pearson,0.3827012650845464,0.3827012650845464,29344,0,1,3,train
22,21,Patv_raw,local_residual_ma18,local_residual,18.0,3,pearson,0.3836926607279911,0.3836926607279911,28001,0,1,3,train
23,22,Patv_raw,local_residual_ma18,local_residual,18.0,3,pearson,0.3924286649776215,0.3924286649776215,28704,0,1,3,train
24,23,Patv_raw,local_residual_ma18,local_residual,18.0,3,pearson,0.38703947341138856,0.38703947341138856,28986,0,1,3,train
25,24,Patv_raw,local_residual_ma18,local_residual,18.0,3,pearson,0.3916259446757987,0.3916259446757987,28808,0,1,3,train
26,25,Patv_raw,local_residual_ma18,local_residual,18.0,3,pearson,0.37125627664595895,0.37125627664595895,30522,0,1,3,train
27,26,Patv_raw,local_residual_ma18,local_residual,18.0,3,pearson,0.38312735365887823,0.38312735365887823,29495,0,1,3,train
28,27,Patv_raw,local_residual_ma18,local_residual,18.0,3,pearson,0.37220359230633915,0.37220359230633915,30608,0,1,3,train
29,28,Patv_raw,local_residual_ma18,local_residual,18.0,3,pearson,0.386031458121518,0.386031458121518,29023,0,1,3,train
30,29,Patv_raw,local_residual_ma18,local_residual,18.0,3,pearson,0.3774868907230837,0.3774868907230837,29573,0,1,3,train
31,30,Patv_raw,local_residual_ma18,local_residual,18.0,3,pearson,0.3767656024942537,0.3767656024942537,29657,0,1,3,train
32,31,Patv_raw,local_residual_ma18,local_residual,18.0,3,pearson,0.3798527864455447,0.3798527864455447,28653,0,1,3,train
33,32,Patv_raw,local_residual_ma18,local_residual,18.0,3,pearson,0.3805169754011175,0.3805169754011175,29174,0,1,3,train
34,33,Patv_raw,local_residual_ma18,local_residual,18.0,3,pearson,0.38038902180396467,0.38038902180396467,28543,0,1,3,train
35,34,Patv_raw,local_residual_ma18,local_residual,18.0,3,pearson,0.38756895872713815,0.38756895872713815,28312,0,1,3,train
36,35,Patv_raw,local_residual_ma18,local_residual,18.0,3,pearson,0.3796343147658973,0.3796343147658973,28999,0,1,3,train
37,36,Patv_raw,local_residual_ma18,local_residual,18.0,3,pearson,0.3748795043355867,0.3748795043355867,29111,0,1,3,train
38,37,Patv_raw,local_residual_ma18,local_residual,18.0,3,pearson,0.3743114884360801,0.3743114884360801,29490,0,1,3,train
39,38,Patv_raw,local_residual_ma18,local_residual,18.0,3,pearson,0.3711379505728602,0.3711379505728602,29004,0,1,3,train
40,39,Patv_raw,local_residual_ma18,local_residual,18.0,3,pearson,0.38779803104067023,0.38779803104067023,29404,0,1,3,train
41,40,Patv_raw,local_residual_ma18,local_residual,18.0,3,pearson,0.3907665227595862,0.3907665227595862,27998,0,1,3,train
42,41,Patv_raw,local_residual_ma18,local_residual,18.0,3,pearson,0.3861878040184333,0.3861878040184333,28816,0,1,3,train
43,42,Patv_raw,local_residual_ma18,local_residual,18.0,3,pearson,0.37713732858160026,0.37713732858160026,29260,0,1,3,train
44,43,Patv_raw,local_residual_ma18,local_residual,18.0,3,pearson,0.38678266859580385,0.38678266859580385,28004,0,1,3,train
45,44,Patv_raw,local_residual_ma18,local_residual,18.0,3,pearson,0.3920160988163778,0.3920160988163778,28704,0,1,3,train
46,45,Patv_raw,local_residual_ma18,local_residual,18.0,3,pearson,0.3941730382953388,0.3941730382953388,28041,0,1,3,train
47,46,Patv_raw,local_residual_ma18,local_residual,18.0,3,pearson,0.3883461161703545,0.3883461161703545,28294,0,1,3,train
48,47,Patv_raw,local_residual_ma18,local_residual,18.0,3,pearson,0.38362585481699724,0.38362585481699724,29044,0,1,3,train
49,48,Patv_raw,local_residual_ma18,local_residual,18.0,3,pearson,0.3725270880558386,0.3725270880558386,30684,0,1,3,train
50,49,Patv_raw,local_residual_ma18,local_residual,18.0,3,pearson,0.3789910112698588,0.3789910112698588,28786,0,1,3,train
51,50,Patv_raw,local_residual_ma18,local_residual,18.0,3,pearson,0.36372182620234295,0.36372182620234295,29611,0,1,3,train
52,51,Patv_raw,local_residual_ma18,local_residual,18.0,3,pearson,0.39051571311918654,0.39051571311918654,27178,0,1,3,train
53,52,Patv_raw,local_residual_ma18,local_residual,18.0,3,pearson,0.3625479667831081,0.3625479667831081,29880,0,1,3,train
54,53,Patv_raw,local_residual_ma18,local_residual,18.0,3,pearson,0.36793927068272797,0.36793927068272797,29724,0,1,3,train
55,54,Patv_raw,local_residual_ma18,local_residual,18.0,3,pearson,0.3740692775260938,0.3740692775260938,28928,0,1,3,train
56,55,Patv_raw,local_residual_ma18,local_residual,18.0,3,pearson,0.3833299879550335,0.3833299879550335,27805,0,1,3,train
57,56,Patv_raw,local_residual_ma18,local_residual,18.0,3,pearson,0.36978277758349254,0.36978277758349254,29977,0,1,3,train
58,57,Patv_raw,local_residual_ma18,local_residual,18.0,3,pearson,0.36142201820061837,0.36142201820061837,31588,0,1,3,train
59,58,Patv_raw,local_residual_ma18,local_residual,18.0,3,pearson,0.378241273017043,0.378241273017043,28052,0,1,3,train
60,59,Patv_raw,local_residual_ma18,local_residual,18.0,3,pearson,0.3873584176429156,0.3873584176429156,28476,0,1,3,train
61,60,Patv_raw,local_residual_ma18,local_residual,18.0,3,pearson,0.39122301107780877,0.39122301107780877,27983,0,1,3,train
62,61,Patv_raw,local_residual_ma18,local_residual,18.0,3,pearson,0.3691169132253963,0.3691169132253963,30397,0,1,3,train
63,62,Patv_raw,local_residual_ma18,local_residual,18.0,3,pearson,0.3738686468025157,0.3738686468025157,29069,0,1,3,train
64,63,Patv_raw,local_residual_ma18,local_residual,18.0,3,pearson,0.39685039171162356,0.39685039171162356,28114,0,1,3,train
65,64,Patv_raw,local_residual_ma18,local_residual,18.0,3,pearson,0.39422818610395877,0.39422818610395877,28706,0,1,3,train
66,65,Patv_raw,local_residual_ma18,local_residual,18.0,3,pearson,0.3868441129607191,0.3868441129607191,29129,0,1,3,train
67,66,Patv_raw,local_residual_ma18,local_residual,18.0,3,pearson,0.39225546231395203,0.39225546231395203,29948,0,1,3,train
68,67,Patv_raw,local_residual_ma18,local_residual,18.0,3,pearson,0.38900335491077287,0.38900335491077287,29619,0,1,3,train
69,68,Patv_raw,local_residual_ma18,local_residual,18.0,3,pearson,0.3914140493051737,0.3914140493051737,28764,0,1,3,train
70,69,Patv_raw,local_residual_ma18,local_residual,18.0,3,pearson,0.3862475241932098,0.3862475241932098,28853,0,1,3,train
71,70,Patv_raw,local_residual_ma18,local_residual,18.0,3,pearson,0.36926366714654635,0.36926366714654635,31607,0,1,3,train
72,71,Patv_raw,local_residual_ma18,local_residual,18.0,3,pearson,0.3838040186708913,0.3838040186708913,28484,0,1,3,train
73,72,Patv_raw,local_residual_ma18,local_residual,18.0,3,pearson,0.373154923793682,0.373154923793682,30427,0,1,3,train
74,73,Patv_raw,local_residual_ma18,local_residual,18.0,3,pearson,0.37808462186159714,0.37808462186159714,29235,0,1,3,train
75,74,Patv_raw,local_residual_ma18,local_residual,18.0,3,pearson,0.3762266835013533,0.3762266835013533,28587,0,1,3,train
76,75,Patv_raw,local_residual_ma18,local_residual,18.0,3,pearson,0.36652629793629277,0.36652629793629277,28923,0,1,3,train
77,76,Patv_raw,local_residual_ma18,local_residual,18.0,3,pearson,0.3755806437812002,0.3755806437812002,28794,0,1,3,train
78,77,Patv_raw,local_residual_ma18,local_residual,18.0,3,pearson,0.377625755677131,0.377625755677131,27883,0,1,3,train
79,78,Patv_raw,local_residual_ma18,local_residual,18.0,3,pearson,0.3793415759731194,0.3793415759731194,27859,0,1,3,train
80,79,Patv_raw,local_residual_ma18,local_residual,18.0,3,pearson,0.3697981563673599,0.3697981563673599,28897,0,1,3,train
81,80,Patv_raw,local_residual_ma18,local_residual,18.0,3,pearson,0.35836999574622336,0.35836999574622336,28875,0,1,3,train
82,81,Patv_raw,local_residual_ma18,local_residual,18.0,3,pearson,0.36929650188865343,0.36929650188865343,27474,0,1,3,train
83,82,Patv_raw,local_residual_ma18,local_residual,18.0,3,pearson,0.35282025856680854,0.35282025856680854,28177,0,1,3,train
84,83,Patv_raw,local_residual_ma18,local_residual,18.0,3,pearson,0.35787632682490844,0.35787632682490844,31712,0,1,3,train
85,84,Patv_raw,local_residual_ma18,local_residual,18.0,3,pearson,0.36815479900014775,0.36815479900014775,28000,0,1,3,train
86,85,Patv_raw,local_residual_ma18,local_residual,18.0,3,pearson,0.38015413191031394,0.38015413191031394,29180,0,1,3,train
87,86,Patv_raw,local_residual_ma18,local_residual,18.0,3,pearson,0.36712750836561797,0.36712750836561797,31477,0,1,3,train
88,87,Patv_raw,local_residual_ma18,local_residual,18.0,3,pearson,0.389222825407568,0.389222825407568,28328,0,1,3,train
89,88,Patv_raw,local_residual_ma18,local_residual,18.0,3,pearson,0.3781350716556008,0.3781350716556008,28733,0,1,3,train
90,89,Patv_raw,local_residual_ma18,local_residual,18.0,3,pearson,0.39764419585457267,0.39764419585457267,29007,0,1,3,train
91,90,Patv_raw,local_residual_ma18,local_residual,18.0,3,pearson,0.3868846097668834,0.3868846097668834,28737,0,1,3,train
92,91,Patv_raw,local_residual_ma18,local_residual,18.0,3,pearson,0.37843857049394464,0.37843857049394464,27816,0,1,3,train
93,92,Patv_raw,local_residual_ma18,local_residual,18.0,3,pearson,0.3767268292601497,0.3767268292601497,26805,0,1,3,train
94,93,Patv_raw,local_residual_ma18,local_residual,18.0,3,pearson,0.382533685027776,0.382533685027776,28206,0,1,3,train
95,94,Patv_raw,local_residual_ma18,local_residual,18.0,3,pearson,0.3770412111340723,0.3770412111340723,27423,0,1,3,train
96,95,Patv_raw,local_residual_ma18,local_residual,18.0,3,pearson,0.37544687092649176,0.37544687092649176,26143,0,1,3,train
97,96,Patv_raw,local_residual_ma18,local_residual,18.0,3,pearson,0.37574339943083046,0.37574339943083046,26617,0,1,3,train
98,97,Patv_raw,local_residual_ma18,local_residual,18.0,3,pearson,0.37438832146433987,0.37438832146433987,29617,0,1,3,train
99,98,Patv_raw,local_residual_ma18,local_residual,18.0,3,pearson,0.3539973768174487,0.3539973768174487,30296,0,1,3,train
100,99,Patv_raw,local_residual_ma18,local_residual,18.0,3,pearson,0.35725361820767676,0.35725361820767676,27570,0,1,3,train
101,100,Patv_raw,local_residual_ma18,local_residual,18.0,3,pearson,0.37763566634887885,0.37763566634887885,28433,0,1,3,train
102,101,Patv_raw,local_residual_ma18,local_residual,18.0,3,pearson,0.3702563141478273,0.3702563141478273,27265,0,1,3,train
103,102,Patv_raw,local_residual_ma18,local_residual,18.0,3,pearson,0.37333111919541634,0.37333111919541634,29959,0,1,3,train
104,103,Patv_raw,local_residual_ma18,local_residual,18.0,3,pearson,0.38690557807002185,0.38690557807002185,28299,0,1,3,train
105,104,Patv_raw,local_residual_ma18,local_residual,18.0,3,pearson,0.385257483414703,0.385257483414703,28421,0,1,3,train
106,105,Patv_raw,local_residual_ma18,local_residual,18.0,3,pearson,0.3764569020454809,0.3764569020454809,27684,0,1,3,train
107,106,Patv_raw,local_residual_ma18,local_residual,18.0,3,pearson,0.3810819265292713,0.3810819265292713,29611,0,1,3,train
108,107,Patv_raw,local_residual_ma18,local_residual,18.0,3,pearson,0.37393321006080005,0.37393321006080005,27278,0,1,3,train
109,108,Patv_raw,local_residual_ma18,local_residual,18.0,3,pearson,0.3920564091968012,0.3920564091968012,29021,0,1,3,train
110,109,Patv_raw,local_residual_ma18,local_residual,18.0,3,pearson,0.392770537367199,0.392770537367199,29017,0,1,3,train
111,110,Patv_raw,local_residual_ma18,local_residual,18.0,3,pearson,0.386533554253737,0.386533554253737,28947,0,1,3,train
112,111,Patv_raw,local_residual_ma18,local_residual,18.0,3,pearson,0.38610499780227503,0.38610499780227503,27935,0,1,3,train
113,112,Patv_raw,local_residual_ma18,local_residual,18.0,3,pearson,0.387307106084906,0.387307106084906,28479,0,1,3,train
114,113,Patv_raw,local_residual_ma18,local_residual,18.0,3,pearson,0.3753966114286178,0.3753966114286178,27747,0,1,3,train
115,114,Patv_raw,local_residual_ma18,local_residual,18.0,3,pearson,0.37407797840006907,0.37407797840006907,26121,0,1,3,train
116,115,Patv_raw,local_residual_ma18,local_residual,18.0,3,pearson,0.38223519414971285,0.38223519414971285,27015,0,1,3,train
117,116,Patv_raw,local_residual_ma18,local_residual,18.0,3,pearson,0.3738975741516639,0.3738975741516639,27032,0,1,3,train
118,117,Patv_raw,local_residual_ma18,local_residual,18.0,3,pearson,0.38707694769525636,0.38707694769525636,27804,0,1,3,train
119,118,Patv_raw,local_residual_ma18,local_residual,18.0,3,pearson,0.3738279383139946,0.3738279383139946,29403,0,1,3,train
120,119,Patv_raw,local_residual_ma18,local_residual,18.0,3,pearson,0.38205833165379477,0.38205833165379477,28651,0,1,3,train
121,120,Patv_raw,local_residual_ma18,local_residual,18.0,3,pearson,0.37659409589146897,0.37659409589146897,28981,0,1,3,train
122,121,Patv_raw,local_residual_ma18,local_residual,18.0,3,pearson,0.3770793968098988,0.3770793968098988,26832,0,1,3,train
123,122,Patv_raw,local_residual_ma18,local_residual,18.0,3,pearson,0.40007315686749645,0.40007315686749645,27244,0,1,3,train
124,123,Patv_raw,local_residual_ma18,local_residual,18.0,3,pearson,0.36636861599869236,0.36636861599869236,26839,0,1,3,train
125,124,Patv_raw,local_residual_ma18,local_residual,18.0,3,pearson,0.38560866780459885,0.38560866780459885,27629,0,1,3,train
126,125,Patv_raw,local_residual_ma18,local_residual,18.0,3,pearson,0.3901685657903067,0.3901685657903067,27872,0,1,3,train
127,126,Patv_raw,local_residual_ma18,local_residual,18.0,3,pearson,0.39435900320028927,0.39435900320028927,28717,0,1,3,train
128,127,Patv_raw,local_residual_ma18,local_residual,18.0,3,pearson,0.3885366499347443,0.3885366499347443,28892,0,1,3,train
129,128,Patv_raw,local_residual_ma18,local_residual,18.0,3,pearson,0.3901292157041005,0.3901292157041005,29415,0,1,3,train
130,129,Patv_raw,local_residual_ma18,local_residual,18.0,3,pearson,0.39597131120091167,0.39597131120091167,28664,0,1,3,train
131,130,Patv_raw,local_residual_ma18,local_residual,18.0,3,pearson,0.39103396080584785,0.39103396080584785,28984,0,1,3,train
132,131,Patv_raw,local_residual_ma18,local_residual,18.0,3,pearson,0.3902811154449695,0.3902811154449695,30320,0,1,3,train
133,132,Patv_raw,local_residual_ma18,local_residual,18.0,3,pearson,0.40047992129053794,0.40047992129053794,27468,0,1,3,train
134,133,Patv_raw,local_residual_ma18,local_residual,18.0,3,pearson,0.3787724220785509,0.3787724220785509,29978,0,1,3,train
1,0,Patv_raw,local_residual_ma18,local_residual,18.0,6,pearson,0.37126175407578615,0.37126175407578615,28744,0,1,6,train
2,1,Patv_raw,local_residual_ma18,local_residual,18.0,6,pearson,0.3740415824463615,0.3740415824463615,28548,0,1,6,train
3,2,Patv_raw,local_residual_ma18,local_residual,18.0,6,pearson,0.3749891484316204,0.3749891484316204,28962,0,1,6,train
4,3,Patv_raw,local_residual_ma18,local_residual,18.0,6,pearson,0.37540862431938266,0.37540862431938266,29006,0,1,6,train
5,4,Patv_raw,local_residual_ma18,local_residual,18.0,6,pearson,0.3599027502242343,0.3599027502242343,30188,0,1,6,train
6,5,Patv_raw,local_residual_ma18,local_residual,18.0,6,pearson,0.3667646881059442,0.3667646881059442,29350,0,1,6,train
7,6,Patv_raw,local_residual_ma18,local_residual,18.0,6,pearson,0.3560437878778579,0.3560437878778579,29515,0,1,6,train
8,7,Patv_raw,local_residual_ma18,local_residual,18.0,6,pearson,0.36329760473357303,0.36329760473357303,29716,0,1,6,train
9,8,Patv_raw,local_residual_ma18,local_residual,18.0,6,pearson,0.3687263680330553,0.3687263680330553,29095,0,1,6,train
10,9,Patv_raw,local_residual_ma18,local_residual,18.0,6,pearson,0.35490672401973034,0.35490672401973034,29471,0,1,6,train
11,10,Patv_raw,local_residual_ma18,local_residual,18.0,6,pearson,0.3653322783199922,0.3653322783199922,29314,0,1,6,train
12,11,Patv_raw,local_residual_ma18,local_residual,18.0,6,pearson,0.36339034825834154,0.36339034825834154,29301,0,1,6,train
13,12,Patv_raw,local_residual_ma18,local_residual,18.0,6,pearson,0.35819556905376354,0.35819556905376354,29429,0,1,6,train
14,13,Patv_raw,local_residual_ma18,local_residual,18.0,6,pearson,0.3465131552394963,0.3465131552394963,30198,0,1,6,train
15,14,Patv_raw,local_residual_ma18,local_residual,18.0,6,pearson,0.354702367792357,0.354702367792357,29177,0,1,6,train
16,15,Patv_raw,local_residual_ma18,local_residual,18.0,6,pearson,0.3636205226047752,0.3636205226047752,29108,0,1,6,train
17,16,Patv_raw,local_residual_ma18,local_residual,18.0,6,pearson,0.37152596995598813,0.37152596995598813,29397,0,1,6,train
18,17,Patv_raw,local_residual_ma18,local_residual,18.0,6,pearson,0.3551450577932287,0.3551450577932287,30204,0,1,6,train
19,18,Patv_raw,local_residual_ma18,local_residual,18.0,6,pearson,0.37290307240110154,0.37290307240110154,29217,0,1,6,train
20,19,Patv_raw,local_residual_ma18,local_residual,18.0,6,pearson,0.3747632977364795,0.3747632977364795,28655,0,1,6,train
21,20,Patv_raw,local_residual_ma18,local_residual,18.0,6,pearson,0.36714324635498774,0.36714324635498774,29453,0,1,6,train
22,21,Patv_raw,local_residual_ma18,local_residual,18.0,6,pearson,0.36495990291683394,0.36495990291683394,28094,0,1,6,train
23,22,Patv_raw,local_residual_ma18,local_residual,18.0,6,pearson,0.375475472452357,0.375475472452357,28800,0,1,6,train
24,23,Patv_raw,local_residual_ma18,local_residual,18.0,6,pearson,0.36744777560740555,0.36744777560740555,29096,0,1,6,train
25,24,Patv_raw,local_residual_ma18,local_residual,18.0,6,pearson,0.3737345230605333,0.3737345230605333,28917,0,1,6,train
26,25,Patv_raw,local_residual_ma18,local_residual,18.0,6,pearson,0.3557964402056643,0.3557964402056643,30615,0,1,6,train
27,26,Patv_raw,local_residual_ma18,local_residual,18.0,6,pearson,0.3630088003392259,0.3630088003392259,29608,0,1,6,train
28,27,Patv_raw,local_residual_ma18,local_residual,18.0,6,pearson,0.35401271980086074,0.35401271980086074,30736,0,1,6,train
29,28,Patv_raw,local_residual_ma18,local_residual,18.0,6,pearson,0.3688875371993522,0.3688875371993522,29149,0,1,6,train
30,29,Patv_raw,local_residual_ma18,local_residual,18.0,6,pearson,0.3598033163860201,0.3598033163860201,29685,0,1,6,train
31,30,Patv_raw,local_residual_ma18,local_residual,18.0,6,pearson,0.3601625327283449,0.3601625327283449,29788,0,1,6,train
32,31,Patv_raw,local_residual_ma18,local_residual,18.0,6,pearson,0.36161894964614594,0.36161894964614594,28752,0,1,6,train
33,32,Patv_raw,local_residual_ma18,local_residual,18.0,6,pearson,0.36214272627288885,0.36214272627288885,29266,0,1,6,train
34,33,Patv_raw,local_residual_ma18,local_residual,18.0,6,pearson,0.3621800626762319,0.3621800626762319,28672,0,1,6,train
35,34,Patv_raw,local_residual_ma18,local_residual,18.0,6,pearson,0.3662859978459837,0.3662859978459837,28428,0,1,6,train
36,35,Patv_raw,local_residual_ma18,local_residual,18.0,6,pearson,0.3603899836368463,0.3603899836368463,29132,0,1,6,train
37,36,Patv_raw,local_residual_ma18,local_residual,18.0,6,pearson,0.3589903502679991,0.3589903502679991,29218,0,1,6,train
38,37,Patv_raw,local_residual_ma18,local_residual,18.0,6,pearson,0.35733998890534463,0.35733998890534463,29618,0,1,6,train
39,38,Patv_raw,local_residual_ma18,local_residual,18.0,6,pearson,0.3553619284829372,0.3553619284829372,29135,0,1,6,train
40,39,Patv_raw,local_residual_ma18,local_residual,18.0,6,pearson,0.3737502851506354,0.3737502851506354,29545,0,1,6,train
41,40,Patv_raw,local_residual_ma18,local_residual,18.0,6,pearson,0.37730707839178684,0.37730707839178684,28109,0,1,6,train
42,41,Patv_raw,local_residual_ma18,local_residual,18.0,6,pearson,0.3699440406236735,0.3699440406236735,28913,0,1,6,train
43,42,Patv_raw,local_residual_ma18,local_residual,18.0,6,pearson,0.36635816000392163,0.36635816000392163,29377,0,1,6,train
44,43,Patv_raw,local_residual_ma18,local_residual,18.0,6,pearson,0.3723478268978291,0.3723478268978291,28066,0,1,6,train
45,44,Patv_raw,local_residual_ma18,local_residual,18.0,6,pearson,0.3734642817195907,0.3734642817195907,28806,0,1,6,train
46,45,Patv_raw,local_residual_ma18,local_residual,18.0,6,pearson,0.37737467349732656,0.37737467349732656,28148,0,1,6,train
47,46,Patv_raw,local_residual_ma18,local_residual,18.0,6,pearson,0.372874098705903,0.372874098705903,28392,0,1,6,train
48,47,Patv_raw,local_residual_ma18,local_residual,18.0,6,pearson,0.3668788293688453,0.3668788293688453,29163,0,1,6,train
49,48,Patv_raw,local_residual_ma18,local_residual,18.0,6,pearson,0.35896369652994914,0.35896369652994914,30783,0,1,6,train
50,49,Patv_raw,local_residual_ma18,local_residual,18.0,6,pearson,0.36349801062407183,0.36349801062407183,28906,0,1,6,train
51,50,Patv_raw,local_residual_ma18,local_residual,18.0,6,pearson,0.3503458254954231,0.3503458254954231,29732,0,1,6,train
52,51,Patv_raw,local_residual_ma18,local_residual,18.0,6,pearson,0.37520215993310857,0.37520215993310857,27311,0,1,6,train
53,52,Patv_raw,local_residual_ma18,local_residual,18.0,6,pearson,0.3495792966065166,0.3495792966065166,29994,0,1,6,train
54,53,Patv_raw,local_residual_ma18,local_residual,18.0,6,pearson,0.3542503247812825,0.3542503247812825,29851,0,1,6,train
55,54,Patv_raw,local_residual_ma18,local_residual,18.0,6,pearson,0.36018915457815065,0.36018915457815065,29047,0,1,6,train
56,55,Patv_raw,local_residual_ma18,local_residual,18.0,6,pearson,0.3657711499634269,0.3657711499634269,27890,0,1,6,train
57,56,Patv_raw,local_residual_ma18,local_residual,18.0,6,pearson,0.3546255861131188,0.3546255861131188,30095,0,1,6,train
58,57,Patv_raw,local_residual_ma18,local_residual,18.0,6,pearson,0.3471429049805652,0.3471429049805652,31696,0,1,6,train
59,58,Patv_raw,local_residual_ma18,local_residual,18.0,6,pearson,0.36352315763957704,0.36352315763957704,28156,0,1,6,train
60,59,Patv_raw,local_residual_ma18,local_residual,18.0,6,pearson,0.369506232235381,0.369506232235381,28601,0,1,6,train
61,60,Patv_raw,local_residual_ma18,local_residual,18.0,6,pearson,0.37309287454435497,0.37309287454435497,28098,0,1,6,train
62,61,Patv_raw,local_residual_ma18,local_residual,18.0,6,pearson,0.3533076208790615,0.3533076208790615,30508,0,1,6,train
63,62,Patv_raw,local_residual_ma18,local_residual,18.0,6,pearson,0.36108414571777064,0.36108414571777064,29184,0,1,6,train
64,63,Patv_raw,local_residual_ma18,local_residual,18.0,6,pearson,0.3819700919902248,0.3819700919902248,28204,0,1,6,train
65,64,Patv_raw,local_residual_ma18,local_residual,18.0,6,pearson,0.3788514462603661,0.3788514462603661,28817,0,1,6,train
66,65,Patv_raw,local_residual_ma18,local_residual,18.0,6,pearson,0.37404406611571134,0.37404406611571134,29263,0,1,6,train
67,66,Patv_raw,local_residual_ma18,local_residual,18.0,6,pearson,0.37684578676784614,0.37684578676784614,30075,0,1,6,train
68,67,Patv_raw,local_residual_ma18,local_residual,18.0,6,pearson,0.3744059734407482,0.3744059734407482,29727,0,1,6,train
69,68,Patv_raw,local_residual_ma18,local_residual,18.0,6,pearson,0.3791023591253137,0.3791023591253137,28869,0,1,6,train
70,69,Patv_raw,local_residual_ma18,local_residual,18.0,6,pearson,0.376476750245865,0.376476750245865,28944,0,1,6,train
71,70,Patv_raw,local_residual_ma18,local_residual,18.0,6,pearson,0.3589962803878995,0.3589962803878995,31735,0,1,6,train
72,71,Patv_raw,local_residual_ma18,local_residual,18.0,6,pearson,0.3720485033679204,0.3720485033679204,28595,0,1,6,train
73,72,Patv_raw,local_residual_ma18,local_residual,18.0,6,pearson,0.3625095710724723,0.3625095710724723,30537,0,1,6,train
74,73,Patv_raw,local_residual_ma18,local_residual,18.0,6,pearson,0.36636081775724133,0.36636081775724133,29334,0,1,6,train
75,74,Patv_raw,local_residual_ma18,local_residual,18.0,6,pearson,0.36437561650830164,0.36437561650830164,28711,0,1,6,train
76,75,Patv_raw,local_residual_ma18,local_residual,18.0,6,pearson,0.3557029699511052,0.3557029699511052,29069,0,1,6,train
77,76,Patv_raw,local_residual_ma18,local_residual,18.0,6,pearson,0.36457086780603937,0.36457086780603937,28920,0,1,6,train
78,77,Patv_raw,local_residual_ma18,local_residual,18.0,6,pearson,0.36449650490684204,0.36449650490684204,28018,0,1,6,train
79,78,Patv_raw,local_residual_ma18,local_residual,18.0,6,pearson,0.36678638349357845,0.36678638349357845,27984,0,1,6,train
80,79,Patv_raw,local_residual_ma18,local_residual,18.0,6,pearson,0.3556986927405335,0.3556986927405335,29005,0,1,6,train
81,80,Patv_raw,local_residual_ma18,local_residual,18.0,6,pearson,0.3459146950773285,0.3459146950773285,28989,0,1,6,train
82,81,Patv_raw,local_residual_ma18,local_residual,18.0,6,pearson,0.35609454624531606,0.35609454624531606,27596,0,1,6,train
83,82,Patv_raw,local_residual_ma18,local_residual,18.0,6,pearson,0.34581765309344464,0.34581765309344464,28286,0,1,6,train
84,83,Patv_raw,local_residual_ma18,local_residual,18.0,6,pearson,0.34494474430825717,0.34494474430825717,31832,0,1,6,train
85,84,Patv_raw,local_residual_ma18,local_residual,18.0,6,pearson,0.3551976594876879,0.3551976594876879,28103,0,1,6,train
86,85,Patv_raw,local_residual_ma18,local_residual,18.0,6,pearson,0.3667999915249378,0.3667999915249378,29299,0,1,6,train
87,86,Patv_raw,local_residual_ma18,local_residual,18.0,6,pearson,0.35363538762847385,0.35363538762847385,31593,0,1,6,train
88,87,Patv_raw,local_residual_ma18,local_residual,18.0,6,pearson,0.3724817401885721,0.3724817401885721,28444,0,1,6,train
89,88,Patv_raw,local_residual_ma18,local_residual,18.0,6,pearson,0.3660985868582313,0.3660985868582313,28835,0,1,6,train
90,89,Patv_raw,local_residual_ma18,local_residual,18.0,6,pearson,0.38519862613791844,0.38519862613791844,29111,0,1,6,train
91,90,Patv_raw,local_residual_ma18,local_residual,18.0,6,pearson,0.37370980619077343,0.37370980619077343,28855,0,1,6,train
92,91,Patv_raw,local_residual_ma18,local_residual,18.0,6,pearson,0.3664635084394819,0.3664635084394819,27939,0,1,6,train
93,92,Patv_raw,local_residual_ma18,local_residual,18.0,6,pearson,0.36274609677964764,0.36274609677964764,26936,0,1,6,train
94,93,Patv_raw,local_residual_ma18,local_residual,18.0,6,pearson,0.37192640788862824,0.37192640788862824,28329,0,1,6,train
95,94,Patv_raw,local_residual_ma18,local_residual,18.0,6,pearson,0.36539959233020075,0.36539959233020075,27581,0,1,6,train
96,95,Patv_raw,local_residual_ma18,local_residual,18.0,6,pearson,0.3607009950412843,0.3607009950412843,26262,0,1,6,train
97,96,Patv_raw,local_residual_ma18,local_residual,18.0,6,pearson,0.3652443625225776,0.3652443625225776,26775,0,1,6,train
98,97,Patv_raw,local_residual_ma18,local_residual,18.0,6,pearson,0.3631215228800247,0.3631215228800247,29736,0,1,6,train
99,98,Patv_raw,local_residual_ma18,local_residual,18.0,6,pearson,0.34669694699626047,0.34669694699626047,30446,0,1,6,train
100,99,Patv_raw,local_residual_ma18,local_residual,18.0,6,pearson,0.34770540537812106,0.34770540537812106,27709,0,1,6,train
101,100,Patv_raw,local_residual_ma18,local_residual,18.0,6,pearson,0.3648961132138056,0.3648961132138056,28549,0,1,6,train
102,101,Patv_raw,local_residual_ma18,local_residual,18.0,6,pearson,0.3586357915807221,0.3586357915807221,27397,0,1,6,train
103,102,Patv_raw,local_residual_ma18,local_residual,18.0,6,pearson,0.36242320897301705,0.36242320897301705,30060,0,1,6,train
104,103,Patv_raw,local_residual_ma18,local_residual,18.0,6,pearson,0.3732291587058697,0.3732291587058697,28411,0,1,6,train
105,104,Patv_raw,local_residual_ma18,local_residual,18.0,6,pearson,0.37114120102172954,0.37114120102172954,28576,0,1,6,train
106,105,Patv_raw,local_residual_ma18,local_residual,18.0,6,pearson,0.36399950519835694,0.36399950519835694,27789,0,1,6,train
107,106,Patv_raw,local_residual_ma18,local_residual,18.0,6,pearson,0.3671779663630518,0.3671779663630518,29731,0,1,6,train
108,107,Patv_raw,local_residual_ma18,local_residual,18.0,6,pearson,0.3597405603715537,0.3597405603715537,27410,0,1,6,train
109,108,Patv_raw,local_residual_ma18,local_residual,18.0,6,pearson,0.3791968276065717,0.3791968276065717,29131,0,1,6,train
110,109,Patv_raw,local_residual_ma18,local_residual,18.0,6,pearson,0.3802397204872379,0.3802397204872379,29136,0,1,6,train
111,110,Patv_raw,local_residual_ma18,local_residual,18.0,6,pearson,0.3702419355748778,0.3702419355748778,29058,0,1,6,train
112,111,Patv_raw,local_residual_ma18,local_residual,18.0,6,pearson,0.37174331743837435,0.37174331743837435,28072,0,1,6,train
113,112,Patv_raw,local_residual_ma18,local_residual,18.0,6,pearson,0.3734572771539226,0.3734572771539226,28604,0,1,6,train
114,113,Patv_raw,local_residual_ma18,local_residual,18.0,6,pearson,0.36519161181024146,0.36519161181024146,27871,0,1,6,train
115,114,Patv_raw,local_residual_ma18,local_residual,18.0,6,pearson,0.3611342667932163,0.3611342667932163,26277,0,1,6,train
116,115,Patv_raw,local_residual_ma18,local_residual,18.0,6,pearson,0.37135746104545453,0.37135746104545453,27149,0,1,6,train
117,116,Patv_raw,local_residual_ma18,local_residual,18.0,6,pearson,0.36355625574669004,0.36355625574669004,27216,0,1,6,train
118,117,Patv_raw,local_residual_ma18,local_residual,18.0,6,pearson,0.3769198512987881,0.3769198512987881,27936,0,1,6,train
119,118,Patv_raw,local_residual_ma18,local_residual,18.0,6,pearson,0.36361544763076803,0.36361544763076803,29519,0,1,6,train
120,119,Patv_raw,local_residual_ma18,local_residual,18.0,6,pearson,0.3699986869481664,0.3699986869481664,28765,0,1,6,train
121,120,Patv_raw,local_residual_ma18,local_residual,18.0,6,pearson,0.3646928891707046,0.3646928891707046,29107,0,1,6,train
122,121,Patv_raw,local_residual_ma18,local_residual,18.0,6,pearson,0.36656295080231277,0.36656295080231277,26980,0,1,6,train
123,122,Patv_raw,local_residual_ma18,local_residual,18.0,6,pearson,0.38690580181328726,0.38690580181328726,27348,0,1,6,train
124,123,Patv_raw,local_residual_ma18,local_residual,18.0,6,pearson,0.35762820542283935,0.35762820542283935,26980,0,1,6,train
125,124,Patv_raw,local_residual_ma18,local_residual,18.0,6,pearson,0.37326635539072484,0.37326635539072484,27750,0,1,6,train
126,125,Patv_raw,local_residual_ma18,local_residual,18.0,6,pearson,0.3769678331774918,0.3769678331774918,28020,0,1,6,train
127,126,Patv_raw,local_residual_ma18,local_residual,18.0,6,pearson,0.3815121581042494,0.3815121581042494,28834,0,1,6,train
128,127,Patv_raw,local_residual_ma18,local_residual,18.0,6,pearson,0.37711801745992485,0.37711801745992485,28993,0,1,6,train
129,128,Patv_raw,local_residual_ma18,local_residual,18.0,6,pearson,0.376126740438329,0.376126740438329,29532,0,1,6,train
130,129,Patv_raw,local_residual_ma18,local_residual,18.0,6,pearson,0.38461330029806556,0.38461330029806556,28794,0,1,6,train
131,130,Patv_raw,local_residual_ma18,local_residual,18.0,6,pearson,0.37871759588540777,0.37871759588540777,29085,0,1,6,train
132,131,Patv_raw,local_residual_ma18,local_residual,18.0,6,pearson,0.37760920134480624,0.37760920134480624,30457,0,1,6,train
133,132,Patv_raw,local_residual_ma18,local_residual,18.0,6,pearson,0.38488828635435335,0.38488828635435335,27567,0,1,6,train
134,133,Patv_raw,local_residual_ma18,local_residual,18.0,6,pearson,0.3631038486119877,0.3631038486119877,30084,0,1,6,train
1,0,Patv_raw,local_residual_ma18,local_residual,18.0,10,pearson,0.35466178647714436,0.35466178647714436,28814,0,1,10,train
2,1,Patv_raw,local_residual_ma18,local_residual,18.0,10,pearson,0.3569298733989229,0.3569298733989229,28631,0,1,10,train
3,2,Patv_raw,local_residual_ma18,local_residual,18.0,10,pearson,0.3592155905138149,0.3592155905138149,29034,0,1,10,train
4,3,Patv_raw,local_residual_ma18,local_residual,18.0,10,pearson,0.36002935329379876,0.36002935329379876,29079,0,1,10,train
5,4,Patv_raw,local_residual_ma18,local_residual,18.0,10,pearson,0.34633996365195807,0.34633996365195807,30254,0,1,10,train
6,5,Patv_raw,local_residual_ma18,local_residual,18.0,10,pearson,0.3544730115344158,0.3544730115344158,29425,0,1,10,train
7,6,Patv_raw,local_residual_ma18,local_residual,18.0,10,pearson,0.3424140821364609,0.3424140821364609,29626,0,1,10,train
8,7,Patv_raw,local_residual_ma18,local_residual,18.0,10,pearson,0.3495661471237109,0.3495661471237109,29807,0,1,10,train
9,8,Patv_raw,local_residual_ma18,local_residual,18.0,10,pearson,0.3549354724971381,0.3549354724971381,29166,0,1,10,train
10,9,Patv_raw,local_residual_ma18,local_residual,18.0,10,pearson,0.3428195650806539,0.3428195650806539,29546,0,1,10,train
11,10,Patv_raw,local_residual_ma18,local_residual,18.0,10,pearson,0.35209315897309135,0.35209315897309135,29395,0,1,10,train
12,11,Patv_raw,local_residual_ma18,local_residual,18.0,10,pearson,0.3524354318665529,0.3524354318665529,29371,0,1,10,train
13,12,Patv_raw,local_residual_ma18,local_residual,18.0,10,pearson,0.3443586538347835,0.3443586538347835,29502,0,1,10,train
14,13,Patv_raw,local_residual_ma18,local_residual,18.0,10,pearson,0.33041596672548373,0.33041596672548373,30270,0,1,10,train
15,14,Patv_raw,local_residual_ma18,local_residual,18.0,10,pearson,0.3396563346609384,0.3396563346609384,29246,0,1,10,train
16,15,Patv_raw,local_residual_ma18,local_residual,18.0,10,pearson,0.350052364802316,0.350052364802316,29169,0,1,10,train
17,16,Patv_raw,local_residual_ma18,local_residual,18.0,10,pearson,0.3575343294817308,0.3575343294817308,29466,0,1,10,train
18,17,Patv_raw,local_residual_ma18,local_residual,18.0,10,pearson,0.3416181104982391,0.3416181104982391,30275,0,1,10,train
19,18,Patv_raw,local_residual_ma18,local_residual,18.0,10,pearson,0.35925187527939545,0.35925187527939545,29300,0,1,10,train
20,19,Patv_raw,local_residual_ma18,local_residual,18.0,10,pearson,0.36134831042020565,0.36134831042020565,28730,0,1,10,train
21,20,Patv_raw,local_residual_ma18,local_residual,18.0,10,pearson,0.34894924103144265,0.34894924103144265,29524,0,1,10,train
22,21,Patv_raw,local_residual_ma18,local_residual,18.0,10,pearson,0.3476234966716006,0.3476234966716006,28169,0,1,10,train
23,22,Patv_raw,local_residual_ma18,local_residual,18.0,10,pearson,0.3599860266017489,0.3599860266017489,28876,0,1,10,train
24,23,Patv_raw,local_residual_ma18,local_residual,18.0,10,pearson,0.35140714612061086,0.35140714612061086,29184,0,1,10,train
25,24,Patv_raw,local_residual_ma18,local_residual,18.0,10,pearson,0.35736437933910925,0.35736437933910925,28990,0,1,10,train
26,25,Patv_raw,local_residual_ma18,local_residual,18.0,10,pearson,0.34240452206501465,0.34240452206501465,30678,0,1,10,train
27,26,Patv_raw,local_residual_ma18,local_residual,18.0,10,pearson,0.3468740056785173,0.3468740056785173,29700,0,1,10,train
28,27,Patv_raw,local_residual_ma18,local_residual,18.0,10,pearson,0.337692426732314,0.337692426732314,30818,0,1,10,train
29,28,Patv_raw,local_residual_ma18,local_residual,18.0,10,pearson,0.35287586443027413,0.35287586443027413,29233,0,1,10,train
30,29,Patv_raw,local_residual_ma18,local_residual,18.0,10,pearson,0.34322574822462837,0.34322574822462837,29773,0,1,10,train
31,30,Patv_raw,local_residual_ma18,local_residual,18.0,10,pearson,0.3453337456908665,0.3453337456908665,29865,0,1,10,train
32,31,Patv_raw,local_residual_ma18,local_residual,18.0,10,pearson,0.3462041207288314,0.3462041207288314,28820,0,1,10,train
33,32,Patv_raw,local_residual_ma18,local_residual,18.0,10,pearson,0.3471127235438346,0.3471127235438346,29348,0,1,10,train
34,33,Patv_raw,local_residual_ma18,local_residual,18.0,10,pearson,0.3470834918432017,0.3470834918432017,28733,0,1,10,train
35,34,Patv_raw,local_residual_ma18,local_residual,18.0,10,pearson,0.34823425913869066,0.34823425913869066,28504,0,1,10,train
36,35,Patv_raw,local_residual_ma18,local_residual,18.0,10,pearson,0.34418383744225983,0.34418383744225983,29209,0,1,10,train
37,36,Patv_raw,local_residual_ma18,local_residual,18.0,10,pearson,0.34751230167818914,0.34751230167818914,29265,0,1,10,train
38,37,Patv_raw,local_residual_ma18,local_residual,18.0,10,pearson,0.3426661021936424,0.3426661021936424,29702,0,1,10,train
39,38,Patv_raw,local_residual_ma18,local_residual,18.0,10,pearson,0.3413193321329236,0.3413193321329236,29226,0,1,10,train
40,39,Patv_raw,local_residual_ma18,local_residual,18.0,10,pearson,0.358157944243708,0.358157944243708,29636,0,1,10,train
41,40,Patv_raw,local_residual_ma18,local_residual,18.0,10,pearson,0.3631267935188444,0.3631267935188444,28188,0,1,10,train
42,41,Patv_raw,local_residual_ma18,local_residual,18.0,10,pearson,0.35479786954351683,0.35479786954351683,28984,0,1,10,train
43,42,Patv_raw,local_residual_ma18,local_residual,18.0,10,pearson,0.3550937015245062,0.3550937015245062,29445,0,1,10,train
44,43,Patv_raw,local_residual_ma18,local_residual,18.0,10,pearson,0.3579009032785323,0.3579009032785323,28118,0,1,10,train
45,44,Patv_raw,local_residual_ma18,local_residual,18.0,10,pearson,0.3566126309003855,0.3566126309003855,28894,0,1,10,train
46,45,Patv_raw,local_residual_ma18,local_residual,18.0,10,pearson,0.3625594633953197,0.3625594633953197,28221,0,1,10,train
47,46,Patv_raw,local_residual_ma18,local_residual,18.0,10,pearson,0.35769547749382374,0.35769547749382374,28465,0,1,10,train
48,47,Patv_raw,local_residual_ma18,local_residual,18.0,10,pearson,0.352003421939505,0.352003421939505,29241,0,1,10,train
49,48,Patv_raw,local_residual_ma18,local_residual,18.0,10,pearson,0.34763637239192036,0.34763637239192036,30846,0,1,10,train
50,49,Patv_raw,local_residual_ma18,local_residual,18.0,10,pearson,0.3511225406633746,0.3511225406633746,28985,0,1,10,train
51,50,Patv_raw,local_residual_ma18,local_residual,18.0,10,pearson,0.3392470651519661,0.3392470651519661,29797,0,1,10,train
52,51,Patv_raw,local_residual_ma18,local_residual,18.0,10,pearson,0.3615151505465139,0.3615151505465139,27383,0,1,10,train
53,52,Patv_raw,local_residual_ma18,local_residual,18.0,10,pearson,0.33906308849253897,0.33906308849253897,30064,0,1,10,train
54,53,Patv_raw,local_residual_ma18,local_residual,18.0,10,pearson,0.342451876052179,0.342451876052179,29940,0,1,10,train
55,54,Patv_raw,local_residual_ma18,local_residual,18.0,10,pearson,0.34928051079418887,0.34928051079418887,29110,0,1,10,train
56,55,Patv_raw,local_residual_ma18,local_residual,18.0,10,pearson,0.3510274449526312,0.3510274449526312,27964,0,1,10,train
57,56,Patv_raw,local_residual_ma18,local_residual,18.0,10,pearson,0.3409038012593817,0.3409038012593817,30151,0,1,10,train
58,57,Patv_raw,local_residual_ma18,local_residual,18.0,10,pearson,0.3365115476640558,0.3365115476640558,31750,0,1,10,train
59,58,Patv_raw,local_residual_ma18,local_residual,18.0,10,pearson,0.3504593362204164,0.3504593362204164,28237,0,1,10,train
60,59,Patv_raw,local_residual_ma18,local_residual,18.0,10,pearson,0.35277589938545645,0.35277589938545645,28686,0,1,10,train
61,60,Patv_raw,local_residual_ma18,local_residual,18.0,10,pearson,0.3567019923791558,0.3567019923791558,28184,0,1,10,train
62,61,Patv_raw,local_residual_ma18,local_residual,18.0,10,pearson,0.3389141269361829,0.3389141269361829,30575,0,1,10,train
63,62,Patv_raw,local_residual_ma18,local_residual,18.0,10,pearson,0.34903842092425647,0.34903842092425647,29265,0,1,10,train
64,63,Patv_raw,local_residual_ma18,local_residual,18.0,10,pearson,0.36742400737713204,0.36742400737713204,28279,0,1,10,train
65,64,Patv_raw,local_residual_ma18,local_residual,18.0,10,pearson,0.36159446017801344,0.36159446017801344,28895,0,1,10,train
66,65,Patv_raw,local_residual_ma18,local_residual,18.0,10,pearson,0.36099828717642485,0.36099828717642485,29343,0,1,10,train
67,66,Patv_raw,local_residual_ma18,local_residual,18.0,10,pearson,0.35947399174196915,0.35947399174196915,30164,0,1,10,train
68,67,Patv_raw,local_residual_ma18,local_residual,18.0,10,pearson,0.35909088924642985,0.35909088924642985,29801,0,1,10,train
69,68,Patv_raw,local_residual_ma18,local_residual,18.0,10,pearson,0.36710609261238636,0.36710609261238636,28951,0,1,10,train
70,69,Patv_raw,local_residual_ma18,local_residual,18.0,10,pearson,0.3681911431267563,0.3681911431267563,29032,0,1,10,train
71,70,Patv_raw,local_residual_ma18,local_residual,18.0,10,pearson,0.3483654133310588,0.3483654133310588,31791,0,1,10,train
72,71,Patv_raw,local_residual_ma18,local_residual,18.0,10,pearson,0.36088685882742627,0.36088685882742627,28674,0,1,10,train
73,72,Patv_raw,local_residual_ma18,local_residual,18.0,10,pearson,0.35277488659642275,0.35277488659642275,30608,0,1,10,train
74,73,Patv_raw,local_residual_ma18,local_residual,18.0,10,pearson,0.3533888749781449,0.3533888749781449,29401,0,1,10,train
75,74,Patv_raw,local_residual_ma18,local_residual,18.0,10,pearson,0.3532340459992315,0.3532340459992315,28784,0,1,10,train
76,75,Patv_raw,local_residual_ma18,local_residual,18.0,10,pearson,0.3465833588352866,0.3465833588352866,29151,0,1,10,train
77,76,Patv_raw,local_residual_ma18,local_residual,18.0,10,pearson,0.3546014690300075,0.3546014690300075,28985,0,1,10,train
78,77,Patv_raw,local_residual_ma18,local_residual,18.0,10,pearson,0.3527148866874406,0.3527148866874406,28085,0,1,10,train
79,78,Patv_raw,local_residual_ma18,local_residual,18.0,10,pearson,0.3563476928456738,0.3563476928456738,28064,0,1,10,train
80,79,Patv_raw,local_residual_ma18,local_residual,18.0,10,pearson,0.3429100633425004,0.3429100633425004,29091,0,1,10,train
81,80,Patv_raw,local_residual_ma18,local_residual,18.0,10,pearson,0.33706083962336925,0.33706083962336925,29064,0,1,10,train
82,81,Patv_raw,local_residual_ma18,local_residual,18.0,10,pearson,0.34595361650256057,0.34595361650256057,27685,0,1,10,train
83,82,Patv_raw,local_residual_ma18,local_residual,18.0,10,pearson,0.33998973172970287,0.33998973172970287,28376,0,1,10,train
84,83,Patv_raw,local_residual_ma18,local_residual,18.0,10,pearson,0.3329654446581335,0.3329654446581335,31897,0,1,10,train
85,84,Patv_raw,local_residual_ma18,local_residual,18.0,10,pearson,0.3431874820568579,0.3431874820568579,28196,0,1,10,train
86,85,Patv_raw,local_residual_ma18,local_residual,18.0,10,pearson,0.3532173314518125,0.3532173314518125,29385,0,1,10,train
87,86,Patv_raw,local_residual_ma18,local_residual,18.0,10,pearson,0.33908679554738985,0.33908679554738985,31665,0,1,10,train
88,87,Patv_raw,local_residual_ma18,local_residual,18.0,10,pearson,0.3556250559234459,0.3556250559234459,28527,0,1,10,train
89,88,Patv_raw,local_residual_ma18,local_residual,18.0,10,pearson,0.3558059140747015,0.3558059140747015,28914,0,1,10,train
90,89,Patv_raw,local_residual_ma18,local_residual,18.0,10,pearson,0.36984834306242037,0.36984834306242037,29182,0,1,10,train
91,90,Patv_raw,local_residual_ma18,local_residual,18.0,10,pearson,0.3611174254471682,0.3611174254471682,28938,0,1,10,train
92,91,Patv_raw,local_residual_ma18,local_residual,18.0,10,pearson,0.35582034657523354,0.35582034657523354,28030,0,1,10,train
93,92,Patv_raw,local_residual_ma18,local_residual,18.0,10,pearson,0.35059481038230783,0.35059481038230783,27023,0,1,10,train
94,93,Patv_raw,local_residual_ma18,local_residual,18.0,10,pearson,0.3599425994890273,0.3599425994890273,28401,0,1,10,train
95,94,Patv_raw,local_residual_ma18,local_residual,18.0,10,pearson,0.35513028368568617,0.35513028368568617,27665,0,1,10,train
96,95,Patv_raw,local_residual_ma18,local_residual,18.0,10,pearson,0.3476722904033013,0.3476722904033013,26344,0,1,10,train
97,96,Patv_raw,local_residual_ma18,local_residual,18.0,10,pearson,0.3556375843014512,0.3556375843014512,26872,0,1,10,train
98,97,Patv_raw,local_residual_ma18,local_residual,18.0,10,pearson,0.3522506991155933,0.3522506991155933,29816,0,1,10,train
99,98,Patv_raw,local_residual_ma18,local_residual,18.0,10,pearson,0.33969759054098214,0.33969759054098214,30542,0,1,10,train
100,99,Patv_raw,local_residual_ma18,local_residual,18.0,10,pearson,0.33834742256985245,0.33834742256985245,27798,0,1,10,train
101,100,Patv_raw,local_residual_ma18,local_residual,18.0,10,pearson,0.35264923659673447,0.35264923659673447,28637,0,1,10,train
102,101,Patv_raw,local_residual_ma18,local_residual,18.0,10,pearson,0.34651766274439066,0.34651766274439066,27495,0,1,10,train
103,102,Patv_raw,local_residual_ma18,local_residual,18.0,10,pearson,0.3517249129866669,0.3517249129866669,30153,0,1,10,train
104,103,Patv_raw,local_residual_ma18,local_residual,18.0,10,pearson,0.35969789391751056,0.35969789391751056,28485,0,1,10,train
105,104,Patv_raw,local_residual_ma18,local_residual,18.0,10,pearson,0.3573066019955542,0.3573066019955542,28686,0,1,10,train
106,105,Patv_raw,local_residual_ma18,local_residual,18.0,10,pearson,0.3513395376730002,0.3513395376730002,27861,0,1,10,train
107,106,Patv_raw,local_residual_ma18,local_residual,18.0,10,pearson,0.3520709243014364,0.3520709243014364,29815,0,1,10,train
108,107,Patv_raw,local_residual_ma18,local_residual,18.0,10,pearson,0.34621862923600744,0.34621862923600744,27505,0,1,10,train
109,108,Patv_raw,local_residual_ma18,local_residual,18.0,10,pearson,0.3640890549498381,0.3640890549498381,29221,0,1,10,train
110,109,Patv_raw,local_residual_ma18,local_residual,18.0,10,pearson,0.36790366956109294,0.36790366956109294,29229,0,1,10,train
111,110,Patv_raw,local_residual_ma18,local_residual,18.0,10,pearson,0.35545107124728026,0.35545107124728026,29139,0,1,10,train
112,111,Patv_raw,local_residual_ma18,local_residual,18.0,10,pearson,0.35867364047335354,0.35867364047335354,28159,0,1,10,train
113,112,Patv_raw,local_residual_ma18,local_residual,18.0,10,pearson,0.35952415533200016,0.35952415533200016,28681,0,1,10,train
114,113,Patv_raw,local_residual_ma18,local_residual,18.0,10,pearson,0.3558198899807122,0.3558198899807122,27954,0,1,10,train
115,114,Patv_raw,local_residual_ma18,local_residual,18.0,10,pearson,0.3509224957934499,0.3509224957934499,26373,0,1,10,train
116,115,Patv_raw,local_residual_ma18,local_residual,18.0,10,pearson,0.36297622017811193,0.36297622017811193,27245,0,1,10,train
117,116,Patv_raw,local_residual_ma18,local_residual,18.0,10,pearson,0.35461248564531744,0.35461248564531744,27322,0,1,10,train
118,117,Patv_raw,local_residual_ma18,local_residual,18.0,10,pearson,0.3661484482657492,0.3661484482657492,28027,0,1,10,train
119,118,Patv_raw,local_residual_ma18,local_residual,18.0,10,pearson,0.3523184805478458,0.3523184805478458,29594,0,1,10,train
120,119,Patv_raw,local_residual_ma18,local_residual,18.0,10,pearson,0.3575086058703828,0.3575086058703828,28856,0,1,10,train
121,120,Patv_raw,local_residual_ma18,local_residual,18.0,10,pearson,0.3527603889647289,0.3527603889647289,29188,0,1,10,train
122,121,Patv_raw,local_residual_ma18,local_residual,18.0,10,pearson,0.3560381609467866,0.3560381609467866,27081,0,1,10,train
123,122,Patv_raw,local_residual_ma18,local_residual,18.0,10,pearson,0.372433760849931,0.372433760849931,27423,0,1,10,train
124,123,Patv_raw,local_residual_ma18,local_residual,18.0,10,pearson,0.34772930841211386,0.34772930841211386,27092,0,1,10,train
125,124,Patv_raw,local_residual_ma18,local_residual,18.0,10,pearson,0.3590115338520145,0.3590115338520145,27828,0,1,10,train
126,125,Patv_raw,local_residual_ma18,local_residual,18.0,10,pearson,0.3628344513916227,0.3628344513916227,28119,0,1,10,train
127,126,Patv_raw,local_residual_ma18,local_residual,18.0,10,pearson,0.36678073357365376,0.36678073357365376,28908,0,1,10,train
128,127,Patv_raw,local_residual_ma18,local_residual,18.0,10,pearson,0.36469976840707125,0.36469976840707125,29067,0,1,10,train
129,128,Patv_raw,local_residual_ma18,local_residual,18.0,10,pearson,0.3588101370661429,0.3588101370661429,29596,0,1,10,train
130,129,Patv_raw,local_residual_ma18,local_residual,18.0,10,pearson,0.3722394258028707,0.3722394258028707,28876,0,1,10,train
131,130,Patv_raw,local_residual_ma18,local_residual,18.0,10,pearson,0.36514955542132993,0.36514955542132993,29152,0,1,10,train
132,131,Patv_raw,local_residual_ma18,local_residual,18.0,10,pearson,0.36299761773137973,0.36299761773137973,30541,0,1,10,train
133,132,Patv_raw,local_residual_ma18,local_residual,18.0,10,pearson,0.3685495606552264,0.3685495606552264,27644,0,1,10,train
134,133,Patv_raw,local_residual_ma18,local_residual,18.0,10,pearson,0.3493615492758947,0.3493615492758947,30170,0,1,10,train
1,0,Patv_raw,trend_ma36,trend,36.0,3,pearson,0.7099656991471224,0.7099656991471224,30162,0,1,3,train
2,1,Patv_raw,trend_ma36,trend,36.0,3,pearson,0.701831111756136,0.701831111756136,30139,0,1,3,train
3,2,Patv_raw,trend_ma36,trend,36.0,3,pearson,0.707207740961262,0.707207740961262,30313,0,1,3,train
4,3,Patv_raw,trend_ma36,trend,36.0,3,pearson,0.7004920668650103,0.7004920668650103,30531,0,1,3,train
5,4,Patv_raw,trend_ma36,trend,36.0,3,pearson,0.7244450731353138,0.7244450731353138,31673,0,1,3,train
6,5,Patv_raw,trend_ma36,trend,36.0,3,pearson,0.7176824963443462,0.7176824963443462,30846,0,1,3,train
7,6,Patv_raw,trend_ma36,trend,36.0,3,pearson,0.7242986350175549,0.7242986350175549,31293,0,1,3,train
8,7,Patv_raw,trend_ma36,trend,36.0,3,pearson,0.7225907986998962,0.7225907986998962,31268,0,1,3,train
9,8,Patv_raw,trend_ma36,trend,36.0,3,pearson,0.7129651184619127,0.7129651184619127,30603,0,1,3,train
10,9,Patv_raw,trend_ma36,trend,36.0,3,pearson,0.7319475665336643,0.7319475665336643,30971,0,1,3,train
11,10,Patv_raw,trend_ma36,trend,36.0,3,pearson,0.7138142381965188,0.7138142381965188,30795,0,1,3,train
12,11,Patv_raw,trend_ma36,trend,36.0,3,pearson,0.718561595069579,0.718561595069579,30660,0,1,3,train
13,12,Patv_raw,trend_ma36,trend,36.0,3,pearson,0.7129457057486435,0.7129457057486435,30901,0,1,3,train
14,13,Patv_raw,trend_ma36,trend,36.0,3,pearson,0.728964813203505,0.728964813203505,31745,0,1,3,train
15,14,Patv_raw,trend_ma36,trend,36.0,3,pearson,0.7199655854215204,0.7199655854215204,30701,0,1,3,train
16,15,Patv_raw,trend_ma36,trend,36.0,3,pearson,0.720971183748468,0.720971183748468,30514,0,1,3,train
17,16,Patv_raw,trend_ma36,trend,36.0,3,pearson,0.7027064583638253,0.7027064583638253,30914,0,1,3,train
18,17,Patv_raw,trend_ma36,trend,36.0,3,pearson,0.7317984984111133,0.7317984984111133,31584,0,1,3,train
19,18,Patv_raw,trend_ma36,trend,36.0,3,pearson,0.691292544085679,0.691292544085679,30755,0,1,3,train
20,19,Patv_raw,trend_ma36,trend,36.0,3,pearson,0.6940760464640866,0.6940760464640866,30016,0,1,3,train
21,20,Patv_raw,trend_ma36,trend,36.0,3,pearson,0.6984135444446622,0.6984135444446622,30968,0,1,3,train
22,21,Patv_raw,trend_ma36,trend,36.0,3,pearson,0.7109558486543462,0.7109558486543462,29483,0,1,3,train
23,22,Patv_raw,trend_ma36,trend,36.0,3,pearson,0.6972637926231964,0.6972637926231964,30233,0,1,3,train
24,23,Patv_raw,trend_ma36,trend,36.0,3,pearson,0.695925803545165,0.695925803545165,30699,0,1,3,train
25,24,Patv_raw,trend_ma36,trend,36.0,3,pearson,0.6982596794546058,0.6982596794546058,30343,0,1,3,train
26,25,Patv_raw,trend_ma36,trend,36.0,3,pearson,0.7222585982826839,0.7222585982826839,32093,0,1,3,train
27,26,Patv_raw,trend_ma36,trend,36.0,3,pearson,0.7010787167112733,0.7010787167112733,31314,0,1,3,train
28,27,Patv_raw,trend_ma36,trend,36.0,3,pearson,0.7114683802458058,0.7114683802458058,32377,0,1,3,train
29,28,Patv_raw,trend_ma36,trend,36.0,3,pearson,0.7039925533144443,0.7039925533144443,30796,0,1,3,train
30,29,Patv_raw,trend_ma36,trend,36.0,3,pearson,0.7114023642627686,0.7114023642627686,31303,0,1,3,train
31,30,Patv_raw,trend_ma36,trend,36.0,3,pearson,0.7085909106657783,0.7085909106657783,31459,0,1,3,train
32,31,Patv_raw,trend_ma36,trend,36.0,3,pearson,0.7059016478803699,0.7059016478803699,30168,0,1,3,train
33,32,Patv_raw,trend_ma36,trend,36.0,3,pearson,0.7064134229212672,0.7064134229212672,30749,0,1,3,train
34,33,Patv_raw,trend_ma36,trend,36.0,3,pearson,0.7052110019006941,0.7052110019006941,30230,0,1,3,train
35,34,Patv_raw,trend_ma36,trend,36.0,3,pearson,0.7000430315889365,0.7000430315889365,29868,0,1,3,train
36,35,Patv_raw,trend_ma36,trend,36.0,3,pearson,0.7072273221614271,0.7072273221614271,30671,0,1,3,train
37,36,Patv_raw,trend_ma36,trend,36.0,3,pearson,0.7172502318846048,0.7172502318846048,30591,0,1,3,train
38,37,Patv_raw,trend_ma36,trend,36.0,3,pearson,0.7190202908537814,0.7190202908537814,31215,0,1,3,train
39,38,Patv_raw,trend_ma36,trend,36.0,3,pearson,0.71702368461885,0.71702368461885,30815,0,1,3,train
40,39,Patv_raw,trend_ma36,trend,36.0,3,pearson,0.6916541692739755,0.6916541692739755,31140,0,1,3,train
41,40,Patv_raw,trend_ma36,trend,36.0,3,pearson,0.6941968993703562,0.6941968993703562,29562,0,1,3,train
42,41,Patv_raw,trend_ma36,trend,36.0,3,pearson,0.6940903296698983,0.6940903296698983,30364,0,1,3,train
43,42,Patv_raw,trend_ma36,trend,36.0,3,pearson,0.7043200148460396,0.7043200148460396,30864,0,1,3,train
44,43,Patv_raw,trend_ma36,trend,36.0,3,pearson,0.696703059296739,0.696703059296739,29102,0,1,3,train
45,44,Patv_raw,trend_ma36,trend,36.0,3,pearson,0.694204036463047,0.694204036463047,30246,0,1,3,train
46,45,Patv_raw,trend_ma36,trend,36.0,3,pearson,0.6954211550910598,0.6954211550910598,29551,0,1,3,train
47,46,Patv_raw,trend_ma36,trend,36.0,3,pearson,0.6972816027906903,0.6972816027906903,29835,0,1,3,train
48,47,Patv_raw,trend_ma36,trend,36.0,3,pearson,0.6995214068582571,0.6995214068582571,30732,0,1,3,train
49,48,Patv_raw,trend_ma36,trend,36.0,3,pearson,0.7096434911270266,0.7096434911270266,32360,0,1,3,train
50,49,Patv_raw,trend_ma36,trend,36.0,3,pearson,0.705231397812346,0.705231397812346,30494,0,1,3,train
51,50,Patv_raw,trend_ma36,trend,36.0,3,pearson,0.7234732391136377,0.7234732391136377,31244,0,1,3,train
52,51,Patv_raw,trend_ma36,trend,36.0,3,pearson,0.6889252513142063,0.6889252513142063,28798,0,1,3,train
53,52,Patv_raw,trend_ma36,trend,36.0,3,pearson,0.7228541763431494,0.7228541763431494,31584,0,1,3,train
54,53,Patv_raw,trend_ma36,trend,36.0,3,pearson,0.7153349046707626,0.7153349046707626,31567,0,1,3,train
55,54,Patv_raw,trend_ma36,trend,36.0,3,pearson,0.7114029392230076,0.7114029392230076,30448,0,1,3,train
56,55,Patv_raw,trend_ma36,trend,36.0,3,pearson,0.7005308882978576,0.7005308882978576,29246,0,1,3,train
57,56,Patv_raw,trend_ma36,trend,36.0,3,pearson,0.7085209962955428,0.7085209962955428,31549,0,1,3,train
58,57,Patv_raw,trend_ma36,trend,36.0,3,pearson,0.7282654004777692,0.7282654004777692,33211,0,1,3,train
59,58,Patv_raw,trend_ma36,trend,36.0,3,pearson,0.70083167405051,0.70083167405051,29763,0,1,3,train
60,59,Patv_raw,trend_ma36,trend,36.0,3,pearson,0.6894540552569386,0.6894540552569386,30241,0,1,3,train
61,60,Patv_raw,trend_ma36,trend,36.0,3,pearson,0.6861563728536715,0.6861563728536715,29510,0,1,3,train
62,61,Patv_raw,trend_ma36,trend,36.0,3,pearson,0.7179324900759637,0.7179324900759637,32018,0,1,3,train
63,62,Patv_raw,trend_ma36,trend,36.0,3,pearson,0.7140231952213,0.7140231952213,30627,0,1,3,train
64,63,Patv_raw,trend_ma36,trend,36.0,3,pearson,0.6906679020039084,0.6906679020039084,29494,0,1,3,train
65,64,Patv_raw,trend_ma36,trend,36.0,3,pearson,0.6843500844581578,0.6843500844581578,30387,0,1,3,train
66,65,Patv_raw,trend_ma36,trend,36.0,3,pearson,0.690925501889598,0.690925501889598,30861,0,1,3,train
67,66,Patv_raw,trend_ma36,trend,36.0,3,pearson,0.6861514227667025,0.6861514227667025,31681,0,1,3,train
68,67,Patv_raw,trend_ma36,trend,36.0,3,pearson,0.6970121896366276,0.6970121896366276,31131,0,1,3,train
69,68,Patv_raw,trend_ma36,trend,36.0,3,pearson,0.6928970849051048,0.6928970849051048,30333,0,1,3,train
70,69,Patv_raw,trend_ma36,trend,36.0,3,pearson,0.7011499417805186,0.7011499417805186,30402,0,1,3,train
71,70,Patv_raw,trend_ma36,trend,36.0,3,pearson,0.7207683375874941,0.7207683375874941,33313,0,1,3,train
72,71,Patv_raw,trend_ma36,trend,36.0,3,pearson,0.6984059556927145,0.6984059556927145,30193,0,1,3,train
73,72,Patv_raw,trend_ma36,trend,36.0,3,pearson,0.7151162041783911,0.7151162041783911,32161,0,1,3,train
74,73,Patv_raw,trend_ma36,trend,36.0,3,pearson,0.71259996863888,0.71259996863888,30889,0,1,3,train
75,74,Patv_raw,trend_ma36,trend,36.0,3,pearson,0.7069215900050192,0.7069215900050192,30268,0,1,3,train
76,75,Patv_raw,trend_ma36,trend,36.0,3,pearson,0.7188058814629161,0.7188058814629161,30692,0,1,3,train
77,76,Patv_raw,trend_ma36,trend,36.0,3,pearson,0.7083763019244882,0.7083763019244882,30384,0,1,3,train
78,77,Patv_raw,trend_ma36,trend,36.0,3,pearson,0.6997603113762327,0.6997603113762327,29511,0,1,3,train
79,78,Patv_raw,trend_ma36,trend,36.0,3,pearson,0.7032996130288679,0.7032996130288679,29566,0,1,3,train
80,79,Patv_raw,trend_ma36,trend,36.0,3,pearson,0.7127697270099183,0.7127697270099183,30621,0,1,3,train
81,80,Patv_raw,trend_ma36,trend,36.0,3,pearson,0.7288945810155705,0.7288945810155705,30558,0,1,3,train
82,81,Patv_raw,trend_ma36,trend,36.0,3,pearson,0.7113948628671763,0.7113948628671763,29220,0,1,3,train
83,82,Patv_raw,trend_ma36,trend,36.0,3,pearson,0.737379861278053,0.737379861278053,29822,0,1,3,train
84,83,Patv_raw,trend_ma36,trend,36.0,3,pearson,0.721085695121382,0.721085695121382,33517,0,1,3,train
85,84,Patv_raw,trend_ma36,trend,36.0,3,pearson,0.7165327242994586,0.7165327242994586,29620,0,1,3,train
86,85,Patv_raw,trend_ma36,trend,36.0,3,pearson,0.6964960162515269,0.6964960162515269,30785,0,1,3,train
87,86,Patv_raw,trend_ma36,trend,36.0,3,pearson,0.7053419956596393,0.7053419956596393,33197,0,1,3,train
88,87,Patv_raw,trend_ma36,trend,36.0,3,pearson,0.6833154293549286,0.6833154293549286,29949,0,1,3,train
89,88,Patv_raw,trend_ma36,trend,36.0,3,pearson,0.7077392604093609,0.7077392604093609,30364,0,1,3,train
90,89,Patv_raw,trend_ma36,trend,36.0,3,pearson,0.6819553891969901,0.6819553891969901,30531,0,1,3,train
91,90,Patv_raw,trend_ma36,trend,36.0,3,pearson,0.686365054800115,0.686365054800115,30455,0,1,3,train
92,91,Patv_raw,trend_ma36,trend,36.0,3,pearson,0.6893208074991569,0.6893208074991569,29685,0,1,3,train
93,92,Patv_raw,trend_ma36,trend,36.0,3,pearson,0.7002379726486568,0.7002379726486568,28648,0,1,3,train
94,93,Patv_raw,trend_ma36,trend,36.0,3,pearson,0.6997325825067154,0.6997325825067154,29840,0,1,3,train
95,94,Patv_raw,trend_ma36,trend,36.0,3,pearson,0.6975714496545494,0.6975714496545494,29335,0,1,3,train
96,95,Patv_raw,trend_ma36,trend,36.0,3,pearson,0.6981761714521862,0.6981761714521862,27791,0,1,3,train
97,96,Patv_raw,trend_ma36,trend,36.0,3,pearson,0.69612918501233,0.69612918501233,28536,0,1,3,train
98,97,Patv_raw,trend_ma36,trend,36.0,3,pearson,0.7094850898649574,0.7094850898649574,31332,0,1,3,train
99,98,Patv_raw,trend_ma36,trend,36.0,3,pearson,0.7273356718136722,0.7273356718136722,32463,0,1,3,train
100,99,Patv_raw,trend_ma36,trend,36.0,3,pearson,0.7265006879075248,0.7265006879075248,29555,0,1,3,train
101,100,Patv_raw,trend_ma36,trend,36.0,3,pearson,0.6970375089193639,0.6970375089193639,30092,0,1,3,train
102,101,Patv_raw,trend_ma36,trend,36.0,3,pearson,0.7030694967754249,0.7030694967754249,29116,0,1,3,train
103,102,Patv_raw,trend_ma36,trend,36.0,3,pearson,0.7010938492555947,0.7010938492555947,31644,0,1,3,train
104,103,Patv_raw,trend_ma36,trend,36.0,3,pearson,0.690279685233124,0.690279685233124,29929,0,1,3,train
105,104,Patv_raw,trend_ma36,trend,36.0,3,pearson,0.6879425368186783,0.6879425368186783,30274,0,1,3,train
106,105,Patv_raw,trend_ma36,trend,36.0,3,pearson,0.7033869663156557,0.7033869663156557,29103,0,1,3,train
107,106,Patv_raw,trend_ma36,trend,36.0,3,pearson,0.6949252635992919,0.6949252635992919,31306,0,1,3,train
108,107,Patv_raw,trend_ma36,trend,36.0,3,pearson,0.6967130476351158,0.6967130476351158,29136,0,1,3,train
109,108,Patv_raw,trend_ma36,trend,36.0,3,pearson,0.6695554372568475,0.6695554372568475,30649,0,1,3,train
110,109,Patv_raw,trend_ma36,trend,36.0,3,pearson,0.6822572491384092,0.6822572491384092,30730,0,1,3,train
111,110,Patv_raw,trend_ma36,trend,36.0,3,pearson,0.6834557858819035,0.6834557858819035,30562,0,1,3,train
112,111,Patv_raw,trend_ma36,trend,36.0,3,pearson,0.684925366130649,0.684925366130649,29731,0,1,3,train
113,112,Patv_raw,trend_ma36,trend,36.0,3,pearson,0.6826871956204225,0.6826871956204225,30168,0,1,3,train
114,113,Patv_raw,trend_ma36,trend,36.0,3,pearson,0.7084962177961114,0.7084962177961114,29460,0,1,3,train
115,114,Patv_raw,trend_ma36,trend,36.0,3,pearson,0.6948954610135469,0.6948954610135469,28180,0,1,3,train
116,115,Patv_raw,trend_ma36,trend,36.0,3,pearson,0.6837026791343164,0.6837026791343164,28806,0,1,3,train
117,116,Patv_raw,trend_ma36,trend,36.0,3,pearson,0.6961972299625421,0.6961972299625421,29124,0,1,3,train
118,117,Patv_raw,trend_ma36,trend,36.0,3,pearson,0.6880896352347631,0.6880896352347631,29504,0,1,3,train
119,118,Patv_raw,trend_ma36,trend,36.0,3,pearson,0.709076228404173,0.709076228404173,30961,0,1,3,train
120,119,Patv_raw,trend_ma36,trend,36.0,3,pearson,0.6918883723388819,0.6918883723388819,30386,0,1,3,train
121,120,Patv_raw,trend_ma36,trend,36.0,3,pearson,0.6987174725347828,0.6987174725347828,30748,0,1,3,train
122,121,Patv_raw,trend_ma36,trend,36.0,3,pearson,0.6922830577612397,0.6922830577612397,28811,0,1,3,train
123,122,Patv_raw,trend_ma36,trend,36.0,3,pearson,0.6716053896366404,0.6716053896366404,28732,0,1,3,train
124,123,Patv_raw,trend_ma36,trend,36.0,3,pearson,0.7139361241604377,0.7139361241604377,28834,0,1,3,train
125,124,Patv_raw,trend_ma36,trend,36.0,3,pearson,0.6996599169584073,0.6996599169584073,29273,0,1,3,train
126,125,Patv_raw,trend_ma36,trend,36.0,3,pearson,0.6803630129183664,0.6803630129183664,29725,0,1,3,train
127,126,Patv_raw,trend_ma36,trend,36.0,3,pearson,0.6810613774279776,0.6810613774279776,30351,0,1,3,train
128,127,Patv_raw,trend_ma36,trend,36.0,3,pearson,0.6870995070318052,0.6870995070318052,30494,0,1,3,train
129,128,Patv_raw,trend_ma36,trend,36.0,3,pearson,0.6806478375435906,0.6806478375435906,31048,0,1,3,train
130,129,Patv_raw,trend_ma36,trend,36.0,3,pearson,0.6725666471491086,0.6725666471491086,30363,0,1,3,train
131,130,Patv_raw,trend_ma36,trend,36.0,3,pearson,0.6842165775443186,0.6842165775443186,30504,0,1,3,train
132,131,Patv_raw,trend_ma36,trend,36.0,3,pearson,0.6846931771043262,0.6846931771043262,32128,0,1,3,train
133,132,Patv_raw,trend_ma36,trend,36.0,3,pearson,0.6703675441278676,0.6703675441278676,29003,0,1,3,train
134,133,Patv_raw,trend_ma36,trend,36.0,3,pearson,0.6951797769252932,0.6951797769252932,31721,0,1,3,train
1,0,Patv_raw,trend_ma36,trend,36.0,6,pearson,0.6920448944363019,0.6920448944363019,31277,0,1,6,train
2,1,Patv_raw,trend_ma36,trend,36.0,6,pearson,0.6856061823216882,0.6856061823216882,31348,0,1,6,train
3,2,Patv_raw,trend_ma36,trend,36.0,6,pearson,0.6904872565004149,0.6904872565004149,31377,0,1,6,train
4,3,Patv_raw,trend_ma36,trend,36.0,6,pearson,0.6844203471405904,0.6844203471405904,31680,0,1,6,train
5,4,Patv_raw,trend_ma36,trend,36.0,6,pearson,0.7062964788870482,0.7062964788870482,32688,0,1,6,train
6,5,Patv_raw,trend_ma36,trend,36.0,6,pearson,0.7004812037036058,0.7004812037036058,31989,0,1,6,train
7,6,Patv_raw,trend_ma36,trend,36.0,6,pearson,0.7090726468104718,0.7090726468104718,32630,0,1,6,train
8,7,Patv_raw,trend_ma36,trend,36.0,6,pearson,0.7066123064797601,0.7066123064797601,32409,0,1,6,train
9,8,Patv_raw,trend_ma36,trend,36.0,6,pearson,0.6956224852139561,0.6956224852139561,31747,0,1,6,train
10,9,Patv_raw,trend_ma36,trend,36.0,6,pearson,0.7155689803118814,0.7155689803118814,32101,0,1,6,train
11,10,Patv_raw,trend_ma36,trend,36.0,6,pearson,0.6958950914688771,0.6958950914688771,31946,0,1,6,train
12,11,Patv_raw,trend_ma36,trend,36.0,6,pearson,0.7017011383310365,0.7017011383310365,31730,0,1,6,train
13,12,Patv_raw,trend_ma36,trend,36.0,6,pearson,0.697001935187747,0.697001935187747,31962,0,1,6,train
14,13,Patv_raw,trend_ma36,trend,36.0,6,pearson,0.714166113558033,0.714166113558033,32821,0,1,6,train
15,14,Patv_raw,trend_ma36,trend,36.0,6,pearson,0.7041508920483964,0.7041508920483964,31852,0,1,6,train
16,15,Patv_raw,trend_ma36,trend,36.0,6,pearson,0.7033470151833476,0.7033470151833476,31574,0,1,6,train
17,16,Patv_raw,trend_ma36,trend,36.0,6,pearson,0.6853110663318603,0.6853110663318603,32034,0,1,6,train
18,17,Patv_raw,trend_ma36,trend,36.0,6,pearson,0.7157574441421994,0.7157574441421994,32558,0,1,6,train
19,18,Patv_raw,trend_ma36,trend,36.0,6,pearson,0.67515672327774,0.67515672327774,31935,0,1,6,train
20,19,Patv_raw,trend_ma36,trend,36.0,6,pearson,0.6750989603297356,0.6750989603297356,31049,0,1,6,train
21,20,Patv_raw,trend_ma36,trend,36.0,6,pearson,0.6819495342200821,0.6819495342200821,32111,0,1,6,train
22,21,Patv_raw,trend_ma36,trend,36.0,6,pearson,0.6956153772188371,0.6956153772188371,30517,0,1,6,train
23,22,Patv_raw,trend_ma36,trend,36.0,6,pearson,0.6815561024767673,0.6815561024767673,31336,0,1,6,train
24,23,Patv_raw,trend_ma36,trend,36.0,6,pearson,0.6807444747292299,0.6807444747292299,31853,0,1,6,train
25,24,Patv_raw,trend_ma36,trend,36.0,6,pearson,0.6830863136406764,0.6830863136406764,31435,0,1,6,train
26,25,Patv_raw,trend_ma36,trend,36.0,6,pearson,0.7062783561299141,0.7062783561299141,33058,0,1,6,train
27,26,Patv_raw,trend_ma36,trend,36.0,6,pearson,0.6864385740241002,0.6864385740241002,32555,0,1,6,train
28,27,Patv_raw,trend_ma36,trend,36.0,6,pearson,0.69602587182667,0.69602587182667,33414,0,1,6,train
29,28,Patv_raw,trend_ma36,trend,36.0,6,pearson,0.6885890911068842,0.6885890911068842,31963,0,1,6,train
30,29,Patv_raw,trend_ma36,trend,36.0,6,pearson,0.696098421086435,0.696098421086435,32470,0,1,6,train
31,30,Patv_raw,trend_ma36,trend,36.0,6,pearson,0.6932719295168772,0.6932719295168772,32636,0,1,6,train
32,31,Patv_raw,trend_ma36,trend,36.0,6,pearson,0.690184420224713,0.690184420224713,31255,0,1,6,train
33,32,Patv_raw,trend_ma36,trend,36.0,6,pearson,0.6899351769133248,0.6899351769133248,31882,0,1,6,train
34,33,Patv_raw,trend_ma36,trend,36.0,6,pearson,0.6880193859921476,0.6880193859921476,31410,0,1,6,train
35,34,Patv_raw,trend_ma36,trend,36.0,6,pearson,0.6839327073774893,0.6839327073774893,30997,0,1,6,train
36,35,Patv_raw,trend_ma36,trend,36.0,6,pearson,0.6897374157845045,0.6897374157845045,31808,0,1,6,train
37,36,Patv_raw,trend_ma36,trend,36.0,6,pearson,0.6992848433940086,0.6992848433940086,31453,0,1,6,train
38,37,Patv_raw,trend_ma36,trend,36.0,6,pearson,0.7036781126573008,0.7036781126573008,32368,0,1,6,train
39,38,Patv_raw,trend_ma36,trend,36.0,6,pearson,0.7024980075721259,0.7024980075721259,32060,0,1,6,train
40,39,Patv_raw,trend_ma36,trend,36.0,6,pearson,0.6757929981137678,0.6757929981137678,32387,0,1,6,train
41,40,Patv_raw,trend_ma36,trend,36.0,6,pearson,0.6768084323654028,0.6768084323654028,30695,0,1,6,train
42,41,Patv_raw,trend_ma36,trend,36.0,6,pearson,0.6780254252612132,0.6780254252612132,31479,0,1,6,train
43,42,Patv_raw,trend_ma36,trend,36.0,6,pearson,0.6861298818131015,0.6861298818131015,31965,0,1,6,train
44,43,Patv_raw,trend_ma36,trend,36.0,6,pearson,0.6747896416188544,0.6747896416188544,29883,0,1,6,train
45,44,Patv_raw,trend_ma36,trend,36.0,6,pearson,0.6798722995396549,0.6798722995396549,31415,0,1,6,train
46,45,Patv_raw,trend_ma36,trend,36.0,6,pearson,0.6802166284254901,0.6802166284254901,30655,0,1,6,train
47,46,Patv_raw,trend_ma36,trend,36.0,6,pearson,0.681159148228016,0.681159148228016,30988,0,1,6,train
48,47,Patv_raw,trend_ma36,trend,36.0,6,pearson,0.6836465621286444,0.6836465621286444,31894,0,1,6,train
49,48,Patv_raw,trend_ma36,trend,36.0,6,pearson,0.6916239789783803,0.6916239789783803,33304,0,1,6,train
50,49,Patv_raw,trend_ma36,trend,36.0,6,pearson,0.6888369528146624,0.6888369528146624,31643,0,1,6,train
51,50,Patv_raw,trend_ma36,trend,36.0,6,pearson,0.706334191889417,0.706334191889417,32311,0,1,6,train
52,51,Patv_raw,trend_ma36,trend,36.0,6,pearson,0.6734464193063675,0.6734464193063675,29939,0,1,6,train
53,52,Patv_raw,trend_ma36,trend,36.0,6,pearson,0.7073026279591034,0.7073026279591034,32625,0,1,6,train
54,53,Patv_raw,trend_ma36,trend,36.0,6,pearson,0.6991436604123077,0.6991436604123077,32768,0,1,6,train
55,54,Patv_raw,trend_ma36,trend,36.0,6,pearson,0.696071832225564,0.696071832225564,31549,0,1,6,train
56,55,Patv_raw,trend_ma36,trend,36.0,6,pearson,0.6846647040063651,0.6846647040063651,30307,0,1,6,train
57,56,Patv_raw,trend_ma36,trend,36.0,6,pearson,0.6930346786256382,0.6930346786256382,32606,0,1,6,train
58,57,Patv_raw,trend_ma36,trend,36.0,6,pearson,0.7123870312730202,0.7123870312730202,34114,0,1,6,train
59,58,Patv_raw,trend_ma36,trend,36.0,6,pearson,0.6829919608693695,0.6829919608693695,30925,0,1,6,train
60,59,Patv_raw,trend_ma36,trend,36.0,6,pearson,0.6738052594565939,0.6738052594565939,31463,0,1,6,train
61,60,Patv_raw,trend_ma36,trend,36.0,6,pearson,0.6681715405601261,0.6681715405601261,30620,0,1,6,train
62,61,Patv_raw,trend_ma36,trend,36.0,6,pearson,0.7005423695562993,0.7005423695562993,32943,0,1,6,train
63,62,Patv_raw,trend_ma36,trend,36.0,6,pearson,0.6962089144108651,0.6962089144108651,31738,0,1,6,train
64,63,Patv_raw,trend_ma36,trend,36.0,6,pearson,0.6724968854980055,0.6724968854980055,30471,0,1,6,train
65,64,Patv_raw,trend_ma36,trend,36.0,6,pearson,0.6659229493948086,0.6659229493948086,31541,0,1,6,train
66,65,Patv_raw,trend_ma36,trend,36.0,6,pearson,0.6742793733504592,0.6742793733504592,32081,0,1,6,train
67,66,Patv_raw,trend_ma36,trend,36.0,6,pearson,0.6686706073554113,0.6686706073554113,32858,0,1,6,train
68,67,Patv_raw,trend_ma36,trend,36.0,6,pearson,0.6795099314685572,0.6795099314685572,32204,0,1,6,train
69,68,Patv_raw,trend_ma36,trend,36.0,6,pearson,0.6731206266079199,0.6731206266079199,31486,0,1,6,train
70,69,Patv_raw,trend_ma36,trend,36.0,6,pearson,0.6825738259622135,0.6825738259622135,31581,0,1,6,train
71,70,Patv_raw,trend_ma36,trend,36.0,6,pearson,0.7014866896569307,0.7014866896569307,34234,0,1,6,train
72,71,Patv_raw,trend_ma36,trend,36.0,6,pearson,0.6812972064267926,0.6812972064267926,31467,0,1,6,train
73,72,Patv_raw,trend_ma36,trend,36.0,6,pearson,0.6966314062795946,0.6966314062795946,33259,0,1,6,train
74,73,Patv_raw,trend_ma36,trend,36.0,6,pearson,0.6946497330107303,0.6946497330107303,31988,0,1,6,train
75,74,Patv_raw,trend_ma36,trend,36.0,6,pearson,0.6885030587084463,0.6885030587084463,31411,0,1,6,train
76,75,Patv_raw,trend_ma36,trend,36.0,6,pearson,0.7006423459393853,0.7006423459393853,31883,0,1,6,train
77,76,Patv_raw,trend_ma36,trend,36.0,6,pearson,0.6902989564378587,0.6902989564378587,31528,0,1,6,train
78,77,Patv_raw,trend_ma36,trend,36.0,6,pearson,0.6823023637191675,0.6823023637191675,30680,0,1,6,train
79,78,Patv_raw,trend_ma36,trend,36.0,6,pearson,0.6862563550807773,0.6862563550807773,30807,0,1,6,train
80,79,Patv_raw,trend_ma36,trend,36.0,6,pearson,0.6952637421320981,0.6952637421320981,31759,0,1,6,train
81,80,Patv_raw,trend_ma36,trend,36.0,6,pearson,0.7126975805546538,0.7126975805546538,31662,0,1,6,train
82,81,Patv_raw,trend_ma36,trend,36.0,6,pearson,0.6950227292562743,0.6950227292562743,30467,0,1,6,train
83,82,Patv_raw,trend_ma36,trend,36.0,6,pearson,0.7204851155499508,0.7204851155499508,30940,0,1,6,train
84,83,Patv_raw,trend_ma36,trend,36.0,6,pearson,0.7038158555966793,0.7038158555966793,34450,0,1,6,train
85,84,Patv_raw,trend_ma36,trend,36.0,6,pearson,0.7004417523845987,0.7004417523845987,30774,0,1,6,train
86,85,Patv_raw,trend_ma36,trend,36.0,6,pearson,0.6794277656062924,0.6794277656062924,31889,0,1,6,train
87,86,Patv_raw,trend_ma36,trend,36.0,6,pearson,0.6850817016780738,0.6850817016780738,34073,0,1,6,train
88,87,Patv_raw,trend_ma36,trend,36.0,6,pearson,0.6666963602824778,0.6666963602824778,31067,0,1,6,train
89,88,Patv_raw,trend_ma36,trend,36.0,6,pearson,0.6887716174776164,0.6887716174776164,31478,0,1,6,train
90,89,Patv_raw,trend_ma36,trend,36.0,6,pearson,0.6629328929702114,0.6629328929702114,31617,0,1,6,train
91,90,Patv_raw,trend_ma36,trend,36.0,6,pearson,0.668213302050786,0.668213302050786,31709,0,1,6,train
92,91,Patv_raw,trend_ma36,trend,36.0,6,pearson,0.6723509429530259,0.6723509429530259,31009,0,1,6,train
93,92,Patv_raw,trend_ma36,trend,36.0,6,pearson,0.6843457016639238,0.6843457016639238,29931,0,1,6,train
94,93,Patv_raw,trend_ma36,trend,36.0,6,pearson,0.6814986635307916,0.6814986635307916,31043,0,1,6,train
95,94,Patv_raw,trend_ma36,trend,36.0,6,pearson,0.6791817304754246,0.6791817304754246,30686,0,1,6,train
96,95,Patv_raw,trend_ma36,trend,36.0,6,pearson,0.6806814791367055,0.6806814791367055,28938,0,1,6,train
97,96,Patv_raw,trend_ma36,trend,36.0,6,pearson,0.6781819524504212,0.6781819524504212,29834,0,1,6,train
98,97,Patv_raw,trend_ma36,trend,36.0,6,pearson,0.6907522166619331,0.6907522166619331,32441,0,1,6,train
99,98,Patv_raw,trend_ma36,trend,36.0,6,pearson,0.7076379930679325,0.7076379930679325,33611,0,1,6,train
100,99,Patv_raw,trend_ma36,trend,36.0,6,pearson,0.7088274641818347,0.7088274641818347,30784,0,1,6,train
101,100,Patv_raw,trend_ma36,trend,36.0,6,pearson,0.679201898411431,0.679201898411431,31310,0,1,6,train
102,101,Patv_raw,trend_ma36,trend,36.0,6,pearson,0.6856271722253019,0.6856271722253019,30475,0,1,6,train
103,102,Patv_raw,trend_ma36,trend,36.0,6,pearson,0.6834898722686222,0.6834898722686222,32770,0,1,6,train
104,103,Patv_raw,trend_ma36,trend,36.0,6,pearson,0.6729089493899159,0.6729089493899159,31093,0,1,6,train
105,104,Patv_raw,trend_ma36,trend,36.0,6,pearson,0.6716197247536138,0.6716197247536138,31589,0,1,6,train
106,105,Patv_raw,trend_ma36,trend,36.0,6,pearson,0.6845001281619238,0.6845001281619238,30132,0,1,6,train
107,106,Patv_raw,trend_ma36,trend,36.0,6,pearson,0.6752794095105941,0.6752794095105941,32380,0,1,6,train
108,107,Patv_raw,trend_ma36,trend,36.0,6,pearson,0.6767022085061913,0.6767022085061913,30376,0,1,6,train
109,108,Patv_raw,trend_ma36,trend,36.0,6,pearson,0.6498749586647145,0.6498749586647145,31798,0,1,6,train
110,109,Patv_raw,trend_ma36,trend,36.0,6,pearson,0.6619784092039533,0.6619784092039533,31930,0,1,6,train
111,110,Patv_raw,trend_ma36,trend,36.0,6,pearson,0.6663495059801977,0.6663495059801977,31692,0,1,6,train
112,111,Patv_raw,trend_ma36,trend,36.0,6,pearson,0.6662328640150642,0.6662328640150642,31031,0,1,6,train
113,112,Patv_raw,trend_ma36,trend,36.0,6,pearson,0.6626874691891811,0.6626874691891811,31369,0,1,6,train
114,113,Patv_raw,trend_ma36,trend,36.0,6,pearson,0.6902543189260534,0.6902543189260534,30646,0,1,6,train
115,114,Patv_raw,trend_ma36,trend,36.0,6,pearson,0.6789192088863466,0.6789192088863466,29634,0,1,6,train
116,115,Patv_raw,trend_ma36,trend,36.0,6,pearson,0.6637977475543031,0.6637977475543031,30067,0,1,6,train
117,116,Patv_raw,trend_ma36,trend,36.0,6,pearson,0.6790961052828662,0.6790961052828662,30619,0,1,6,train
118,117,Patv_raw,trend_ma36,trend,36.0,6,pearson,0.6686971812258414,0.6686971812258414,30720,0,1,6,train
119,118,Patv_raw,trend_ma36,trend,36.0,6,pearson,0.690437657617986,0.690437657617986,32021,0,1,6,train
120,119,Patv_raw,trend_ma36,trend,36.0,6,pearson,0.6729981920255282,0.6729981920255282,31589,0,1,6,train
121,120,Patv_raw,trend_ma36,trend,36.0,6,pearson,0.6804999182431919,0.6804999182431919,31944,0,1,6,train
122,121,Patv_raw,trend_ma36,trend,36.0,6,pearson,0.674631132778767,0.674631132778767,30223,0,1,6,train
123,122,Patv_raw,trend_ma36,trend,36.0,6,pearson,0.6521844313403385,0.6521844313403385,29783,0,1,6,train
124,123,Patv_raw,trend_ma36,trend,36.0,6,pearson,0.6956785592384201,0.6956785592384201,30251,0,1,6,train
125,124,Patv_raw,trend_ma36,trend,36.0,6,pearson,0.6814200118743791,0.6814200118743791,30411,0,1,6,train
126,125,Patv_raw,trend_ma36,trend,36.0,6,pearson,0.6608215315965452,0.6608215315965452,31016,0,1,6,train
127,126,Patv_raw,trend_ma36,trend,36.0,6,pearson,0.6609223326139367,0.6609223326139367,31477,0,1,6,train
128,127,Patv_raw,trend_ma36,trend,36.0,6,pearson,0.6655176909839093,0.6655176909839093,31562,0,1,6,train
129,128,Patv_raw,trend_ma36,trend,36.0,6,pearson,0.6598020192466888,0.6598020192466888,32095,0,1,6,train
130,129,Patv_raw,trend_ma36,trend,36.0,6,pearson,0.6514792524747475,0.6514792524747475,31548,0,1,6,train
131,130,Patv_raw,trend_ma36,trend,36.0,6,pearson,0.6636071731695773,0.6636071731695773,31562,0,1,6,train
132,131,Patv_raw,trend_ma36,trend,36.0,6,pearson,0.6662731531031042,0.6662731531031042,33315,0,1,6,train
133,132,Patv_raw,trend_ma36,trend,36.0,6,pearson,0.6468467966394338,0.6468467966394338,30107,0,1,6,train
134,133,Patv_raw,trend_ma36,trend,36.0,6,pearson,0.675621511359014,0.675621511359014,32886,0,1,6,train
1,0,Patv_raw,trend_ma36,trend,36.0,10,pearson,0.6696543085192651,0.6696543085192651,32415,0,1,10,train
2,1,Patv_raw,trend_ma36,trend,36.0,10,pearson,0.665384147536792,0.665384147536792,32558,0,1,10,train
3,2,Patv_raw,trend_ma36,trend,36.0,10,pearson,0.6687522815994951,0.6687522815994951,32440,0,1,10,train
4,3,Patv_raw,trend_ma36,trend,36.0,10,pearson,0.6628477605826345,0.6628477605826345,32847,0,1,10,train
5,4,Patv_raw,trend_ma36,trend,36.0,10,pearson,0.6824293233295041,0.6824293233295041,33747,0,1,10,train
6,5,Patv_raw,trend_ma36,trend,36.0,10,pearson,0.6783831330772986,0.6783831330772986,33132,0,1,10,train
7,6,Patv_raw,trend_ma36,trend,36.0,10,pearson,0.6883490421116788,0.6883490421116788,33892,0,1,10,train
8,7,Patv_raw,trend_ma36,trend,36.0,10,pearson,0.6859247949342248,0.6859247949342248,33551,0,1,10,train
9,8,Patv_raw,trend_ma36,trend,36.0,10,pearson,0.6731484729004787,0.6731484729004787,32891,0,1,10,train
10,9,Patv_raw,trend_ma36,trend,36.0,10,pearson,0.6935890709820806,0.6935890709820806,33258,0,1,10,train
11,10,Patv_raw,trend_ma36,trend,36.0,10,pearson,0.6722236950283168,0.6722236950283168,33106,0,1,10,train
12,11,Patv_raw,trend_ma36,trend,36.0,10,pearson,0.679955740069024,0.679955740069024,32837,0,1,10,train
13,12,Patv_raw,trend_ma36,trend,36.0,10,pearson,0.6739788954983287,0.6739788954983287,33040,0,1,10,train
14,13,Patv_raw,trend_ma36,trend,36.0,10,pearson,0.69389391633563,0.69389391633563,33814,0,1,10,train
15,14,Patv_raw,trend_ma36,trend,36.0,10,pearson,0.6826115743163257,0.6826115743163257,33004,0,1,10,train
16,15,Patv_raw,trend_ma36,trend,36.0,10,pearson,0.680335947840519,0.680335947840519,32672,0,1,10,train
17,16,Patv_raw,trend_ma36,trend,36.0,10,pearson,0.662998559695395,0.662998559695395,33174,0,1,10,train
18,17,Patv_raw,trend_ma36,trend,36.0,10,pearson,0.6942569268014903,0.6942569268014903,33531,0,1,10,train
19,18,Patv_raw,trend_ma36,trend,36.0,10,pearson,0.6539599582751279,0.6539599582751279,33171,0,1,10,train
20,19,Patv_raw,trend_ma36,trend,36.0,10,pearson,0.6511788240081938,0.6511788240081938,32115,0,1,10,train
21,20,Patv_raw,trend_ma36,trend,36.0,10,pearson,0.6609158781675314,0.6609158781675314,33258,0,1,10,train
22,21,Patv_raw,trend_ma36,trend,36.0,10,pearson,0.6751584452040816,0.6751584452040816,31577,0,1,10,train
23,22,Patv_raw,trend_ma36,trend,36.0,10,pearson,0.6607340552400407,0.6607340552400407,32487,0,1,10,train
24,23,Patv_raw,trend_ma36,trend,36.0,10,pearson,0.6596306055613907,0.6596306055613907,33012,0,1,10,train
25,24,Patv_raw,trend_ma36,trend,36.0,10,pearson,0.6625486113461965,0.6625486113461965,32559,0,1,10,train
26,25,Patv_raw,trend_ma36,trend,36.0,10,pearson,0.6853445694911694,0.6853445694911694,34059,0,1,10,train
27,26,Patv_raw,trend_ma36,trend,36.0,10,pearson,0.6645956590339402,0.6645956590339402,33812,0,1,10,train
28,27,Patv_raw,trend_ma36,trend,36.0,10,pearson,0.6743973593826555,0.6743973593826555,34393,0,1,10,train
29,28,Patv_raw,trend_ma36,trend,36.0,10,pearson,0.6670062381543009,0.6670062381543009,33113,0,1,10,train
30,29,Patv_raw,trend_ma36,trend,36.0,10,pearson,0.6750662963771399,0.6750662963771399,33635,0,1,10,train
31,30,Patv_raw,trend_ma36,trend,36.0,10,pearson,0.6717971597526783,0.6717971597526783,33809,0,1,10,train
32,31,Patv_raw,trend_ma36,trend,36.0,10,pearson,0.6685447884938797,0.6685447884938797,32407,0,1,10,train
33,32,Patv_raw,trend_ma36,trend,36.0,10,pearson,0.6677138358851329,0.6677138358851329,33066,0,1,10,train
34,33,Patv_raw,trend_ma36,trend,36.0,10,pearson,0.6657049856966928,0.6657049856966928,32583,0,1,10,train
35,34,Patv_raw,trend_ma36,trend,36.0,10,pearson,0.6621159177424436,0.6621159177424436,32096,0,1,10,train
36,35,Patv_raw,trend_ma36,trend,36.0,10,pearson,0.6671095455155208,0.6671095455155208,32904,0,1,10,train
37,36,Patv_raw,trend_ma36,trend,36.0,10,pearson,0.6753348571092554,0.6753348571092554,32328,0,1,10,train
38,37,Patv_raw,trend_ma36,trend,36.0,10,pearson,0.6829247466174325,0.6829247466174325,33537,0,1,10,train
39,38,Patv_raw,trend_ma36,trend,36.0,10,pearson,0.6814969015889791,0.6814969015889791,33313,0,1,10,train
40,39,Patv_raw,trend_ma36,trend,36.0,10,pearson,0.6532996486638253,0.6532996486638253,33607,0,1,10,train
41,40,Patv_raw,trend_ma36,trend,36.0,10,pearson,0.6536894909837205,0.6536894909837205,31858,0,1,10,train
42,41,Patv_raw,trend_ma36,trend,36.0,10,pearson,0.6557669243119597,0.6557669243119597,32628,0,1,10,train
43,42,Patv_raw,trend_ma36,trend,36.0,10,pearson,0.6631835518935808,0.6631835518935808,33091,0,1,10,train
44,43,Patv_raw,trend_ma36,trend,36.0,10,pearson,0.6482857454538368,0.6482857454538368,30678,0,1,10,train
45,44,Patv_raw,trend_ma36,trend,36.0,10,pearson,0.6600124927997925,0.6600124927997925,32604,0,1,10,train
46,45,Patv_raw,trend_ma36,trend,36.0,10,pearson,0.6593175140743169,0.6593175140743169,31756,0,1,10,train
47,46,Patv_raw,trend_ma36,trend,36.0,10,pearson,0.6591449178894473,0.6591449178894473,32191,0,1,10,train
48,47,Patv_raw,trend_ma36,trend,36.0,10,pearson,0.661631984487281,0.661631984487281,33057,0,1,10,train
49,48,Patv_raw,trend_ma36,trend,36.0,10,pearson,0.6669117440312705,0.6669117440312705,34238,0,1,10,train
50,49,Patv_raw,trend_ma36,trend,36.0,10,pearson,0.6657757555182192,0.6657757555182192,32757,0,1,10,train
51,50,Patv_raw,trend_ma36,trend,36.0,10,pearson,0.681963426446834,0.681963426446834,33341,0,1,10,train
52,51,Patv_raw,trend_ma36,trend,36.0,10,pearson,0.6508064661471666,0.6508064661471666,31051,0,1,10,train
53,52,Patv_raw,trend_ma36,trend,36.0,10,pearson,0.6848631568823356,0.6848631568823356,33658,0,1,10,train
54,53,Patv_raw,trend_ma36,trend,36.0,10,pearson,0.6763935786241779,0.6763935786241779,33922,0,1,10,train
55,54,Patv_raw,trend_ma36,trend,36.0,10,pearson,0.6743393161033251,0.6743393161033251,32660,0,1,10,train
56,55,Patv_raw,trend_ma36,trend,36.0,10,pearson,0.6619372117611002,0.6619372117611002,31388,0,1,10,train
57,56,Patv_raw,trend_ma36,trend,36.0,10,pearson,0.6709546363155943,0.6709546363155943,33658,0,1,10,train
58,57,Patv_raw,trend_ma36,trend,36.0,10,pearson,0.6900778531187521,0.6900778531187521,34989,0,1,10,train
59,58,Patv_raw,trend_ma36,trend,36.0,10,pearson,0.6594150841119827,0.6594150841119827,32088,0,1,10,train
60,59,Patv_raw,trend_ma36,trend,36.0,10,pearson,0.6511193451923404,0.6511193451923404,32677,0,1,10,train
61,60,Patv_raw,trend_ma36,trend,36.0,10,pearson,0.6432222102017016,0.6432222102017016,31728,0,1,10,train
62,61,Patv_raw,trend_ma36,trend,36.0,10,pearson,0.6779928303263528,0.6779928303263528,33826,0,1,10,train
63,62,Patv_raw,trend_ma36,trend,36.0,10,pearson,0.6725234387525453,0.6725234387525453,32853,0,1,10,train
64,63,Patv_raw,trend_ma36,trend,36.0,10,pearson,0.6488414973173356,0.6488414973173356,31478,0,1,10,train
65,64,Patv_raw,trend_ma36,trend,36.0,10,pearson,0.641909378194232,0.641909378194232,32718,0,1,10,train
66,65,Patv_raw,trend_ma36,trend,36.0,10,pearson,0.6516213966474267,0.6516213966474267,33294,0,1,10,train
67,66,Patv_raw,trend_ma36,trend,36.0,10,pearson,0.6468897423968425,0.6468897423968425,34004,0,1,10,train
68,67,Patv_raw,trend_ma36,trend,36.0,10,pearson,0.6570185592745602,0.6570185592745602,33284,0,1,10,train
69,68,Patv_raw,trend_ma36,trend,36.0,10,pearson,0.6486200790075745,0.6486200790075745,32664,0,1,10,train
70,69,Patv_raw,trend_ma36,trend,36.0,10,pearson,0.6582835804383266,0.6582835804383266,32814,0,1,10,train
71,70,Patv_raw,trend_ma36,trend,36.0,10,pearson,0.6761742992554141,0.6761742992554141,35070,0,1,10,train
72,71,Patv_raw,trend_ma36,trend,36.0,10,pearson,0.6584295649387895,0.6584295649387895,32757,0,1,10,train
73,72,Patv_raw,trend_ma36,trend,36.0,10,pearson,0.6727657476570018,0.6727657476570018,34376,0,1,10,train
74,73,Patv_raw,trend_ma36,trend,36.0,10,pearson,0.67139553690022,0.67139553690022,33123,0,1,10,train
75,74,Patv_raw,trend_ma36,trend,36.0,10,pearson,0.6636738309762821,0.6636738309762821,32534,0,1,10,train
76,75,Patv_raw,trend_ma36,trend,36.0,10,pearson,0.6764821561935342,0.6764821561935342,32988,0,1,10,train
77,76,Patv_raw,trend_ma36,trend,36.0,10,pearson,0.6671108487927089,0.6671108487927089,32665,0,1,10,train
78,77,Patv_raw,trend_ma36,trend,36.0,10,pearson,0.6587022795850631,0.6587022795850631,31811,0,1,10,train
79,78,Patv_raw,trend_ma36,trend,36.0,10,pearson,0.6630550912398444,0.6630550912398444,32078,0,1,10,train
80,79,Patv_raw,trend_ma36,trend,36.0,10,pearson,0.6714854179805456,0.6714854179805456,32890,0,1,10,train
81,80,Patv_raw,trend_ma36,trend,36.0,10,pearson,0.6888203347934341,0.6888203347934341,32784,0,1,10,train
82,81,Patv_raw,trend_ma36,trend,36.0,10,pearson,0.6713048410785967,0.6713048410785967,31710,0,1,10,train
83,82,Patv_raw,trend_ma36,trend,36.0,10,pearson,0.6975859749519794,0.6975859749519794,32070,0,1,10,train
84,83,Patv_raw,trend_ma36,trend,36.0,10,pearson,0.6793408306030375,0.6793408306030375,35327,0,1,10,train
85,84,Patv_raw,trend_ma36,trend,36.0,10,pearson,0.6777668098905201,0.6777668098905201,31942,0,1,10,train
86,85,Patv_raw,trend_ma36,trend,36.0,10,pearson,0.6560679447002089,0.6560679447002089,32974,0,1,10,train
87,86,Patv_raw,trend_ma36,trend,36.0,10,pearson,0.660053295911898,0.660053295911898,34868,0,1,10,train
88,87,Patv_raw,trend_ma36,trend,36.0,10,pearson,0.6438522831652576,0.6438522831652576,32169,0,1,10,train
89,88,Patv_raw,trend_ma36,trend,36.0,10,pearson,0.6640360002064499,0.6640360002064499,32628,0,1,10,train
90,89,Patv_raw,trend_ma36,trend,36.0,10,pearson,0.6381094202266897,0.6381094202266897,32731,0,1,10,train
91,90,Patv_raw,trend_ma36,trend,36.0,10,pearson,0.6443457561966371,0.6443457561966371,32961,0,1,10,train
92,91,Patv_raw,trend_ma36,trend,36.0,10,pearson,0.6493934938283477,0.6493934938283477,32321,0,1,10,train
93,92,Patv_raw,trend_ma36,trend,36.0,10,pearson,0.6619821173255653,0.6619821173255653,31207,0,1,10,train
94,93,Patv_raw,trend_ma36,trend,36.0,10,pearson,0.6590947956253738,0.6590947956253738,32226,0,1,10,train
95,94,Patv_raw,trend_ma36,trend,36.0,10,pearson,0.6540751661518757,0.6540751661518757,32000,0,1,10,train
96,95,Patv_raw,trend_ma36,trend,36.0,10,pearson,0.6575882864644305,0.6575882864644305,30087,0,1,10,train
97,96,Patv_raw,trend_ma36,trend,36.0,10,pearson,0.6531973476086799,0.6531973476086799,31057,0,1,10,train
98,97,Patv_raw,trend_ma36,trend,36.0,10,pearson,0.6661518610774865,0.6661518610774865,33530,0,1,10,train
99,98,Patv_raw,trend_ma36,trend,36.0,10,pearson,0.6812945416924491,0.6812945416924491,34665,0,1,10,train
100,99,Patv_raw,trend_ma36,trend,36.0,10,pearson,0.68520152378853,0.68520152378853,32010,0,1,10,train
101,100,Patv_raw,trend_ma36,trend,36.0,10,pearson,0.6555636598280786,0.6555636598280786,32558,0,1,10,train
102,101,Patv_raw,trend_ma36,trend,36.0,10,pearson,0.6628923868448925,0.6628923868448925,31842,0,1,10,train
103,102,Patv_raw,trend_ma36,trend,36.0,10,pearson,0.659719753355406,0.659719753355406,33888,0,1,10,train
104,103,Patv_raw,trend_ma36,trend,36.0,10,pearson,0.6494913799985697,0.6494913799985697,32257,0,1,10,train
105,104,Patv_raw,trend_ma36,trend,36.0,10,pearson,0.6495185161011551,0.6495185161011551,32847,0,1,10,train
106,105,Patv_raw,trend_ma36,trend,36.0,10,pearson,0.6599795048313704,0.6599795048313704,31166,0,1,10,train
107,106,Patv_raw,trend_ma36,trend,36.0,10,pearson,0.6499113392130565,0.6499113392130565,33395,0,1,10,train
108,107,Patv_raw,trend_ma36,trend,36.0,10,pearson,0.650005781000452,0.650005781000452,31568,0,1,10,train
109,108,Patv_raw,trend_ma36,trend,36.0,10,pearson,0.6239330588908524,0.6239330588908524,32947,0,1,10,train
110,109,Patv_raw,trend_ma36,trend,36.0,10,pearson,0.636526209606867,0.636526209606867,33133,0,1,10,train
111,110,Patv_raw,trend_ma36,trend,36.0,10,pearson,0.6434003765617634,0.6434003765617634,32856,0,1,10,train
112,111,Patv_raw,trend_ma36,trend,36.0,10,pearson,0.641918588472949,0.641918588472949,32315,0,1,10,train
113,112,Patv_raw,trend_ma36,trend,36.0,10,pearson,0.6366197800254876,0.6366197800254876,32559,0,1,10,train
114,113,Patv_raw,trend_ma36,trend,36.0,10,pearson,0.6664530358343757,0.6664530358343757,31836,0,1,10,train
115,114,Patv_raw,trend_ma36,trend,36.0,10,pearson,0.6572445078246083,0.6572445078246083,31044,0,1,10,train
116,115,Patv_raw,trend_ma36,trend,36.0,10,pearson,0.6376387287730655,0.6376387287730655,31297,0,1,10,train
117,116,Patv_raw,trend_ma36,trend,36.0,10,pearson,0.6564235876049693,0.6564235876049693,32013,0,1,10,train
118,117,Patv_raw,trend_ma36,trend,36.0,10,pearson,0.6433517410910615,0.6433517410910615,31894,0,1,10,train
119,118,Patv_raw,trend_ma36,trend,36.0,10,pearson,0.665964740804137,0.665964740804137,33043,0,1,10,train
120,119,Patv_raw,trend_ma36,trend,36.0,10,pearson,0.6482601165949069,0.6482601165949069,32827,0,1,10,train
121,120,Patv_raw,trend_ma36,trend,36.0,10,pearson,0.6564413698503575,0.6564413698503575,33126,0,1,10,train
122,121,Patv_raw,trend_ma36,trend,36.0,10,pearson,0.6506049293204802,0.6506049293204802,31589,0,1,10,train
123,122,Patv_raw,trend_ma36,trend,36.0,10,pearson,0.6277107209097638,0.6277107209097638,30861,0,1,10,train
124,123,Patv_raw,trend_ma36,trend,36.0,10,pearson,0.6714945879891283,0.6714945879891283,31660,0,1,10,train
125,124,Patv_raw,trend_ma36,trend,36.0,10,pearson,0.6588544668717838,0.6588544668717838,31528,0,1,10,train
126,125,Patv_raw,trend_ma36,trend,36.0,10,pearson,0.6355833516884093,0.6355833516884093,32254,0,1,10,train
127,126,Patv_raw,trend_ma36,trend,36.0,10,pearson,0.6348052411072264,0.6348052411072264,32615,0,1,10,train
128,127,Patv_raw,trend_ma36,trend,36.0,10,pearson,0.6383573358127028,0.6383573358127028,32632,0,1,10,train
129,128,Patv_raw,trend_ma36,trend,36.0,10,pearson,0.6338545314169578,0.6338545314169578,33128,0,1,10,train
130,129,Patv_raw,trend_ma36,trend,36.0,10,pearson,0.6246796606508399,0.6246796606508399,32702,0,1,10,train
131,130,Patv_raw,trend_ma36,trend,36.0,10,pearson,0.6365112881715218,0.6365112881715218,32664,0,1,10,train
132,131,Patv_raw,trend_ma36,trend,36.0,10,pearson,0.6419726585976814,0.6419726585976814,34457,0,1,10,train
133,132,Patv_raw,trend_ma36,trend,36.0,10,pearson,0.6196847199296461,0.6196847199296461,31239,0,1,10,train
134,133,Patv_raw,trend_ma36,trend,36.0,10,pearson,0.6502369227671053,0.6502369227671053,34056,0,1,10,train
1,0,Patv_raw,local_residual_ma36,local_residual,36.0,3,pearson,0.4942260974473778,0.4942260974473778,28646,0,1,3,train
2,1,Patv_raw,local_residual_ma36,local_residual,36.0,3,pearson,0.5013895477702761,0.5013895477702761,28428,0,1,3,train
3,2,Patv_raw,local_residual_ma36,local_residual,36.0,3,pearson,0.49920179433601997,0.49920179433601997,28855,0,1,3,train
4,3,Patv_raw,local_residual_ma36,local_residual,36.0,3,pearson,0.5021301576244871,0.5021301576244871,28895,0,1,3,train
5,4,Patv_raw,local_residual_ma36,local_residual,36.0,3,pearson,0.48685680688136224,0.48685680688136224,30093,0,1,3,train
6,5,Patv_raw,local_residual_ma36,local_residual,36.0,3,pearson,0.48997727995744217,0.48997727995744217,29236,0,1,3,train
7,6,Patv_raw,local_residual_ma36,local_residual,36.0,3,pearson,0.47938422621033044,0.47938422621033044,29377,0,1,3,train
8,7,Patv_raw,local_residual_ma36,local_residual,36.0,3,pearson,0.4850755064755006,0.4850755064755006,29609,0,1,3,train
9,8,Patv_raw,local_residual_ma36,local_residual,36.0,3,pearson,0.4898901886252459,0.4898901886252459,28977,0,1,3,train
10,9,Patv_raw,local_residual_ma36,local_residual,36.0,3,pearson,0.47597862606652885,0.47597862606652885,29362,0,1,3,train
11,10,Patv_raw,local_residual_ma36,local_residual,36.0,3,pearson,0.49014100031673413,0.49014100031673413,29194,0,1,3,train
12,11,Patv_raw,local_residual_ma36,local_residual,36.0,3,pearson,0.4877918460960996,0.4877918460960996,29203,0,1,3,train
13,12,Patv_raw,local_residual_ma36,local_residual,36.0,3,pearson,0.48666616077394276,0.48666616077394276,29324,0,1,3,train
14,13,Patv_raw,local_residual_ma36,local_residual,36.0,3,pearson,0.47534033983870116,0.47534033983870116,30071,0,1,3,train
15,14,Patv_raw,local_residual_ma36,local_residual,36.0,3,pearson,0.48057089224886407,0.48057089224886407,29042,0,1,3,train
16,15,Patv_raw,local_residual_ma36,local_residual,36.0,3,pearson,0.48390571341706223,0.48390571341706223,29012,0,1,3,train
17,16,Patv_raw,local_residual_ma36,local_residual,36.0,3,pearson,0.49703023224744347,0.49703023224744347,29284,0,1,3,train
18,17,Patv_raw,local_residual_ma36,local_residual,36.0,3,pearson,0.47913673269108303,0.47913673269108303,30104,0,1,3,train
19,18,Patv_raw,local_residual_ma36,local_residual,36.0,3,pearson,0.5007902709927508,0.5007902709927508,29109,0,1,3,train
20,19,Patv_raw,local_residual_ma36,local_residual,36.0,3,pearson,0.5011995613370919,0.5011995613370919,28554,0,1,3,train
21,20,Patv_raw,local_residual_ma36,local_residual,36.0,3,pearson,0.4936789527848962,0.4936789527848962,29344,0,1,3,train
22,21,Patv_raw,local_residual_ma36,local_residual,36.0,3,pearson,0.48954917407745685,0.48954917407745685,28001,0,1,3,train
23,22,Patv_raw,local_residual_ma36,local_residual,36.0,3,pearson,0.5028031213402844,0.5028031213402844,28704,0,1,3,train
24,23,Patv_raw,local_residual_ma36,local_residual,36.0,3,pearson,0.4976376558771403,0.4976376558771403,28986,0,1,3,train
25,24,Patv_raw,local_residual_ma36,local_residual,36.0,3,pearson,0.5006668449626718,0.5006668449626718,28808,0,1,3,train
26,25,Patv_raw,local_residual_ma36,local_residual,36.0,3,pearson,0.483860779828897,0.483860779828897,30522,0,1,3,train
27,26,Patv_raw,local_residual_ma36,local_residual,36.0,3,pearson,0.49286890519203613,0.49286890519203613,29495,0,1,3,train
28,27,Patv_raw,local_residual_ma36,local_residual,36.0,3,pearson,0.4864907947224735,0.4864907947224735,30608,0,1,3,train
29,28,Patv_raw,local_residual_ma36,local_residual,36.0,3,pearson,0.4942173366672834,0.4942173366672834,29023,0,1,3,train
30,29,Patv_raw,local_residual_ma36,local_residual,36.0,3,pearson,0.48815609182885683,0.48815609182885683,29573,0,1,3,train
31,30,Patv_raw,local_residual_ma36,local_residual,36.0,3,pearson,0.48472288393081403,0.48472288393081403,29657,0,1,3,train
32,31,Patv_raw,local_residual_ma36,local_residual,36.0,3,pearson,0.4863918315860194,0.4863918315860194,28653,0,1,3,train
33,32,Patv_raw,local_residual_ma36,local_residual,36.0,3,pearson,0.4904939839710874,0.4904939839710874,29174,0,1,3,train
34,33,Patv_raw,local_residual_ma36,local_residual,36.0,3,pearson,0.4852605248511026,0.4852605248511026,28543,0,1,3,train
35,34,Patv_raw,local_residual_ma36,local_residual,36.0,3,pearson,0.4944784165440624,0.4944784165440624,28312,0,1,3,train
36,35,Patv_raw,local_residual_ma36,local_residual,36.0,3,pearson,0.48575446911738607,0.48575446911738607,28999,0,1,3,train
37,36,Patv_raw,local_residual_ma36,local_residual,36.0,3,pearson,0.4852772864456671,0.4852772864456671,29111,0,1,3,train
38,37,Patv_raw,local_residual_ma36,local_residual,36.0,3,pearson,0.48257946763226106,0.48257946763226106,29490,0,1,3,train
39,38,Patv_raw,local_residual_ma36,local_residual,36.0,3,pearson,0.4801714411656303,0.4801714411656303,29004,0,1,3,train
40,39,Patv_raw,local_residual_ma36,local_residual,36.0,3,pearson,0.5012656740759871,0.5012656740759871,29404,0,1,3,train
41,40,Patv_raw,local_residual_ma36,local_residual,36.0,3,pearson,0.5011281050413348,0.5011281050413348,27998,0,1,3,train
42,41,Patv_raw,local_residual_ma36,local_residual,36.0,3,pearson,0.49873166135422614,0.49873166135422614,28816,0,1,3,train
43,42,Patv_raw,local_residual_ma36,local_residual,36.0,3,pearson,0.4922448253965898,0.4922448253965898,29260,0,1,3,train
44,43,Patv_raw,local_residual_ma36,local_residual,36.0,3,pearson,0.4997986005021843,0.4997986005021843,28004,0,1,3,train
45,44,Patv_raw,local_residual_ma36,local_residual,36.0,3,pearson,0.499718090665068,0.499718090665068,28704,0,1,3,train
46,45,Patv_raw,local_residual_ma36,local_residual,36.0,3,pearson,0.5024213352475428,0.5024213352475428,28041,0,1,3,train
47,46,Patv_raw,local_residual_ma36,local_residual,36.0,3,pearson,0.4968522822051625,0.4968522822051625,28294,0,1,3,train
48,47,Patv_raw,local_residual_ma36,local_residual,36.0,3,pearson,0.49607872102582734,0.49607872102582734,29044,0,1,3,train
49,48,Patv_raw,local_residual_ma36,local_residual,36.0,3,pearson,0.4898451658280264,0.4898451658280264,30684,0,1,3,train
50,49,Patv_raw,local_residual_ma36,local_residual,36.0,3,pearson,0.4930893836601792,0.4930893836601792,28786,0,1,3,train
51,50,Patv_raw,local_residual_ma36,local_residual,36.0,3,pearson,0.48224511970776196,0.48224511970776196,29611,0,1,3,train
52,51,Patv_raw,local_residual_ma36,local_residual,36.0,3,pearson,0.5043262529777898,0.5043262529777898,27178,0,1,3,train
53,52,Patv_raw,local_residual_ma36,local_residual,36.0,3,pearson,0.47718317980964786,0.47718317980964786,29880,0,1,3,train
54,53,Patv_raw,local_residual_ma36,local_residual,36.0,3,pearson,0.48383077768613736,0.48383077768613736,29724,0,1,3,train
55,54,Patv_raw,local_residual_ma36,local_residual,36.0,3,pearson,0.4840535199051937,0.4840535199051937,28928,0,1,3,train
56,55,Patv_raw,local_residual_ma36,local_residual,36.0,3,pearson,0.49106579211431917,0.49106579211431917,27805,0,1,3,train
57,56,Patv_raw,local_residual_ma36,local_residual,36.0,3,pearson,0.48305260408383993,0.48305260408383993,29977,0,1,3,train
58,57,Patv_raw,local_residual_ma36,local_residual,36.0,3,pearson,0.4787287546584541,0.4787287546584541,31588,0,1,3,train
59,58,Patv_raw,local_residual_ma36,local_residual,36.0,3,pearson,0.4903905816495875,0.4903905816495875,28052,0,1,3,train
60,59,Patv_raw,local_residual_ma36,local_residual,36.0,3,pearson,0.4971914070499823,0.4971914070499823,28476,0,1,3,train
61,60,Patv_raw,local_residual_ma36,local_residual,36.0,3,pearson,0.5022447473121417,0.5022447473121417,27983,0,1,3,train
62,61,Patv_raw,local_residual_ma36,local_residual,36.0,3,pearson,0.4835681425453075,0.4835681425453075,30397,0,1,3,train
63,62,Patv_raw,local_residual_ma36,local_residual,36.0,3,pearson,0.4843239643476019,0.4843239643476019,29069,0,1,3,train
64,63,Patv_raw,local_residual_ma36,local_residual,36.0,3,pearson,0.5065980913000886,0.5065980913000886,28114,0,1,3,train
65,64,Patv_raw,local_residual_ma36,local_residual,36.0,3,pearson,0.5081641379711911,0.5081641379711911,28706,0,1,3,train
66,65,Patv_raw,local_residual_ma36,local_residual,36.0,3,pearson,0.5015705156682513,0.5015705156682513,29129,0,1,3,train
67,66,Patv_raw,local_residual_ma36,local_residual,36.0,3,pearson,0.5062934143667556,0.5062934143667556,29948,0,1,3,train
68,67,Patv_raw,local_residual_ma36,local_residual,36.0,3,pearson,0.5002518756727103,0.5002518756727103,29619,0,1,3,train
69,68,Patv_raw,local_residual_ma36,local_residual,36.0,3,pearson,0.504504506497847,0.504504506497847,28764,0,1,3,train
70,69,Patv_raw,local_residual_ma36,local_residual,36.0,3,pearson,0.49855112411220154,0.49855112411220154,28853,0,1,3,train
71,70,Patv_raw,local_residual_ma36,local_residual,36.0,3,pearson,0.4891458225408139,0.4891458225408139,31607,0,1,3,train
72,71,Patv_raw,local_residual_ma36,local_residual,36.0,3,pearson,0.49674738531981655,0.49674738531981655,28484,0,1,3,train
73,72,Patv_raw,local_residual_ma36,local_residual,36.0,3,pearson,0.49060387916249765,0.49060387916249765,30427,0,1,3,train
74,73,Patv_raw,local_residual_ma36,local_residual,36.0,3,pearson,0.49074731066171356,0.49074731066171356,29235,0,1,3,train
75,74,Patv_raw,local_residual_ma36,local_residual,36.0,3,pearson,0.4921183283439946,0.4921183283439946,28587,0,1,3,train
76,75,Patv_raw,local_residual_ma36,local_residual,36.0,3,pearson,0.48331241170455835,0.48331241170455835,28923,0,1,3,train
77,76,Patv_raw,local_residual_ma36,local_residual,36.0,3,pearson,0.4909989011498492,0.4909989011498492,28794,0,1,3,train
78,77,Patv_raw,local_residual_ma36,local_residual,36.0,3,pearson,0.4928459629004603,0.4928459629004603,27883,0,1,3,train
79,78,Patv_raw,local_residual_ma36,local_residual,36.0,3,pearson,0.49219281131811404,0.49219281131811404,27859,0,1,3,train
80,79,Patv_raw,local_residual_ma36,local_residual,36.0,3,pearson,0.4832175379826434,0.4832175379826434,28897,0,1,3,train
81,80,Patv_raw,local_residual_ma36,local_residual,36.0,3,pearson,0.4703720258348617,0.4703720258348617,28875,0,1,3,train
82,81,Patv_raw,local_residual_ma36,local_residual,36.0,3,pearson,0.4827799102203071,0.4827799102203071,27474,0,1,3,train
83,82,Patv_raw,local_residual_ma36,local_residual,36.0,3,pearson,0.46668244335419745,0.46668244335419745,28177,0,1,3,train
84,83,Patv_raw,local_residual_ma36,local_residual,36.0,3,pearson,0.479853018006919,0.479853018006919,31712,0,1,3,train
85,84,Patv_raw,local_residual_ma36,local_residual,36.0,3,pearson,0.4768907279475718,0.4768907279475718,28000,0,1,3,train
86,85,Patv_raw,local_residual_ma36,local_residual,36.0,3,pearson,0.4963986407022062,0.4963986407022062,29180,0,1,3,train
87,86,Patv_raw,local_residual_ma36,local_residual,36.0,3,pearson,0.4878819931791616,0.4878819931791616,31477,0,1,3,train
88,87,Patv_raw,local_residual_ma36,local_residual,36.0,3,pearson,0.5009148201388746,0.5009148201388746,28328,0,1,3,train
89,88,Patv_raw,local_residual_ma36,local_residual,36.0,3,pearson,0.4914852825445632,0.4914852825445632,28733,0,1,3,train
90,89,Patv_raw,local_residual_ma36,local_residual,36.0,3,pearson,0.5127258917217928,0.5127258917217928,29007,0,1,3,train
91,90,Patv_raw,local_residual_ma36,local_residual,36.0,3,pearson,0.5038109906219123,0.5038109906219123,28737,0,1,3,train
92,91,Patv_raw,local_residual_ma36,local_residual,36.0,3,pearson,0.49417062197334866,0.49417062197334866,27816,0,1,3,train
93,92,Patv_raw,local_residual_ma36,local_residual,36.0,3,pearson,0.48655991871129134,0.48655991871129134,26805,0,1,3,train
94,93,Patv_raw,local_residual_ma36,local_residual,36.0,3,pearson,0.49050143723643974,0.49050143723643974,28206,0,1,3,train
95,94,Patv_raw,local_residual_ma36,local_residual,36.0,3,pearson,0.4921621622129024,0.4921621622129024,27423,0,1,3,train
96,95,Patv_raw,local_residual_ma36,local_residual,36.0,3,pearson,0.48862562438602347,0.48862562438602347,26143,0,1,3,train
97,96,Patv_raw,local_residual_ma36,local_residual,36.0,3,pearson,0.4948973254316711,0.4948973254316711,26617,0,1,3,train
98,97,Patv_raw,local_residual_ma36,local_residual,36.0,3,pearson,0.4911289263873821,0.4911289263873821,29617,0,1,3,train
99,98,Patv_raw,local_residual_ma36,local_residual,36.0,3,pearson,0.47460752067863815,0.47460752067863815,30296,0,1,3,train
100,99,Patv_raw,local_residual_ma36,local_residual,36.0,3,pearson,0.47462505154949564,0.47462505154949564,27570,0,1,3,train
101,100,Patv_raw,local_residual_ma36,local_residual,36.0,3,pearson,0.49244158045810327,0.49244158045810327,28433,0,1,3,train
102,101,Patv_raw,local_residual_ma36,local_residual,36.0,3,pearson,0.48737739087733883,0.48737739087733883,27265,0,1,3,train
103,102,Patv_raw,local_residual_ma36,local_residual,36.0,3,pearson,0.4942326996373777,0.4942326996373777,29959,0,1,3,train
104,103,Patv_raw,local_residual_ma36,local_residual,36.0,3,pearson,0.5000874009885715,0.5000874009885715,28299,0,1,3,train
105,104,Patv_raw,local_residual_ma36,local_residual,36.0,3,pearson,0.5000628208142787,0.5000628208142787,28421,0,1,3,train
106,105,Patv_raw,local_residual_ma36,local_residual,36.0,3,pearson,0.49246017802250114,0.49246017802250114,27684,0,1,3,train
107,106,Patv_raw,local_residual_ma36,local_residual,36.0,3,pearson,0.5003812004650355,0.5003812004650355,29611,0,1,3,train
108,107,Patv_raw,local_residual_ma36,local_residual,36.0,3,pearson,0.49526344958426827,0.49526344958426827,27278,0,1,3,train
109,108,Patv_raw,local_residual_ma36,local_residual,36.0,3,pearson,0.5108861060422958,0.5108861060422958,29021,0,1,3,train
110,109,Patv_raw,local_residual_ma36,local_residual,36.0,3,pearson,0.5116746110369216,0.5116746110369216,29017,0,1,3,train
111,110,Patv_raw,local_residual_ma36,local_residual,36.0,3,pearson,0.5027632046417383,0.5027632046417383,28947,0,1,3,train
112,111,Patv_raw,local_residual_ma36,local_residual,36.0,3,pearson,0.49783783500688683,0.49783783500688683,27935,0,1,3,train
113,112,Patv_raw,local_residual_ma36,local_residual,36.0,3,pearson,0.5040673070214804,0.5040673070214804,28479,0,1,3,train
114,113,Patv_raw,local_residual_ma36,local_residual,36.0,3,pearson,0.4880714096588111,0.4880714096588111,27747,0,1,3,train
115,114,Patv_raw,local_residual_ma36,local_residual,36.0,3,pearson,0.4905289625213764,0.4905289625213764,26121,0,1,3,train
116,115,Patv_raw,local_residual_ma36,local_residual,36.0,3,pearson,0.5007675775343494,0.5007675775343494,27015,0,1,3,train
117,116,Patv_raw,local_residual_ma36,local_residual,36.0,3,pearson,0.4875101716224661,0.4875101716224661,27032,0,1,3,train
118,117,Patv_raw,local_residual_ma36,local_residual,36.0,3,pearson,0.500685633645777,0.500685633645777,27804,0,1,3,train
119,118,Patv_raw,local_residual_ma36,local_residual,36.0,3,pearson,0.4919434184305916,0.4919434184305916,29403,0,1,3,train
120,119,Patv_raw,local_residual_ma36,local_residual,36.0,3,pearson,0.5021750122658052,0.5021750122658052,28651,0,1,3,train
121,120,Patv_raw,local_residual_ma36,local_residual,36.0,3,pearson,0.4956652672034367,0.4956652672034367,28981,0,1,3,train
122,121,Patv_raw,local_residual_ma36,local_residual,36.0,3,pearson,0.49438189487393835,0.49438189487393835,26832,0,1,3,train
123,122,Patv_raw,local_residual_ma36,local_residual,36.0,3,pearson,0.5143294107474324,0.5143294107474324,27244,0,1,3,train
124,123,Patv_raw,local_residual_ma36,local_residual,36.0,3,pearson,0.4854757881367121,0.4854757881367121,26839,0,1,3,train
125,124,Patv_raw,local_residual_ma36,local_residual,36.0,3,pearson,0.4993432641671947,0.4993432641671947,27629,0,1,3,train
126,125,Patv_raw,local_residual_ma36,local_residual,36.0,3,pearson,0.5105671813429606,0.5105671813429606,27872,0,1,3,train
127,126,Patv_raw,local_residual_ma36,local_residual,36.0,3,pearson,0.5125961537294343,0.5125961537294343,28717,0,1,3,train
128,127,Patv_raw,local_residual_ma36,local_residual,36.0,3,pearson,0.508449044010126,0.508449044010126,28892,0,1,3,train
129,128,Patv_raw,local_residual_ma36,local_residual,36.0,3,pearson,0.5073972223681938,0.5073972223681938,29415,0,1,3,train
130,129,Patv_raw,local_residual_ma36,local_residual,36.0,3,pearson,0.5158906790939914,0.5158906790939914,28664,0,1,3,train
131,130,Patv_raw,local_residual_ma36,local_residual,36.0,3,pearson,0.5107581752178967,0.5107581752178967,28984,0,1,3,train
132,131,Patv_raw,local_residual_ma36,local_residual,36.0,3,pearson,0.5095104616790763,0.5095104616790763,30320,0,1,3,train
133,132,Patv_raw,local_residual_ma36,local_residual,36.0,3,pearson,0.5146884361936033,0.5146884361936033,27468,0,1,3,train
134,133,Patv_raw,local_residual_ma36,local_residual,36.0,3,pearson,0.49190492413049863,0.49190492413049863,29978,0,1,3,train
1,0,Patv_raw,local_residual_ma36,local_residual,36.0,6,pearson,0.47755131507475873,0.47755131507475873,28744,0,1,6,train
2,1,Patv_raw,local_residual_ma36,local_residual,36.0,6,pearson,0.4839654250262247,0.4839654250262247,28548,0,1,6,train
3,2,Patv_raw,local_residual_ma36,local_residual,36.0,6,pearson,0.48170782347597035,0.48170782347597035,28962,0,1,6,train
4,3,Patv_raw,local_residual_ma36,local_residual,36.0,6,pearson,0.48563381376561277,0.48563381376561277,29006,0,1,6,train
5,4,Patv_raw,local_residual_ma36,local_residual,36.0,6,pearson,0.4723827634855447,0.4723827634855447,30188,0,1,6,train
6,5,Patv_raw,local_residual_ma36,local_residual,36.0,6,pearson,0.4773272259724548,0.4773272259724548,29350,0,1,6,train
7,6,Patv_raw,local_residual_ma36,local_residual,36.0,6,pearson,0.4653864696179643,0.4653864696179643,29515,0,1,6,train
8,7,Patv_raw,local_residual_ma36,local_residual,36.0,6,pearson,0.4705180923646439,0.4705180923646439,29716,0,1,6,train
9,8,Patv_raw,local_residual_ma36,local_residual,36.0,6,pearson,0.47673981450603997,0.47673981450603997,29095,0,1,6,train
10,9,Patv_raw,local_residual_ma36,local_residual,36.0,6,pearson,0.462316709270045,0.462316709270045,29471,0,1,6,train
11,10,Patv_raw,local_residual_ma36,local_residual,36.0,6,pearson,0.4764853129584554,0.4764853129584554,29314,0,1,6,train
12,11,Patv_raw,local_residual_ma36,local_residual,36.0,6,pearson,0.47504954636709024,0.47504954636709024,29301,0,1,6,train
13,12,Patv_raw,local_residual_ma36,local_residual,36.0,6,pearson,0.47050731297689374,0.47050731297689374,29429,0,1,6,train
14,13,Patv_raw,local_residual_ma36,local_residual,36.0,6,pearson,0.457442946937011,0.457442946937011,30198,0,1,6,train
15,14,Patv_raw,local_residual_ma36,local_residual,36.0,6,pearson,0.46399826201726324,0.46399826201726324,29177,0,1,6,train
16,15,Patv_raw,local_residual_ma36,local_residual,36.0,6,pearson,0.46876419106614386,0.46876419106614386,29108,0,1,6,train
17,16,Patv_raw,local_residual_ma36,local_residual,36.0,6,pearson,0.48164026373602953,0.48164026373602953,29397,0,1,6,train
18,17,Patv_raw,local_residual_ma36,local_residual,36.0,6,pearson,0.46474208798802186,0.46474208798802186,30204,0,1,6,train
19,18,Patv_raw,local_residual_ma36,local_residual,36.0,6,pearson,0.48544533972207765,0.48544533972207765,29217,0,1,6,train
20,19,Patv_raw,local_residual_ma36,local_residual,36.0,6,pearson,0.48706787327342005,0.48706787327342005,28655,0,1,6,train
21,20,Patv_raw,local_residual_ma36,local_residual,36.0,6,pearson,0.4770309533905517,0.4770309533905517,29453,0,1,6,train
22,21,Patv_raw,local_residual_ma36,local_residual,36.0,6,pearson,0.47059651211766146,0.47059651211766146,28094,0,1,6,train
23,22,Patv_raw,local_residual_ma36,local_residual,36.0,6,pearson,0.48631990832469374,0.48631990832469374,28800,0,1,6,train
24,23,Patv_raw,local_residual_ma36,local_residual,36.0,6,pearson,0.47804815359253405,0.47804815359253405,29096,0,1,6,train
25,24,Patv_raw,local_residual_ma36,local_residual,36.0,6,pearson,0.48309213493348474,0.48309213493348474,28917,0,1,6,train
26,25,Patv_raw,local_residual_ma36,local_residual,36.0,6,pearson,0.46904110863324694,0.46904110863324694,30615,0,1,6,train
27,26,Patv_raw,local_residual_ma36,local_residual,36.0,6,pearson,0.47462652996837784,0.47462652996837784,29608,0,1,6,train
28,27,Patv_raw,local_residual_ma36,local_residual,36.0,6,pearson,0.4697755519369494,0.4697755519369494,30736,0,1,6,train
29,28,Patv_raw,local_residual_ma36,local_residual,36.0,6,pearson,0.4770641590946026,0.4770641590946026,29149,0,1,6,train
30,29,Patv_raw,local_residual_ma36,local_residual,36.0,6,pearson,0.471220025197117,0.471220025197117,29685,0,1,6,train
31,30,Patv_raw,local_residual_ma36,local_residual,36.0,6,pearson,0.468311701827115,0.468311701827115,29788,0,1,6,train
32,31,Patv_raw,local_residual_ma36,local_residual,36.0,6,pearson,0.46898167871651875,0.46898167871651875,28752,0,1,6,train
33,32,Patv_raw,local_residual_ma36,local_residual,36.0,6,pearson,0.47306548356954176,0.47306548356954176,29266,0,1,6,train
34,33,Patv_raw,local_residual_ma36,local_residual,36.0,6,pearson,0.4671753519249665,0.4671753519249665,28672,0,1,6,train
35,34,Patv_raw,local_residual_ma36,local_residual,36.0,6,pearson,0.47453748591388795,0.47453748591388795,28428,0,1,6,train
36,35,Patv_raw,local_residual_ma36,local_residual,36.0,6,pearson,0.46794423994482953,0.46794423994482953,29132,0,1,6,train
37,36,Patv_raw,local_residual_ma36,local_residual,36.0,6,pearson,0.470226912155387,0.470226912155387,29218,0,1,6,train
38,37,Patv_raw,local_residual_ma36,local_residual,36.0,6,pearson,0.466675362963035,0.466675362963035,29618,0,1,6,train
39,38,Patv_raw,local_residual_ma36,local_residual,36.0,6,pearson,0.46485273481151634,0.46485273481151634,29135,0,1,6,train
40,39,Patv_raw,local_residual_ma36,local_residual,36.0,6,pearson,0.48635195084753186,0.48635195084753186,29545,0,1,6,train
41,40,Patv_raw,local_residual_ma36,local_residual,36.0,6,pearson,0.48626036743908657,0.48626036743908657,28109,0,1,6,train
42,41,Patv_raw,local_residual_ma36,local_residual,36.0,6,pearson,0.4815716017306256,0.4815716017306256,28913,0,1,6,train
43,42,Patv_raw,local_residual_ma36,local_residual,36.0,6,pearson,0.4809065972788885,0.4809065972788885,29377,0,1,6,train
44,43,Patv_raw,local_residual_ma36,local_residual,36.0,6,pearson,0.4843233862237384,0.4843233862237384,28066,0,1,6,train
45,44,Patv_raw,local_residual_ma36,local_residual,36.0,6,pearson,0.48137669327692767,0.48137669327692767,28806,0,1,6,train
46,45,Patv_raw,local_residual_ma36,local_residual,36.0,6,pearson,0.4855451925832206,0.4855451925832206,28148,0,1,6,train
47,46,Patv_raw,local_residual_ma36,local_residual,36.0,6,pearson,0.48091738905919157,0.48091738905919157,28392,0,1,6,train
48,47,Patv_raw,local_residual_ma36,local_residual,36.0,6,pearson,0.48016173458465305,0.48016173458465305,29163,0,1,6,train
49,48,Patv_raw,local_residual_ma36,local_residual,36.0,6,pearson,0.4775033229829466,0.4775033229829466,30783,0,1,6,train
50,49,Patv_raw,local_residual_ma36,local_residual,36.0,6,pearson,0.47861634975300205,0.47861634975300205,28906,0,1,6,train
51,50,Patv_raw,local_residual_ma36,local_residual,36.0,6,pearson,0.47003615136854215,0.47003615136854215,29732,0,1,6,train
52,51,Patv_raw,local_residual_ma36,local_residual,36.0,6,pearson,0.48907129959180967,0.48907129959180967,27311,0,1,6,train
53,52,Patv_raw,local_residual_ma36,local_residual,36.0,6,pearson,0.4649552211754006,0.4649552211754006,29994,0,1,6,train
54,53,Patv_raw,local_residual_ma36,local_residual,36.0,6,pearson,0.4709970414526179,0.4709970414526179,29851,0,1,6,train
55,54,Patv_raw,local_residual_ma36,local_residual,36.0,6,pearson,0.47107734625627606,0.47107734625627606,29047,0,1,6,train
56,55,Patv_raw,local_residual_ma36,local_residual,36.0,6,pearson,0.47280903896753,0.47280903896753,27890,0,1,6,train
57,56,Patv_raw,local_residual_ma36,local_residual,36.0,6,pearson,0.46854199739263497,0.46854199739263497,30095,0,1,6,train
58,57,Patv_raw,local_residual_ma36,local_residual,36.0,6,pearson,0.46543007779200873,0.46543007779200873,31696,0,1,6,train
59,58,Patv_raw,local_residual_ma36,local_residual,36.0,6,pearson,0.47537997653287345,0.47537997653287345,28156,0,1,6,train
60,59,Patv_raw,local_residual_ma36,local_residual,36.0,6,pearson,0.4795061579360477,0.4795061579360477,28601,0,1,6,train
61,60,Patv_raw,local_residual_ma36,local_residual,36.0,6,pearson,0.48453371962985015,0.48453371962985015,28098,0,1,6,train
62,61,Patv_raw,local_residual_ma36,local_residual,36.0,6,pearson,0.466401730756191,0.466401730756191,30508,0,1,6,train
63,62,Patv_raw,local_residual_ma36,local_residual,36.0,6,pearson,0.47066547776872647,0.47066547776872647,29184,0,1,6,train
64,63,Patv_raw,local_residual_ma36,local_residual,36.0,6,pearson,0.4903022620279206,0.4903022620279206,28204,0,1,6,train
65,64,Patv_raw,local_residual_ma36,local_residual,36.0,6,pearson,0.4918264289284669,0.4918264289284669,28817,0,1,6,train
66,65,Patv_raw,local_residual_ma36,local_residual,36.0,6,pearson,0.48782457043236244,0.48782457043236244,29263,0,1,6,train
67,66,Patv_raw,local_residual_ma36,local_residual,36.0,6,pearson,0.48951774733479775,0.48951774733479775,30075,0,1,6,train
68,67,Patv_raw,local_residual_ma36,local_residual,36.0,6,pearson,0.4846800196039713,0.4846800196039713,29727,0,1,6,train
69,68,Patv_raw,local_residual_ma36,local_residual,36.0,6,pearson,0.4908526723411077,0.4908526723411077,28869,0,1,6,train
70,69,Patv_raw,local_residual_ma36,local_residual,36.0,6,pearson,0.48845906723884847,0.48845906723884847,28944,0,1,6,train
71,70,Patv_raw,local_residual_ma36,local_residual,36.0,6,pearson,0.4786430096073473,0.4786430096073473,31735,0,1,6,train
72,71,Patv_raw,local_residual_ma36,local_residual,36.0,6,pearson,0.48456018452679833,0.48456018452679833,28595,0,1,6,train
73,72,Patv_raw,local_residual_ma36,local_residual,36.0,6,pearson,0.47976448977320446,0.47976448977320446,30537,0,1,6,train
74,73,Patv_raw,local_residual_ma36,local_residual,36.0,6,pearson,0.47833732350616726,0.47833732350616726,29334,0,1,6,train
75,74,Patv_raw,local_residual_ma36,local_residual,36.0,6,pearson,0.480150943759056,0.480150943759056,28711,0,1,6,train
76,75,Patv_raw,local_residual_ma36,local_residual,36.0,6,pearson,0.47215751670448264,0.47215751670448264,29069,0,1,6,train
77,76,Patv_raw,local_residual_ma36,local_residual,36.0,6,pearson,0.4797576613328363,0.4797576613328363,28920,0,1,6,train
78,77,Patv_raw,local_residual_ma36,local_residual,36.0,6,pearson,0.47958743725001884,0.47958743725001884,28018,0,1,6,train
79,78,Patv_raw,local_residual_ma36,local_residual,36.0,6,pearson,0.47994640116444826,0.47994640116444826,27984,0,1,6,train
80,79,Patv_raw,local_residual_ma36,local_residual,36.0,6,pearson,0.4697008892688002,0.4697008892688002,29005,0,1,6,train
81,80,Patv_raw,local_residual_ma36,local_residual,36.0,6,pearson,0.4587614927701033,0.4587614927701033,28989,0,1,6,train
82,81,Patv_raw,local_residual_ma36,local_residual,36.0,6,pearson,0.46995373548870617,0.46995373548870617,27596,0,1,6,train
83,82,Patv_raw,local_residual_ma36,local_residual,36.0,6,pearson,0.45979758066015647,0.45979758066015647,28286,0,1,6,train
84,83,Patv_raw,local_residual_ma36,local_residual,36.0,6,pearson,0.4676306463000402,0.4676306463000402,31832,0,1,6,train
85,84,Patv_raw,local_residual_ma36,local_residual,36.0,6,pearson,0.4638225167781546,0.4638225167781546,28103,0,1,6,train
86,85,Patv_raw,local_residual_ma36,local_residual,36.0,6,pearson,0.4816562812493204,0.4816562812493204,29299,0,1,6,train
87,86,Patv_raw,local_residual_ma36,local_residual,36.0,6,pearson,0.4743495560724237,0.4743495560724237,31593,0,1,6,train
88,87,Patv_raw,local_residual_ma36,local_residual,36.0,6,pearson,0.4840167943575989,0.4840167943575989,28444,0,1,6,train
89,88,Patv_raw,local_residual_ma36,local_residual,36.0,6,pearson,0.47761830053963045,0.47761830053963045,28835,0,1,6,train
90,89,Patv_raw,local_residual_ma36,local_residual,36.0,6,pearson,0.49739393502925294,0.49739393502925294,29111,0,1,6,train
91,90,Patv_raw,local_residual_ma36,local_residual,36.0,6,pearson,0.4900077853759182,0.4900077853759182,28855,0,1,6,train
92,91,Patv_raw,local_residual_ma36,local_residual,36.0,6,pearson,0.4805970283881515,0.4805970283881515,27939,0,1,6,train
93,92,Patv_raw,local_residual_ma36,local_residual,36.0,6,pearson,0.47111092784672937,0.47111092784672937,26936,0,1,6,train
94,93,Patv_raw,local_residual_ma36,local_residual,36.0,6,pearson,0.4783880662663757,0.4783880662663757,28329,0,1,6,train
95,94,Patv_raw,local_residual_ma36,local_residual,36.0,6,pearson,0.47955968272844424,0.47955968272844424,27581,0,1,6,train
96,95,Patv_raw,local_residual_ma36,local_residual,36.0,6,pearson,0.47317545821015766,0.47317545821015766,26262,0,1,6,train
97,96,Patv_raw,local_residual_ma36,local_residual,36.0,6,pearson,0.48289591874339693,0.48289591874339693,26775,0,1,6,train
98,97,Patv_raw,local_residual_ma36,local_residual,36.0,6,pearson,0.47916516691985184,0.47916516691985184,29736,0,1,6,train
99,98,Patv_raw,local_residual_ma36,local_residual,36.0,6,pearson,0.46671423108822707,0.46671423108822707,30446,0,1,6,train
100,99,Patv_raw,local_residual_ma36,local_residual,36.0,6,pearson,0.4642620187707485,0.4642620187707485,27709,0,1,6,train
101,100,Patv_raw,local_residual_ma36,local_residual,36.0,6,pearson,0.47896861586774847,0.47896861586774847,28549,0,1,6,train
102,101,Patv_raw,local_residual_ma36,local_residual,36.0,6,pearson,0.47574471230692655,0.47574471230692655,27397,0,1,6,train
103,102,Patv_raw,local_residual_ma36,local_residual,36.0,6,pearson,0.48292835118416516,0.48292835118416516,30060,0,1,6,train
104,103,Patv_raw,local_residual_ma36,local_residual,36.0,6,pearson,0.4855083648429703,0.4855083648429703,28411,0,1,6,train
105,104,Patv_raw,local_residual_ma36,local_residual,36.0,6,pearson,0.48531179838213084,0.48531179838213084,28576,0,1,6,train
106,105,Patv_raw,local_residual_ma36,local_residual,36.0,6,pearson,0.47951994866713565,0.47951994866713565,27789,0,1,6,train
107,106,Patv_raw,local_residual_ma36,local_residual,36.0,6,pearson,0.48596710542296184,0.48596710542296184,29731,0,1,6,train
108,107,Patv_raw,local_residual_ma36,local_residual,36.0,6,pearson,0.48178510382603534,0.48178510382603534,27410,0,1,6,train
109,108,Patv_raw,local_residual_ma36,local_residual,36.0,6,pearson,0.49601436536381616,0.49601436536381616,29131,0,1,6,train
110,109,Patv_raw,local_residual_ma36,local_residual,36.0,6,pearson,0.49755833132026245,0.49755833132026245,29136,0,1,6,train
111,110,Patv_raw,local_residual_ma36,local_residual,36.0,6,pearson,0.4863222455303881,0.4863222455303881,29058,0,1,6,train
112,111,Patv_raw,local_residual_ma36,local_residual,36.0,6,pearson,0.4828995944084095,0.4828995944084095,28072,0,1,6,train
113,112,Patv_raw,local_residual_ma36,local_residual,36.0,6,pearson,0.4901953315316782,0.4901953315316782,28604,0,1,6,train
114,113,Patv_raw,local_residual_ma36,local_residual,36.0,6,pearson,0.47646891452111834,0.47646891452111834,27871,0,1,6,train
115,114,Patv_raw,local_residual_ma36,local_residual,36.0,6,pearson,0.47674145131655676,0.47674145131655676,26277,0,1,6,train
116,115,Patv_raw,local_residual_ma36,local_residual,36.0,6,pearson,0.4876670586611261,0.4876670586611261,27149,0,1,6,train
117,116,Patv_raw,local_residual_ma36,local_residual,36.0,6,pearson,0.476685704415384,0.476685704415384,27216,0,1,6,train
118,117,Patv_raw,local_residual_ma36,local_residual,36.0,6,pearson,0.4896493929364366,0.4896493929364366,27936,0,1,6,train
119,118,Patv_raw,local_residual_ma36,local_residual,36.0,6,pearson,0.48117511805712776,0.48117511805712776,29519,0,1,6,train
120,119,Patv_raw,local_residual_ma36,local_residual,36.0,6,pearson,0.4895821672449927,0.4895821672449927,28765,0,1,6,train
121,120,Patv_raw,local_residual_ma36,local_residual,36.0,6,pearson,0.48275923767543827,0.48275923767543827,29107,0,1,6,train
122,121,Patv_raw,local_residual_ma36,local_residual,36.0,6,pearson,0.48326647154448565,0.48326647154448565,26980,0,1,6,train
123,122,Patv_raw,local_residual_ma36,local_residual,36.0,6,pearson,0.49969768156943073,0.49969768156943073,27348,0,1,6,train
124,123,Patv_raw,local_residual_ma36,local_residual,36.0,6,pearson,0.4751978631152105,0.4751978631152105,26980,0,1,6,train
125,124,Patv_raw,local_residual_ma36,local_residual,36.0,6,pearson,0.4850514320270679,0.4850514320270679,27750,0,1,6,train
126,125,Patv_raw,local_residual_ma36,local_residual,36.0,6,pearson,0.49635356505819217,0.49635356505819217,28020,0,1,6,train
127,126,Patv_raw,local_residual_ma36,local_residual,36.0,6,pearson,0.4985748289280336,0.4985748289280336,28834,0,1,6,train
128,127,Patv_raw,local_residual_ma36,local_residual,36.0,6,pearson,0.4962214882819882,0.4962214882819882,28993,0,1,6,train
129,128,Patv_raw,local_residual_ma36,local_residual,36.0,6,pearson,0.4922678561857801,0.4922678561857801,29532,0,1,6,train
130,129,Patv_raw,local_residual_ma36,local_residual,36.0,6,pearson,0.5032358715238813,0.5032358715238813,28794,0,1,6,train
131,130,Patv_raw,local_residual_ma36,local_residual,36.0,6,pearson,0.4969204131344615,0.4969204131344615,29085,0,1,6,train
132,131,Patv_raw,local_residual_ma36,local_residual,36.0,6,pearson,0.49515332845045973,0.49515332845045973,30457,0,1,6,train
133,132,Patv_raw,local_residual_ma36,local_residual,36.0,6,pearson,0.49841964822445367,0.49841964822445367,27567,0,1,6,train
134,133,Patv_raw,local_residual_ma36,local_residual,36.0,6,pearson,0.4756193269040498,0.4756193269040498,30084,0,1,6,train
1,0,Patv_raw,local_residual_ma36,local_residual,36.0,10,pearson,0.45870057695947036,0.45870057695947036,28814,0,1,10,train
2,1,Patv_raw,local_residual_ma36,local_residual,36.0,10,pearson,0.4650127492425202,0.4650127492425202,28631,0,1,10,train
3,2,Patv_raw,local_residual_ma36,local_residual,36.0,10,pearson,0.46401139473300285,0.46401139473300285,29034,0,1,10,train
4,3,Patv_raw,local_residual_ma36,local_residual,36.0,10,pearson,0.46829269783476507,0.46829269783476507,29079,0,1,10,train
5,4,Patv_raw,local_residual_ma36,local_residual,36.0,10,pearson,0.4571157767058423,0.4571157767058423,30254,0,1,10,train
6,5,Patv_raw,local_residual_ma36,local_residual,36.0,10,pearson,0.46326242670845696,0.46326242670845696,29425,0,1,10,train
7,6,Patv_raw,local_residual_ma36,local_residual,36.0,10,pearson,0.4504631306696765,0.4504631306696765,29626,0,1,10,train
8,7,Patv_raw,local_residual_ma36,local_residual,36.0,10,pearson,0.45526857391141695,0.45526857391141695,29807,0,1,10,train
9,8,Patv_raw,local_residual_ma36,local_residual,36.0,10,pearson,0.4618636283948855,0.4618636283948855,29166,0,1,10,train
10,9,Patv_raw,local_residual_ma36,local_residual,36.0,10,pearson,0.4486248214294573,0.4486248214294573,29546,0,1,10,train
11,10,Patv_raw,local_residual_ma36,local_residual,36.0,10,pearson,0.4619411935751867,0.4619411935751867,29395,0,1,10,train
12,11,Patv_raw,local_residual_ma36,local_residual,36.0,10,pearson,0.46316318708695603,0.46316318708695603,29371,0,1,10,train
13,12,Patv_raw,local_residual_ma36,local_residual,36.0,10,pearson,0.4562324736830093,0.4562324736830093,29502,0,1,10,train
14,13,Patv_raw,local_residual_ma36,local_residual,36.0,10,pearson,0.4409668343760942,0.4409668343760942,30270,0,1,10,train
15,14,Patv_raw,local_residual_ma36,local_residual,36.0,10,pearson,0.4475841076086025,0.4475841076086025,29246,0,1,10,train
16,15,Patv_raw,local_residual_ma36,local_residual,36.0,10,pearson,0.4533558805388264,0.4533558805388264,29169,0,1,10,train
17,16,Patv_raw,local_residual_ma36,local_residual,36.0,10,pearson,0.46537404279003064,0.46537404279003064,29466,0,1,10,train
18,17,Patv_raw,local_residual_ma36,local_residual,36.0,10,pearson,0.4497407546599132,0.4497407546599132,30275,0,1,10,train
19,18,Patv_raw,local_residual_ma36,local_residual,36.0,10,pearson,0.4687711405829321,0.4687711405829321,29300,0,1,10,train
20,19,Patv_raw,local_residual_ma36,local_residual,36.0,10,pearson,0.4702893565399565,0.4702893565399565,28730,0,1,10,train
21,20,Patv_raw,local_residual_ma36,local_residual,36.0,10,pearson,0.45680448764602577,0.45680448764602577,29524,0,1,10,train
22,21,Patv_raw,local_residual_ma36,local_residual,36.0,10,pearson,0.451572259585495,0.451572259585495,28169,0,1,10,train
23,22,Patv_raw,local_residual_ma36,local_residual,36.0,10,pearson,0.4688759463496592,0.4688759463496592,28876,0,1,10,train
24,23,Patv_raw,local_residual_ma36,local_residual,36.0,10,pearson,0.4595217537269242,0.4595217537269242,29184,0,1,10,train
25,24,Patv_raw,local_residual_ma36,local_residual,36.0,10,pearson,0.46519522298957916,0.46519522298957916,28990,0,1,10,train
26,25,Patv_raw,local_residual_ma36,local_residual,36.0,10,pearson,0.4543022159267408,0.4543022159267408,30678,0,1,10,train
27,26,Patv_raw,local_residual_ma36,local_residual,36.0,10,pearson,0.45803147892646173,0.45803147892646173,29700,0,1,10,train
28,27,Patv_raw,local_residual_ma36,local_residual,36.0,10,pearson,0.4528980626434708,0.4528980626434708,30818,0,1,10,train
29,28,Patv_raw,local_residual_ma36,local_residual,36.0,10,pearson,0.4593042898943006,0.4593042898943006,29233,0,1,10,train
30,29,Patv_raw,local_residual_ma36,local_residual,36.0,10,pearson,0.45373708037316385,0.45373708037316385,29773,0,1,10,train
31,30,Patv_raw,local_residual_ma36,local_residual,36.0,10,pearson,0.45173488719403637,0.45173488719403637,29865,0,1,10,train
32,31,Patv_raw,local_residual_ma36,local_residual,36.0,10,pearson,0.45273759435812294,0.45273759435812294,28820,0,1,10,train
33,32,Patv_raw,local_residual_ma36,local_residual,36.0,10,pearson,0.4573502595949971,0.4573502595949971,29348,0,1,10,train
34,33,Patv_raw,local_residual_ma36,local_residual,36.0,10,pearson,0.4505034290749794,0.4505034290749794,28733,0,1,10,train
35,34,Patv_raw,local_residual_ma36,local_residual,36.0,10,pearson,0.4563634006696501,0.4563634006696501,28504,0,1,10,train
36,35,Patv_raw,local_residual_ma36,local_residual,36.0,10,pearson,0.4510371740125117,0.4510371740125117,29209,0,1,10,train
37,36,Patv_raw,local_residual_ma36,local_residual,36.0,10,pearson,0.4577275218369302,0.4577275218369302,29265,0,1,10,train
38,37,Patv_raw,local_residual_ma36,local_residual,36.0,10,pearson,0.4516941383961375,0.4516941383961375,29702,0,1,10,train
39,38,Patv_raw,local_residual_ma36,local_residual,36.0,10,pearson,0.4494920358389315,0.4494920358389315,29226,0,1,10,train
40,39,Patv_raw,local_residual_ma36,local_residual,36.0,10,pearson,0.4684150268877843,0.4684150268877843,29636,0,1,10,train
41,40,Patv_raw,local_residual_ma36,local_residual,36.0,10,pearson,0.469333814042398,0.469333814042398,28188,0,1,10,train
42,41,Patv_raw,local_residual_ma36,local_residual,36.0,10,pearson,0.464061605020357,0.464061605020357,28984,0,1,10,train
43,42,Patv_raw,local_residual_ma36,local_residual,36.0,10,pearson,0.46794804576252175,0.46794804576252175,29445,0,1,10,train
44,43,Patv_raw,local_residual_ma36,local_residual,36.0,10,pearson,0.4669655260602396,0.4669655260602396,28118,0,1,10,train
45,44,Patv_raw,local_residual_ma36,local_residual,36.0,10,pearson,0.46308928070979277,0.46308928070979277,28894,0,1,10,train
46,45,Patv_raw,local_residual_ma36,local_residual,36.0,10,pearson,0.4688157711324286,0.4688157711324286,28221,0,1,10,train
47,46,Patv_raw,local_residual_ma36,local_residual,36.0,10,pearson,0.4638063412613026,0.4638063412613026,28465,0,1,10,train
48,47,Patv_raw,local_residual_ma36,local_residual,36.0,10,pearson,0.464082717337575,0.464082717337575,29241,0,1,10,train
49,48,Patv_raw,local_residual_ma36,local_residual,36.0,10,pearson,0.46583246491445457,0.46583246491445457,30846,0,1,10,train
50,49,Patv_raw,local_residual_ma36,local_residual,36.0,10,pearson,0.4651054409075949,0.4651054409075949,28985,0,1,10,train
51,50,Patv_raw,local_residual_ma36,local_residual,36.0,10,pearson,0.45815313542975084,0.45815313542975084,29797,0,1,10,train
52,51,Patv_raw,local_residual_ma36,local_residual,36.0,10,pearson,0.4732879807865105,0.4732879807865105,27383,0,1,10,train
53,52,Patv_raw,local_residual_ma36,local_residual,36.0,10,pearson,0.4525442854625788,0.4525442854625788,30064,0,1,10,train
54,53,Patv_raw,local_residual_ma36,local_residual,36.0,10,pearson,0.4582833723739622,0.4582833723739622,29940,0,1,10,train
55,54,Patv_raw,local_residual_ma36,local_residual,36.0,10,pearson,0.4583987932381795,0.4583987932381795,29110,0,1,10,train
56,55,Patv_raw,local_residual_ma36,local_residual,36.0,10,pearson,0.4557879785181582,0.4557879785181582,27964,0,1,10,train
57,56,Patv_raw,local_residual_ma36,local_residual,36.0,10,pearson,0.45371944723003044,0.45371944723003044,30151,0,1,10,train
58,57,Patv_raw,local_residual_ma36,local_residual,36.0,10,pearson,0.453636827165981,0.453636827165981,31750,0,1,10,train
59,58,Patv_raw,local_residual_ma36,local_residual,36.0,10,pearson,0.46066858460534826,0.46066858460534826,28237,0,1,10,train
60,59,Patv_raw,local_residual_ma36,local_residual,36.0,10,pearson,0.4614217647213027,0.4614217647213027,28686,0,1,10,train
61,60,Patv_raw,local_residual_ma36,local_residual,36.0,10,pearson,0.4664433797284456,0.4664433797284456,28184,0,1,10,train
62,61,Patv_raw,local_residual_ma36,local_residual,36.0,10,pearson,0.4491205414001694,0.4491205414001694,30575,0,1,10,train
63,62,Patv_raw,local_residual_ma36,local_residual,36.0,10,pearson,0.456862734573055,0.456862734573055,29265,0,1,10,train
64,63,Patv_raw,local_residual_ma36,local_residual,36.0,10,pearson,0.4725236232509026,0.4725236232509026,28279,0,1,10,train
65,64,Patv_raw,local_residual_ma36,local_residual,36.0,10,pearson,0.47274932868989555,0.47274932868989555,28895,0,1,10,train
66,65,Patv_raw,local_residual_ma36,local_residual,36.0,10,pearson,0.4724216242026017,0.4724216242026017,29343,0,1,10,train
67,66,Patv_raw,local_residual_ma36,local_residual,36.0,10,pearson,0.4699933712379974,0.4699933712379974,30164,0,1,10,train
68,67,Patv_raw,local_residual_ma36,local_residual,36.0,10,pearson,0.4675404352468437,0.4675404352468437,29801,0,1,10,train
69,68,Patv_raw,local_residual_ma36,local_residual,36.0,10,pearson,0.4754219414377534,0.4754219414377534,28951,0,1,10,train
70,69,Patv_raw,local_residual_ma36,local_residual,36.0,10,pearson,0.47732418043186453,0.47732418043186453,29032,0,1,10,train
71,70,Patv_raw,local_residual_ma36,local_residual,36.0,10,pearson,0.4665650502860071,0.4665650502860071,31791,0,1,10,train
72,71,Patv_raw,local_residual_ma36,local_residual,36.0,10,pearson,0.4709626528720287,0.4709626528720287,28674,0,1,10,train
73,72,Patv_raw,local_residual_ma36,local_residual,36.0,10,pearson,0.46848219018256193,0.46848219018256193,30608,0,1,10,train
74,73,Patv_raw,local_residual_ma36,local_residual,36.0,10,pearson,0.4638613687076626,0.4638613687076626,29401,0,1,10,train
75,74,Patv_raw,local_residual_ma36,local_residual,36.0,10,pearson,0.4678138909038517,0.4678138909038517,28784,0,1,10,train
76,75,Patv_raw,local_residual_ma36,local_residual,36.0,10,pearson,0.4608193831015465,0.4608193831015465,29151,0,1,10,train
77,76,Patv_raw,local_residual_ma36,local_residual,36.0,10,pearson,0.46780231472881495,0.46780231472881495,28985,0,1,10,train
78,77,Patv_raw,local_residual_ma36,local_residual,36.0,10,pearson,0.4653618538504239,0.4653618538504239,28085,0,1,10,train
79,78,Patv_raw,local_residual_ma36,local_residual,36.0,10,pearson,0.46824716083296947,0.46824716083296947,28064,0,1,10,train
80,79,Patv_raw,local_residual_ma36,local_residual,36.0,10,pearson,0.455833651199274,0.455833651199274,29091,0,1,10,train
81,80,Patv_raw,local_residual_ma36,local_residual,36.0,10,pearson,0.4490867395353271,0.4490867395353271,29064,0,1,10,train
82,81,Patv_raw,local_residual_ma36,local_residual,36.0,10,pearson,0.45838259459353503,0.45838259459353503,27685,0,1,10,train
83,82,Patv_raw,local_residual_ma36,local_residual,36.0,10,pearson,0.45232775017162163,0.45232775017162163,28376,0,1,10,train
84,83,Patv_raw,local_residual_ma36,local_residual,36.0,10,pearson,0.4554274202171132,0.4554274202171132,31897,0,1,10,train
85,84,Patv_raw,local_residual_ma36,local_residual,36.0,10,pearson,0.4503849022375134,0.4503849022375134,28196,0,1,10,train
86,85,Patv_raw,local_residual_ma36,local_residual,36.0,10,pearson,0.46495845830306565,0.46495845830306565,29385,0,1,10,train
87,86,Patv_raw,local_residual_ma36,local_residual,36.0,10,pearson,0.4589451787308689,0.4589451787308689,31665,0,1,10,train
88,87,Patv_raw,local_residual_ma36,local_residual,36.0,10,pearson,0.4652467708065208,0.4652467708065208,28527,0,1,10,train
89,88,Patv_raw,local_residual_ma36,local_residual,36.0,10,pearson,0.46325420592951544,0.46325420592951544,28914,0,1,10,train
90,89,Patv_raw,local_residual_ma36,local_residual,36.0,10,pearson,0.4782116634515921,0.4782116634515921,29182,0,1,10,train
91,90,Patv_raw,local_residual_ma36,local_residual,36.0,10,pearson,0.47489005469923773,0.47489005469923773,28938,0,1,10,train
92,91,Patv_raw,local_residual_ma36,local_residual,36.0,10,pearson,0.4669284081013711,0.4669284081013711,28030,0,1,10,train
93,92,Patv_raw,local_residual_ma36,local_residual,36.0,10,pearson,0.4556991783117613,0.4556991783117613,27023,0,1,10,train
94,93,Patv_raw,local_residual_ma36,local_residual,36.0,10,pearson,0.46433386292887124,0.46433386292887124,28401,0,1,10,train
95,94,Patv_raw,local_residual_ma36,local_residual,36.0,10,pearson,0.4671127389226236,0.4671127389226236,27665,0,1,10,train
96,95,Patv_raw,local_residual_ma36,local_residual,36.0,10,pearson,0.4582929093061987,0.4582929093061987,26344,0,1,10,train
97,96,Patv_raw,local_residual_ma36,local_residual,36.0,10,pearson,0.46954807464848086,0.46954807464848086,26872,0,1,10,train
98,97,Patv_raw,local_residual_ma36,local_residual,36.0,10,pearson,0.4659770789582764,0.4659770789582764,29816,0,1,10,train
99,98,Patv_raw,local_residual_ma36,local_residual,36.0,10,pearson,0.4571726152608364,0.4571726152608364,30542,0,1,10,train
100,99,Patv_raw,local_residual_ma36,local_residual,36.0,10,pearson,0.45226226749980797,0.45226226749980797,27798,0,1,10,train
101,100,Patv_raw,local_residual_ma36,local_residual,36.0,10,pearson,0.4645944032993489,0.4645944032993489,28637,0,1,10,train
102,101,Patv_raw,local_residual_ma36,local_residual,36.0,10,pearson,0.46263392455399,0.46263392455399,27495,0,1,10,train
103,102,Patv_raw,local_residual_ma36,local_residual,36.0,10,pearson,0.46976464144547525,0.46976464144547525,30153,0,1,10,train
104,103,Patv_raw,local_residual_ma36,local_residual,36.0,10,pearson,0.46920466882251066,0.46920466882251066,28485,0,1,10,train
105,104,Patv_raw,local_residual_ma36,local_residual,36.0,10,pearson,0.468712974851605,0.468712974851605,28686,0,1,10,train
106,105,Patv_raw,local_residual_ma36,local_residual,36.0,10,pearson,0.4650281255246873,0.4650281255246873,27861,0,1,10,train
107,106,Patv_raw,local_residual_ma36,local_residual,36.0,10,pearson,0.46976367879763725,0.46976367879763725,29815,0,1,10,train
108,107,Patv_raw,local_residual_ma36,local_residual,36.0,10,pearson,0.4669274996622048,0.4669274996622048,27505,0,1,10,train
109,108,Patv_raw,local_residual_ma36,local_residual,36.0,10,pearson,0.47747380140731666,0.47747380140731666,29221,0,1,10,train
110,109,Patv_raw,local_residual_ma36,local_residual,36.0,10,pearson,0.481411210415429,0.481411210415429,29229,0,1,10,train
111,110,Patv_raw,local_residual_ma36,local_residual,36.0,10,pearson,0.4689649745217377,0.4689649745217377,29139,0,1,10,train
112,111,Patv_raw,local_residual_ma36,local_residual,36.0,10,pearson,0.46720445776490227,0.46720445776490227,28159,0,1,10,train
113,112,Patv_raw,local_residual_ma36,local_residual,36.0,10,pearson,0.474416915303474,0.474416915303474,28681,0,1,10,train
114,113,Patv_raw,local_residual_ma36,local_residual,36.0,10,pearson,0.46395329064382784,0.46395329064382784,27954,0,1,10,train
115,114,Patv_raw,local_residual_ma36,local_residual,36.0,10,pearson,0.4629115707657398,0.4629115707657398,26373,0,1,10,train
116,115,Patv_raw,local_residual_ma36,local_residual,36.0,10,pearson,0.47542861697019784,0.47542861697019784,27245,0,1,10,train
117,116,Patv_raw,local_residual_ma36,local_residual,36.0,10,pearson,0.4652462062984999,0.4652462062984999,27322,0,1,10,train
118,117,Patv_raw,local_residual_ma36,local_residual,36.0,10,pearson,0.4763995975231638,0.4763995975231638,28027,0,1,10,train
119,118,Patv_raw,local_residual_ma36,local_residual,36.0,10,pearson,0.46805180307878397,0.46805180307878397,29594,0,1,10,train
120,119,Patv_raw,local_residual_ma36,local_residual,36.0,10,pearson,0.4749987368863285,0.4749987368863285,28856,0,1,10,train
121,120,Patv_raw,local_residual_ma36,local_residual,36.0,10,pearson,0.4682463978054378,0.4682463978054378,29188,0,1,10,train
122,121,Patv_raw,local_residual_ma36,local_residual,36.0,10,pearson,0.4700832676173831,0.4700832676173831,27081,0,1,10,train
123,122,Patv_raw,local_residual_ma36,local_residual,36.0,10,pearson,0.48238858358264647,0.48238858358264647,27423,0,1,10,train
124,123,Patv_raw,local_residual_ma36,local_residual,36.0,10,pearson,0.4623442886012495,0.4623442886012495,27092,0,1,10,train
125,124,Patv_raw,local_residual_ma36,local_residual,36.0,10,pearson,0.467833283498957,0.467833283498957,27828,0,1,10,train
126,125,Patv_raw,local_residual_ma36,local_residual,36.0,10,pearson,0.4801035937212781,0.4801035937212781,28119,0,1,10,train
127,126,Patv_raw,local_residual_ma36,local_residual,36.0,10,pearson,0.48176205467405075,0.48176205467405075,28908,0,1,10,train
128,127,Patv_raw,local_residual_ma36,local_residual,36.0,10,pearson,0.481625427730263,0.481625427730263,29067,0,1,10,train
129,128,Patv_raw,local_residual_ma36,local_residual,36.0,10,pearson,0.47310476100068294,0.47310476100068294,29596,0,1,10,train
130,129,Patv_raw,local_residual_ma36,local_residual,36.0,10,pearson,0.48791456354364654,0.48791456354364654,28876,0,1,10,train
131,130,Patv_raw,local_residual_ma36,local_residual,36.0,10,pearson,0.4800625610245124,0.4800625610245124,29152,0,1,10,train
132,131,Patv_raw,local_residual_ma36,local_residual,36.0,10,pearson,0.4771773006996145,0.4771773006996145,30541,0,1,10,train
133,132,Patv_raw,local_residual_ma36,local_residual,36.0,10,pearson,0.4798038704255681,0.4798038704255681,27644,0,1,10,train
134,133,Patv_raw,local_residual_ma36,local_residual,36.0,10,pearson,0.45950214273172996,0.45950214273172996,30170,0,1,10,train
1,0,Wspd,raw,raw,,3,pearson,0.8362295350615545,0.8362295350615545,30422,0,1,3,train
2,1,Wspd,raw,raw,,3,pearson,0.8203620193538395,0.8203620193538395,30388,0,1,3,train
3,2,Wspd,raw,raw,,3,pearson,0.8137483662384479,0.8137483662384479,30574,0,1,3,train
4,3,Wspd,raw,raw,,3,pearson,0.8228607032116696,0.8228607032116696,30753,0,1,3,train
5,4,Wspd,raw,raw,,3,pearson,0.8408388078163729,0.8408388078163729,31878,0,1,3,train
6,5,Wspd,raw,raw,,3,pearson,0.8353642832401644,0.8353642832401644,31062,0,1,3,train
7,6,Wspd,raw,raw,,3,pearson,0.8434520178719727,0.8434520178719727,31480,0,1,3,train
8,7,Wspd,raw,raw,,3,pearson,0.8455650798371587,0.8455650798371587,31482,0,1,3,train
9,8,Wspd,raw,raw,,3,pearson,0.8334149994066548,0.8334149994066548,30845,0,1,3,train
10,9,Wspd,raw,raw,,3,pearson,0.8487375497543405,0.8487375497543405,31194,0,1,3,train
11,10,Wspd,raw,raw,,3,pearson,0.8216790900269318,0.8216790900269318,31036,0,1,3,train
12,11,Wspd,raw,raw,,3,pearson,0.815617295533129,0.815617295533129,30917,0,1,3,train
13,12,Wspd,raw,raw,,3,pearson,0.8263314378383642,0.8263314378383642,31140,0,1,3,train
14,13,Wspd,raw,raw,,3,pearson,0.8382095523128332,0.8382095523128332,31943,0,1,3,train
15,14,Wspd,raw,raw,,3,pearson,0.813334845362489,0.813334845362489,30958,0,1,3,train
16,15,Wspd,raw,raw,,3,pearson,0.7929489768911593,0.7929489768911593,30753,0,1,3,train
17,16,Wspd,raw,raw,,3,pearson,0.8385178106320405,0.8385178106320405,31144,0,1,3,train
18,17,Wspd,raw,raw,,3,pearson,0.8480380430099838,0.8480380430099838,31806,0,1,3,train
19,18,Wspd,raw,raw,,3,pearson,0.8237631201782136,0.8237631201782136,30990,0,1,3,train
20,19,Wspd,raw,raw,,3,pearson,0.8182133488624467,0.8182133488624467,30304,0,1,3,train
21,20,Wspd,raw,raw,,3,pearson,0.8270802284793517,0.8270802284793517,31189,0,1,3,train
22,21,Wspd,raw,raw,,3,pearson,0.8226939435899977,0.8226939435899977,29742,0,1,3,train
23,22,Wspd,raw,raw,,3,pearson,0.8357588497821231,0.8357588497821231,30496,0,1,3,train
24,23,Wspd,raw,raw,,3,pearson,0.8102819828723633,0.8102819828723633,30922,0,1,3,train
25,24,Wspd,raw,raw,,3,pearson,0.816279442259827,0.816279442259827,30601,0,1,3,train
26,25,Wspd,raw,raw,,3,pearson,0.8364983158072936,0.8364983158072936,32304,0,1,3,train
27,26,Wspd,raw,raw,,3,pearson,0.8300819916452687,0.8300819916452687,31504,0,1,3,train
28,27,Wspd,raw,raw,,3,pearson,0.837077900548184,0.837077900548184,32568,0,1,3,train
29,28,Wspd,raw,raw,,3,pearson,0.816714378650371,0.816714378650371,31026,0,1,3,train
30,29,Wspd,raw,raw,,3,pearson,0.8128121152470759,0.8128121152470759,31513,0,1,3,train
31,30,Wspd,raw,raw,,3,pearson,0.8237982679728646,0.8237982679728646,31664,0,1,3,train
32,31,Wspd,raw,raw,,3,pearson,0.812709599742656,0.812709599742656,30430,0,1,3,train
33,32,Wspd,raw,raw,,3,pearson,0.8187746363621663,0.8187746363621663,30976,0,1,3,train
34,33,Wspd,raw,raw,,3,pearson,0.7947672356131736,0.7947672356131736,30463,0,1,3,train
35,34,Wspd,raw,raw,,3,pearson,0.8166124627313691,0.8166124627313691,30132,0,1,3,train
36,35,Wspd,raw,raw,,3,pearson,0.8288285942115556,0.8288285942115556,30915,0,1,3,train
37,36,Wspd,raw,raw,,3,pearson,0.8350022899203111,0.8350022899203111,30864,0,1,3,train
38,37,Wspd,raw,raw,,3,pearson,0.8235653374043257,0.8235653374043257,31444,0,1,3,train
39,38,Wspd,raw,raw,,3,pearson,0.8402977630077554,0.8402977630077554,31037,0,1,3,train
40,39,Wspd,raw,raw,,3,pearson,0.8365923490408033,0.8365923490408033,31361,0,1,3,train
41,40,Wspd,raw,raw,,3,pearson,0.8154751329885767,0.8154751329885767,29840,0,1,3,train
42,41,Wspd,raw,raw,,3,pearson,0.8341122703935168,0.8341122703935168,30604,0,1,3,train
43,42,Wspd,raw,raw,,3,pearson,0.8389624468714039,0.8389624468714039,31102,0,1,3,train
44,43,Wspd,raw,raw,,3,pearson,0.7978772358721961,0.7978772358721961,29434,0,1,3,train
45,44,Wspd,raw,raw,,3,pearson,0.829008423404086,0.829008423404086,30498,0,1,3,train
46,45,Wspd,raw,raw,,3,pearson,0.8216347186492711,0.8216347186492711,29846,0,1,3,train
47,46,Wspd,raw,raw,,3,pearson,0.7949967943798554,0.7949967943798554,30103,0,1,3,train
48,47,Wspd,raw,raw,,3,pearson,0.8202647117554459,0.8202647117554459,30969,0,1,3,train
49,48,Wspd,raw,raw,,3,pearson,0.8387158469434074,0.8387158469434074,32545,0,1,3,train
50,49,Wspd,raw,raw,,3,pearson,0.820476203880193,0.820476203880193,30740,0,1,3,train
51,50,Wspd,raw,raw,,3,pearson,0.8116943909756341,0.8116943909756341,31462,0,1,3,train
52,51,Wspd,raw,raw,,3,pearson,0.8040229149184766,0.8040229149184766,29043,0,1,3,train
53,52,Wspd,raw,raw,,3,pearson,0.8297465579609307,0.8297465579609307,31799,0,1,3,train
54,53,Wspd,raw,raw,,3,pearson,0.8271358646730683,0.8271358646730683,31759,0,1,3,train
55,54,Wspd,raw,raw,,3,pearson,0.8168355185490516,0.8168355185490516,30702,0,1,3,train
56,55,Wspd,raw,raw,,3,pearson,0.8195647408854175,0.8195647408854175,29542,0,1,3,train
57,56,Wspd,raw,raw,,3,pearson,0.8229635028398495,0.8229635028398495,31760,0,1,3,train
58,57,Wspd,raw,raw,,3,pearson,0.8313836317269948,0.8313836317269948,33384,0,1,3,train
59,58,Wspd,raw,raw,,3,pearson,0.8236982843170108,0.8236982843170108,30020,0,1,3,train
60,59,Wspd,raw,raw,,3,pearson,0.7934612469940889,0.7934612469940889,30476,0,1,3,train
61,60,Wspd,raw,raw,,3,pearson,0.8152766553471382,0.8152766553471382,29791,0,1,3,train
62,61,Wspd,raw,raw,,3,pearson,0.833855636003815,0.833855636003815,32220,0,1,3,train
63,62,Wspd,raw,raw,,3,pearson,0.8414493030092934,0.8414493030092934,30878,0,1,3,train
64,63,Wspd,raw,raw,,3,pearson,0.8242767692525854,0.8242767692525854,29786,0,1,3,train
65,64,Wspd,raw,raw,,3,pearson,0.825334243148393,0.825334243148393,30635,0,1,3,train
66,65,Wspd,raw,raw,,3,pearson,0.8330286892717605,0.8330286892717605,31065,0,1,3,train
67,66,Wspd,raw,raw,,3,pearson,0.8245008426467376,0.8245008426467376,31879,0,1,3,train
68,67,Wspd,raw,raw,,3,pearson,0.818977493915161,0.818977493915161,31357,0,1,3,train
69,68,Wspd,raw,raw,,3,pearson,0.8188955801441378,0.8188955801441378,30582,0,1,3,train
70,69,Wspd,raw,raw,,3,pearson,0.8067492316889123,0.8067492316889123,30657,0,1,3,train
71,70,Wspd,raw,raw,,3,pearson,0.8412131808750266,0.8412131808750266,33486,0,1,3,train
72,71,Wspd,raw,raw,,3,pearson,0.7999029372000407,0.7999029372000407,30426,0,1,3,train
73,72,Wspd,raw,raw,,3,pearson,0.8305528196742499,0.8305528196742499,32349,0,1,3,train
74,73,Wspd,raw,raw,,3,pearson,0.8275690025036452,0.8275690025036452,31118,0,1,3,train
75,74,Wspd,raw,raw,,3,pearson,0.8310554147638881,0.8310554147638881,30531,0,1,3,train
76,75,Wspd,raw,raw,,3,pearson,0.8299796938160018,0.8299796938160018,30934,0,1,3,train
77,76,Wspd,raw,raw,,3,pearson,0.8088299819355161,0.8088299819355161,30636,0,1,3,train
78,77,Wspd,raw,raw,,3,pearson,0.8233552008457374,0.8233552008457374,29784,0,1,3,train
79,78,Wspd,raw,raw,,3,pearson,0.8352946190105442,0.8352946190105442,29803,0,1,3,train
80,79,Wspd,raw,raw,,3,pearson,0.8412515358591969,0.8412515358591969,30854,0,1,3,train
81,80,Wspd,raw,raw,,3,pearson,0.848431427781008,0.848431427781008,30793,0,1,3,train
82,81,Wspd,raw,raw,,3,pearson,0.8347753201200665,0.8347753201200665,29474,0,1,3,train
83,82,Wspd,raw,raw,,3,pearson,0.8921797964366351,0.8921797964366351,30098,0,1,3,train
84,83,Wspd,raw,raw,,3,pearson,0.8543270283119697,0.8543270283119697,33679,0,1,3,train
85,84,Wspd,raw,raw,,3,pearson,0.8375817864333381,0.8375817864333381,29888,0,1,3,train
86,85,Wspd,raw,raw,,3,pearson,0.8321702458789279,0.8321702458789279,31019,0,1,3,train
87,86,Wspd,raw,raw,,3,pearson,0.8293379039860295,0.8293379039860295,33376,0,1,3,train
88,87,Wspd,raw,raw,,3,pearson,0.8138996960748703,0.8138996960748703,30221,0,1,3,train
89,88,Wspd,raw,raw,,3,pearson,0.7995952127303381,0.7995952127303381,30607,0,1,3,train
90,89,Wspd,raw,raw,,3,pearson,0.8040599868242057,0.8040599868242057,30773,0,1,3,train
91,90,Wspd,raw,raw,,3,pearson,0.8131914176237743,0.8131914176237743,30688,0,1,3,train
92,91,Wspd,raw,raw,,3,pearson,0.8347723343370754,0.8347723343370754,29946,0,1,3,train
93,92,Wspd,raw,raw,,3,pearson,0.8064793806436806,0.8064793806436806,28959,0,1,3,train
94,93,Wspd,raw,raw,,3,pearson,0.8273024555198781,0.8273024555198781,30107,0,1,3,train
95,94,Wspd,raw,raw,,3,pearson,0.8160378556313047,0.8160378556313047,29594,0,1,3,train
96,95,Wspd,raw,raw,,3,pearson,0.8349132761785611,0.8349132761785611,28140,0,1,3,train
97,96,Wspd,raw,raw,,3,pearson,0.8350088193010772,0.8350088193010772,28845,0,1,3,train
98,97,Wspd,raw,raw,,3,pearson,0.8309335521444542,0.8309335521444542,31548,0,1,3,train
99,98,Wspd,raw,raw,,3,pearson,0.8564005210388931,0.8564005210388931,32637,0,1,3,train
100,99,Wspd,raw,raw,,3,pearson,0.8452904358130693,0.8452904358130693,29839,0,1,3,train
101,100,Wspd,raw,raw,,3,pearson,0.8216772339618599,0.8216772339618599,30353,0,1,3,train
102,101,Wspd,raw,raw,,3,pearson,0.8141145957962044,0.8141145957962044,29372,0,1,3,train
103,102,Wspd,raw,raw,,3,pearson,0.8306342830728584,0.8306342830728584,31821,0,1,3,train
104,103,Wspd,raw,raw,,3,pearson,0.8140502959862792,0.8140502959862792,30185,0,1,3,train
105,104,Wspd,raw,raw,,3,pearson,0.8047395078351933,0.8047395078351933,30532,0,1,3,train
106,105,Wspd,raw,raw,,3,pearson,0.8150004695690287,0.8150004695690287,29413,0,1,3,train
107,106,Wspd,raw,raw,,3,pearson,0.831618782922999,0.831618782922999,31544,0,1,3,train
108,107,Wspd,raw,raw,,3,pearson,0.8360244841428396,0.8360244841428396,29359,0,1,3,train
109,108,Wspd,raw,raw,,3,pearson,0.8077664872841489,0.8077664872841489,30903,0,1,3,train
110,109,Wspd,raw,raw,,3,pearson,0.8266839674577775,0.8266839674577775,30969,0,1,3,train
111,110,Wspd,raw,raw,,3,pearson,0.8251957322023595,0.8251957322023595,30799,0,1,3,train
112,111,Wspd,raw,raw,,3,pearson,0.8359027022805352,0.8359027022805352,29994,0,1,3,train
113,112,Wspd,raw,raw,,3,pearson,0.8272684743272374,0.8272684743272374,30423,0,1,3,train
114,113,Wspd,raw,raw,,3,pearson,0.8275380375619247,0.8275380375619247,29743,0,1,3,train
115,114,Wspd,raw,raw,,3,pearson,0.8265601902544368,0.8265601902544368,28485,0,1,3,train
116,115,Wspd,raw,raw,,3,pearson,0.8292668991851113,0.8292668991851113,29110,0,1,3,train
117,116,Wspd,raw,raw,,3,pearson,0.8334245469823751,0.8334245469823751,29400,0,1,3,train
118,117,Wspd,raw,raw,,3,pearson,0.8122483865929186,0.8122483865929186,29795,0,1,3,train
119,118,Wspd,raw,raw,,3,pearson,0.8428298893605174,0.8428298893605174,31221,0,1,3,train
120,119,Wspd,raw,raw,,3,pearson,0.8048361936337692,0.8048361936337692,30631,0,1,3,train
121,120,Wspd,raw,raw,,3,pearson,0.8263216428476747,0.8263216428476747,30966,0,1,3,train
122,121,Wspd,raw,raw,,3,pearson,0.8208119703835413,0.8208119703835413,29091,0,1,3,train
123,122,Wspd,raw,raw,,3,pearson,0.7904640346786123,0.7904640346786123,29060,0,1,3,train
124,123,Wspd,raw,raw,,3,pearson,0.8480764259078499,0.8480764259078499,29103,0,1,3,train
125,124,Wspd,raw,raw,,3,pearson,0.811543952201281,0.811543952201281,29563,0,1,3,train
126,125,Wspd,raw,raw,,3,pearson,0.8164665573777491,0.8164665573777491,29983,0,1,3,train
127,126,Wspd,raw,raw,,3,pearson,0.8136206036500024,0.8136206036500024,30602,0,1,3,train
128,127,Wspd,raw,raw,,3,pearson,0.8385827652635586,0.8385827652635586,30760,0,1,3,train
129,128,Wspd,raw,raw,,3,pearson,0.8199821197555607,0.8199821197555607,31284,0,1,3,train
130,129,Wspd,raw,raw,,3,pearson,0.8047026832423209,0.8047026832423209,30614,0,1,3,train
131,130,Wspd,raw,raw,,3,pearson,0.8062004134326849,0.8062004134326849,30762,0,1,3,train
132,131,Wspd,raw,raw,,3,pearson,0.82497070078706,0.82497070078706,32308,0,1,3,train
133,132,Wspd,raw,raw,,3,pearson,0.8044469137341168,0.8044469137341168,29291,0,1,3,train
134,133,Wspd,raw,raw,,3,pearson,0.8233422698038451,0.8233422698038451,31913,0,1,3,train
1,0,Wspd,raw,raw,,6,pearson,0.819471332455172,0.819471332455172,31760,0,1,6,train
2,1,Wspd,raw,raw,,6,pearson,0.8038127871716955,0.8038127871716955,31815,0,1,6,train
3,2,Wspd,raw,raw,,6,pearson,0.7994872171249112,0.7994872171249112,31873,0,1,6,train
4,3,Wspd,raw,raw,,6,pearson,0.8073343409090497,0.8073343409090497,32103,0,1,6,train
5,4,Wspd,raw,raw,,6,pearson,0.8234937549632676,0.8234937549632676,33067,0,1,6,train
6,5,Wspd,raw,raw,,6,pearson,0.820125232423217,0.820125232423217,32399,0,1,6,train
7,6,Wspd,raw,raw,,6,pearson,0.8270393420062283,0.8270393420062283,32983,0,1,6,train
8,7,Wspd,raw,raw,,6,pearson,0.8300841758310977,0.8300841758310977,32825,0,1,6,train
9,8,Wspd,raw,raw,,6,pearson,0.8163429522838503,0.8163429522838503,32209,0,1,6,train
10,9,Wspd,raw,raw,,6,pearson,0.8326554713123487,0.8326554713123487,32522,0,1,6,train
11,10,Wspd,raw,raw,,6,pearson,0.8067558816544819,0.8067558816544819,32398,0,1,6,train
12,11,Wspd,raw,raw,,6,pearson,0.8010868507451249,0.8010868507451249,32211,0,1,6,train
13,12,Wspd,raw,raw,,6,pearson,0.8133900562810507,0.8133900562810507,32413,0,1,6,train
14,13,Wspd,raw,raw,,6,pearson,0.8248514372348298,0.8248514372348298,33196,0,1,6,train
15,14,Wspd,raw,raw,,6,pearson,0.8002064193100173,0.8002064193100173,32343,0,1,6,train
16,15,Wspd,raw,raw,,6,pearson,0.7796736250890461,0.7796736250890461,32028,0,1,6,train
17,16,Wspd,raw,raw,,6,pearson,0.8217223797026821,0.8217223797026821,32470,0,1,6,train
18,17,Wspd,raw,raw,,6,pearson,0.8366159060603663,0.8366159060603663,32985,0,1,6,train
19,18,Wspd,raw,raw,,6,pearson,0.8104953835384481,0.8104953835384481,32383,0,1,6,train
20,19,Wspd,raw,raw,,6,pearson,0.8027764428121436,0.8027764428121436,31597,0,1,6,train
21,20,Wspd,raw,raw,,6,pearson,0.8134823782188242,0.8134823782188242,32536,0,1,6,train
22,21,Wspd,raw,raw,,6,pearson,0.8089760733539973,0.8089760733539973,31007,0,1,6,train
23,22,Wspd,raw,raw,,6,pearson,0.8182331765317709,0.8182331765317709,31831,0,1,6,train
24,23,Wspd,raw,raw,,6,pearson,0.7988635874498231,0.7988635874498231,32277,0,1,6,train
25,24,Wspd,raw,raw,,6,pearson,0.8030497996594562,0.8030497996594562,31915,0,1,6,train
26,25,Wspd,raw,raw,,6,pearson,0.8214477532914087,0.8214477532914087,33447,0,1,6,train
27,26,Wspd,raw,raw,,6,pearson,0.8150409656790442,0.8150409656790442,32911,0,1,6,train
28,27,Wspd,raw,raw,,6,pearson,0.8215764756184771,0.8215764756184771,33765,0,1,6,train
29,28,Wspd,raw,raw,,6,pearson,0.8019825395373438,0.8019825395373438,32388,0,1,6,train
30,29,Wspd,raw,raw,,6,pearson,0.8009399431057818,0.8009399431057818,32864,0,1,6,train
31,30,Wspd,raw,raw,,6,pearson,0.8109603439430128,0.8109603439430128,33025,0,1,6,train
32,31,Wspd,raw,raw,,6,pearson,0.799611950337886,0.799611950337886,31752,0,1,6,train
33,32,Wspd,raw,raw,,6,pearson,0.8055976221559841,0.8055976221559841,32308,0,1,6,train
34,33,Wspd,raw,raw,,6,pearson,0.7817040116229313,0.7817040116229313,31852,0,1,6,train
35,34,Wspd,raw,raw,,6,pearson,0.7986621255008582,0.7986621255008582,31505,0,1,6,train
36,35,Wspd,raw,raw,,6,pearson,0.8114708764556671,0.8114708764556671,32267,0,1,6,train
37,36,Wspd,raw,raw,,6,pearson,0.818151204306806,0.818151204306806,31977,0,1,6,train
38,37,Wspd,raw,raw,,6,pearson,0.8125229584687672,0.8125229584687672,32800,0,1,6,train
39,38,Wspd,raw,raw,,6,pearson,0.823854709633078,0.823854709633078,32474,0,1,6,train
40,39,Wspd,raw,raw,,6,pearson,0.822197416547211,0.822197416547211,32800,0,1,6,train
41,40,Wspd,raw,raw,,6,pearson,0.800206202013791,0.800206202013791,31232,0,1,6,train
42,41,Wspd,raw,raw,,6,pearson,0.8217555434132571,0.8217555434132571,31936,0,1,6,train
43,42,Wspd,raw,raw,,6,pearson,0.8248405547748601,0.8248405547748601,32427,0,1,6,train
44,43,Wspd,raw,raw,,6,pearson,0.7814302700626048,0.7814302700626048,30517,0,1,6,train
45,44,Wspd,raw,raw,,6,pearson,0.8153722555092364,0.8153722555092364,31886,0,1,6,train
46,45,Wspd,raw,raw,,6,pearson,0.8060550075278917,0.8060550075278917,31213,0,1,6,train
47,46,Wspd,raw,raw,,6,pearson,0.7823533609321244,0.7823533609321244,31486,0,1,6,train
48,47,Wspd,raw,raw,,6,pearson,0.8080478453829484,0.8080478453829484,32340,0,1,6,train
49,48,Wspd,raw,raw,,6,pearson,0.82291648614421,0.82291648614421,33649,0,1,6,train
50,49,Wspd,raw,raw,,6,pearson,0.8070111296215114,0.8070111296215114,32100,0,1,6,train
51,50,Wspd,raw,raw,,6,pearson,0.7999012911013114,0.7999012911013114,32719,0,1,6,train
52,51,Wspd,raw,raw,,6,pearson,0.7936029297844822,0.7936029297844822,30390,0,1,6,train
53,52,Wspd,raw,raw,,6,pearson,0.8162714009372194,0.8162714009372194,33028,0,1,6,train
54,53,Wspd,raw,raw,,6,pearson,0.8121336806421778,0.8121336806421778,33141,0,1,6,train
55,54,Wspd,raw,raw,,6,pearson,0.8045162169193772,0.8045162169193772,32031,0,1,6,train
56,55,Wspd,raw,raw,,6,pearson,0.8059446028150122,0.8059446028150122,30862,0,1,6,train
57,56,Wspd,raw,raw,,6,pearson,0.812940159609462,0.812940159609462,33008,0,1,6,train
58,57,Wspd,raw,raw,,6,pearson,0.8202088009016154,0.8202088009016154,34441,0,1,6,train
59,58,Wspd,raw,raw,,6,pearson,0.8087745015951543,0.8087745015951543,31413,0,1,6,train
60,59,Wspd,raw,raw,,6,pearson,0.7843106381904827,0.7843106381904827,31909,0,1,6,train
61,60,Wspd,raw,raw,,6,pearson,0.8009188379998784,0.8009188379998784,31162,0,1,6,train
62,61,Wspd,raw,raw,,6,pearson,0.8203503256530635,0.8203503256530635,33334,0,1,6,train
63,62,Wspd,raw,raw,,6,pearson,0.8253806674298401,0.8253806674298401,32218,0,1,6,train
64,63,Wspd,raw,raw,,6,pearson,0.8105240572771371,0.8105240572771371,31032,0,1,6,train
65,64,Wspd,raw,raw,,6,pearson,0.812841808674946,0.812841808674946,32018,0,1,6,train
66,65,Wspd,raw,raw,,6,pearson,0.819568288530391,0.819568288530391,32475,0,1,6,train
67,66,Wspd,raw,raw,,6,pearson,0.8101358225160677,0.8101358225160677,33237,0,1,6,train
68,67,Wspd,raw,raw,,6,pearson,0.807168534930937,0.807168534930937,32643,0,1,6,train
69,68,Wspd,raw,raw,,6,pearson,0.8034265203560135,0.8034265203560135,31956,0,1,6,train
70,69,Wspd,raw,raw,,6,pearson,0.7884042181175744,0.7884042181175744,32053,0,1,6,train
71,70,Wspd,raw,raw,,6,pearson,0.8272764998414626,0.8272764998414626,34553,0,1,6,train
72,71,Wspd,raw,raw,,6,pearson,0.7890930528025126,0.7890930528025126,31894,0,1,6,train
73,72,Wspd,raw,raw,,6,pearson,0.8160320941425753,0.8160320941425753,33603,0,1,6,train
74,73,Wspd,raw,raw,,6,pearson,0.8148251702044764,0.8148251702044764,32414,0,1,6,train
75,74,Wspd,raw,raw,,6,pearson,0.8161290069709034,0.8161290069709034,31911,0,1,6,train
76,75,Wspd,raw,raw,,6,pearson,0.8184588509501037,0.8184588509501037,32342,0,1,6,train
77,76,Wspd,raw,raw,,6,pearson,0.7956158693356937,0.7956158693356937,32000,0,1,6,train
78,77,Wspd,raw,raw,,6,pearson,0.8104052109383854,0.8104052109383854,31199,0,1,6,train
79,78,Wspd,raw,raw,,6,pearson,0.8199947097485493,0.8199947097485493,31252,0,1,6,train
80,79,Wspd,raw,raw,,6,pearson,0.8287842016608128,0.8287842016608128,32193,0,1,6,train
81,80,Wspd,raw,raw,,6,pearson,0.8344113829231027,0.8344113829231027,32106,0,1,6,train
82,81,Wspd,raw,raw,,6,pearson,0.819705498691027,0.819705498691027,30955,0,1,6,train
83,82,Wspd,raw,raw,,6,pearson,0.8719635318093036,0.8719635318093036,31470,0,1,6,train
84,83,Wspd,raw,raw,,6,pearson,0.8418829023539549,0.8418829023539549,34754,0,1,6,train
85,84,Wspd,raw,raw,,6,pearson,0.8246382546663668,0.8246382546663668,31284,0,1,6,train
86,85,Wspd,raw,raw,,6,pearson,0.8205347320729387,0.8205347320729387,32345,0,1,6,train
87,86,Wspd,raw,raw,,6,pearson,0.8133851050241067,0.8133851050241067,34410,0,1,6,train
88,87,Wspd,raw,raw,,6,pearson,0.8034382553106213,0.8034382553106213,31584,0,1,6,train
89,88,Wspd,raw,raw,,6,pearson,0.7839085837246091,0.7839085837246091,31941,0,1,6,train
90,89,Wspd,raw,raw,,6,pearson,0.7933619541627224,0.7933619541627224,32073,0,1,6,train
91,90,Wspd,raw,raw,,6,pearson,0.8001759602941937,0.8001759602941937,32138,0,1,6,train
92,91,Wspd,raw,raw,,6,pearson,0.8175106153411973,0.8175106153411973,31487,0,1,6,train
93,92,Wspd,raw,raw,,6,pearson,0.7912207515373546,0.7912207515373546,30513,0,1,6,train
94,93,Wspd,raw,raw,,6,pearson,0.8131432197000888,0.8131432197000888,31532,0,1,6,train
95,94,Wspd,raw,raw,,6,pearson,0.8015340797205409,0.8015340797205409,31168,0,1,6,train
96,95,Wspd,raw,raw,,6,pearson,0.8218291948922549,0.8218291948922549,29602,0,1,6,train
97,96,Wspd,raw,raw,,6,pearson,0.8231265387014673,0.8231265387014673,30412,0,1,6,train
98,97,Wspd,raw,raw,,6,pearson,0.8178928138253019,0.8178928138253019,32850,0,1,6,train
99,98,Wspd,raw,raw,,6,pearson,0.8389452723283018,0.8389452723283018,33945,0,1,6,train
100,99,Wspd,raw,raw,,6,pearson,0.8326532384085144,0.8326532384085144,31318,0,1,6,train
101,100,Wspd,raw,raw,,6,pearson,0.8091500636139696,0.8091500636139696,31790,0,1,6,train
102,101,Wspd,raw,raw,,6,pearson,0.8004405148636817,0.8004405148636817,30943,0,1,6,train
103,102,Wspd,raw,raw,,6,pearson,0.8191897759919343,0.8191897759919343,33115,0,1,6,train
104,103,Wspd,raw,raw,,6,pearson,0.8017187974761051,0.8017187974761051,31581,0,1,6,train
105,104,Wspd,raw,raw,,6,pearson,0.7948132588805815,0.7948132588805815,32072,0,1,6,train
106,105,Wspd,raw,raw,,6,pearson,0.8001967238912162,0.8001967238912162,30722,0,1,6,train
107,106,Wspd,raw,raw,,6,pearson,0.8166804140165878,0.8166804140165878,32839,0,1,6,train
108,107,Wspd,raw,raw,,6,pearson,0.8192184958225526,0.8192184958225526,30804,0,1,6,train
109,108,Wspd,raw,raw,,6,pearson,0.7956627026431062,0.7956627026431062,32281,0,1,6,train
110,109,Wspd,raw,raw,,6,pearson,0.8114089100312599,0.8114089100312599,32389,0,1,6,train
111,110,Wspd,raw,raw,,6,pearson,0.8130562326429527,0.8130562326429527,32139,0,1,6,train
112,111,Wspd,raw,raw,,6,pearson,0.8198373874079633,0.8198373874079633,31528,0,1,6,train
113,112,Wspd,raw,raw,,6,pearson,0.8104235955764753,0.8104235955764753,31847,0,1,6,train
114,113,Wspd,raw,raw,,6,pearson,0.8087980487118375,0.8087980487118375,31174,0,1,6,train
115,114,Wspd,raw,raw,,6,pearson,0.8155100165072853,0.8155100165072853,30201,0,1,6,train
116,115,Wspd,raw,raw,,6,pearson,0.8117679120061478,0.8117679120061478,30639,0,1,6,train
117,116,Wspd,raw,raw,,6,pearson,0.8206994167535562,0.8206994167535562,31134,0,1,6,train
118,117,Wspd,raw,raw,,6,pearson,0.7931249244660897,0.7931249244660897,31270,0,1,6,train
119,118,Wspd,raw,raw,,6,pearson,0.8273050742935105,0.8273050742935105,32510,0,1,6,train
120,119,Wspd,raw,raw,,6,pearson,0.7951100631579229,0.7951100631579229,32043,0,1,6,train
121,120,Wspd,raw,raw,,6,pearson,0.8144617613029195,0.8144617613029195,32343,0,1,6,train
122,121,Wspd,raw,raw,,6,pearson,0.8081176355428538,0.8081176355428538,30749,0,1,6,train
123,122,Wspd,raw,raw,,6,pearson,0.7796585919763255,0.7796585919763255,30414,0,1,6,train
124,123,Wspd,raw,raw,,6,pearson,0.8299998414492942,0.8299998414492942,30762,0,1,6,train
125,124,Wspd,raw,raw,,6,pearson,0.7960836476291746,0.7960836476291746,30967,0,1,6,train
126,125,Wspd,raw,raw,,6,pearson,0.8017801580846281,0.8017801580846281,31508,0,1,6,train
127,126,Wspd,raw,raw,,6,pearson,0.8012421384125141,0.8012421384125141,31952,0,1,6,train
128,127,Wspd,raw,raw,,6,pearson,0.8139495075897357,0.8139495075897357,32071,0,1,6,train
129,128,Wspd,raw,raw,,6,pearson,0.8059525434893369,0.8059525434893369,32541,0,1,6,train
130,129,Wspd,raw,raw,,6,pearson,0.7909606864670304,0.7909606864670304,32018,0,1,6,train
131,130,Wspd,raw,raw,,6,pearson,0.7831720702017694,0.7831720702017694,32057,0,1,6,train
132,131,Wspd,raw,raw,,6,pearson,0.8133511341286526,0.8133511341286526,33642,0,1,6,train
133,132,Wspd,raw,raw,,6,pearson,0.7804217972307127,0.7804217972307127,30650,0,1,6,train
134,133,Wspd,raw,raw,,6,pearson,0.8056490351850393,0.8056490351850393,33240,0,1,6,train
1,0,Wspd,raw,raw,,10,pearson,0.7962471838007839,0.7962471838007839,33171,0,1,10,train
2,1,Wspd,raw,raw,,10,pearson,0.7833167663234983,0.7833167663234983,33280,0,1,10,train
3,2,Wspd,raw,raw,,10,pearson,0.7800003415551512,0.7800003415551512,33218,0,1,10,train
4,3,Wspd,raw,raw,,10,pearson,0.787163065692086,0.787163065692086,33517,0,1,10,train
5,4,Wspd,raw,raw,,10,pearson,0.8030419886926835,0.8030419886926835,34321,0,1,10,train
6,5,Wspd,raw,raw,,10,pearson,0.8005068116911084,0.8005068116911084,33774,0,1,10,train
7,6,Wspd,raw,raw,,10,pearson,0.807147432301214,0.807147432301214,34439,0,1,10,train
8,7,Wspd,raw,raw,,10,pearson,0.8106329215681639,0.8106329215681639,34189,0,1,10,train
9,8,Wspd,raw,raw,,10,pearson,0.7949107992182923,0.7949107992182923,33603,0,1,10,train
10,9,Wspd,raw,raw,,10,pearson,0.8119265681782117,0.8119265681782117,33883,0,1,10,train
11,10,Wspd,raw,raw,,10,pearson,0.7879441114542999,0.7879441114542999,33786,0,1,10,train
12,11,Wspd,raw,raw,,10,pearson,0.7822969099524834,0.7822969099524834,33575,0,1,10,train
13,12,Wspd,raw,raw,,10,pearson,0.7959357510681377,0.7959357510681377,33736,0,1,10,train
14,13,Wspd,raw,raw,,10,pearson,0.8074690601952341,0.8074690601952341,34397,0,1,10,train
15,14,Wspd,raw,raw,,10,pearson,0.7829955419839614,0.7829955419839614,33736,0,1,10,train
16,15,Wspd,raw,raw,,10,pearson,0.7632417192202755,0.7632417192202755,33378,0,1,10,train
17,16,Wspd,raw,raw,,10,pearson,0.8007133731065228,0.8007133731065228,33845,0,1,10,train
18,17,Wspd,raw,raw,,10,pearson,0.8196251304495457,0.8196251304495457,34195,0,1,10,train
19,18,Wspd,raw,raw,,10,pearson,0.7915130911630414,0.7915130911630414,33848,0,1,10,train
20,19,Wspd,raw,raw,,10,pearson,0.7842016960505271,0.7842016960505271,32955,0,1,10,train
21,20,Wspd,raw,raw,,10,pearson,0.7960747891257703,0.7960747891257703,33915,0,1,10,train
22,21,Wspd,raw,raw,,10,pearson,0.7893135674196369,0.7893135674196369,32335,0,1,10,train
23,22,Wspd,raw,raw,,10,pearson,0.7971241387653124,0.7971241387653124,33248,0,1,10,train
24,23,Wspd,raw,raw,,10,pearson,0.7827053315091127,0.7827053315091127,33678,0,1,10,train
25,24,Wspd,raw,raw,,10,pearson,0.7869333767588202,0.7869333767588202,33296,0,1,10,train
26,25,Wspd,raw,raw,,10,pearson,0.8034560857112125,0.8034560857112125,34635,0,1,10,train
27,26,Wspd,raw,raw,,10,pearson,0.7957069044980807,0.7957069044980807,34364,0,1,10,train
28,27,Wspd,raw,raw,,10,pearson,0.8030400692982028,0.8030400692982028,34935,0,1,10,train
29,28,Wspd,raw,raw,,10,pearson,0.7838607238772448,0.7838607238772448,33768,0,1,10,train
30,29,Wspd,raw,raw,,10,pearson,0.7859998453480742,0.7859998453480742,34235,0,1,10,train
31,30,Wspd,raw,raw,,10,pearson,0.7939086600527357,0.7939086600527357,34398,0,1,10,train
32,31,Wspd,raw,raw,,10,pearson,0.7836354344998638,0.7836354344998638,33164,0,1,10,train
33,32,Wspd,raw,raw,,10,pearson,0.7889679789212609,0.7889679789212609,33727,0,1,10,train
34,33,Wspd,raw,raw,,10,pearson,0.7668273544772373,0.7668273544772373,33267,0,1,10,train
35,34,Wspd,raw,raw,,10,pearson,0.7806250860410727,0.7806250860410727,32897,0,1,10,train
36,35,Wspd,raw,raw,,10,pearson,0.7893607352010014,0.7893607352010014,33608,0,1,10,train
37,36,Wspd,raw,raw,,10,pearson,0.7980559281531584,0.7980559281531584,33135,0,1,10,train
38,37,Wspd,raw,raw,,10,pearson,0.7978625102492487,0.7978625102492487,34186,0,1,10,train
39,38,Wspd,raw,raw,,10,pearson,0.8030492267679968,0.8030492267679968,33945,0,1,10,train
40,39,Wspd,raw,raw,,10,pearson,0.8031003003758664,0.8031003003758664,34229,0,1,10,train
41,40,Wspd,raw,raw,,10,pearson,0.7812493153399152,0.7812493153399152,32688,0,1,10,train
42,41,Wspd,raw,raw,,10,pearson,0.8040565979754223,0.8040565979754223,33335,0,1,10,train
43,42,Wspd,raw,raw,,10,pearson,0.8050795346329391,0.8050795346329391,33802,0,1,10,train
44,43,Wspd,raw,raw,,10,pearson,0.7610286518365217,0.7610286518365217,31695,0,1,10,train
45,44,Wspd,raw,raw,,10,pearson,0.7962094984512069,0.7962094984512069,33331,0,1,10,train
46,45,Wspd,raw,raw,,10,pearson,0.7863459452860027,0.7863459452860027,32626,0,1,10,train
47,46,Wspd,raw,raw,,10,pearson,0.765124945548174,0.765124945548174,32965,0,1,10,train
48,47,Wspd,raw,raw,,10,pearson,0.7931370752774375,0.7931370752774375,33749,0,1,10,train
49,48,Wspd,raw,raw,,10,pearson,0.8022526824607613,0.8022526824607613,34777,0,1,10,train
50,49,Wspd,raw,raw,,10,pearson,0.7885504990761628,0.7885504990761628,33471,0,1,10,train
51,50,Wspd,raw,raw,,10,pearson,0.7832828911827318,0.7832828911827318,33980,0,1,10,train
52,51,Wspd,raw,raw,,10,pearson,0.7789024655218499,0.7789024655218499,31749,0,1,10,train
53,52,Wspd,raw,raw,,10,pearson,0.7997028556992122,0.7997028556992122,34273,0,1,10,train
54,53,Wspd,raw,raw,,10,pearson,0.793738842285284,0.793738842285284,34512,0,1,10,train
55,54,Wspd,raw,raw,,10,pearson,0.7881352329119108,0.7881352329119108,33403,0,1,10,train
56,55,Wspd,raw,raw,,10,pearson,0.788131503668737,0.788131503668737,32253,0,1,10,train
57,56,Wspd,raw,raw,,10,pearson,0.7977450118487454,0.7977450118487454,34277,0,1,10,train
58,57,Wspd,raw,raw,,10,pearson,0.8045317522244987,0.8045317522244987,35490,0,1,10,train
59,58,Wspd,raw,raw,,10,pearson,0.7896624912275948,0.7896624912275948,32853,0,1,10,train
60,59,Wspd,raw,raw,,10,pearson,0.7696173385116085,0.7696173385116085,33365,0,1,10,train
61,60,Wspd,raw,raw,,10,pearson,0.7809560533141364,0.7809560533141364,32580,0,1,10,train
62,61,Wspd,raw,raw,,10,pearson,0.8027544963214807,0.8027544963214807,34445,0,1,10,train
63,62,Wspd,raw,raw,,10,pearson,0.8048742927558314,0.8048742927558314,33594,0,1,10,train
64,63,Wspd,raw,raw,,10,pearson,0.7924584673481063,0.7924584673481063,32370,0,1,10,train
65,64,Wspd,raw,raw,,10,pearson,0.7947604172272037,0.7947604172272037,33455,0,1,10,train
66,65,Wspd,raw,raw,,10,pearson,0.8019068371075818,0.8019068371075818,33901,0,1,10,train
67,66,Wspd,raw,raw,,10,pearson,0.7919141526067385,0.7919141526067385,34586,0,1,10,train
68,67,Wspd,raw,raw,,10,pearson,0.7918908568205394,0.7918908568205394,33961,0,1,10,train
69,68,Wspd,raw,raw,,10,pearson,0.7857001929398707,0.7857001929398707,33391,0,1,10,train
70,69,Wspd,raw,raw,,10,pearson,0.765748403738017,0.765748403738017,33539,0,1,10,train
71,70,Wspd,raw,raw,,10,pearson,0.8092300281502357,0.8092300281502357,35563,0,1,10,train
72,71,Wspd,raw,raw,,10,pearson,0.7750879965303323,0.7750879965303323,33422,0,1,10,train
73,72,Wspd,raw,raw,,10,pearson,0.7980898644428833,0.7980898644428833,34886,0,1,10,train
74,73,Wspd,raw,raw,,10,pearson,0.797236630531163,0.797236630531163,33777,0,1,10,train
75,74,Wspd,raw,raw,,10,pearson,0.7954978864077684,0.7954978864077684,33302,0,1,10,train
76,75,Wspd,raw,raw,,10,pearson,0.8013745152552958,0.8013745152552958,33697,0,1,10,train
77,76,Wspd,raw,raw,,10,pearson,0.7787061472575962,0.7787061472575962,33388,0,1,10,train
78,77,Wspd,raw,raw,,10,pearson,0.7935094890283675,0.7935094890283675,32624,0,1,10,train
79,78,Wspd,raw,raw,,10,pearson,0.8011276055469088,0.8011276055469088,32767,0,1,10,train
80,79,Wspd,raw,raw,,10,pearson,0.8111232657622998,0.8111232657622998,33562,0,1,10,train
81,80,Wspd,raw,raw,,10,pearson,0.8144999732070821,0.8144999732070821,33467,0,1,10,train
82,81,Wspd,raw,raw,,10,pearson,0.7996790782470672,0.7996790782470672,32479,0,1,10,train
83,82,Wspd,raw,raw,,10,pearson,0.8482031196623463,0.8482031196623463,32894,0,1,10,train
84,83,Wspd,raw,raw,,10,pearson,0.8234537903678231,0.8234537903678231,35785,0,1,10,train
85,84,Wspd,raw,raw,,10,pearson,0.8067096631232504,0.8067096631232504,32744,0,1,10,train
86,85,Wspd,raw,raw,,10,pearson,0.8044238719894342,0.8044238719894342,33689,0,1,10,train
87,86,Wspd,raw,raw,,10,pearson,0.793662434330723,0.793662434330723,35383,0,1,10,train
88,87,Wspd,raw,raw,,10,pearson,0.7871229384671423,0.7871229384671423,32983,0,1,10,train
89,88,Wspd,raw,raw,,10,pearson,0.7648664067429488,0.7648664067429488,33348,0,1,10,train
90,89,Wspd,raw,raw,,10,pearson,0.7766033752059576,0.7766033752059576,33439,0,1,10,train
91,90,Wspd,raw,raw,,10,pearson,0.784444561296377,0.784444561296377,33630,0,1,10,train
92,91,Wspd,raw,raw,,10,pearson,0.7979799509714366,0.7979799509714366,33066,0,1,10,train
93,92,Wspd,raw,raw,,10,pearson,0.77398961672083,0.77398961672083,32100,0,1,10,train
94,93,Wspd,raw,raw,,10,pearson,0.7960803126088051,0.7960803126088051,32977,0,1,10,train
95,94,Wspd,raw,raw,,10,pearson,0.7820672899775124,0.7820672899775124,32745,0,1,10,train
96,95,Wspd,raw,raw,,10,pearson,0.803969801959245,0.803969801959245,31120,0,1,10,train
97,96,Wspd,raw,raw,,10,pearson,0.8071172572806663,0.8071172572806663,31958,0,1,10,train
98,97,Wspd,raw,raw,,10,pearson,0.7995402097649176,0.7995402097649176,34166,0,1,10,train
99,98,Wspd,raw,raw,,10,pearson,0.8157062171989343,0.8157062171989343,35180,0,1,10,train
100,99,Wspd,raw,raw,,10,pearson,0.8150523373614935,0.8150523373614935,32811,0,1,10,train
101,100,Wspd,raw,raw,,10,pearson,0.7921813100362316,0.7921813100362316,33287,0,1,10,train
102,101,Wspd,raw,raw,,10,pearson,0.7824411955898647,0.7824411955898647,32556,0,1,10,train
103,102,Wspd,raw,raw,,10,pearson,0.8020792058347483,0.8020792058347483,34424,0,1,10,train
104,103,Wspd,raw,raw,,10,pearson,0.7841368783558984,0.7841368783558984,33026,0,1,10,train
105,104,Wspd,raw,raw,,10,pearson,0.7802561361433238,0.7802561361433238,33584,0,1,10,train
106,105,Wspd,raw,raw,,10,pearson,0.7816748205801392,0.7816748205801392,32088,0,1,10,train
107,106,Wspd,raw,raw,,10,pearson,0.7980900463329995,0.7980900463329995,34107,0,1,10,train
108,107,Wspd,raw,raw,,10,pearson,0.7977251596593362,0.7977251596593362,32234,0,1,10,train
109,108,Wspd,raw,raw,,10,pearson,0.7783820272561428,0.7783820272561428,33684,0,1,10,train
110,109,Wspd,raw,raw,,10,pearson,0.7912693814219178,0.7912693814219178,33827,0,1,10,train
111,110,Wspd,raw,raw,,10,pearson,0.7956701235840157,0.7956701235840157,33531,0,1,10,train
112,111,Wspd,raw,raw,,10,pearson,0.7987589615629132,0.7987589615629132,33085,0,1,10,train
113,112,Wspd,raw,raw,,10,pearson,0.7909736265492257,0.7909736265492257,33307,0,1,10,train
114,113,Wspd,raw,raw,,10,pearson,0.7880050007067989,0.7880050007067989,32650,0,1,10,train
115,114,Wspd,raw,raw,,10,pearson,0.7999738836094473,0.7999738836094473,31927,0,1,10,train
116,115,Wspd,raw,raw,,10,pearson,0.784898359384188,0.784898359384188,32193,0,1,10,train
117,116,Wspd,raw,raw,,10,pearson,0.8043053958567797,0.8043053958567797,32803,0,1,10,train
118,117,Wspd,raw,raw,,10,pearson,0.7728615804543738,0.7728615804543738,32762,0,1,10,train
119,118,Wspd,raw,raw,,10,pearson,0.8084012656364711,0.8084012656364711,33794,0,1,10,train
120,119,Wspd,raw,raw,,10,pearson,0.7816016268638892,0.7816016268638892,33520,0,1,10,train
121,120,Wspd,raw,raw,,10,pearson,0.7982921895247044,0.7982921895247044,33741,0,1,10,train
122,121,Wspd,raw,raw,,10,pearson,0.7922974428601834,0.7922974428601834,32399,0,1,10,train
123,122,Wspd,raw,raw,,10,pearson,0.7654314059533297,0.7654314059533297,31843,0,1,10,train
124,123,Wspd,raw,raw,,10,pearson,0.8075383703394504,0.8075383703394504,32451,0,1,10,train
125,124,Wspd,raw,raw,,10,pearson,0.7764466750445826,0.7764466750445826,32394,0,1,10,train
126,125,Wspd,raw,raw,,10,pearson,0.782181958903958,0.782181958903958,33022,0,1,10,train
127,126,Wspd,raw,raw,,10,pearson,0.7850736978229549,0.7850736978229549,33348,0,1,10,train
128,127,Wspd,raw,raw,,10,pearson,0.786178947939087,0.786178947939087,33419,0,1,10,train
129,128,Wspd,raw,raw,,10,pearson,0.7876361341707346,0.7876361341707346,33815,0,1,10,train
130,129,Wspd,raw,raw,,10,pearson,0.771912439304043,0.771912439304043,33421,0,1,10,train
131,130,Wspd,raw,raw,,10,pearson,0.7557792594718573,0.7557792594718573,33428,0,1,10,train
132,131,Wspd,raw,raw,,10,pearson,0.7967643725987621,0.7967643725987621,34952,0,1,10,train
133,132,Wspd,raw,raw,,10,pearson,0.7547877284508342,0.7547877284508342,32099,0,1,10,train
134,133,Wspd,raw,raw,,10,pearson,0.7858055487882718,0.7858055487882718,34605,0,1,10,train
1,0,Wspd,trend_ma6,trend,6.0,3,pearson,0.8052228212473206,0.8052228212473206,30422,0,1,3,train
2,1,Wspd,trend_ma6,trend,6.0,3,pearson,0.7908955062337831,0.7908955062337831,30388,0,1,3,train
3,2,Wspd,trend_ma6,trend,6.0,3,pearson,0.78604142993208,0.78604142993208,30574,0,1,3,train
4,3,Wspd,trend_ma6,trend,6.0,3,pearson,0.7950130500925334,0.7950130500925334,30753,0,1,3,train
5,4,Wspd,trend_ma6,trend,6.0,3,pearson,0.8158019683978979,0.8158019683978979,31878,0,1,3,train
6,5,Wspd,trend_ma6,trend,6.0,3,pearson,0.8084604013867974,0.8084604013867974,31062,0,1,3,train
7,6,Wspd,trend_ma6,trend,6.0,3,pearson,0.8182606502143908,0.8182606502143908,31480,0,1,3,train
8,7,Wspd,trend_ma6,trend,6.0,3,pearson,0.8206522007217829,0.8206522007217829,31482,0,1,3,train
9,8,Wspd,trend_ma6,trend,6.0,3,pearson,0.8064323229183133,0.8064323229183133,30845,0,1,3,train
10,9,Wspd,trend_ma6,trend,6.0,3,pearson,0.8232843723154015,0.8232843723154015,31194,0,1,3,train
11,10,Wspd,trend_ma6,trend,6.0,3,pearson,0.797097334422229,0.797097334422229,31036,0,1,3,train
12,11,Wspd,trend_ma6,trend,6.0,3,pearson,0.790251009596807,0.790251009596807,30917,0,1,3,train
13,12,Wspd,trend_ma6,trend,6.0,3,pearson,0.801493672459373,0.801493672459373,31140,0,1,3,train
14,13,Wspd,trend_ma6,trend,6.0,3,pearson,0.8153994480785021,0.8153994480785021,31943,0,1,3,train
15,14,Wspd,trend_ma6,trend,6.0,3,pearson,0.7887584300758362,0.7887584300758362,30958,0,1,3,train
16,15,Wspd,trend_ma6,trend,6.0,3,pearson,0.7688904384062931,0.7688904384062931,30753,0,1,3,train
17,16,Wspd,trend_ma6,trend,6.0,3,pearson,0.8128625435691799,0.8128625435691799,31144,0,1,3,train
18,17,Wspd,trend_ma6,trend,6.0,3,pearson,0.8263085637770702,0.8263085637770702,31806,0,1,3,train
19,18,Wspd,trend_ma6,trend,6.0,3,pearson,0.7990536696594079,0.7990536696594079,30990,0,1,3,train
20,19,Wspd,trend_ma6,trend,6.0,3,pearson,0.7952286646803268,0.7952286646803268,30304,0,1,3,train
21,20,Wspd,trend_ma6,trend,6.0,3,pearson,0.8043275332539459,0.8043275332539459,31189,0,1,3,train
22,21,Wspd,trend_ma6,trend,6.0,3,pearson,0.7949915656824038,0.7949915656824038,29742,0,1,3,train
23,22,Wspd,trend_ma6,trend,6.0,3,pearson,0.8060512339906,0.8060512339906,30496,0,1,3,train
24,23,Wspd,trend_ma6,trend,6.0,3,pearson,0.7832928934376587,0.7832928934376587,30922,0,1,3,train
25,24,Wspd,trend_ma6,trend,6.0,3,pearson,0.7899206117084301,0.7899206117084301,30601,0,1,3,train
26,25,Wspd,trend_ma6,trend,6.0,3,pearson,0.8120905247018767,0.8120905247018767,32304,0,1,3,train
27,26,Wspd,trend_ma6,trend,6.0,3,pearson,0.8042291331255,0.8042291331255,31504,0,1,3,train
28,27,Wspd,trend_ma6,trend,6.0,3,pearson,0.8129877015678116,0.8129877015678116,32568,0,1,3,train
29,28,Wspd,trend_ma6,trend,6.0,3,pearson,0.7921641064920409,0.7921641064920409,31026,0,1,3,train
30,29,Wspd,trend_ma6,trend,6.0,3,pearson,0.7886849656068935,0.7886849656068935,31513,0,1,3,train
31,30,Wspd,trend_ma6,trend,6.0,3,pearson,0.7988328384828179,0.7988328384828179,31664,0,1,3,train
32,31,Wspd,trend_ma6,trend,6.0,3,pearson,0.7890519746036013,0.7890519746036013,30430,0,1,3,train
33,32,Wspd,trend_ma6,trend,6.0,3,pearson,0.7953497639800089,0.7953497639800089,30976,0,1,3,train
34,33,Wspd,trend_ma6,trend,6.0,3,pearson,0.7691814500892816,0.7691814500892816,30463,0,1,3,train
35,34,Wspd,trend_ma6,trend,6.0,3,pearson,0.789334264222003,0.789334264222003,30132,0,1,3,train
36,35,Wspd,trend_ma6,trend,6.0,3,pearson,0.8031132581990383,0.8031132581990383,30915,0,1,3,train
37,36,Wspd,trend_ma6,trend,6.0,3,pearson,0.8129498483581973,0.8129498483581973,30864,0,1,3,train
38,37,Wspd,trend_ma6,trend,6.0,3,pearson,0.7997398580673861,0.7997398580673861,31444,0,1,3,train
39,38,Wspd,trend_ma6,trend,6.0,3,pearson,0.8122879736470165,0.8122879736470165,31037,0,1,3,train
40,39,Wspd,trend_ma6,trend,6.0,3,pearson,0.8124565694072663,0.8124565694072663,31361,0,1,3,train
41,40,Wspd,trend_ma6,trend,6.0,3,pearson,0.7929772314243667,0.7929772314243667,29840,0,1,3,train
42,41,Wspd,trend_ma6,trend,6.0,3,pearson,0.8100860859823105,0.8100860859823105,30604,0,1,3,train
43,42,Wspd,trend_ma6,trend,6.0,3,pearson,0.8166306442462714,0.8166306442462714,31102,0,1,3,train
44,43,Wspd,trend_ma6,trend,6.0,3,pearson,0.7701779191761982,0.7701779191761982,29434,0,1,3,train
45,44,Wspd,trend_ma6,trend,6.0,3,pearson,0.8009522661716836,0.8009522661716836,30498,0,1,3,train
46,45,Wspd,trend_ma6,trend,6.0,3,pearson,0.790590896754097,0.790590896754097,29846,0,1,3,train
47,46,Wspd,trend_ma6,trend,6.0,3,pearson,0.7678966627277776,0.7678966627277776,30103,0,1,3,train
48,47,Wspd,trend_ma6,trend,6.0,3,pearson,0.7948216891884979,0.7948216891884979,30969,0,1,3,train
49,48,Wspd,trend_ma6,trend,6.0,3,pearson,0.8152308464529661,0.8152308464529661,32545,0,1,3,train
50,49,Wspd,trend_ma6,trend,6.0,3,pearson,0.7972243426973958,0.7972243426973958,30740,0,1,3,train
51,50,Wspd,trend_ma6,trend,6.0,3,pearson,0.7904572084873659,0.7904572084873659,31462,0,1,3,train
52,51,Wspd,trend_ma6,trend,6.0,3,pearson,0.7804068040285279,0.7804068040285279,29043,0,1,3,train
53,52,Wspd,trend_ma6,trend,6.0,3,pearson,0.8095939179213828,0.8095939179213828,31799,0,1,3,train
54,53,Wspd,trend_ma6,trend,6.0,3,pearson,0.8069588770745156,0.8069588770745156,31759,0,1,3,train
55,54,Wspd,trend_ma6,trend,6.0,3,pearson,0.794087708782749,0.794087708782749,30702,0,1,3,train
56,55,Wspd,trend_ma6,trend,6.0,3,pearson,0.7958306246023793,0.7958306246023793,29542,0,1,3,train
57,56,Wspd,trend_ma6,trend,6.0,3,pearson,0.8013816568603217,0.8013816568603217,31760,0,1,3,train
58,57,Wspd,trend_ma6,trend,6.0,3,pearson,0.8096333354926433,0.8096333354926433,33384,0,1,3,train
59,58,Wspd,trend_ma6,trend,6.0,3,pearson,0.8004617549784796,0.8004617549784796,30020,0,1,3,train
60,59,Wspd,trend_ma6,trend,6.0,3,pearson,0.769059185270989,0.769059185270989,30476,0,1,3,train
61,60,Wspd,trend_ma6,trend,6.0,3,pearson,0.7891579485704177,0.7891579485704177,29791,0,1,3,train
62,61,Wspd,trend_ma6,trend,6.0,3,pearson,0.8106992497121501,0.8106992497121501,32220,0,1,3,train
63,62,Wspd,trend_ma6,trend,6.0,3,pearson,0.8175465373034829,0.8175465373034829,30878,0,1,3,train
64,63,Wspd,trend_ma6,trend,6.0,3,pearson,0.7998667880768006,0.7998667880768006,29786,0,1,3,train
65,64,Wspd,trend_ma6,trend,6.0,3,pearson,0.8026780431692425,0.8026780431692425,30635,0,1,3,train
66,65,Wspd,trend_ma6,trend,6.0,3,pearson,0.8110091141656897,0.8110091141656897,31065,0,1,3,train
67,66,Wspd,trend_ma6,trend,6.0,3,pearson,0.8030471556090755,0.8030471556090755,31879,0,1,3,train
68,67,Wspd,trend_ma6,trend,6.0,3,pearson,0.7955444939599723,0.7955444939599723,31357,0,1,3,train
69,68,Wspd,trend_ma6,trend,6.0,3,pearson,0.7908911448581529,0.7908911448581529,30582,0,1,3,train
70,69,Wspd,trend_ma6,trend,6.0,3,pearson,0.7770137486264583,0.7770137486264583,30657,0,1,3,train
71,70,Wspd,trend_ma6,trend,6.0,3,pearson,0.8187230809076097,0.8187230809076097,33486,0,1,3,train
72,71,Wspd,trend_ma6,trend,6.0,3,pearson,0.7771860103927629,0.7771860103927629,30426,0,1,3,train
73,72,Wspd,trend_ma6,trend,6.0,3,pearson,0.809720809810612,0.809720809810612,32349,0,1,3,train
74,73,Wspd,trend_ma6,trend,6.0,3,pearson,0.8055813972024983,0.8055813972024983,31118,0,1,3,train
75,74,Wspd,trend_ma6,trend,6.0,3,pearson,0.8083988965167487,0.8083988965167487,30531,0,1,3,train
76,75,Wspd,trend_ma6,trend,6.0,3,pearson,0.8094046629934374,0.8094046629934374,30934,0,1,3,train
77,76,Wspd,trend_ma6,trend,6.0,3,pearson,0.7847393959577232,0.7847393959577232,30636,0,1,3,train
78,77,Wspd,trend_ma6,trend,6.0,3,pearson,0.7998031879648256,0.7998031879648256,29784,0,1,3,train
79,78,Wspd,trend_ma6,trend,6.0,3,pearson,0.8107963451902539,0.8107963451902539,29803,0,1,3,train
80,79,Wspd,trend_ma6,trend,6.0,3,pearson,0.8202825118881072,0.8202825118881072,30854,0,1,3,train
81,80,Wspd,trend_ma6,trend,6.0,3,pearson,0.8268948062336007,0.8268948062336007,30793,0,1,3,train
82,81,Wspd,trend_ma6,trend,6.0,3,pearson,0.8098027293729797,0.8098027293729797,29474,0,1,3,train
83,82,Wspd,trend_ma6,trend,6.0,3,pearson,0.8655002415104809,0.8655002415104809,30098,0,1,3,train
84,83,Wspd,trend_ma6,trend,6.0,3,pearson,0.8347487293960315,0.8347487293960315,33679,0,1,3,train
85,84,Wspd,trend_ma6,trend,6.0,3,pearson,0.8131926860348607,0.8131926860348607,29888,0,1,3,train
86,85,Wspd,trend_ma6,trend,6.0,3,pearson,0.8094996842297941,0.8094996842297941,31019,0,1,3,train
87,86,Wspd,trend_ma6,trend,6.0,3,pearson,0.8076327882137044,0.8076327882137044,33376,0,1,3,train
88,87,Wspd,trend_ma6,trend,6.0,3,pearson,0.7910926356396993,0.7910926356396993,30221,0,1,3,train
89,88,Wspd,trend_ma6,trend,6.0,3,pearson,0.7756501914246989,0.7756501914246989,30607,0,1,3,train
90,89,Wspd,trend_ma6,trend,6.0,3,pearson,0.7813267441663723,0.7813267441663723,30773,0,1,3,train
91,90,Wspd,trend_ma6,trend,6.0,3,pearson,0.7864731228902183,0.7864731228902183,30688,0,1,3,train
92,91,Wspd,trend_ma6,trend,6.0,3,pearson,0.8063480579651165,0.8063480579651165,29946,0,1,3,train
93,92,Wspd,trend_ma6,trend,6.0,3,pearson,0.7804570953281064,0.7804570953281064,28959,0,1,3,train
94,93,Wspd,trend_ma6,trend,6.0,3,pearson,0.8031638735038427,0.8031638735038427,30107,0,1,3,train
95,94,Wspd,trend_ma6,trend,6.0,3,pearson,0.7932397150537699,0.7932397150537699,29594,0,1,3,train
96,95,Wspd,trend_ma6,trend,6.0,3,pearson,0.8117444104383469,0.8117444104383469,28140,0,1,3,train
97,96,Wspd,trend_ma6,trend,6.0,3,pearson,0.8136271579957622,0.8136271579957622,28845,0,1,3,train
98,97,Wspd,trend_ma6,trend,6.0,3,pearson,0.8104257352354658,0.8104257352354658,31548,0,1,3,train
99,98,Wspd,trend_ma6,trend,6.0,3,pearson,0.8363107190290553,0.8363107190290553,32637,0,1,3,train
100,99,Wspd,trend_ma6,trend,6.0,3,pearson,0.8253087391853237,0.8253087391853237,29839,0,1,3,train
101,100,Wspd,trend_ma6,trend,6.0,3,pearson,0.79965818962083,0.79965818962083,30353,0,1,3,train
102,101,Wspd,trend_ma6,trend,6.0,3,pearson,0.7902229306741926,0.7902229306741926,29372,0,1,3,train
103,102,Wspd,trend_ma6,trend,6.0,3,pearson,0.808440795791534,0.808440795791534,31821,0,1,3,train
104,103,Wspd,trend_ma6,trend,6.0,3,pearson,0.7894700589613728,0.7894700589613728,30185,0,1,3,train
105,104,Wspd,trend_ma6,trend,6.0,3,pearson,0.782129291165575,0.782129291165575,30532,0,1,3,train
106,105,Wspd,trend_ma6,trend,6.0,3,pearson,0.7912693691354937,0.7912693691354937,29413,0,1,3,train
107,106,Wspd,trend_ma6,trend,6.0,3,pearson,0.8097381225835402,0.8097381225835402,31544,0,1,3,train
108,107,Wspd,trend_ma6,trend,6.0,3,pearson,0.8140834409941201,0.8140834409941201,29359,0,1,3,train
109,108,Wspd,trend_ma6,trend,6.0,3,pearson,0.782094523998463,0.782094523998463,30903,0,1,3,train
110,109,Wspd,trend_ma6,trend,6.0,3,pearson,0.802302758198704,0.802302758198704,30969,0,1,3,train
111,110,Wspd,trend_ma6,trend,6.0,3,pearson,0.8016695763645056,0.8016695763645056,30799,0,1,3,train
112,111,Wspd,trend_ma6,trend,6.0,3,pearson,0.8099261976298648,0.8099261976298648,29994,0,1,3,train
113,112,Wspd,trend_ma6,trend,6.0,3,pearson,0.8002917133511027,0.8002917133511027,30423,0,1,3,train
114,113,Wspd,trend_ma6,trend,6.0,3,pearson,0.8014783764937558,0.8014783764937558,29743,0,1,3,train
115,114,Wspd,trend_ma6,trend,6.0,3,pearson,0.8040107156477677,0.8040107156477677,28485,0,1,3,train
116,115,Wspd,trend_ma6,trend,6.0,3,pearson,0.8023761572140955,0.8023761572140955,29110,0,1,3,train
117,116,Wspd,trend_ma6,trend,6.0,3,pearson,0.8096622860943018,0.8096622860943018,29400,0,1,3,train
118,117,Wspd,trend_ma6,trend,6.0,3,pearson,0.7883713807021239,0.7883713807021239,29795,0,1,3,train
119,118,Wspd,trend_ma6,trend,6.0,3,pearson,0.8187013084692447,0.8187013084692447,31221,0,1,3,train
120,119,Wspd,trend_ma6,trend,6.0,3,pearson,0.7831830733161423,0.7831830733161423,30631,0,1,3,train
121,120,Wspd,trend_ma6,trend,6.0,3,pearson,0.8042940836205704,0.8042940836205704,30966,0,1,3,train
122,121,Wspd,trend_ma6,trend,6.0,3,pearson,0.7949181026061132,0.7949181026061132,29091,0,1,3,train
123,122,Wspd,trend_ma6,trend,6.0,3,pearson,0.7657689408206961,0.7657689408206961,29060,0,1,3,train
124,123,Wspd,trend_ma6,trend,6.0,3,pearson,0.8211273290095148,0.8211273290095148,29103,0,1,3,train
125,124,Wspd,trend_ma6,trend,6.0,3,pearson,0.789666443796426,0.789666443796426,29563,0,1,3,train
126,125,Wspd,trend_ma6,trend,6.0,3,pearson,0.7928306938045501,0.7928306938045501,29983,0,1,3,train
127,126,Wspd,trend_ma6,trend,6.0,3,pearson,0.7909272657133369,0.7909272657133369,30602,0,1,3,train
128,127,Wspd,trend_ma6,trend,6.0,3,pearson,0.8136477808081696,0.8136477808081696,30760,0,1,3,train
129,128,Wspd,trend_ma6,trend,6.0,3,pearson,0.795774222142299,0.795774222142299,31284,0,1,3,train
130,129,Wspd,trend_ma6,trend,6.0,3,pearson,0.7795823076108467,0.7795823076108467,30614,0,1,3,train
131,130,Wspd,trend_ma6,trend,6.0,3,pearson,0.774225240684852,0.774225240684852,30762,0,1,3,train
132,131,Wspd,trend_ma6,trend,6.0,3,pearson,0.7999763566848666,0.7999763566848666,32308,0,1,3,train
133,132,Wspd,trend_ma6,trend,6.0,3,pearson,0.7793960709718655,0.7793960709718655,29291,0,1,3,train
134,133,Wspd,trend_ma6,trend,6.0,3,pearson,0.7989840335557932,0.7989840335557932,31913,0,1,3,train
1,0,Wspd,trend_ma6,trend,6.0,6,pearson,0.7902955504974347,0.7902955504974347,31760,0,1,6,train
2,1,Wspd,trend_ma6,trend,6.0,6,pearson,0.7762576496937512,0.7762576496937512,31815,0,1,6,train
3,2,Wspd,trend_ma6,trend,6.0,6,pearson,0.7727438575560229,0.7727438575560229,31873,0,1,6,train
4,3,Wspd,trend_ma6,trend,6.0,6,pearson,0.7808651424422348,0.7808651424422348,32103,0,1,6,train
5,4,Wspd,trend_ma6,trend,6.0,6,pearson,0.7997769013551916,0.7997769013551916,33067,0,1,6,train
6,5,Wspd,trend_ma6,trend,6.0,6,pearson,0.7944256779157739,0.7944256779157739,32399,0,1,6,train
7,6,Wspd,trend_ma6,trend,6.0,6,pearson,0.8036907255616321,0.8036907255616321,32983,0,1,6,train
8,7,Wspd,trend_ma6,trend,6.0,6,pearson,0.8064821341806375,0.8064821341806375,32825,0,1,6,train
9,8,Wspd,trend_ma6,trend,6.0,6,pearson,0.7902993785612162,0.7902993785612162,32209,0,1,6,train
10,9,Wspd,trend_ma6,trend,6.0,6,pearson,0.8083395705010592,0.8083395705010592,32522,0,1,6,train
11,10,Wspd,trend_ma6,trend,6.0,6,pearson,0.7832703568349288,0.7832703568349288,32398,0,1,6,train
12,11,Wspd,trend_ma6,trend,6.0,6,pearson,0.7771812603929554,0.7771812603929554,32211,0,1,6,train
13,12,Wspd,trend_ma6,trend,6.0,6,pearson,0.7901780382444534,0.7901780382444534,32413,0,1,6,train
14,13,Wspd,trend_ma6,trend,6.0,6,pearson,0.8030103841882376,0.8030103841882376,33196,0,1,6,train
15,14,Wspd,trend_ma6,trend,6.0,6,pearson,0.7770345273648019,0.7770345273648019,32343,0,1,6,train
16,15,Wspd,trend_ma6,trend,6.0,6,pearson,0.7574568453472272,0.7574568453472272,32028,0,1,6,train
17,16,Wspd,trend_ma6,trend,6.0,6,pearson,0.7969375575090183,0.7969375575090183,32470,0,1,6,train
18,17,Wspd,trend_ma6,trend,6.0,6,pearson,0.8153668660185489,0.8153668660185489,32985,0,1,6,train
19,18,Wspd,trend_ma6,trend,6.0,6,pearson,0.7865893762653304,0.7865893762653304,32383,0,1,6,train
20,19,Wspd,trend_ma6,trend,6.0,6,pearson,0.7804462939086375,0.7804462939086375,31597,0,1,6,train
21,20,Wspd,trend_ma6,trend,6.0,6,pearson,0.7911354719510423,0.7911354719510423,32536,0,1,6,train
22,21,Wspd,trend_ma6,trend,6.0,6,pearson,0.782612798323834,0.782612798323834,31007,0,1,6,train
23,22,Wspd,trend_ma6,trend,6.0,6,pearson,0.7911349569759581,0.7911349569759581,31831,0,1,6,train
24,23,Wspd,trend_ma6,trend,6.0,6,pearson,0.7742386395184327,0.7742386395184327,32277,0,1,6,train
25,24,Wspd,trend_ma6,trend,6.0,6,pearson,0.7789366677839148,0.7789366677839148,31915,0,1,6,train
26,25,Wspd,trend_ma6,trend,6.0,6,pearson,0.7991489121260014,0.7991489121260014,33447,0,1,6,train
27,26,Wspd,trend_ma6,trend,6.0,6,pearson,0.7911389575082797,0.7911389575082797,32911,0,1,6,train
28,27,Wspd,trend_ma6,trend,6.0,6,pearson,0.7989251982563272,0.7989251982563272,33765,0,1,6,train
29,28,Wspd,trend_ma6,trend,6.0,6,pearson,0.7790576593669475,0.7790576593669475,32388,0,1,6,train
30,29,Wspd,trend_ma6,trend,6.0,6,pearson,0.7788247868921205,0.7788247868921205,32864,0,1,6,train
31,30,Wspd,trend_ma6,trend,6.0,6,pearson,0.7881055958868614,0.7881055958868614,33025,0,1,6,train
32,31,Wspd,trend_ma6,trend,6.0,6,pearson,0.7776415034502157,0.7776415034502157,31752,0,1,6,train
33,32,Wspd,trend_ma6,trend,6.0,6,pearson,0.7839114048708922,0.7839114048708922,32308,0,1,6,train
34,33,Wspd,trend_ma6,trend,6.0,6,pearson,0.7585080326414639,0.7585080326414639,31852,0,1,6,train
35,34,Wspd,trend_ma6,trend,6.0,6,pearson,0.7741890226732844,0.7741890226732844,31505,0,1,6,train
36,35,Wspd,trend_ma6,trend,6.0,6,pearson,0.7872541068434435,0.7872541068434435,32267,0,1,6,train
37,36,Wspd,trend_ma6,trend,6.0,6,pearson,0.7971470684977412,0.7971470684977412,31977,0,1,6,train
38,37,Wspd,trend_ma6,trend,6.0,6,pearson,0.7903145798351386,0.7903145798351386,32800,0,1,6,train
39,38,Wspd,trend_ma6,trend,6.0,6,pearson,0.7983753107115512,0.7983753107115512,32474,0,1,6,train
40,39,Wspd,trend_ma6,trend,6.0,6,pearson,0.79925328464634,0.79925328464634,32800,0,1,6,train
41,40,Wspd,trend_ma6,trend,6.0,6,pearson,0.7788017750222718,0.7788017750222718,31232,0,1,6,train
42,41,Wspd,trend_ma6,trend,6.0,6,pearson,0.7990143855155297,0.7990143855155297,31936,0,1,6,train
43,42,Wspd,trend_ma6,trend,6.0,6,pearson,0.8029193788872198,0.8029193788872198,32427,0,1,6,train
44,43,Wspd,trend_ma6,trend,6.0,6,pearson,0.7547723859511051,0.7547723859511051,30517,0,1,6,train
45,44,Wspd,trend_ma6,trend,6.0,6,pearson,0.7894766080817055,0.7894766080817055,31886,0,1,6,train
46,45,Wspd,trend_ma6,trend,6.0,6,pearson,0.778352287166037,0.778352287166037,31213,0,1,6,train
47,46,Wspd,trend_ma6,trend,6.0,6,pearson,0.7570752497960543,0.7570752497960543,31486,0,1,6,train
48,47,Wspd,trend_ma6,trend,6.0,6,pearson,0.7846605397891079,0.7846605397891079,32340,0,1,6,train
49,48,Wspd,trend_ma6,trend,6.0,6,pearson,0.8003514106426387,0.8003514106426387,33649,0,1,6,train
50,49,Wspd,trend_ma6,trend,6.0,6,pearson,0.7853159115535816,0.7853159115535816,32100,0,1,6,train
51,50,Wspd,trend_ma6,trend,6.0,6,pearson,0.7801091757124762,0.7801091757124762,32719,0,1,6,train
52,51,Wspd,trend_ma6,trend,6.0,6,pearson,0.7719604930423234,0.7719604930423234,30390,0,1,6,train
53,52,Wspd,trend_ma6,trend,6.0,6,pearson,0.7977162484236401,0.7977162484236401,33028,0,1,6,train
54,53,Wspd,trend_ma6,trend,6.0,6,pearson,0.7935124058461542,0.7935124058461542,33141,0,1,6,train
55,54,Wspd,trend_ma6,trend,6.0,6,pearson,0.7839388834547851,0.7839388834547851,32031,0,1,6,train
56,55,Wspd,trend_ma6,trend,6.0,6,pearson,0.7843839218870924,0.7843839218870924,30862,0,1,6,train
57,56,Wspd,trend_ma6,trend,6.0,6,pearson,0.7924511860215061,0.7924511860215061,33008,0,1,6,train
58,57,Wspd,trend_ma6,trend,6.0,6,pearson,0.80015971402465,0.80015971402465,34441,0,1,6,train
59,58,Wspd,trend_ma6,trend,6.0,6,pearson,0.7869774959027701,0.7869774959027701,31413,0,1,6,train
60,59,Wspd,trend_ma6,trend,6.0,6,pearson,0.7616707947869026,0.7616707947869026,31909,0,1,6,train
61,60,Wspd,trend_ma6,trend,6.0,6,pearson,0.7766263040072287,0.7766263040072287,31162,0,1,6,train
62,61,Wspd,trend_ma6,trend,6.0,6,pearson,0.798395831826397,0.798395831826397,33334,0,1,6,train
63,62,Wspd,trend_ma6,trend,6.0,6,pearson,0.8030783014833248,0.8030783014833248,32218,0,1,6,train
64,63,Wspd,trend_ma6,trend,6.0,6,pearson,0.7865950511412863,0.7865950511412863,31032,0,1,6,train
65,64,Wspd,trend_ma6,trend,6.0,6,pearson,0.7907666110808989,0.7907666110808989,32018,0,1,6,train
66,65,Wspd,trend_ma6,trend,6.0,6,pearson,0.7983768120730785,0.7983768120730785,32475,0,1,6,train
67,66,Wspd,trend_ma6,trend,6.0,6,pearson,0.7895482212245201,0.7895482212245201,33237,0,1,6,train
68,67,Wspd,trend_ma6,trend,6.0,6,pearson,0.784823241005699,0.784823241005699,32643,0,1,6,train
69,68,Wspd,trend_ma6,trend,6.0,6,pearson,0.7773800129087575,0.7773800129087575,31956,0,1,6,train
70,69,Wspd,trend_ma6,trend,6.0,6,pearson,0.7605101189523698,0.7605101189523698,32053,0,1,6,train
71,70,Wspd,trend_ma6,trend,6.0,6,pearson,0.8050761486909954,0.8050761486909954,34553,0,1,6,train
72,71,Wspd,trend_ma6,trend,6.0,6,pearson,0.7674884847264636,0.7674884847264636,31894,0,1,6,train
73,72,Wspd,trend_ma6,trend,6.0,6,pearson,0.7955031396875791,0.7955031396875791,33603,0,1,6,train
74,73,Wspd,trend_ma6,trend,6.0,6,pearson,0.7926994374051534,0.7926994374051534,32414,0,1,6,train
75,74,Wspd,trend_ma6,trend,6.0,6,pearson,0.7933771103117483,0.7933771103117483,31911,0,1,6,train
76,75,Wspd,trend_ma6,trend,6.0,6,pearson,0.7980836943128095,0.7980836943128095,32342,0,1,6,train
77,76,Wspd,trend_ma6,trend,6.0,6,pearson,0.7729741941264607,0.7729741941264607,32000,0,1,6,train
78,77,Wspd,trend_ma6,trend,6.0,6,pearson,0.7881894131169477,0.7881894131169477,31199,0,1,6,train
79,78,Wspd,trend_ma6,trend,6.0,6,pearson,0.7966222127245095,0.7966222127245095,31252,0,1,6,train
80,79,Wspd,trend_ma6,trend,6.0,6,pearson,0.8084704310601093,0.8084704310601093,32193,0,1,6,train
81,80,Wspd,trend_ma6,trend,6.0,6,pearson,0.8138306983540667,0.8138306983540667,32106,0,1,6,train
82,81,Wspd,trend_ma6,trend,6.0,6,pearson,0.7967453549220943,0.7967453549220943,30955,0,1,6,train
83,82,Wspd,trend_ma6,trend,6.0,6,pearson,0.8480029047244231,0.8480029047244231,31470,0,1,6,train
84,83,Wspd,trend_ma6,trend,6.0,6,pearson,0.8223709017806394,0.8223709017806394,34754,0,1,6,train
85,84,Wspd,trend_ma6,trend,6.0,6,pearson,0.8019361495727046,0.8019361495727046,31284,0,1,6,train
86,85,Wspd,trend_ma6,trend,6.0,6,pearson,0.7991317864749915,0.7991317864749915,32345,0,1,6,train
87,86,Wspd,trend_ma6,trend,6.0,6,pearson,0.7919468313073924,0.7919468313073924,34410,0,1,6,train
88,87,Wspd,trend_ma6,trend,6.0,6,pearson,0.7811447075104407,0.7811447075104407,31584,0,1,6,train
89,88,Wspd,trend_ma6,trend,6.0,6,pearson,0.7614011227863479,0.7614011227863479,31941,0,1,6,train
90,89,Wspd,trend_ma6,trend,6.0,6,pearson,0.770191111880243,0.770191111880243,32073,0,1,6,train
91,90,Wspd,trend_ma6,trend,6.0,6,pearson,0.7751432584896258,0.7751432584896258,32138,0,1,6,train
92,91,Wspd,trend_ma6,trend,6.0,6,pearson,0.7913741244322694,0.7913741244322694,31487,0,1,6,train
93,92,Wspd,trend_ma6,trend,6.0,6,pearson,0.7675184448441182,0.7675184448441182,30513,0,1,6,train
94,93,Wspd,trend_ma6,trend,6.0,6,pearson,0.7893307213360162,0.7893307213360162,31532,0,1,6,train
95,94,Wspd,trend_ma6,trend,6.0,6,pearson,0.7794426614522971,0.7794426614522971,31168,0,1,6,train
96,95,Wspd,trend_ma6,trend,6.0,6,pearson,0.7996899526444203,0.7996899526444203,29602,0,1,6,train
97,96,Wspd,trend_ma6,trend,6.0,6,pearson,0.8029733085553782,0.8029733085553782,30412,0,1,6,train
98,97,Wspd,trend_ma6,trend,6.0,6,pearson,0.7973327730077164,0.7973327730077164,32850,0,1,6,train
99,98,Wspd,trend_ma6,trend,6.0,6,pearson,0.8188349585051468,0.8188349585051468,33945,0,1,6,train
100,99,Wspd,trend_ma6,trend,6.0,6,pearson,0.8127558288771215,0.8127558288771215,31318,0,1,6,train
101,100,Wspd,trend_ma6,trend,6.0,6,pearson,0.7878792884371532,0.7878792884371532,31790,0,1,6,train
102,101,Wspd,trend_ma6,trend,6.0,6,pearson,0.7774491206608377,0.7774491206608377,30943,0,1,6,train
103,102,Wspd,trend_ma6,trend,6.0,6,pearson,0.7974731648299287,0.7974731648299287,33115,0,1,6,train
104,103,Wspd,trend_ma6,trend,6.0,6,pearson,0.7782753631847578,0.7782753631847578,31581,0,1,6,train
105,104,Wspd,trend_ma6,trend,6.0,6,pearson,0.7733376380071812,0.7733376380071812,32072,0,1,6,train
106,105,Wspd,trend_ma6,trend,6.0,6,pearson,0.7789052134682203,0.7789052134682203,30722,0,1,6,train
107,106,Wspd,trend_ma6,trend,6.0,6,pearson,0.79558478774094,0.79558478774094,32839,0,1,6,train
108,107,Wspd,trend_ma6,trend,6.0,6,pearson,0.7975662401337333,0.7975662401337333,30804,0,1,6,train
109,108,Wspd,trend_ma6,trend,6.0,6,pearson,0.7705661625982451,0.7705661625982451,32281,0,1,6,train
110,109,Wspd,trend_ma6,trend,6.0,6,pearson,0.7871099598441466,0.7871099598441466,32389,0,1,6,train
111,110,Wspd,trend_ma6,trend,6.0,6,pearson,0.7906239405172302,0.7906239405172302,32139,0,1,6,train
112,111,Wspd,trend_ma6,trend,6.0,6,pearson,0.7955381839133047,0.7955381839133047,31528,0,1,6,train
113,112,Wspd,trend_ma6,trend,6.0,6,pearson,0.7845021064592858,0.7845021064592858,31847,0,1,6,train
114,113,Wspd,trend_ma6,trend,6.0,6,pearson,0.7846221462787513,0.7846221462787513,31174,0,1,6,train
115,114,Wspd,trend_ma6,trend,6.0,6,pearson,0.7935890258699163,0.7935890258699163,30201,0,1,6,train
116,115,Wspd,trend_ma6,trend,6.0,6,pearson,0.785002049246877,0.785002049246877,30639,0,1,6,train
117,116,Wspd,trend_ma6,trend,6.0,6,pearson,0.799008397398155,0.799008397398155,31134,0,1,6,train
118,117,Wspd,trend_ma6,trend,6.0,6,pearson,0.7695065348307012,0.7695065348307012,31270,0,1,6,train
119,118,Wspd,trend_ma6,trend,6.0,6,pearson,0.8038214499157901,0.8038214499157901,32510,0,1,6,train
120,119,Wspd,trend_ma6,trend,6.0,6,pearson,0.7737647283908791,0.7737647283908791,32043,0,1,6,train
121,120,Wspd,trend_ma6,trend,6.0,6,pearson,0.7926737959326795,0.7926737959326795,32343,0,1,6,train
122,121,Wspd,trend_ma6,trend,6.0,6,pearson,0.784524196736487,0.784524196736487,30749,0,1,6,train
123,122,Wspd,trend_ma6,trend,6.0,6,pearson,0.7562767255977242,0.7562767255977242,30414,0,1,6,train
124,123,Wspd,trend_ma6,trend,6.0,6,pearson,0.8051778832849878,0.8051778832849878,30762,0,1,6,train
125,124,Wspd,trend_ma6,trend,6.0,6,pearson,0.7746499930909997,0.7746499930909997,30967,0,1,6,train
126,125,Wspd,trend_ma6,trend,6.0,6,pearson,0.7792304185107756,0.7792304185107756,31508,0,1,6,train
127,126,Wspd,trend_ma6,trend,6.0,6,pearson,0.7790656766398987,0.7790656766398987,31952,0,1,6,train
128,127,Wspd,trend_ma6,trend,6.0,6,pearson,0.7901563108623764,0.7901563108623764,32071,0,1,6,train
129,128,Wspd,trend_ma6,trend,6.0,6,pearson,0.7817801806598099,0.7817801806598099,32541,0,1,6,train
130,129,Wspd,trend_ma6,trend,6.0,6,pearson,0.7661802187803793,0.7661802187803793,32018,0,1,6,train
131,130,Wspd,trend_ma6,trend,6.0,6,pearson,0.7537582699568071,0.7537582699568071,32057,0,1,6,train
132,131,Wspd,trend_ma6,trend,6.0,6,pearson,0.7891550828324417,0.7891550828324417,33642,0,1,6,train
133,132,Wspd,trend_ma6,trend,6.0,6,pearson,0.7562900898029449,0.7562900898029449,30650,0,1,6,train
134,133,Wspd,trend_ma6,trend,6.0,6,pearson,0.7828208517474419,0.7828208517474419,33240,0,1,6,train
1,0,Wspd,trend_ma6,trend,6.0,10,pearson,0.7693827804008069,0.7693827804008069,33171,0,1,10,train
2,1,Wspd,trend_ma6,trend,6.0,10,pearson,0.7572585104527384,0.7572585104527384,33280,0,1,10,train
3,2,Wspd,trend_ma6,trend,6.0,10,pearson,0.754693200989895,0.754693200989895,33218,0,1,10,train
4,3,Wspd,trend_ma6,trend,6.0,10,pearson,0.7619609148635867,0.7619609148635867,33517,0,1,10,train
5,4,Wspd,trend_ma6,trend,6.0,10,pearson,0.7798156859313276,0.7798156859313276,34321,0,1,10,train
6,5,Wspd,trend_ma6,trend,6.0,10,pearson,0.776034180196034,0.776034180196034,33774,0,1,10,train
7,6,Wspd,trend_ma6,trend,6.0,10,pearson,0.7846771603402755,0.7846771603402755,34439,0,1,10,train
8,7,Wspd,trend_ma6,trend,6.0,10,pearson,0.7878440704458048,0.7878440704458048,34189,0,1,10,train
9,8,Wspd,trend_ma6,trend,6.0,10,pearson,0.7697456455934778,0.7697456455934778,33603,0,1,10,train
10,9,Wspd,trend_ma6,trend,6.0,10,pearson,0.7877346675557078,0.7877346675557078,33883,0,1,10,train
11,10,Wspd,trend_ma6,trend,6.0,10,pearson,0.7644604717261329,0.7644604717261329,33786,0,1,10,train
12,11,Wspd,trend_ma6,trend,6.0,10,pearson,0.7590235936083042,0.7590235936083042,33575,0,1,10,train
13,12,Wspd,trend_ma6,trend,6.0,10,pearson,0.7730209372572888,0.7730209372572888,33736,0,1,10,train
14,13,Wspd,trend_ma6,trend,6.0,10,pearson,0.7857579004266224,0.7857579004266224,34397,0,1,10,train
15,14,Wspd,trend_ma6,trend,6.0,10,pearson,0.7603777090392565,0.7603777090392565,33736,0,1,10,train
16,15,Wspd,trend_ma6,trend,6.0,10,pearson,0.7417757160712163,0.7417757160712163,33378,0,1,10,train
17,16,Wspd,trend_ma6,trend,6.0,10,pearson,0.776185040113154,0.776185040113154,33845,0,1,10,train
18,17,Wspd,trend_ma6,trend,6.0,10,pearson,0.7980237701984708,0.7980237701984708,34195,0,1,10,train
19,18,Wspd,trend_ma6,trend,6.0,10,pearson,0.7677388172551834,0.7677388172551834,33848,0,1,10,train
20,19,Wspd,trend_ma6,trend,6.0,10,pearson,0.7617569049939785,0.7617569049939785,32955,0,1,10,train
21,20,Wspd,trend_ma6,trend,6.0,10,pearson,0.7738836060737023,0.7738836060737023,33915,0,1,10,train
22,21,Wspd,trend_ma6,trend,6.0,10,pearson,0.7646933921910085,0.7646933921910085,32335,0,1,10,train
23,22,Wspd,trend_ma6,trend,6.0,10,pearson,0.7721109366532211,0.7721109366532211,33248,0,1,10,train
24,23,Wspd,trend_ma6,trend,6.0,10,pearson,0.7594846219084453,0.7594846219084453,33678,0,1,10,train
25,24,Wspd,trend_ma6,trend,6.0,10,pearson,0.7645169651098888,0.7645169651098888,33296,0,1,10,train
26,25,Wspd,trend_ma6,trend,6.0,10,pearson,0.7825715428019697,0.7825715428019697,34635,0,1,10,train
27,26,Wspd,trend_ma6,trend,6.0,10,pearson,0.7735810466999301,0.7735810466999301,34364,0,1,10,train
28,27,Wspd,trend_ma6,trend,6.0,10,pearson,0.7811898772717137,0.7811898772717137,34935,0,1,10,train
29,28,Wspd,trend_ma6,trend,6.0,10,pearson,0.7620474208150237,0.7620474208150237,33768,0,1,10,train
30,29,Wspd,trend_ma6,trend,6.0,10,pearson,0.7655012558899595,0.7655012558899595,34235,0,1,10,train
31,30,Wspd,trend_ma6,trend,6.0,10,pearson,0.7719926795278027,0.7719926795278027,34398,0,1,10,train
32,31,Wspd,trend_ma6,trend,6.0,10,pearson,0.7628540614216107,0.7628540614216107,33164,0,1,10,train
33,32,Wspd,trend_ma6,trend,6.0,10,pearson,0.7677533835462532,0.7677533835462532,33727,0,1,10,train
34,33,Wspd,trend_ma6,trend,6.0,10,pearson,0.7458872093882289,0.7458872093882289,33267,0,1,10,train
35,34,Wspd,trend_ma6,trend,6.0,10,pearson,0.7577922897570496,0.7577922897570496,32897,0,1,10,train
36,35,Wspd,trend_ma6,trend,6.0,10,pearson,0.7664813658858326,0.7664813658858326,33608,0,1,10,train
37,36,Wspd,trend_ma6,trend,6.0,10,pearson,0.7770619912460314,0.7770619912460314,33135,0,1,10,train
38,37,Wspd,trend_ma6,trend,6.0,10,pearson,0.7761194024083035,0.7761194024083035,34186,0,1,10,train
39,38,Wspd,trend_ma6,trend,6.0,10,pearson,0.7789446615784666,0.7789446615784666,33945,0,1,10,train
40,39,Wspd,trend_ma6,trend,6.0,10,pearson,0.7803511286855109,0.7803511286855109,34229,0,1,10,train
41,40,Wspd,trend_ma6,trend,6.0,10,pearson,0.759528137441338,0.759528137441338,32688,0,1,10,train
42,41,Wspd,trend_ma6,trend,6.0,10,pearson,0.7816537372039289,0.7816537372039289,33335,0,1,10,train
43,42,Wspd,trend_ma6,trend,6.0,10,pearson,0.7831459508722943,0.7831459508722943,33802,0,1,10,train
44,43,Wspd,trend_ma6,trend,6.0,10,pearson,0.73449403240836,0.73449403240836,31695,0,1,10,train
45,44,Wspd,trend_ma6,trend,6.0,10,pearson,0.7716715210250888,0.7716715210250888,33331,0,1,10,train
46,45,Wspd,trend_ma6,trend,6.0,10,pearson,0.7604066246766731,0.7604066246766731,32626,0,1,10,train
47,46,Wspd,trend_ma6,trend,6.0,10,pearson,0.7414545922213637,0.7414545922213637,32965,0,1,10,train
48,47,Wspd,trend_ma6,trend,6.0,10,pearson,0.7709942652832469,0.7709942652832469,33749,0,1,10,train
49,48,Wspd,trend_ma6,trend,6.0,10,pearson,0.7800635554531966,0.7800635554531966,34777,0,1,10,train
50,49,Wspd,trend_ma6,trend,6.0,10,pearson,0.7672084753461729,0.7672084753461729,33471,0,1,10,train
51,50,Wspd,trend_ma6,trend,6.0,10,pearson,0.7642080328303202,0.7642080328303202,33980,0,1,10,train
52,51,Wspd,trend_ma6,trend,6.0,10,pearson,0.7578462864705339,0.7578462864705339,31749,0,1,10,train
53,52,Wspd,trend_ma6,trend,6.0,10,pearson,0.7814290727609754,0.7814290727609754,34273,0,1,10,train
54,53,Wspd,trend_ma6,trend,6.0,10,pearson,0.7757157961466585,0.7757157961466585,34512,0,1,10,train
55,54,Wspd,trend_ma6,trend,6.0,10,pearson,0.7681222478705507,0.7681222478705507,33403,0,1,10,train
56,55,Wspd,trend_ma6,trend,6.0,10,pearson,0.7678317880828336,0.7678317880828336,32253,0,1,10,train
57,56,Wspd,trend_ma6,trend,6.0,10,pearson,0.7777095579982995,0.7777095579982995,34277,0,1,10,train
58,57,Wspd,trend_ma6,trend,6.0,10,pearson,0.78581339538508,0.78581339538508,35490,0,1,10,train
59,58,Wspd,trend_ma6,trend,6.0,10,pearson,0.7690634541568326,0.7690634541568326,32853,0,1,10,train
60,59,Wspd,trend_ma6,trend,6.0,10,pearson,0.7483387378780225,0.7483387378780225,33365,0,1,10,train
61,60,Wspd,trend_ma6,trend,6.0,10,pearson,0.7585310107119092,0.7585310107119092,32580,0,1,10,train
62,61,Wspd,trend_ma6,trend,6.0,10,pearson,0.7807428017842042,0.7807428017842042,34445,0,1,10,train
63,62,Wspd,trend_ma6,trend,6.0,10,pearson,0.7832883825221115,0.7832883825221115,33594,0,1,10,train
64,63,Wspd,trend_ma6,trend,6.0,10,pearson,0.768164782563039,0.768164782563039,32370,0,1,10,train
65,64,Wspd,trend_ma6,trend,6.0,10,pearson,0.7726758605485944,0.7726758605485944,33455,0,1,10,train
66,65,Wspd,trend_ma6,trend,6.0,10,pearson,0.7802748938681958,0.7802748938681958,33901,0,1,10,train
67,66,Wspd,trend_ma6,trend,6.0,10,pearson,0.7721143749070583,0.7721143749070583,34586,0,1,10,train
68,67,Wspd,trend_ma6,trend,6.0,10,pearson,0.7692264953970314,0.7692264953970314,33961,0,1,10,train
69,68,Wspd,trend_ma6,trend,6.0,10,pearson,0.7606008737956895,0.7606008737956895,33391,0,1,10,train
70,69,Wspd,trend_ma6,trend,6.0,10,pearson,0.739716188136101,0.739716188136101,33539,0,1,10,train
71,70,Wspd,trend_ma6,trend,6.0,10,pearson,0.7868903684860017,0.7868903684860017,35563,0,1,10,train
72,71,Wspd,trend_ma6,trend,6.0,10,pearson,0.7537339074479683,0.7537339074479683,33422,0,1,10,train
73,72,Wspd,trend_ma6,trend,6.0,10,pearson,0.7773285990497159,0.7773285990497159,34886,0,1,10,train
74,73,Wspd,trend_ma6,trend,6.0,10,pearson,0.7755858653219251,0.7755858653219251,33777,0,1,10,train
75,74,Wspd,trend_ma6,trend,6.0,10,pearson,0.7726449845216338,0.7726449845216338,33302,0,1,10,train
76,75,Wspd,trend_ma6,trend,6.0,10,pearson,0.7806245605388071,0.7806245605388071,33697,0,1,10,train
77,76,Wspd,trend_ma6,trend,6.0,10,pearson,0.7566147577940687,0.7566147577940687,33388,0,1,10,train
78,77,Wspd,trend_ma6,trend,6.0,10,pearson,0.772121283920917,0.772121283920917,32624,0,1,10,train
79,78,Wspd,trend_ma6,trend,6.0,10,pearson,0.7783495486277708,0.7783495486277708,32767,0,1,10,train
80,79,Wspd,trend_ma6,trend,6.0,10,pearson,0.7905332276512602,0.7905332276512602,33562,0,1,10,train
81,80,Wspd,trend_ma6,trend,6.0,10,pearson,0.7943997345417385,0.7943997345417385,33467,0,1,10,train
82,81,Wspd,trend_ma6,trend,6.0,10,pearson,0.7777802768969957,0.7777802768969957,32479,0,1,10,train
83,82,Wspd,trend_ma6,trend,6.0,10,pearson,0.8254535900243324,0.8254535900243324,32894,0,1,10,train
84,83,Wspd,trend_ma6,trend,6.0,10,pearson,0.8040453811929545,0.8040453811929545,35785,0,1,10,train
85,84,Wspd,trend_ma6,trend,6.0,10,pearson,0.7849488532387217,0.7849488532387217,32744,0,1,10,train
86,85,Wspd,trend_ma6,trend,6.0,10,pearson,0.78360376757575,0.78360376757575,33689,0,1,10,train
87,86,Wspd,trend_ma6,trend,6.0,10,pearson,0.7724629184003512,0.7724629184003512,35383,0,1,10,train
88,87,Wspd,trend_ma6,trend,6.0,10,pearson,0.7649729174371799,0.7649729174371799,32983,0,1,10,train
89,88,Wspd,trend_ma6,trend,6.0,10,pearson,0.7428259394310545,0.7428259394310545,33348,0,1,10,train
90,89,Wspd,trend_ma6,trend,6.0,10,pearson,0.7542745236345811,0.7542745236345811,33439,0,1,10,train
91,90,Wspd,trend_ma6,trend,6.0,10,pearson,0.7607984358857626,0.7607984358857626,33630,0,1,10,train
92,91,Wspd,trend_ma6,trend,6.0,10,pearson,0.7731585847729735,0.7731585847729735,33066,0,1,10,train
93,92,Wspd,trend_ma6,trend,6.0,10,pearson,0.7516611989083756,0.7516611989083756,32100,0,1,10,train
94,93,Wspd,trend_ma6,trend,6.0,10,pearson,0.7726642783823777,0.7726642783823777,32977,0,1,10,train
95,94,Wspd,trend_ma6,trend,6.0,10,pearson,0.7608519659843522,0.7608519659843522,32745,0,1,10,train
96,95,Wspd,trend_ma6,trend,6.0,10,pearson,0.7823903803439767,0.7823903803439767,31120,0,1,10,train
97,96,Wspd,trend_ma6,trend,6.0,10,pearson,0.7867738591317087,0.7867738591317087,31958,0,1,10,train
98,97,Wspd,trend_ma6,trend,6.0,10,pearson,0.778386901796715,0.778386901796715,34166,0,1,10,train
99,98,Wspd,trend_ma6,trend,6.0,10,pearson,0.7947524207266394,0.7947524207266394,35180,0,1,10,train
100,99,Wspd,trend_ma6,trend,6.0,10,pearson,0.7946819117542647,0.7946819117542647,32811,0,1,10,train
101,100,Wspd,trend_ma6,trend,6.0,10,pearson,0.7708395407123244,0.7708395407123244,33287,0,1,10,train
102,101,Wspd,trend_ma6,trend,6.0,10,pearson,0.7608675618990586,0.7608675618990586,32556,0,1,10,train
103,102,Wspd,trend_ma6,trend,6.0,10,pearson,0.7804308104912134,0.7804308104912134,34424,0,1,10,train
104,103,Wspd,trend_ma6,trend,6.0,10,pearson,0.7612281419673471,0.7612281419673471,33026,0,1,10,train
105,104,Wspd,trend_ma6,trend,6.0,10,pearson,0.7590165124314671,0.7590165124314671,33584,0,1,10,train
106,105,Wspd,trend_ma6,trend,6.0,10,pearson,0.7609380198566595,0.7609380198566595,32088,0,1,10,train
107,106,Wspd,trend_ma6,trend,6.0,10,pearson,0.7769734299453377,0.7769734299453377,34107,0,1,10,train
108,107,Wspd,trend_ma6,trend,6.0,10,pearson,0.7766166173139918,0.7766166173139918,32234,0,1,10,train
109,108,Wspd,trend_ma6,trend,6.0,10,pearson,0.753571357030748,0.753571357030748,33684,0,1,10,train
110,109,Wspd,trend_ma6,trend,6.0,10,pearson,0.7673302607697939,0.7673302607697939,33827,0,1,10,train
111,110,Wspd,trend_ma6,trend,6.0,10,pearson,0.7732050043139834,0.7732050043139834,33531,0,1,10,train
112,111,Wspd,trend_ma6,trend,6.0,10,pearson,0.7751665915323894,0.7751665915323894,33085,0,1,10,train
113,112,Wspd,trend_ma6,trend,6.0,10,pearson,0.7662444261879642,0.7662444261879642,33307,0,1,10,train
114,113,Wspd,trend_ma6,trend,6.0,10,pearson,0.765231085189029,0.765231085189029,32650,0,1,10,train
115,114,Wspd,trend_ma6,trend,6.0,10,pearson,0.7783560920978677,0.7783560920978677,31927,0,1,10,train
116,115,Wspd,trend_ma6,trend,6.0,10,pearson,0.7636832322471826,0.7636832322471826,32193,0,1,10,train
117,116,Wspd,trend_ma6,trend,6.0,10,pearson,0.783232906593792,0.783232906593792,32803,0,1,10,train
118,117,Wspd,trend_ma6,trend,6.0,10,pearson,0.7498635920392367,0.7498635920392367,32762,0,1,10,train
119,118,Wspd,trend_ma6,trend,6.0,10,pearson,0.7859214693131864,0.7859214693131864,33794,0,1,10,train
120,119,Wspd,trend_ma6,trend,6.0,10,pearson,0.7606106212921657,0.7606106212921657,33520,0,1,10,train
121,120,Wspd,trend_ma6,trend,6.0,10,pearson,0.776246025550104,0.776246025550104,33741,0,1,10,train
122,121,Wspd,trend_ma6,trend,6.0,10,pearson,0.7699915855670039,0.7699915855670039,32399,0,1,10,train
123,122,Wspd,trend_ma6,trend,6.0,10,pearson,0.7426228583740657,0.7426228583740657,31843,0,1,10,train
124,123,Wspd,trend_ma6,trend,6.0,10,pearson,0.7837822441151111,0.7837822441151111,32451,0,1,10,train
125,124,Wspd,trend_ma6,trend,6.0,10,pearson,0.7557776535775822,0.7557776535775822,32394,0,1,10,train
126,125,Wspd,trend_ma6,trend,6.0,10,pearson,0.7602217344943577,0.7602217344943577,33022,0,1,10,train
127,126,Wspd,trend_ma6,trend,6.0,10,pearson,0.7628111712432067,0.7628111712432067,33348,0,1,10,train
128,127,Wspd,trend_ma6,trend,6.0,10,pearson,0.7639608989084752,0.7639608989084752,33419,0,1,10,train
129,128,Wspd,trend_ma6,trend,6.0,10,pearson,0.7642659781827591,0.7642659781827591,33815,0,1,10,train
130,129,Wspd,trend_ma6,trend,6.0,10,pearson,0.7474642385455099,0.7474642385455099,33421,0,1,10,train
131,130,Wspd,trend_ma6,trend,6.0,10,pearson,0.734449393644946,0.734449393644946,33428,0,1,10,train
132,131,Wspd,trend_ma6,trend,6.0,10,pearson,0.7735301931792594,0.7735301931792594,34952,0,1,10,train
133,132,Wspd,trend_ma6,trend,6.0,10,pearson,0.7309691543291282,0.7309691543291282,32099,0,1,10,train
134,133,Wspd,trend_ma6,trend,6.0,10,pearson,0.7633990079515441,0.7633990079515441,34605,0,1,10,train
1,0,Wspd,local_residual_ma6,local_residual,6.0,3,pearson,0.14460606376917728,0.14460606376917728,30422,0,1,3,train
2,1,Wspd,local_residual_ma6,local_residual,6.0,3,pearson,0.13057229242525295,0.13057229242525295,30388,0,1,3,train
3,2,Wspd,local_residual_ma6,local_residual,6.0,3,pearson,0.14038002814182718,0.14038002814182718,30574,0,1,3,train
4,3,Wspd,local_residual_ma6,local_residual,6.0,3,pearson,0.1425133905222987,0.1425133905222987,30753,0,1,3,train
5,4,Wspd,local_residual_ma6,local_residual,6.0,3,pearson,0.14283549793334807,0.14283549793334807,31878,0,1,3,train
6,5,Wspd,local_residual_ma6,local_residual,6.0,3,pearson,0.1383140070065689,0.1383140070065689,31062,0,1,3,train
7,6,Wspd,local_residual_ma6,local_residual,6.0,3,pearson,0.11877536664942742,0.11877536664942742,31480,0,1,3,train
8,7,Wspd,local_residual_ma6,local_residual,6.0,3,pearson,0.12744426898311567,0.12744426898311567,31482,0,1,3,train
9,8,Wspd,local_residual_ma6,local_residual,6.0,3,pearson,0.13117541800208182,0.13117541800208182,30845,0,1,3,train
10,9,Wspd,local_residual_ma6,local_residual,6.0,3,pearson,0.13378517902448994,0.13378517902448994,31194,0,1,3,train
11,10,Wspd,local_residual_ma6,local_residual,6.0,3,pearson,0.12612502244627496,0.12612502244627496,31036,0,1,3,train
12,11,Wspd,local_residual_ma6,local_residual,6.0,3,pearson,0.1357143651817011,0.1357143651817011,30917,0,1,3,train
13,12,Wspd,local_residual_ma6,local_residual,6.0,3,pearson,0.13021757487373448,0.13021757487373448,31140,0,1,3,train
14,13,Wspd,local_residual_ma6,local_residual,6.0,3,pearson,0.13620849968278917,0.13620849968278917,31943,0,1,3,train
15,14,Wspd,local_residual_ma6,local_residual,6.0,3,pearson,0.12752288672184586,0.12752288672184586,30958,0,1,3,train
16,15,Wspd,local_residual_ma6,local_residual,6.0,3,pearson,0.13190011571619337,0.13190011571619337,30753,0,1,3,train
17,16,Wspd,local_residual_ma6,local_residual,6.0,3,pearson,0.1344781190694068,0.1344781190694068,31144,0,1,3,train
18,17,Wspd,local_residual_ma6,local_residual,6.0,3,pearson,0.13093152533482816,0.13093152533482816,31806,0,1,3,train
19,18,Wspd,local_residual_ma6,local_residual,6.0,3,pearson,0.13241889808046495,0.13241889808046495,30990,0,1,3,train
20,19,Wspd,local_residual_ma6,local_residual,6.0,3,pearson,0.12346126736842275,0.12346126736842275,30304,0,1,3,train
21,20,Wspd,local_residual_ma6,local_residual,6.0,3,pearson,0.12573812169241588,0.12573812169241588,31189,0,1,3,train
22,21,Wspd,local_residual_ma6,local_residual,6.0,3,pearson,0.13979845533262633,0.13979845533262633,29742,0,1,3,train
23,22,Wspd,local_residual_ma6,local_residual,6.0,3,pearson,0.15369795727181912,0.15369795727181912,30496,0,1,3,train
24,23,Wspd,local_residual_ma6,local_residual,6.0,3,pearson,0.13303195655862057,0.13303195655862057,30922,0,1,3,train
25,24,Wspd,local_residual_ma6,local_residual,6.0,3,pearson,0.1381339776229953,0.1381339776229953,30601,0,1,3,train
26,25,Wspd,local_residual_ma6,local_residual,6.0,3,pearson,0.14370542945577477,0.14370542945577477,32304,0,1,3,train
27,26,Wspd,local_residual_ma6,local_residual,6.0,3,pearson,0.1410689710953738,0.1410689710953738,31504,0,1,3,train
28,27,Wspd,local_residual_ma6,local_residual,6.0,3,pearson,0.13882188456904743,0.13882188456904743,32568,0,1,3,train
29,28,Wspd,local_residual_ma6,local_residual,6.0,3,pearson,0.13253399037311006,0.13253399037311006,31026,0,1,3,train
30,29,Wspd,local_residual_ma6,local_residual,6.0,3,pearson,0.12731321120805061,0.12731321120805061,31513,0,1,3,train
31,30,Wspd,local_residual_ma6,local_residual,6.0,3,pearson,0.13202362802498777,0.13202362802498777,31664,0,1,3,train
32,31,Wspd,local_residual_ma6,local_residual,6.0,3,pearson,0.12796030157418473,0.12796030157418473,30430,0,1,3,train
33,32,Wspd,local_residual_ma6,local_residual,6.0,3,pearson,0.13126951709585746,0.13126951709585746,30976,0,1,3,train
34,33,Wspd,local_residual_ma6,local_residual,6.0,3,pearson,0.1325827518775912,0.1325827518775912,30463,0,1,3,train
35,34,Wspd,local_residual_ma6,local_residual,6.0,3,pearson,0.13960465408729975,0.13960465408729975,30132,0,1,3,train
36,35,Wspd,local_residual_ma6,local_residual,6.0,3,pearson,0.13730718762886426,0.13730718762886426,30915,0,1,3,train
37,36,Wspd,local_residual_ma6,local_residual,6.0,3,pearson,0.13811620937860003,0.13811620937860003,30864,0,1,3,train
38,37,Wspd,local_residual_ma6,local_residual,6.0,3,pearson,0.1273573903276411,0.1273573903276411,31444,0,1,3,train
39,38,Wspd,local_residual_ma6,local_residual,6.0,3,pearson,0.1383735561063194,0.1383735561063194,31037,0,1,3,train
40,39,Wspd,local_residual_ma6,local_residual,6.0,3,pearson,0.12339529250229155,0.12339529250229155,31361,0,1,3,train
41,40,Wspd,local_residual_ma6,local_residual,6.0,3,pearson,0.12428277193524011,0.12428277193524011,29840,0,1,3,train
42,41,Wspd,local_residual_ma6,local_residual,6.0,3,pearson,0.13295356748482884,0.13295356748482884,30604,0,1,3,train
43,42,Wspd,local_residual_ma6,local_residual,6.0,3,pearson,0.12903256592725665,0.12903256592725665,31102,0,1,3,train
44,43,Wspd,local_residual_ma6,local_residual,6.0,3,pearson,0.15419182517333066,0.15419182517333066,29434,0,1,3,train
45,44,Wspd,local_residual_ma6,local_residual,6.0,3,pearson,0.1361750932113767,0.1361750932113767,30498,0,1,3,train
46,45,Wspd,local_residual_ma6,local_residual,6.0,3,pearson,0.1526571182876259,0.1526571182876259,29846,0,1,3,train
47,46,Wspd,local_residual_ma6,local_residual,6.0,3,pearson,0.13626606916439346,0.13626606916439346,30103,0,1,3,train
48,47,Wspd,local_residual_ma6,local_residual,6.0,3,pearson,0.13450810950441308,0.13450810950441308,30969,0,1,3,train
49,48,Wspd,local_residual_ma6,local_residual,6.0,3,pearson,0.1410180817567841,0.1410180817567841,32545,0,1,3,train
50,49,Wspd,local_residual_ma6,local_residual,6.0,3,pearson,0.13101039593487662,0.13101039593487662,30740,0,1,3,train
51,50,Wspd,local_residual_ma6,local_residual,6.0,3,pearson,0.13108892191017651,0.13108892191017651,31462,0,1,3,train
52,51,Wspd,local_residual_ma6,local_residual,6.0,3,pearson,0.1287180180594144,0.1287180180594144,29043,0,1,3,train
53,52,Wspd,local_residual_ma6,local_residual,6.0,3,pearson,0.12991205479610218,0.12991205479610218,31799,0,1,3,train
54,53,Wspd,local_residual_ma6,local_residual,6.0,3,pearson,0.12227123835676285,0.12227123835676285,31759,0,1,3,train
55,54,Wspd,local_residual_ma6,local_residual,6.0,3,pearson,0.12922747795045722,0.12922747795045722,30702,0,1,3,train
56,55,Wspd,local_residual_ma6,local_residual,6.0,3,pearson,0.13350321039094218,0.13350321039094218,29542,0,1,3,train
57,56,Wspd,local_residual_ma6,local_residual,6.0,3,pearson,0.12760666443500324,0.12760666443500324,31760,0,1,3,train
58,57,Wspd,local_residual_ma6,local_residual,6.0,3,pearson,0.13735829713688727,0.13735829713688727,33384,0,1,3,train
59,58,Wspd,local_residual_ma6,local_residual,6.0,3,pearson,0.12728295656734018,0.12728295656734018,30020,0,1,3,train
60,59,Wspd,local_residual_ma6,local_residual,6.0,3,pearson,0.12814081441908123,0.12814081441908123,30476,0,1,3,train
61,60,Wspd,local_residual_ma6,local_residual,6.0,3,pearson,0.14014925758090027,0.14014925758090027,29791,0,1,3,train
62,61,Wspd,local_residual_ma6,local_residual,6.0,3,pearson,0.1389317144564991,0.1389317144564991,32220,0,1,3,train
63,62,Wspd,local_residual_ma6,local_residual,6.0,3,pearson,0.13509811271282748,0.13509811271282748,30878,0,1,3,train
64,63,Wspd,local_residual_ma6,local_residual,6.0,3,pearson,0.13661355232893713,0.13661355232893713,29786,0,1,3,train
65,64,Wspd,local_residual_ma6,local_residual,6.0,3,pearson,0.12434629220602432,0.12434629220602432,30635,0,1,3,train
66,65,Wspd,local_residual_ma6,local_residual,6.0,3,pearson,0.11950176397446045,0.11950176397446045,31065,0,1,3,train
67,66,Wspd,local_residual_ma6,local_residual,6.0,3,pearson,0.11920327503509376,0.11920327503509376,31879,0,1,3,train
68,67,Wspd,local_residual_ma6,local_residual,6.0,3,pearson,0.12718202026428793,0.12718202026428793,31357,0,1,3,train
69,68,Wspd,local_residual_ma6,local_residual,6.0,3,pearson,0.13687861781350605,0.13687861781350605,30582,0,1,3,train
70,69,Wspd,local_residual_ma6,local_residual,6.0,3,pearson,0.142738600390787,0.142738600390787,30657,0,1,3,train
71,70,Wspd,local_residual_ma6,local_residual,6.0,3,pearson,0.1416905749253356,0.1416905749253356,33486,0,1,3,train
72,71,Wspd,local_residual_ma6,local_residual,6.0,3,pearson,0.12007472185026753,0.12007472185026753,30426,0,1,3,train
73,72,Wspd,local_residual_ma6,local_residual,6.0,3,pearson,0.12473322068677163,0.12473322068677163,32349,0,1,3,train
74,73,Wspd,local_residual_ma6,local_residual,6.0,3,pearson,0.12784689433643862,0.12784689433643862,31118,0,1,3,train
75,74,Wspd,local_residual_ma6,local_residual,6.0,3,pearson,0.123630810604571,0.123630810604571,30531,0,1,3,train
76,75,Wspd,local_residual_ma6,local_residual,6.0,3,pearson,0.12590598506448594,0.12590598506448594,30934,0,1,3,train
77,76,Wspd,local_residual_ma6,local_residual,6.0,3,pearson,0.1274037468965269,0.1274037468965269,30636,0,1,3,train
78,77,Wspd,local_residual_ma6,local_residual,6.0,3,pearson,0.12144641635250962,0.12144641635250962,29784,0,1,3,train
79,78,Wspd,local_residual_ma6,local_residual,6.0,3,pearson,0.12915956891978345,0.12915956891978345,29803,0,1,3,train
80,79,Wspd,local_residual_ma6,local_residual,6.0,3,pearson,0.126757966659227,0.126757966659227,30854,0,1,3,train
81,80,Wspd,local_residual_ma6,local_residual,6.0,3,pearson,0.13158090366373767,0.13158090366373767,30793,0,1,3,train
82,81,Wspd,local_residual_ma6,local_residual,6.0,3,pearson,0.13028642586762373,0.13028642586762373,29474,0,1,3,train
83,82,Wspd,local_residual_ma6,local_residual,6.0,3,pearson,0.14460959248717334,0.14460959248717334,30098,0,1,3,train
84,83,Wspd,local_residual_ma6,local_residual,6.0,3,pearson,0.13138942579566443,0.13138942579566443,33679,0,1,3,train
85,84,Wspd,local_residual_ma6,local_residual,6.0,3,pearson,0.1302150212815633,0.1302150212815633,29888,0,1,3,train
86,85,Wspd,local_residual_ma6,local_residual,6.0,3,pearson,0.1331128338443513,0.1331128338443513,31019,0,1,3,train
87,86,Wspd,local_residual_ma6,local_residual,6.0,3,pearson,0.13965198374151586,0.13965198374151586,33376,0,1,3,train
88,87,Wspd,local_residual_ma6,local_residual,6.0,3,pearson,0.12985324127492842,0.12985324127492842,30221,0,1,3,train
89,88,Wspd,local_residual_ma6,local_residual,6.0,3,pearson,0.1298415574152442,0.1298415574152442,30607,0,1,3,train
90,89,Wspd,local_residual_ma6,local_residual,6.0,3,pearson,0.1290513381702007,0.1290513381702007,30773,0,1,3,train
91,90,Wspd,local_residual_ma6,local_residual,6.0,3,pearson,0.12796400633344332,0.12796400633344332,30688,0,1,3,train
92,91,Wspd,local_residual_ma6,local_residual,6.0,3,pearson,0.12445287220855511,0.12445287220855511,29946,0,1,3,train
93,92,Wspd,local_residual_ma6,local_residual,6.0,3,pearson,0.11525484068633941,0.11525484068633941,28959,0,1,3,train
94,93,Wspd,local_residual_ma6,local_residual,6.0,3,pearson,0.11883716828160865,0.11883716828160865,30107,0,1,3,train
95,94,Wspd,local_residual_ma6,local_residual,6.0,3,pearson,0.11288356542531207,0.11288356542531207,29594,0,1,3,train
96,95,Wspd,local_residual_ma6,local_residual,6.0,3,pearson,0.13036013178308853,0.13036013178308853,28140,0,1,3,train
97,96,Wspd,local_residual_ma6,local_residual,6.0,3,pearson,0.11402955012563089,0.11402955012563089,28845,0,1,3,train
98,97,Wspd,local_residual_ma6,local_residual,6.0,3,pearson,0.1259675837456562,0.1259675837456562,31548,0,1,3,train
99,98,Wspd,local_residual_ma6,local_residual,6.0,3,pearson,0.12310325937287711,0.12310325937287711,32637,0,1,3,train
100,99,Wspd,local_residual_ma6,local_residual,6.0,3,pearson,0.1133296609478122,0.1133296609478122,29839,0,1,3,train
101,100,Wspd,local_residual_ma6,local_residual,6.0,3,pearson,0.12101639237398702,0.12101639237398702,30353,0,1,3,train
102,101,Wspd,local_residual_ma6,local_residual,6.0,3,pearson,0.12131841865887426,0.12131841865887426,29372,0,1,3,train
103,102,Wspd,local_residual_ma6,local_residual,6.0,3,pearson,0.13704741175927518,0.13704741175927518,31821,0,1,3,train
104,103,Wspd,local_residual_ma6,local_residual,6.0,3,pearson,0.13407423112648428,0.13407423112648428,30185,0,1,3,train
105,104,Wspd,local_residual_ma6,local_residual,6.0,3,pearson,0.11255102342916738,0.11255102342916738,30532,0,1,3,train
106,105,Wspd,local_residual_ma6,local_residual,6.0,3,pearson,0.13851370017600245,0.13851370017600245,29413,0,1,3,train
107,106,Wspd,local_residual_ma6,local_residual,6.0,3,pearson,0.13052449034721036,0.13052449034721036,31544,0,1,3,train
108,107,Wspd,local_residual_ma6,local_residual,6.0,3,pearson,0.13340623776646712,0.13340623776646712,29359,0,1,3,train
109,108,Wspd,local_residual_ma6,local_residual,6.0,3,pearson,0.13576553183947093,0.13576553183947093,30903,0,1,3,train
110,109,Wspd,local_residual_ma6,local_residual,6.0,3,pearson,0.13047015449522156,0.13047015449522156,30969,0,1,3,train
111,110,Wspd,local_residual_ma6,local_residual,6.0,3,pearson,0.13094294627334385,0.13094294627334385,30799,0,1,3,train
112,111,Wspd,local_residual_ma6,local_residual,6.0,3,pearson,0.13079042036691504,0.13079042036691504,29994,0,1,3,train
113,112,Wspd,local_residual_ma6,local_residual,6.0,3,pearson,0.12354948413069848,0.12354948413069848,30423,0,1,3,train
114,113,Wspd,local_residual_ma6,local_residual,6.0,3,pearson,0.12615504626070104,0.12615504626070104,29743,0,1,3,train
115,114,Wspd,local_residual_ma6,local_residual,6.0,3,pearson,0.09437658474129353,0.09437658474129353,28485,0,1,3,train
116,115,Wspd,local_residual_ma6,local_residual,6.0,3,pearson,0.11362601925241737,0.11362601925241737,29110,0,1,3,train
117,116,Wspd,local_residual_ma6,local_residual,6.0,3,pearson,0.10457687841265859,0.10457687841265859,29400,0,1,3,train
118,117,Wspd,local_residual_ma6,local_residual,6.0,3,pearson,0.12423366452476008,0.12423366452476008,29795,0,1,3,train
119,118,Wspd,local_residual_ma6,local_residual,6.0,3,pearson,0.1337781739028908,0.1337781739028908,31221,0,1,3,train
120,119,Wspd,local_residual_ma6,local_residual,6.0,3,pearson,0.11863488302879359,0.11863488302879359,30631,0,1,3,train
121,120,Wspd,local_residual_ma6,local_residual,6.0,3,pearson,0.12565384791443035,0.12565384791443035,30966,0,1,3,train
122,121,Wspd,local_residual_ma6,local_residual,6.0,3,pearson,0.11188403724560564,0.11188403724560564,29091,0,1,3,train
123,122,Wspd,local_residual_ma6,local_residual,6.0,3,pearson,0.13564458524140993,0.13564458524140993,29060,0,1,3,train
124,123,Wspd,local_residual_ma6,local_residual,6.0,3,pearson,0.11480741883497785,0.11480741883497785,29103,0,1,3,train
125,124,Wspd,local_residual_ma6,local_residual,6.0,3,pearson,0.12906658458879935,0.12906658458879935,29563,0,1,3,train
126,125,Wspd,local_residual_ma6,local_residual,6.0,3,pearson,0.11802698140752475,0.11802698140752475,29983,0,1,3,train
127,126,Wspd,local_residual_ma6,local_residual,6.0,3,pearson,0.1312062694905722,0.1312062694905722,30602,0,1,3,train
128,127,Wspd,local_residual_ma6,local_residual,6.0,3,pearson,0.13601416241978606,0.13601416241978606,30760,0,1,3,train
129,128,Wspd,local_residual_ma6,local_residual,6.0,3,pearson,0.14110682922537138,0.14110682922537138,31284,0,1,3,train
130,129,Wspd,local_residual_ma6,local_residual,6.0,3,pearson,0.12319989841589672,0.12319989841589672,30614,0,1,3,train
131,130,Wspd,local_residual_ma6,local_residual,6.0,3,pearson,0.1408849468473634,0.1408849468473634,30762,0,1,3,train
132,131,Wspd,local_residual_ma6,local_residual,6.0,3,pearson,0.13114431271159896,0.13114431271159896,32308,0,1,3,train
133,132,Wspd,local_residual_ma6,local_residual,6.0,3,pearson,0.1376244426451839,0.1376244426451839,29291,0,1,3,train
134,133,Wspd,local_residual_ma6,local_residual,6.0,3,pearson,0.1391520032934175,0.1391520032934175,31913,0,1,3,train
1,0,Wspd,local_residual_ma6,local_residual,6.0,6,pearson,0.14498261810356888,0.14498261810356888,31760,0,1,6,train
2,1,Wspd,local_residual_ma6,local_residual,6.0,6,pearson,0.13091352334752906,0.13091352334752906,31815,0,1,6,train
3,2,Wspd,local_residual_ma6,local_residual,6.0,6,pearson,0.1414426189728496,0.1414426189728496,31873,0,1,6,train
4,3,Wspd,local_residual_ma6,local_residual,6.0,6,pearson,0.14239431103258463,0.14239431103258463,32103,0,1,6,train
5,4,Wspd,local_residual_ma6,local_residual,6.0,6,pearson,0.13965856124659307,0.13965856124659307,33067,0,1,6,train
6,5,Wspd,local_residual_ma6,local_residual,6.0,6,pearson,0.1395900621649781,0.1395900621649781,32399,0,1,6,train
7,6,Wspd,local_residual_ma6,local_residual,6.0,6,pearson,0.1222981047237474,0.1222981047237474,32983,0,1,6,train
8,7,Wspd,local_residual_ma6,local_residual,6.0,6,pearson,0.1307940764173929,0.1307940764173929,32825,0,1,6,train
9,8,Wspd,local_residual_ma6,local_residual,6.0,6,pearson,0.1334458209301658,0.1334458209301658,32209,0,1,6,train
10,9,Wspd,local_residual_ma6,local_residual,6.0,6,pearson,0.1350176804071694,0.1350176804071694,32522,0,1,6,train
11,10,Wspd,local_residual_ma6,local_residual,6.0,6,pearson,0.12800966127836078,0.12800966127836078,32398,0,1,6,train
12,11,Wspd,local_residual_ma6,local_residual,6.0,6,pearson,0.13448995690216625,0.13448995690216625,32211,0,1,6,train
13,12,Wspd,local_residual_ma6,local_residual,6.0,6,pearson,0.1281767072585401,0.1281767072585401,32413,0,1,6,train
14,13,Wspd,local_residual_ma6,local_residual,6.0,6,pearson,0.1341929401924629,0.1341929401924629,33196,0,1,6,train
15,14,Wspd,local_residual_ma6,local_residual,6.0,6,pearson,0.12580858876138087,0.12580858876138087,32343,0,1,6,train
16,15,Wspd,local_residual_ma6,local_residual,6.0,6,pearson,0.12850484422461456,0.12850484422461456,32028,0,1,6,train
17,16,Wspd,local_residual_ma6,local_residual,6.0,6,pearson,0.135723676588361,0.135723676588361,32470,0,1,6,train
18,17,Wspd,local_residual_ma6,local_residual,6.0,6,pearson,0.1305427967952439,0.1305427967952439,32985,0,1,6,train
19,18,Wspd,local_residual_ma6,local_residual,6.0,6,pearson,0.1324993105480596,0.1324993105480596,32383,0,1,6,train
20,19,Wspd,local_residual_ma6,local_residual,6.0,6,pearson,0.12480441699696049,0.12480441699696049,31597,0,1,6,train
21,20,Wspd,local_residual_ma6,local_residual,6.0,6,pearson,0.12729589056832644,0.12729589056832644,32536,0,1,6,train
22,21,Wspd,local_residual_ma6,local_residual,6.0,6,pearson,0.13994227592098074,0.13994227592098074,31007,0,1,6,train
23,22,Wspd,local_residual_ma6,local_residual,6.0,6,pearson,0.14720862122563,0.14720862122563,31831,0,1,6,train
24,23,Wspd,local_residual_ma6,local_residual,6.0,6,pearson,0.13204000964499282,0.13204000964499282,32277,0,1,6,train
25,24,Wspd,local_residual_ma6,local_residual,6.0,6,pearson,0.13507896464533098,0.13507896464533098,31915,0,1,6,train
26,25,Wspd,local_residual_ma6,local_residual,6.0,6,pearson,0.13745669676816774,0.13745669676816774,33447,0,1,6,train
27,26,Wspd,local_residual_ma6,local_residual,6.0,6,pearson,0.13756809547991503,0.13756809547991503,32911,0,1,6,train
28,27,Wspd,local_residual_ma6,local_residual,6.0,6,pearson,0.13556444042081622,0.13556444042081622,33765,0,1,6,train
29,28,Wspd,local_residual_ma6,local_residual,6.0,6,pearson,0.13037260889493438,0.13037260889493438,32388,0,1,6,train
30,29,Wspd,local_residual_ma6,local_residual,6.0,6,pearson,0.12516487572395435,0.12516487572395435,32864,0,1,6,train
31,30,Wspd,local_residual_ma6,local_residual,6.0,6,pearson,0.13127303358477002,0.13127303358477002,33025,0,1,6,train
32,31,Wspd,local_residual_ma6,local_residual,6.0,6,pearson,0.12472499274766369,0.12472499274766369,31752,0,1,6,train
33,32,Wspd,local_residual_ma6,local_residual,6.0,6,pearson,0.12823390645826885,0.12823390645826885,32308,0,1,6,train
34,33,Wspd,local_residual_ma6,local_residual,6.0,6,pearson,0.12759734710241918,0.12759734710241918,31852,0,1,6,train
35,34,Wspd,local_residual_ma6,local_residual,6.0,6,pearson,0.1339745419167655,0.1339745419167655,31505,0,1,6,train
36,35,Wspd,local_residual_ma6,local_residual,6.0,6,pearson,0.13629815853123073,0.13629815853123073,32267,0,1,6,train
37,36,Wspd,local_residual_ma6,local_residual,6.0,6,pearson,0.13265361761228583,0.13265361761228583,31977,0,1,6,train
38,37,Wspd,local_residual_ma6,local_residual,6.0,6,pearson,0.12638349446058095,0.12638349446058095,32800,0,1,6,train
39,38,Wspd,local_residual_ma6,local_residual,6.0,6,pearson,0.13584268383295034,0.13584268383295034,32474,0,1,6,train
40,39,Wspd,local_residual_ma6,local_residual,6.0,6,pearson,0.12426350884977848,0.12426350884977848,32800,0,1,6,train
41,40,Wspd,local_residual_ma6,local_residual,6.0,6,pearson,0.12418665838930135,0.12418665838930135,31232,0,1,6,train
42,41,Wspd,local_residual_ma6,local_residual,6.0,6,pearson,0.13291606193536198,0.13291606193536198,31936,0,1,6,train
43,42,Wspd,local_residual_ma6,local_residual,6.0,6,pearson,0.13107276458430156,0.13107276458430156,32427,0,1,6,train
44,43,Wspd,local_residual_ma6,local_residual,6.0,6,pearson,0.15023851385665046,0.15023851385665046,30517,0,1,6,train
45,44,Wspd,local_residual_ma6,local_residual,6.0,6,pearson,0.1356891562636988,0.1356891562636988,31886,0,1,6,train
46,45,Wspd,local_residual_ma6,local_residual,6.0,6,pearson,0.1448607681569164,0.1448607681569164,31213,0,1,6,train
47,46,Wspd,local_residual_ma6,local_residual,6.0,6,pearson,0.1347453499313878,0.1347453499313878,31486,0,1,6,train
48,47,Wspd,local_residual_ma6,local_residual,6.0,6,pearson,0.13203583968892982,0.13203583968892982,32340,0,1,6,train
49,48,Wspd,local_residual_ma6,local_residual,6.0,6,pearson,0.139192766225401,0.139192766225401,33649,0,1,6,train
50,49,Wspd,local_residual_ma6,local_residual,6.0,6,pearson,0.12779130640006117,0.12779130640006117,32100,0,1,6,train
51,50,Wspd,local_residual_ma6,local_residual,6.0,6,pearson,0.12676932950435305,0.12676932950435305,32719,0,1,6,train
52,51,Wspd,local_residual_ma6,local_residual,6.0,6,pearson,0.12591220745329937,0.12591220745329937,30390,0,1,6,train
53,52,Wspd,local_residual_ma6,local_residual,6.0,6,pearson,0.12457778920839567,0.12457778920839567,33028,0,1,6,train
54,53,Wspd,local_residual_ma6,local_residual,6.0,6,pearson,0.1204113434352512,0.1204113434352512,33141,0,1,6,train
55,54,Wspd,local_residual_ma6,local_residual,6.0,6,pearson,0.12501755689107272,0.12501755689107272,32031,0,1,6,train
56,55,Wspd,local_residual_ma6,local_residual,6.0,6,pearson,0.12928926234306143,0.12928926234306143,30862,0,1,6,train
57,56,Wspd,local_residual_ma6,local_residual,6.0,6,pearson,0.12572625368467566,0.12572625368467566,33008,0,1,6,train
58,57,Wspd,local_residual_ma6,local_residual,6.0,6,pearson,0.13218077085314692,0.13218077085314692,34441,0,1,6,train
59,58,Wspd,local_residual_ma6,local_residual,6.0,6,pearson,0.1271597382450258,0.1271597382450258,31413,0,1,6,train
60,59,Wspd,local_residual_ma6,local_residual,6.0,6,pearson,0.12745780408812757,0.12745780408812757,31909,0,1,6,train
61,60,Wspd,local_residual_ma6,local_residual,6.0,6,pearson,0.13557516826942476,0.13557516826942476,31162,0,1,6,train
62,61,Wspd,local_residual_ma6,local_residual,6.0,6,pearson,0.13699472152115594,0.13699472152115594,33334,0,1,6,train
63,62,Wspd,local_residual_ma6,local_residual,6.0,6,pearson,0.13292223787819205,0.13292223787819205,32218,0,1,6,train
64,63,Wspd,local_residual_ma6,local_residual,6.0,6,pearson,0.13621344997396176,0.13621344997396176,31032,0,1,6,train
65,64,Wspd,local_residual_ma6,local_residual,6.0,6,pearson,0.12434385478785794,0.12434385478785794,32018,0,1,6,train
66,65,Wspd,local_residual_ma6,local_residual,6.0,6,pearson,0.12139913409464753,0.12139913409464753,32475,0,1,6,train
67,66,Wspd,local_residual_ma6,local_residual,6.0,6,pearson,0.12250938832080913,0.12250938832080913,33237,0,1,6,train
68,67,Wspd,local_residual_ma6,local_residual,6.0,6,pearson,0.1290987432003347,0.1290987432003347,32643,0,1,6,train
69,68,Wspd,local_residual_ma6,local_residual,6.0,6,pearson,0.13527533289471855,0.13527533289471855,31956,0,1,6,train
70,69,Wspd,local_residual_ma6,local_residual,6.0,6,pearson,0.14136259919289185,0.14136259919289185,32053,0,1,6,train
71,70,Wspd,local_residual_ma6,local_residual,6.0,6,pearson,0.1410262683093294,0.1410262683093294,34553,0,1,6,train
72,71,Wspd,local_residual_ma6,local_residual,6.0,6,pearson,0.12186408806049985,0.12186408806049985,31894,0,1,6,train
73,72,Wspd,local_residual_ma6,local_residual,6.0,6,pearson,0.12522715941650253,0.12522715941650253,33603,0,1,6,train
74,73,Wspd,local_residual_ma6,local_residual,6.0,6,pearson,0.1289953969685393,0.1289953969685393,32414,0,1,6,train
75,74,Wspd,local_residual_ma6,local_residual,6.0,6,pearson,0.12640082023729937,0.12640082023729937,31911,0,1,6,train
76,75,Wspd,local_residual_ma6,local_residual,6.0,6,pearson,0.12717182888642953,0.12717182888642953,32342,0,1,6,train
77,76,Wspd,local_residual_ma6,local_residual,6.0,6,pearson,0.12771736174188122,0.12771736174188122,32000,0,1,6,train
78,77,Wspd,local_residual_ma6,local_residual,6.0,6,pearson,0.12128341512391504,0.12128341512391504,31199,0,1,6,train
79,78,Wspd,local_residual_ma6,local_residual,6.0,6,pearson,0.1281395824070061,0.1281395824070061,31252,0,1,6,train
80,79,Wspd,local_residual_ma6,local_residual,6.0,6,pearson,0.12721694863803135,0.12721694863803135,32193,0,1,6,train
81,80,Wspd,local_residual_ma6,local_residual,6.0,6,pearson,0.128990974812665,0.128990974812665,32106,0,1,6,train
82,81,Wspd,local_residual_ma6,local_residual,6.0,6,pearson,0.12837707412515756,0.12837707412515756,30955,0,1,6,train
83,82,Wspd,local_residual_ma6,local_residual,6.0,6,pearson,0.13964845019813424,0.13964845019813424,31470,0,1,6,train
84,83,Wspd,local_residual_ma6,local_residual,6.0,6,pearson,0.1337622963995701,0.1337622963995701,34754,0,1,6,train
85,84,Wspd,local_residual_ma6,local_residual,6.0,6,pearson,0.12858866015557555,0.12858866015557555,31284,0,1,6,train
86,85,Wspd,local_residual_ma6,local_residual,6.0,6,pearson,0.1321950465157136,0.1321950465157136,32345,0,1,6,train
87,86,Wspd,local_residual_ma6,local_residual,6.0,6,pearson,0.13911915665971467,0.13911915665971467,34410,0,1,6,train
88,87,Wspd,local_residual_ma6,local_residual,6.0,6,pearson,0.13012977379408222,0.13012977379408222,31584,0,1,6,train
89,88,Wspd,local_residual_ma6,local_residual,6.0,6,pearson,0.12819090633096678,0.12819090633096678,31941,0,1,6,train
90,89,Wspd,local_residual_ma6,local_residual,6.0,6,pearson,0.13097654109831233,0.13097654109831233,32073,0,1,6,train
91,90,Wspd,local_residual_ma6,local_residual,6.0,6,pearson,0.1278821582939496,0.1278821582939496,32138,0,1,6,train
92,91,Wspd,local_residual_ma6,local_residual,6.0,6,pearson,0.12508549688476783,0.12508549688476783,31487,0,1,6,train
93,92,Wspd,local_residual_ma6,local_residual,6.0,6,pearson,0.1165974638334278,0.1165974638334278,30513,0,1,6,train
94,93,Wspd,local_residual_ma6,local_residual,6.0,6,pearson,0.12431796641114183,0.12431796641114183,31532,0,1,6,train
95,94,Wspd,local_residual_ma6,local_residual,6.0,6,pearson,0.11661211586136373,0.11661211586136373,31168,0,1,6,train
96,95,Wspd,local_residual_ma6,local_residual,6.0,6,pearson,0.12852087481859306,0.12852087481859306,29602,0,1,6,train
97,96,Wspd,local_residual_ma6,local_residual,6.0,6,pearson,0.11682246277105243,0.11682246277105243,30412,0,1,6,train
98,97,Wspd,local_residual_ma6,local_residual,6.0,6,pearson,0.1277021442810996,0.1277021442810996,32850,0,1,6,train
99,98,Wspd,local_residual_ma6,local_residual,6.0,6,pearson,0.12553157293330958,0.12553157293330958,33945,0,1,6,train
100,99,Wspd,local_residual_ma6,local_residual,6.0,6,pearson,0.11814762879996273,0.11814762879996273,31318,0,1,6,train
101,100,Wspd,local_residual_ma6,local_residual,6.0,6,pearson,0.12193066091963804,0.12193066091963804,31790,0,1,6,train
102,101,Wspd,local_residual_ma6,local_residual,6.0,6,pearson,0.12204392811667661,0.12204392811667661,30943,0,1,6,train
103,102,Wspd,local_residual_ma6,local_residual,6.0,6,pearson,0.13684921047100068,0.13684921047100068,33115,0,1,6,train
104,103,Wspd,local_residual_ma6,local_residual,6.0,6,pearson,0.13280108196939758,0.13280108196939758,31581,0,1,6,train
105,104,Wspd,local_residual_ma6,local_residual,6.0,6,pearson,0.11715470754354532,0.11715470754354532,32072,0,1,6,train
106,105,Wspd,local_residual_ma6,local_residual,6.0,6,pearson,0.13350264212565793,0.13350264212565793,30722,0,1,6,train
107,106,Wspd,local_residual_ma6,local_residual,6.0,6,pearson,0.13099458840194378,0.13099458840194378,32839,0,1,6,train
108,107,Wspd,local_residual_ma6,local_residual,6.0,6,pearson,0.13355689886927105,0.13355689886927105,30804,0,1,6,train
109,108,Wspd,local_residual_ma6,local_residual,6.0,6,pearson,0.13770781910984659,0.13770781910984659,32281,0,1,6,train
110,109,Wspd,local_residual_ma6,local_residual,6.0,6,pearson,0.1332514963202108,0.1332514963202108,32389,0,1,6,train
111,110,Wspd,local_residual_ma6,local_residual,6.0,6,pearson,0.1296678237575496,0.1296678237575496,32139,0,1,6,train
112,111,Wspd,local_residual_ma6,local_residual,6.0,6,pearson,0.1299496939502738,0.1299496939502738,31528,0,1,6,train
113,112,Wspd,local_residual_ma6,local_residual,6.0,6,pearson,0.1260971568441194,0.1260971568441194,31847,0,1,6,train
114,113,Wspd,local_residual_ma6,local_residual,6.0,6,pearson,0.12624748269938452,0.12624748269938452,31174,0,1,6,train
115,114,Wspd,local_residual_ma6,local_residual,6.0,6,pearson,0.10299596617560135,0.10299596617560135,30201,0,1,6,train
116,115,Wspd,local_residual_ma6,local_residual,6.0,6,pearson,0.11913678313479235,0.11913678313479235,30639,0,1,6,train
117,116,Wspd,local_residual_ma6,local_residual,6.0,6,pearson,0.11188779189610724,0.11188779189610724,31134,0,1,6,train
118,117,Wspd,local_residual_ma6,local_residual,6.0,6,pearson,0.12699622180124637,0.12699622180124637,31270,0,1,6,train
119,118,Wspd,local_residual_ma6,local_residual,6.0,6,pearson,0.13405035594426132,0.13405035594426132,32510,0,1,6,train
120,119,Wspd,local_residual_ma6,local_residual,6.0,6,pearson,0.12076870378451451,0.12076870378451451,32043,0,1,6,train
121,120,Wspd,local_residual_ma6,local_residual,6.0,6,pearson,0.12819763844946722,0.12819763844946722,32343,0,1,6,train
122,121,Wspd,local_residual_ma6,local_residual,6.0,6,pearson,0.115756834501578,0.115756834501578,30749,0,1,6,train
123,122,Wspd,local_residual_ma6,local_residual,6.0,6,pearson,0.1348315945921147,0.1348315945921147,30414,0,1,6,train
124,123,Wspd,local_residual_ma6,local_residual,6.0,6,pearson,0.11920692521366054,0.11920692521366054,30762,0,1,6,train
125,124,Wspd,local_residual_ma6,local_residual,6.0,6,pearson,0.1288369584882864,0.1288369584882864,30967,0,1,6,train
126,125,Wspd,local_residual_ma6,local_residual,6.0,6,pearson,0.12351873663813034,0.12351873663813034,31508,0,1,6,train
127,126,Wspd,local_residual_ma6,local_residual,6.0,6,pearson,0.1319673963001762,0.1319673963001762,31952,0,1,6,train
128,127,Wspd,local_residual_ma6,local_residual,6.0,6,pearson,0.13143057264415106,0.13143057264415106,32071,0,1,6,train
129,128,Wspd,local_residual_ma6,local_residual,6.0,6,pearson,0.14219066983531672,0.14219066983531672,32541,0,1,6,train
130,129,Wspd,local_residual_ma6,local_residual,6.0,6,pearson,0.1287218152871913,0.1287218152871913,32018,0,1,6,train
131,130,Wspd,local_residual_ma6,local_residual,6.0,6,pearson,0.13834716296131097,0.13834716296131097,32057,0,1,6,train
132,131,Wspd,local_residual_ma6,local_residual,6.0,6,pearson,0.13451122426413925,0.13451122426413925,33642,0,1,6,train
133,132,Wspd,local_residual_ma6,local_residual,6.0,6,pearson,0.13498426758684523,0.13498426758684523,30650,0,1,6,train
134,133,Wspd,local_residual_ma6,local_residual,6.0,6,pearson,0.13458977307879683,0.13458977307879683,33240,0,1,6,train
1,0,Wspd,local_residual_ma6,local_residual,6.0,10,pearson,0.14410843451946398,0.14410843451946398,33171,0,1,10,train
2,1,Wspd,local_residual_ma6,local_residual,6.0,10,pearson,0.13463208832844398,0.13463208832844398,33280,0,1,10,train
3,2,Wspd,local_residual_ma6,local_residual,6.0,10,pearson,0.14213732248610433,0.14213732248610433,33218,0,1,10,train
4,3,Wspd,local_residual_ma6,local_residual,6.0,10,pearson,0.14294381061942654,0.14294381061942654,33517,0,1,10,train
5,4,Wspd,local_residual_ma6,local_residual,6.0,10,pearson,0.14050182096768826,0.14050182096768826,34321,0,1,10,train
6,5,Wspd,local_residual_ma6,local_residual,6.0,10,pearson,0.14161340226151492,0.14161340226151492,33774,0,1,10,train
7,6,Wspd,local_residual_ma6,local_residual,6.0,10,pearson,0.1290556135229132,0.1290556135229132,34439,0,1,10,train
8,7,Wspd,local_residual_ma6,local_residual,6.0,10,pearson,0.13623815982231488,0.13623815982231488,34189,0,1,10,train
9,8,Wspd,local_residual_ma6,local_residual,6.0,10,pearson,0.1366525024614992,0.1366525024614992,33603,0,1,10,train
10,9,Wspd,local_residual_ma6,local_residual,6.0,10,pearson,0.1395840837883263,0.1395840837883263,33883,0,1,10,train
11,10,Wspd,local_residual_ma6,local_residual,6.0,10,pearson,0.13287686664717238,0.13287686664717238,33786,0,1,10,train
12,11,Wspd,local_residual_ma6,local_residual,6.0,10,pearson,0.13592772011833595,0.13592772011833595,33575,0,1,10,train
13,12,Wspd,local_residual_ma6,local_residual,6.0,10,pearson,0.13255864110269458,0.13255864110269458,33736,0,1,10,train
14,13,Wspd,local_residual_ma6,local_residual,6.0,10,pearson,0.13500203532997582,0.13500203532997582,34397,0,1,10,train
15,14,Wspd,local_residual_ma6,local_residual,6.0,10,pearson,0.13001702461320722,0.13001702461320722,33736,0,1,10,train
16,15,Wspd,local_residual_ma6,local_residual,6.0,10,pearson,0.12972572063807716,0.12972572063807716,33378,0,1,10,train
17,16,Wspd,local_residual_ma6,local_residual,6.0,10,pearson,0.14087319138975715,0.14087319138975715,33845,0,1,10,train
18,17,Wspd,local_residual_ma6,local_residual,6.0,10,pearson,0.136616172102842,0.136616172102842,34195,0,1,10,train
19,18,Wspd,local_residual_ma6,local_residual,6.0,10,pearson,0.13895032917025624,0.13895032917025624,33848,0,1,10,train
20,19,Wspd,local_residual_ma6,local_residual,6.0,10,pearson,0.13198899007232373,0.13198899007232373,32955,0,1,10,train
21,20,Wspd,local_residual_ma6,local_residual,6.0,10,pearson,0.1316092561123093,0.1316092561123093,33915,0,1,10,train
22,21,Wspd,local_residual_ma6,local_residual,6.0,10,pearson,0.13964968161896957,0.13964968161896957,32335,0,1,10,train
23,22,Wspd,local_residual_ma6,local_residual,6.0,10,pearson,0.14494611827557494,0.14494611827557494,33248,0,1,10,train
24,23,Wspd,local_residual_ma6,local_residual,6.0,10,pearson,0.1349600120953194,0.1349600120953194,33678,0,1,10,train
25,24,Wspd,local_residual_ma6,local_residual,6.0,10,pearson,0.13468736549377774,0.13468736549377774,33296,0,1,10,train
26,25,Wspd,local_residual_ma6,local_residual,6.0,10,pearson,0.13614970848302027,0.13614970848302027,34635,0,1,10,train
27,26,Wspd,local_residual_ma6,local_residual,6.0,10,pearson,0.13646667990609473,0.13646667990609473,34364,0,1,10,train
28,27,Wspd,local_residual_ma6,local_residual,6.0,10,pearson,0.1367702552209824,0.1367702552209824,34935,0,1,10,train
29,28,Wspd,local_residual_ma6,local_residual,6.0,10,pearson,0.13367639056354616,0.13367639056354616,33768,0,1,10,train
30,29,Wspd,local_residual_ma6,local_residual,6.0,10,pearson,0.12663231693992674,0.12663231693992674,34235,0,1,10,train
31,30,Wspd,local_residual_ma6,local_residual,6.0,10,pearson,0.1335446932643146,0.1335446932643146,34398,0,1,10,train
32,31,Wspd,local_residual_ma6,local_residual,6.0,10,pearson,0.12579404226577987,0.12579404226577987,33164,0,1,10,train
33,32,Wspd,local_residual_ma6,local_residual,6.0,10,pearson,0.13151988381336518,0.13151988381336518,33727,0,1,10,train
34,33,Wspd,local_residual_ma6,local_residual,6.0,10,pearson,0.1247789711918653,0.1247789711918653,33267,0,1,10,train
35,34,Wspd,local_residual_ma6,local_residual,6.0,10,pearson,0.133253698608274,0.133253698608274,32897,0,1,10,train
36,35,Wspd,local_residual_ma6,local_residual,6.0,10,pearson,0.13675077416083184,0.13675077416083184,33608,0,1,10,train
37,36,Wspd,local_residual_ma6,local_residual,6.0,10,pearson,0.13490241487543964,0.13490241487543964,33135,0,1,10,train
38,37,Wspd,local_residual_ma6,local_residual,6.0,10,pearson,0.13111573196767837,0.13111573196767837,34186,0,1,10,train
39,38,Wspd,local_residual_ma6,local_residual,6.0,10,pearson,0.13815244835107296,0.13815244835107296,33945,0,1,10,train
40,39,Wspd,local_residual_ma6,local_residual,6.0,10,pearson,0.1306518252882427,0.1306518252882427,34229,0,1,10,train
41,40,Wspd,local_residual_ma6,local_residual,6.0,10,pearson,0.13223106979932447,0.13223106979932447,32688,0,1,10,train
42,41,Wspd,local_residual_ma6,local_residual,6.0,10,pearson,0.13727882411723805,0.13727882411723805,33335,0,1,10,train
43,42,Wspd,local_residual_ma6,local_residual,6.0,10,pearson,0.13597317441786022,0.13597317441786022,33802,0,1,10,train
44,43,Wspd,local_residual_ma6,local_residual,6.0,10,pearson,0.15180225187568466,0.15180225187568466,31695,0,1,10,train
45,44,Wspd,local_residual_ma6,local_residual,6.0,10,pearson,0.13885829835619445,0.13885829835619445,33331,0,1,10,train
46,45,Wspd,local_residual_ma6,local_residual,6.0,10,pearson,0.1419648381483714,0.1419648381483714,32626,0,1,10,train
47,46,Wspd,local_residual_ma6,local_residual,6.0,10,pearson,0.13571538225413962,0.13571538225413962,32965,0,1,10,train
48,47,Wspd,local_residual_ma6,local_residual,6.0,10,pearson,0.13460927199337383,0.13460927199337383,33749,0,1,10,train
49,48,Wspd,local_residual_ma6,local_residual,6.0,10,pearson,0.14113084590108263,0.14113084590108263,34777,0,1,10,train
50,49,Wspd,local_residual_ma6,local_residual,6.0,10,pearson,0.13020524913717615,0.13020524913717615,33471,0,1,10,train
51,50,Wspd,local_residual_ma6,local_residual,6.0,10,pearson,0.1273530288014391,0.1273530288014391,33980,0,1,10,train
52,51,Wspd,local_residual_ma6,local_residual,6.0,10,pearson,0.1302438906554984,0.1302438906554984,31749,0,1,10,train
53,52,Wspd,local_residual_ma6,local_residual,6.0,10,pearson,0.12719802100569835,0.12719802100569835,34273,0,1,10,train
54,53,Wspd,local_residual_ma6,local_residual,6.0,10,pearson,0.12181625950286518,0.12181625950286518,34512,0,1,10,train
55,54,Wspd,local_residual_ma6,local_residual,6.0,10,pearson,0.12831299560130718,0.12831299560130718,33403,0,1,10,train
56,55,Wspd,local_residual_ma6,local_residual,6.0,10,pearson,0.1297585521256846,0.1297585521256846,32253,0,1,10,train
57,56,Wspd,local_residual_ma6,local_residual,6.0,10,pearson,0.1289678695419431,0.1289678695419431,34277,0,1,10,train
58,57,Wspd,local_residual_ma6,local_residual,6.0,10,pearson,0.13104023031139944,0.13104023031139944,35490,0,1,10,train
59,58,Wspd,local_residual_ma6,local_residual,6.0,10,pearson,0.1299070727300887,0.1299070727300887,32853,0,1,10,train
60,59,Wspd,local_residual_ma6,local_residual,6.0,10,pearson,0.13050125480328836,0.13050125480328836,33365,0,1,10,train
61,60,Wspd,local_residual_ma6,local_residual,6.0,10,pearson,0.13539984084759357,0.13539984084759357,32580,0,1,10,train
62,61,Wspd,local_residual_ma6,local_residual,6.0,10,pearson,0.1399964058950076,0.1399964058950076,34445,0,1,10,train
63,62,Wspd,local_residual_ma6,local_residual,6.0,10,pearson,0.1358880027273377,0.1358880027273377,33594,0,1,10,train
64,63,Wspd,local_residual_ma6,local_residual,6.0,10,pearson,0.1409072467285884,0.1409072467285884,32370,0,1,10,train
65,64,Wspd,local_residual_ma6,local_residual,6.0,10,pearson,0.1309790230608494,0.1309790230608494,33455,0,1,10,train
66,65,Wspd,local_residual_ma6,local_residual,6.0,10,pearson,0.12958356487038653,0.12958356487038653,33901,0,1,10,train
67,66,Wspd,local_residual_ma6,local_residual,6.0,10,pearson,0.12786663985429322,0.12786663985429322,34586,0,1,10,train
68,67,Wspd,local_residual_ma6,local_residual,6.0,10,pearson,0.13673220449946408,0.13673220449946408,33961,0,1,10,train
69,68,Wspd,local_residual_ma6,local_residual,6.0,10,pearson,0.13997776250218588,0.13997776250218588,33391,0,1,10,train
70,69,Wspd,local_residual_ma6,local_residual,6.0,10,pearson,0.1422034355211849,0.1422034355211849,33539,0,1,10,train
71,70,Wspd,local_residual_ma6,local_residual,6.0,10,pearson,0.14368213672544525,0.14368213672544525,35563,0,1,10,train
72,71,Wspd,local_residual_ma6,local_residual,6.0,10,pearson,0.12758855833126254,0.12758855833126254,33422,0,1,10,train
73,72,Wspd,local_residual_ma6,local_residual,6.0,10,pearson,0.13214692142250337,0.13214692142250337,34886,0,1,10,train
74,73,Wspd,local_residual_ma6,local_residual,6.0,10,pearson,0.132062865009372,0.132062865009372,33777,0,1,10,train
75,74,Wspd,local_residual_ma6,local_residual,6.0,10,pearson,0.13132160823690206,0.13132160823690206,33302,0,1,10,train
76,75,Wspd,local_residual_ma6,local_residual,6.0,10,pearson,0.13163747148472218,0.13163747148472218,33697,0,1,10,train
77,76,Wspd,local_residual_ma6,local_residual,6.0,10,pearson,0.13018593861267655,0.13018593861267655,33388,0,1,10,train
78,77,Wspd,local_residual_ma6,local_residual,6.0,10,pearson,0.12431087040298577,0.12431087040298577,32624,0,1,10,train
79,78,Wspd,local_residual_ma6,local_residual,6.0,10,pearson,0.13077616016768862,0.13077616016768862,32767,0,1,10,train
80,79,Wspd,local_residual_ma6,local_residual,6.0,10,pearson,0.13057314047682153,0.13057314047682153,33562,0,1,10,train
81,80,Wspd,local_residual_ma6,local_residual,6.0,10,pearson,0.12900809003523714,0.12900809003523714,33467,0,1,10,train
82,81,Wspd,local_residual_ma6,local_residual,6.0,10,pearson,0.13018555632799686,0.13018555632799686,32479,0,1,10,train
83,82,Wspd,local_residual_ma6,local_residual,6.0,10,pearson,0.14017463666258884,0.14017463666258884,32894,0,1,10,train
84,83,Wspd,local_residual_ma6,local_residual,6.0,10,pearson,0.13601990959390636,0.13601990959390636,35785,0,1,10,train
85,84,Wspd,local_residual_ma6,local_residual,6.0,10,pearson,0.13274576374961183,0.13274576374961183,32744,0,1,10,train
86,85,Wspd,local_residual_ma6,local_residual,6.0,10,pearson,0.13499315638328171,0.13499315638328171,33689,0,1,10,train
87,86,Wspd,local_residual_ma6,local_residual,6.0,10,pearson,0.14068464971881817,0.14068464971881817,35383,0,1,10,train
88,87,Wspd,local_residual_ma6,local_residual,6.0,10,pearson,0.13513577048495465,0.13513577048495465,32983,0,1,10,train
89,88,Wspd,local_residual_ma6,local_residual,6.0,10,pearson,0.1329171738628673,0.1329171738628673,33348,0,1,10,train
90,89,Wspd,local_residual_ma6,local_residual,6.0,10,pearson,0.13505311659153457,0.13505311659153457,33439,0,1,10,train
91,90,Wspd,local_residual_ma6,local_residual,6.0,10,pearson,0.1323352324538159,0.1323352324538159,33630,0,1,10,train
92,91,Wspd,local_residual_ma6,local_residual,6.0,10,pearson,0.13157702503837956,0.13157702503837956,33066,0,1,10,train
93,92,Wspd,local_residual_ma6,local_residual,6.0,10,pearson,0.1213867711821251,0.1213867711821251,32100,0,1,10,train
94,93,Wspd,local_residual_ma6,local_residual,6.0,10,pearson,0.1300532189546909,0.1300532189546909,32977,0,1,10,train
95,94,Wspd,local_residual_ma6,local_residual,6.0,10,pearson,0.12058649567000278,0.12058649567000278,32745,0,1,10,train
96,95,Wspd,local_residual_ma6,local_residual,6.0,10,pearson,0.1313731509366187,0.1313731509366187,31120,0,1,10,train
97,96,Wspd,local_residual_ma6,local_residual,6.0,10,pearson,0.12449423593121167,0.12449423593121167,31958,0,1,10,train
98,97,Wspd,local_residual_ma6,local_residual,6.0,10,pearson,0.13287126710851435,0.13287126710851435,34166,0,1,10,train
99,98,Wspd,local_residual_ma6,local_residual,6.0,10,pearson,0.13065418774978083,0.13065418774978083,35180,0,1,10,train
100,99,Wspd,local_residual_ma6,local_residual,6.0,10,pearson,0.12415510968858753,0.12415510968858753,32811,0,1,10,train
101,100,Wspd,local_residual_ma6,local_residual,6.0,10,pearson,0.12879821493514293,0.12879821493514293,33287,0,1,10,train
102,101,Wspd,local_residual_ma6,local_residual,6.0,10,pearson,0.12499554769343126,0.12499554769343126,32556,0,1,10,train
103,102,Wspd,local_residual_ma6,local_residual,6.0,10,pearson,0.13863466998226004,0.13863466998226004,34424,0,1,10,train
104,103,Wspd,local_residual_ma6,local_residual,6.0,10,pearson,0.13607571096140278,0.13607571096140278,33026,0,1,10,train
105,104,Wspd,local_residual_ma6,local_residual,6.0,10,pearson,0.12385445117456578,0.12385445117456578,33584,0,1,10,train
106,105,Wspd,local_residual_ma6,local_residual,6.0,10,pearson,0.13531771923146643,0.13531771923146643,32088,0,1,10,train
107,106,Wspd,local_residual_ma6,local_residual,6.0,10,pearson,0.13490473454201218,0.13490473454201218,34107,0,1,10,train
108,107,Wspd,local_residual_ma6,local_residual,6.0,10,pearson,0.1360808815717536,0.1360808815717536,32234,0,1,10,train
109,108,Wspd,local_residual_ma6,local_residual,6.0,10,pearson,0.14173669374190184,0.14173669374190184,33684,0,1,10,train
110,109,Wspd,local_residual_ma6,local_residual,6.0,10,pearson,0.13780005090198455,0.13780005090198455,33827,0,1,10,train
111,110,Wspd,local_residual_ma6,local_residual,6.0,10,pearson,0.13472249453060497,0.13472249453060497,33531,0,1,10,train
112,111,Wspd,local_residual_ma6,local_residual,6.0,10,pearson,0.13261644806061923,0.13261644806061923,33085,0,1,10,train
113,112,Wspd,local_residual_ma6,local_residual,6.0,10,pearson,0.13143765487755646,0.13143765487755646,33307,0,1,10,train
114,113,Wspd,local_residual_ma6,local_residual,6.0,10,pearson,0.13011746146299924,0.13011746146299924,32650,0,1,10,train
115,114,Wspd,local_residual_ma6,local_residual,6.0,10,pearson,0.11512402165244032,0.11512402165244032,31927,0,1,10,train
116,115,Wspd,local_residual_ma6,local_residual,6.0,10,pearson,0.1204555524933733,0.1204555524933733,32193,0,1,10,train
117,116,Wspd,local_residual_ma6,local_residual,6.0,10,pearson,0.12019523975452281,0.12019523975452281,32803,0,1,10,train
118,117,Wspd,local_residual_ma6,local_residual,6.0,10,pearson,0.13054753908391897,0.13054753908391897,32762,0,1,10,train
119,118,Wspd,local_residual_ma6,local_residual,6.0,10,pearson,0.13563660831349664,0.13563660831349664,33794,0,1,10,train
120,119,Wspd,local_residual_ma6,local_residual,6.0,10,pearson,0.12657576209428598,0.12657576209428598,33520,0,1,10,train
121,120,Wspd,local_residual_ma6,local_residual,6.0,10,pearson,0.13564751290926977,0.13564751290926977,33741,0,1,10,train
122,121,Wspd,local_residual_ma6,local_residual,6.0,10,pearson,0.12301548087223851,0.12301548087223851,32399,0,1,10,train
123,122,Wspd,local_residual_ma6,local_residual,6.0,10,pearson,0.13760617100329312,0.13760617100329312,31843,0,1,10,train
124,123,Wspd,local_residual_ma6,local_residual,6.0,10,pearson,0.1263890278024398,0.1263890278024398,32451,0,1,10,train
125,124,Wspd,local_residual_ma6,local_residual,6.0,10,pearson,0.1269044670670073,0.1269044670670073,32394,0,1,10,train
126,125,Wspd,local_residual_ma6,local_residual,6.0,10,pearson,0.12761246054370684,0.12761246054370684,33022,0,1,10,train
127,126,Wspd,local_residual_ma6,local_residual,6.0,10,pearson,0.13665801024586433,0.13665801024586433,33348,0,1,10,train
128,127,Wspd,local_residual_ma6,local_residual,6.0,10,pearson,0.13134153776720597,0.13134153776720597,33419,0,1,10,train
129,128,Wspd,local_residual_ma6,local_residual,6.0,10,pearson,0.14250275204667942,0.14250275204667942,33815,0,1,10,train
130,129,Wspd,local_residual_ma6,local_residual,6.0,10,pearson,0.13454464211526632,0.13454464211526632,33421,0,1,10,train
131,130,Wspd,local_residual_ma6,local_residual,6.0,10,pearson,0.12916630981244484,0.12916630981244484,33428,0,1,10,train
132,131,Wspd,local_residual_ma6,local_residual,6.0,10,pearson,0.13840815070762905,0.13840815070762905,34952,0,1,10,train
133,132,Wspd,local_residual_ma6,local_residual,6.0,10,pearson,0.13747076079895226,0.13747076079895226,32099,0,1,10,train
134,133,Wspd,local_residual_ma6,local_residual,6.0,10,pearson,0.13802689367864165,0.13802689367864165,34605,0,1,10,train
1,0,Wspd,trend_ma18,trend,18.0,3,pearson,0.7286640584187107,0.7286640584187107,30422,0,1,3,train
2,1,Wspd,trend_ma18,trend,18.0,3,pearson,0.7161183360167821,0.7161183360167821,30388,0,1,3,train
3,2,Wspd,trend_ma18,trend,18.0,3,pearson,0.7127629460071767,0.7127629460071767,30574,0,1,3,train
4,3,Wspd,trend_ma18,trend,18.0,3,pearson,0.7202050505992009,0.7202050505992009,30753,0,1,3,train
5,4,Wspd,trend_ma18,trend,18.0,3,pearson,0.7465930952477148,0.7465930952477148,31878,0,1,3,train
6,5,Wspd,trend_ma18,trend,18.0,3,pearson,0.7375829597359763,0.7375829597359763,31062,0,1,3,train
7,6,Wspd,trend_ma18,trend,18.0,3,pearson,0.7481687181579068,0.7481687181579068,31480,0,1,3,train
8,7,Wspd,trend_ma18,trend,18.0,3,pearson,0.749744201424481,0.749744201424481,31482,0,1,3,train
9,8,Wspd,trend_ma18,trend,18.0,3,pearson,0.7289680476824082,0.7289680476824082,30845,0,1,3,train
10,9,Wspd,trend_ma18,trend,18.0,3,pearson,0.7519391461591679,0.7519391461591679,31194,0,1,3,train
11,10,Wspd,trend_ma18,trend,18.0,3,pearson,0.7255626611927091,0.7255626611927091,31036,0,1,3,train
12,11,Wspd,trend_ma18,trend,18.0,3,pearson,0.7210352503997142,0.7210352503997142,30917,0,1,3,train
13,12,Wspd,trend_ma18,trend,18.0,3,pearson,0.7312330638848031,0.7312330638848031,31140,0,1,3,train
14,13,Wspd,trend_ma18,trend,18.0,3,pearson,0.7508241282628556,0.7508241282628556,31943,0,1,3,train
15,14,Wspd,trend_ma18,trend,18.0,3,pearson,0.7219906992137185,0.7219906992137185,30958,0,1,3,train
16,15,Wspd,trend_ma18,trend,18.0,3,pearson,0.7035862807882358,0.7035862807882358,30753,0,1,3,train
17,16,Wspd,trend_ma18,trend,18.0,3,pearson,0.7387247038885449,0.7387247038885449,31144,0,1,3,train
18,17,Wspd,trend_ma18,trend,18.0,3,pearson,0.7606698970529914,0.7606698970529914,31806,0,1,3,train
19,18,Wspd,trend_ma18,trend,18.0,3,pearson,0.7249350926627425,0.7249350926627425,30990,0,1,3,train
20,19,Wspd,trend_ma18,trend,18.0,3,pearson,0.721846558512932,0.721846558512932,30304,0,1,3,train
21,20,Wspd,trend_ma18,trend,18.0,3,pearson,0.7322828848280261,0.7322828848280261,31189,0,1,3,train
22,21,Wspd,trend_ma18,trend,18.0,3,pearson,0.718356564916815,0.718356564916815,29742,0,1,3,train
23,22,Wspd,trend_ma18,trend,18.0,3,pearson,0.730539360429962,0.730539360429962,30496,0,1,3,train
24,23,Wspd,trend_ma18,trend,18.0,3,pearson,0.7137949135389635,0.7137949135389635,30922,0,1,3,train
25,24,Wspd,trend_ma18,trend,18.0,3,pearson,0.7199055096565581,0.7199055096565581,30601,0,1,3,train
26,25,Wspd,trend_ma18,trend,18.0,3,pearson,0.7462233335355205,0.7462233335355205,32304,0,1,3,train
27,26,Wspd,trend_ma18,trend,18.0,3,pearson,0.733220221182519,0.733220221182519,31504,0,1,3,train
28,27,Wspd,trend_ma18,trend,18.0,3,pearson,0.7442401034738196,0.7442401034738196,32568,0,1,3,train
29,28,Wspd,trend_ma18,trend,18.0,3,pearson,0.721352834923283,0.721352834923283,31026,0,1,3,train
30,29,Wspd,trend_ma18,trend,18.0,3,pearson,0.7233988827824537,0.7233988827824537,31513,0,1,3,train
31,30,Wspd,trend_ma18,trend,18.0,3,pearson,0.7288021253208848,0.7288021253208848,31664,0,1,3,train
32,31,Wspd,trend_ma18,trend,18.0,3,pearson,0.7202869219723422,0.7202869219723422,30430,0,1,3,train
33,32,Wspd,trend_ma18,trend,18.0,3,pearson,0.7275661567760118,0.7275661567760118,30976,0,1,3,train
34,33,Wspd,trend_ma18,trend,18.0,3,pearson,0.702222209594124,0.702222209594124,30463,0,1,3,train
35,34,Wspd,trend_ma18,trend,18.0,3,pearson,0.7163091702158911,0.7163091702158911,30132,0,1,3,train
36,35,Wspd,trend_ma18,trend,18.0,3,pearson,0.732655854735805,0.732655854735805,30915,0,1,3,train
37,36,Wspd,trend_ma18,trend,18.0,3,pearson,0.7463459850188418,0.7463459850188418,30864,0,1,3,train
38,37,Wspd,trend_ma18,trend,18.0,3,pearson,0.7325123273502745,0.7325123273502745,31444,0,1,3,train
39,38,Wspd,trend_ma18,trend,18.0,3,pearson,0.7368013506586544,0.7368013506586544,31037,0,1,3,train
40,39,Wspd,trend_ma18,trend,18.0,3,pearson,0.7370178583340169,0.7370178583340169,31361,0,1,3,train
41,40,Wspd,trend_ma18,trend,18.0,3,pearson,0.7205997333145893,0.7205997333145893,29840,0,1,3,train
42,41,Wspd,trend_ma18,trend,18.0,3,pearson,0.7374542109737882,0.7374542109737882,30604,0,1,3,train
43,42,Wspd,trend_ma18,trend,18.0,3,pearson,0.7443411175139111,0.7443411175139111,31102,0,1,3,train
44,43,Wspd,trend_ma18,trend,18.0,3,pearson,0.6976747695398917,0.6976747695398917,29434,0,1,3,train
45,44,Wspd,trend_ma18,trend,18.0,3,pearson,0.7242930266381229,0.7242930266381229,30498,0,1,3,train
46,45,Wspd,trend_ma18,trend,18.0,3,pearson,0.7130347822583093,0.7130347822583093,29846,0,1,3,train
47,46,Wspd,trend_ma18,trend,18.0,3,pearson,0.6954880555694111,0.6954880555694111,30103,0,1,3,train
48,47,Wspd,trend_ma18,trend,18.0,3,pearson,0.72535694641058,0.72535694641058,30969,0,1,3,train
49,48,Wspd,trend_ma18,trend,18.0,3,pearson,0.7464217890785204,0.7464217890785204,32545,0,1,3,train
50,49,Wspd,trend_ma18,trend,18.0,3,pearson,0.7286407783948977,0.7286407783948977,30740,0,1,3,train
51,50,Wspd,trend_ma18,trend,18.0,3,pearson,0.7279828016141214,0.7279828016141214,31462,0,1,3,train
52,51,Wspd,trend_ma18,trend,18.0,3,pearson,0.7113642031679765,0.7113642031679765,29043,0,1,3,train
53,52,Wspd,trend_ma18,trend,18.0,3,pearson,0.746781576527244,0.746781576527244,31799,0,1,3,train
54,53,Wspd,trend_ma18,trend,18.0,3,pearson,0.742535805451374,0.742535805451374,31759,0,1,3,train
55,54,Wspd,trend_ma18,trend,18.0,3,pearson,0.7274528609547801,0.7274528609547801,30702,0,1,3,train
56,55,Wspd,trend_ma18,trend,18.0,3,pearson,0.726824886707241,0.726824886707241,29542,0,1,3,train
57,56,Wspd,trend_ma18,trend,18.0,3,pearson,0.736168892658901,0.736168892658901,31760,0,1,3,train
58,57,Wspd,trend_ma18,trend,18.0,3,pearson,0.749120823587013,0.749120823587013,33384,0,1,3,train
59,58,Wspd,trend_ma18,trend,18.0,3,pearson,0.7325672696838584,0.7325672696838584,30020,0,1,3,train
60,59,Wspd,trend_ma18,trend,18.0,3,pearson,0.7008117177666551,0.7008117177666551,30476,0,1,3,train
61,60,Wspd,trend_ma18,trend,18.0,3,pearson,0.7177043115552426,0.7177043115552426,29791,0,1,3,train
62,61,Wspd,trend_ma18,trend,18.0,3,pearson,0.7452337762705036,0.7452337762705036,32220,0,1,3,train
63,62,Wspd,trend_ma18,trend,18.0,3,pearson,0.7488949286352731,0.7488949286352731,30878,0,1,3,train
64,63,Wspd,trend_ma18,trend,18.0,3,pearson,0.7257350581888989,0.7257350581888989,29786,0,1,3,train
65,64,Wspd,trend_ma18,trend,18.0,3,pearson,0.7317799373058843,0.7317799373058843,30635,0,1,3,train
66,65,Wspd,trend_ma18,trend,18.0,3,pearson,0.7373790869388093,0.7373790869388093,31065,0,1,3,train
67,66,Wspd,trend_ma18,trend,18.0,3,pearson,0.7327612726215221,0.7327612726215221,31879,0,1,3,train
68,67,Wspd,trend_ma18,trend,18.0,3,pearson,0.7247242091565962,0.7247242091565962,31357,0,1,3,train
69,68,Wspd,trend_ma18,trend,18.0,3,pearson,0.7182572852369215,0.7182572852369215,30582,0,1,3,train
70,69,Wspd,trend_ma18,trend,18.0,3,pearson,0.6993354603763189,0.6993354603763189,30657,0,1,3,train
71,70,Wspd,trend_ma18,trend,18.0,3,pearson,0.7516738733360009,0.7516738733360009,33486,0,1,3,train
72,71,Wspd,trend_ma18,trend,18.0,3,pearson,0.7092847132145521,0.7092847132145521,30426,0,1,3,train
73,72,Wspd,trend_ma18,trend,18.0,3,pearson,0.7444076454217585,0.7444076454217585,32349,0,1,3,train
74,73,Wspd,trend_ma18,trend,18.0,3,pearson,0.7370882780807659,0.7370882780807659,31118,0,1,3,train
75,74,Wspd,trend_ma18,trend,18.0,3,pearson,0.736400696283047,0.736400696283047,30531,0,1,3,train
76,75,Wspd,trend_ma18,trend,18.0,3,pearson,0.7433741615999692,0.7433741615999692,30934,0,1,3,train
77,76,Wspd,trend_ma18,trend,18.0,3,pearson,0.7164998159448839,0.7164998159448839,30636,0,1,3,train
78,77,Wspd,trend_ma18,trend,18.0,3,pearson,0.7298690812010363,0.7298690812010363,29784,0,1,3,train
79,78,Wspd,trend_ma18,trend,18.0,3,pearson,0.7370888881679702,0.7370888881679702,29803,0,1,3,train
80,79,Wspd,trend_ma18,trend,18.0,3,pearson,0.7534415656333574,0.7534415656333574,30854,0,1,3,train
81,80,Wspd,trend_ma18,trend,18.0,3,pearson,0.7600312268510813,0.7600312268510813,30793,0,1,3,train
82,81,Wspd,trend_ma18,trend,18.0,3,pearson,0.7374284420649555,0.7374284420649555,29474,0,1,3,train
83,82,Wspd,trend_ma18,trend,18.0,3,pearson,0.7901282035242151,0.7901282035242151,30098,0,1,3,train
84,83,Wspd,trend_ma18,trend,18.0,3,pearson,0.7713888286856571,0.7713888286856571,33679,0,1,3,train
85,84,Wspd,trend_ma18,trend,18.0,3,pearson,0.7431327784501163,0.7431327784501163,29888,0,1,3,train
86,85,Wspd,trend_ma18,trend,18.0,3,pearson,0.7425692094251571,0.7425692094251571,31019,0,1,3,train
87,86,Wspd,trend_ma18,trend,18.0,3,pearson,0.7408222290624277,0.7408222290624277,33376,0,1,3,train
88,87,Wspd,trend_ma18,trend,18.0,3,pearson,0.7211219444261122,0.7211219444261122,30221,0,1,3,train
89,88,Wspd,trend_ma18,trend,18.0,3,pearson,0.7059234870595295,0.7059234870595295,30607,0,1,3,train
90,89,Wspd,trend_ma18,trend,18.0,3,pearson,0.7133849709165851,0.7133849709165851,30773,0,1,3,train
91,90,Wspd,trend_ma18,trend,18.0,3,pearson,0.715065935132904,0.715065935132904,30688,0,1,3,train
92,91,Wspd,trend_ma18,trend,18.0,3,pearson,0.7284297019383985,0.7284297019383985,29946,0,1,3,train
93,92,Wspd,trend_ma18,trend,18.0,3,pearson,0.7086305550187972,0.7086305550187972,28959,0,1,3,train
94,93,Wspd,trend_ma18,trend,18.0,3,pearson,0.7286226427217163,0.7286226427217163,30107,0,1,3,train
95,94,Wspd,trend_ma18,trend,18.0,3,pearson,0.7214558642011419,0.7214558642011419,29594,0,1,3,train
96,95,Wspd,trend_ma18,trend,18.0,3,pearson,0.7407822637984053,0.7407822637984053,28140,0,1,3,train
97,96,Wspd,trend_ma18,trend,18.0,3,pearson,0.7447389218596963,0.7447389218596963,28845,0,1,3,train
98,97,Wspd,trend_ma18,trend,18.0,3,pearson,0.7428074194317542,0.7428074194317542,31548,0,1,3,train
99,98,Wspd,trend_ma18,trend,18.0,3,pearson,0.7681409751645233,0.7681409751645233,32637,0,1,3,train
100,99,Wspd,trend_ma18,trend,18.0,3,pearson,0.7577716972889452,0.7577716972889452,29839,0,1,3,train
101,100,Wspd,trend_ma18,trend,18.0,3,pearson,0.72915126778542,0.72915126778542,30353,0,1,3,train
102,101,Wspd,trend_ma18,trend,18.0,3,pearson,0.719466883827307,0.719466883827307,29372,0,1,3,train
103,102,Wspd,trend_ma18,trend,18.0,3,pearson,0.7404870158003765,0.7404870158003765,31821,0,1,3,train
104,103,Wspd,trend_ma18,trend,18.0,3,pearson,0.7162571784818272,0.7162571784818272,30185,0,1,3,train
105,104,Wspd,trend_ma18,trend,18.0,3,pearson,0.7128577427446265,0.7128577427446265,30532,0,1,3,train
106,105,Wspd,trend_ma18,trend,18.0,3,pearson,0.7228182644429691,0.7228182644429691,29413,0,1,3,train
107,106,Wspd,trend_ma18,trend,18.0,3,pearson,0.742496028012772,0.742496028012772,31544,0,1,3,train
108,107,Wspd,trend_ma18,trend,18.0,3,pearson,0.7448261766971553,0.7448261766971553,29359,0,1,3,train
109,108,Wspd,trend_ma18,trend,18.0,3,pearson,0.7054975802083991,0.7054975802083991,30903,0,1,3,train
110,109,Wspd,trend_ma18,trend,18.0,3,pearson,0.7270690221514959,0.7270690221514959,30969,0,1,3,train
111,110,Wspd,trend_ma18,trend,18.0,3,pearson,0.7308093496097007,0.7308093496097007,30799,0,1,3,train
112,111,Wspd,trend_ma18,trend,18.0,3,pearson,0.7356120390739608,0.7356120390739608,29994,0,1,3,train
113,112,Wspd,trend_ma18,trend,18.0,3,pearson,0.7225400693904509,0.7225400693904509,30423,0,1,3,train
114,113,Wspd,trend_ma18,trend,18.0,3,pearson,0.7282470698490802,0.7282470698490802,29743,0,1,3,train
115,114,Wspd,trend_ma18,trend,18.0,3,pearson,0.7308866708566987,0.7308866708566987,28485,0,1,3,train
116,115,Wspd,trend_ma18,trend,18.0,3,pearson,0.7260607572896861,0.7260607572896861,29110,0,1,3,train
117,116,Wspd,trend_ma18,trend,18.0,3,pearson,0.7382229926995308,0.7382229926995308,29400,0,1,3,train
118,117,Wspd,trend_ma18,trend,18.0,3,pearson,0.7145771346848786,0.7145771346848786,29795,0,1,3,train
119,118,Wspd,trend_ma18,trend,18.0,3,pearson,0.748159686353101,0.748159686353101,31221,0,1,3,train
120,119,Wspd,trend_ma18,trend,18.0,3,pearson,0.7165784113304974,0.7165784113304974,30631,0,1,3,train
121,120,Wspd,trend_ma18,trend,18.0,3,pearson,0.7361687087929928,0.7361687087929928,30966,0,1,3,train
122,121,Wspd,trend_ma18,trend,18.0,3,pearson,0.7219708696500956,0.7219708696500956,29091,0,1,3,train
123,122,Wspd,trend_ma18,trend,18.0,3,pearson,0.6929792044910325,0.6929792044910325,29060,0,1,3,train
124,123,Wspd,trend_ma18,trend,18.0,3,pearson,0.7461224711129278,0.7461224711129278,29103,0,1,3,train
125,124,Wspd,trend_ma18,trend,18.0,3,pearson,0.7198376698358545,0.7198376698358545,29563,0,1,3,train
126,125,Wspd,trend_ma18,trend,18.0,3,pearson,0.7213691821728052,0.7213691821728052,29983,0,1,3,train
127,126,Wspd,trend_ma18,trend,18.0,3,pearson,0.720688134010874,0.720688134010874,30602,0,1,3,train
128,127,Wspd,trend_ma18,trend,18.0,3,pearson,0.7364039999397575,0.7364039999397575,30760,0,1,3,train
129,128,Wspd,trend_ma18,trend,18.0,3,pearson,0.7255575151987063,0.7255575151987063,31284,0,1,3,train
130,129,Wspd,trend_ma18,trend,18.0,3,pearson,0.7047056298651609,0.7047056298651609,30614,0,1,3,train
131,130,Wspd,trend_ma18,trend,18.0,3,pearson,0.7010877330183893,0.7010877330183893,30762,0,1,3,train
132,131,Wspd,trend_ma18,trend,18.0,3,pearson,0.7280819234273398,0.7280819234273398,32308,0,1,3,train
133,132,Wspd,trend_ma18,trend,18.0,3,pearson,0.7035554051691497,0.7035554051691497,29291,0,1,3,train
134,133,Wspd,trend_ma18,trend,18.0,3,pearson,0.7301563175119691,0.7301563175119691,31913,0,1,3,train
1,0,Wspd,trend_ma18,trend,18.0,6,pearson,0.7177910439858868,0.7177910439858868,31760,0,1,6,train
2,1,Wspd,trend_ma18,trend,18.0,6,pearson,0.7053839577807208,0.7053839577807208,31815,0,1,6,train
3,2,Wspd,trend_ma18,trend,18.0,6,pearson,0.7032885915700336,0.7032885915700336,31873,0,1,6,train
4,3,Wspd,trend_ma18,trend,18.0,6,pearson,0.7096211039131431,0.7096211039131431,32103,0,1,6,train
5,4,Wspd,trend_ma18,trend,18.0,6,pearson,0.7332119450341876,0.7332119450341876,33067,0,1,6,train
6,5,Wspd,trend_ma18,trend,18.0,6,pearson,0.7265427455565248,0.7265427455565248,32399,0,1,6,train
7,6,Wspd,trend_ma18,trend,18.0,6,pearson,0.7372713307774825,0.7372713307774825,32983,0,1,6,train
8,7,Wspd,trend_ma18,trend,18.0,6,pearson,0.7388258441085049,0.7388258441085049,32825,0,1,6,train
9,8,Wspd,trend_ma18,trend,18.0,6,pearson,0.7164655811232346,0.7164655811232346,32209,0,1,6,train
10,9,Wspd,trend_ma18,trend,18.0,6,pearson,0.7393661668098517,0.7393661668098517,32522,0,1,6,train
11,10,Wspd,trend_ma18,trend,18.0,6,pearson,0.7141427730720721,0.7141427730720721,32398,0,1,6,train
12,11,Wspd,trend_ma18,trend,18.0,6,pearson,0.7102477317895755,0.7102477317895755,32211,0,1,6,train
13,12,Wspd,trend_ma18,trend,18.0,6,pearson,0.7224061255230719,0.7224061255230719,32413,0,1,6,train
14,13,Wspd,trend_ma18,trend,18.0,6,pearson,0.7399395932921189,0.7399395932921189,33196,0,1,6,train
15,14,Wspd,trend_ma18,trend,18.0,6,pearson,0.7132439304900611,0.7132439304900611,32343,0,1,6,train
16,15,Wspd,trend_ma18,trend,18.0,6,pearson,0.6948238388804718,0.6948238388804718,32028,0,1,6,train
17,16,Wspd,trend_ma18,trend,18.0,6,pearson,0.7267144723741579,0.7267144723741579,32470,0,1,6,train
18,17,Wspd,trend_ma18,trend,18.0,6,pearson,0.7514244333112654,0.7514244333112654,32985,0,1,6,train
19,18,Wspd,trend_ma18,trend,18.0,6,pearson,0.7159826274448422,0.7159826274448422,32383,0,1,6,train
20,19,Wspd,trend_ma18,trend,18.0,6,pearson,0.7108934096580714,0.7108934096580714,31597,0,1,6,train
21,20,Wspd,trend_ma18,trend,18.0,6,pearson,0.7220529311849863,0.7220529311849863,32536,0,1,6,train
22,21,Wspd,trend_ma18,trend,18.0,6,pearson,0.7094215398411391,0.7094215398411391,31007,0,1,6,train
23,22,Wspd,trend_ma18,trend,18.0,6,pearson,0.7199613244474549,0.7199613244474549,31831,0,1,6,train
24,23,Wspd,trend_ma18,trend,18.0,6,pearson,0.7070087366946397,0.7070087366946397,32277,0,1,6,train
25,24,Wspd,trend_ma18,trend,18.0,6,pearson,0.7117618678799882,0.7117618678799882,31915,0,1,6,train
26,25,Wspd,trend_ma18,trend,18.0,6,pearson,0.7353895028496876,0.7353895028496876,33447,0,1,6,train
27,26,Wspd,trend_ma18,trend,18.0,6,pearson,0.723653255817181,0.723653255817181,32911,0,1,6,train
28,27,Wspd,trend_ma18,trend,18.0,6,pearson,0.7325354906284861,0.7325354906284861,33765,0,1,6,train
29,28,Wspd,trend_ma18,trend,18.0,6,pearson,0.7114042326962143,0.7114042326962143,32388,0,1,6,train
30,29,Wspd,trend_ma18,trend,18.0,6,pearson,0.7160426582273077,0.7160426582273077,32864,0,1,6,train
31,30,Wspd,trend_ma18,trend,18.0,6,pearson,0.7203975190874972,0.7203975190874972,33025,0,1,6,train
32,31,Wspd,trend_ma18,trend,18.0,6,pearson,0.7116518628735302,0.7116518628735302,31752,0,1,6,train
33,32,Wspd,trend_ma18,trend,18.0,6,pearson,0.7180808710082821,0.7180808710082821,32308,0,1,6,train
34,33,Wspd,trend_ma18,trend,18.0,6,pearson,0.6948259583686048,0.6948259583686048,31852,0,1,6,train
35,34,Wspd,trend_ma18,trend,18.0,6,pearson,0.7051840380102029,0.7051840380102029,31505,0,1,6,train
36,35,Wspd,trend_ma18,trend,18.0,6,pearson,0.7201314850980132,0.7201314850980132,32267,0,1,6,train
37,36,Wspd,trend_ma18,trend,18.0,6,pearson,0.7321822736199666,0.7321822736199666,31977,0,1,6,train
38,37,Wspd,trend_ma18,trend,18.0,6,pearson,0.7254136473983909,0.7254136473983909,32800,0,1,6,train
39,38,Wspd,trend_ma18,trend,18.0,6,pearson,0.7267508568968923,0.7267508568968923,32474,0,1,6,train
40,39,Wspd,trend_ma18,trend,18.0,6,pearson,0.7274143887866966,0.7274143887866966,32800,0,1,6,train
41,40,Wspd,trend_ma18,trend,18.0,6,pearson,0.7088370633021369,0.7088370633021369,31232,0,1,6,train
42,41,Wspd,trend_ma18,trend,18.0,6,pearson,0.7292130096988033,0.7292130096988033,31936,0,1,6,train
43,42,Wspd,trend_ma18,trend,18.0,6,pearson,0.7326906746617758,0.7326906746617758,32427,0,1,6,train
44,43,Wspd,trend_ma18,trend,18.0,6,pearson,0.6845823315543672,0.6845823315543672,30517,0,1,6,train
45,44,Wspd,trend_ma18,trend,18.0,6,pearson,0.7160577963485587,0.7160577963485587,31886,0,1,6,train
46,45,Wspd,trend_ma18,trend,18.0,6,pearson,0.704725663760149,0.704725663760149,31213,0,1,6,train
47,46,Wspd,trend_ma18,trend,18.0,6,pearson,0.6880025767308782,0.6880025767308782,31486,0,1,6,train
48,47,Wspd,trend_ma18,trend,18.0,6,pearson,0.7177204948435437,0.7177204948435437,32340,0,1,6,train
49,48,Wspd,trend_ma18,trend,18.0,6,pearson,0.7328971031095302,0.7328971031095302,33649,0,1,6,train
50,49,Wspd,trend_ma18,trend,18.0,6,pearson,0.7184518354386785,0.7184518354386785,32100,0,1,6,train
51,50,Wspd,trend_ma18,trend,18.0,6,pearson,0.7184944265389227,0.7184944265389227,32719,0,1,6,train
52,51,Wspd,trend_ma18,trend,18.0,6,pearson,0.7051273355691787,0.7051273355691787,30390,0,1,6,train
53,52,Wspd,trend_ma18,trend,18.0,6,pearson,0.7368480088213035,0.7368480088213035,33028,0,1,6,train
54,53,Wspd,trend_ma18,trend,18.0,6,pearson,0.7314274895356091,0.7314274895356091,33141,0,1,6,train
55,54,Wspd,trend_ma18,trend,18.0,6,pearson,0.71944900235373,0.71944900235373,32031,0,1,6,train
56,55,Wspd,trend_ma18,trend,18.0,6,pearson,0.7187682943735826,0.7187682943735826,30862,0,1,6,train
57,56,Wspd,trend_ma18,trend,18.0,6,pearson,0.7292293241921999,0.7292293241921999,33008,0,1,6,train
58,57,Wspd,trend_ma18,trend,18.0,6,pearson,0.7410565545770035,0.7410565545770035,34441,0,1,6,train
59,58,Wspd,trend_ma18,trend,18.0,6,pearson,0.7218625964897247,0.7218625964897247,31413,0,1,6,train
60,59,Wspd,trend_ma18,trend,18.0,6,pearson,0.6965404965216762,0.6965404965216762,31909,0,1,6,train
61,60,Wspd,trend_ma18,trend,18.0,6,pearson,0.7093973761623109,0.7093973761623109,31162,0,1,6,train
62,61,Wspd,trend_ma18,trend,18.0,6,pearson,0.7348692614389754,0.7348692614389754,33334,0,1,6,train
63,62,Wspd,trend_ma18,trend,18.0,6,pearson,0.7372159168386415,0.7372159168386415,32218,0,1,6,train
64,63,Wspd,trend_ma18,trend,18.0,6,pearson,0.714741611177607,0.714741611177607,31032,0,1,6,train
65,64,Wspd,trend_ma18,trend,18.0,6,pearson,0.7220207722271266,0.7220207722271266,32018,0,1,6,train
66,65,Wspd,trend_ma18,trend,18.0,6,pearson,0.7271059731490844,0.7271059731490844,32475,0,1,6,train
67,66,Wspd,trend_ma18,trend,18.0,6,pearson,0.7222619171701365,0.7222619171701365,33237,0,1,6,train
68,67,Wspd,trend_ma18,trend,18.0,6,pearson,0.7164094058087388,0.7164094058087388,32643,0,1,6,train
69,68,Wspd,trend_ma18,trend,18.0,6,pearson,0.7075304292047354,0.7075304292047354,31956,0,1,6,train
70,69,Wspd,trend_ma18,trend,18.0,6,pearson,0.6866397858377903,0.6866397858377903,32053,0,1,6,train
71,70,Wspd,trend_ma18,trend,18.0,6,pearson,0.738465052211538,0.738465052211538,34553,0,1,6,train
72,71,Wspd,trend_ma18,trend,18.0,6,pearson,0.701681839092539,0.701681839092539,31894,0,1,6,train
73,72,Wspd,trend_ma18,trend,18.0,6,pearson,0.7312003760978154,0.7312003760978154,33603,0,1,6,train
74,73,Wspd,trend_ma18,trend,18.0,6,pearson,0.7261439205657075,0.7261439205657075,32414,0,1,6,train
75,74,Wspd,trend_ma18,trend,18.0,6,pearson,0.7230390132275445,0.7230390132275445,31911,0,1,6,train
76,75,Wspd,trend_ma18,trend,18.0,6,pearson,0.7327224647586756,0.7327224647586756,32342,0,1,6,train
77,76,Wspd,trend_ma18,trend,18.0,6,pearson,0.7061810932059234,0.7061810932059234,32000,0,1,6,train
78,77,Wspd,trend_ma18,trend,18.0,6,pearson,0.7202029971572399,0.7202029971572399,31199,0,1,6,train
79,78,Wspd,trend_ma18,trend,18.0,6,pearson,0.7255640218054377,0.7255640218054377,31252,0,1,6,train
80,79,Wspd,trend_ma18,trend,18.0,6,pearson,0.7420100153070173,0.7420100153070173,32193,0,1,6,train
81,80,Wspd,trend_ma18,trend,18.0,6,pearson,0.7484210060110196,0.7484210060110196,32106,0,1,6,train
82,81,Wspd,trend_ma18,trend,18.0,6,pearson,0.7272129419261832,0.7272129419261832,30955,0,1,6,train
83,82,Wspd,trend_ma18,trend,18.0,6,pearson,0.7757972263689811,0.7757972263689811,31470,0,1,6,train
84,83,Wspd,trend_ma18,trend,18.0,6,pearson,0.7598446133789136,0.7598446133789136,34754,0,1,6,train
85,84,Wspd,trend_ma18,trend,18.0,6,pearson,0.7345153698323336,0.7345153698323336,31284,0,1,6,train
86,85,Wspd,trend_ma18,trend,18.0,6,pearson,0.7346260687953939,0.7346260687953939,32345,0,1,6,train
87,86,Wspd,trend_ma18,trend,18.0,6,pearson,0.7267308821966344,0.7267308821966344,34410,0,1,6,train
88,87,Wspd,trend_ma18,trend,18.0,6,pearson,0.7132885823197858,0.7132885823197858,31584,0,1,6,train
89,88,Wspd,trend_ma18,trend,18.0,6,pearson,0.6947772840025888,0.6947772840025888,31941,0,1,6,train
90,89,Wspd,trend_ma18,trend,18.0,6,pearson,0.7054802488741124,0.7054802488741124,32073,0,1,6,train
91,90,Wspd,trend_ma18,trend,18.0,6,pearson,0.7071651964597331,0.7071651964597331,32138,0,1,6,train
92,91,Wspd,trend_ma18,trend,18.0,6,pearson,0.7175469715117346,0.7175469715117346,31487,0,1,6,train
93,92,Wspd,trend_ma18,trend,18.0,6,pearson,0.6994080484341552,0.6994080484341552,30513,0,1,6,train
94,93,Wspd,trend_ma18,trend,18.0,6,pearson,0.7168136002958876,0.7168136002958876,31532,0,1,6,train
95,94,Wspd,trend_ma18,trend,18.0,6,pearson,0.7103980254236754,0.7103980254236754,31168,0,1,6,train
96,95,Wspd,trend_ma18,trend,18.0,6,pearson,0.7309621119161394,0.7309621119161394,29602,0,1,6,train
97,96,Wspd,trend_ma18,trend,18.0,6,pearson,0.7355087552163638,0.7355087552163638,30412,0,1,6,train
98,97,Wspd,trend_ma18,trend,18.0,6,pearson,0.7297681164867547,0.7297681164867547,32850,0,1,6,train
99,98,Wspd,trend_ma18,trend,18.0,6,pearson,0.7508433247769875,0.7508433247769875,33945,0,1,6,train
100,99,Wspd,trend_ma18,trend,18.0,6,pearson,0.7462262258776668,0.7462262258776668,31318,0,1,6,train
101,100,Wspd,trend_ma18,trend,18.0,6,pearson,0.7198311381362054,0.7198311381362054,31790,0,1,6,train
102,101,Wspd,trend_ma18,trend,18.0,6,pearson,0.7100541568040789,0.7100541568040789,30943,0,1,6,train
103,102,Wspd,trend_ma18,trend,18.0,6,pearson,0.7306217818410833,0.7306217818410833,33115,0,1,6,train
104,103,Wspd,trend_ma18,trend,18.0,6,pearson,0.7073074512425541,0.7073074512425541,31581,0,1,6,train
105,104,Wspd,trend_ma18,trend,18.0,6,pearson,0.7062791932919515,0.7062791932919515,32072,0,1,6,train
106,105,Wspd,trend_ma18,trend,18.0,6,pearson,0.7126556155990752,0.7126556155990752,30722,0,1,6,train
107,106,Wspd,trend_ma18,trend,18.0,6,pearson,0.7306002152842522,0.7306002152842522,32839,0,1,6,train
108,107,Wspd,trend_ma18,trend,18.0,6,pearson,0.7309188325949992,0.7309188325949992,30804,0,1,6,train
109,108,Wspd,trend_ma18,trend,18.0,6,pearson,0.6974561063436636,0.6974561063436636,32281,0,1,6,train
110,109,Wspd,trend_ma18,trend,18.0,6,pearson,0.7151176949278102,0.7151176949278102,32389,0,1,6,train
111,110,Wspd,trend_ma18,trend,18.0,6,pearson,0.7227563355914846,0.7227563355914846,32139,0,1,6,train
112,111,Wspd,trend_ma18,trend,18.0,6,pearson,0.7256693751382559,0.7256693751382559,31528,0,1,6,train
113,112,Wspd,trend_ma18,trend,18.0,6,pearson,0.7107765000147369,0.7107765000147369,31847,0,1,6,train
114,113,Wspd,trend_ma18,trend,18.0,6,pearson,0.7147020582873279,0.7147020582873279,31174,0,1,6,train
115,114,Wspd,trend_ma18,trend,18.0,6,pearson,0.7231189145038731,0.7231189145038731,30201,0,1,6,train
116,115,Wspd,trend_ma18,trend,18.0,6,pearson,0.7138841152820451,0.7138841152820451,30639,0,1,6,train
117,116,Wspd,trend_ma18,trend,18.0,6,pearson,0.7302468024903787,0.7302468024903787,31134,0,1,6,train
118,117,Wspd,trend_ma18,trend,18.0,6,pearson,0.6989429069503607,0.6989429069503607,31270,0,1,6,train
119,118,Wspd,trend_ma18,trend,18.0,6,pearson,0.7348868307099574,0.7348868307099574,32510,0,1,6,train
120,119,Wspd,trend_ma18,trend,18.0,6,pearson,0.709030036144604,0.709030036144604,32043,0,1,6,train
121,120,Wspd,trend_ma18,trend,18.0,6,pearson,0.7267280613715494,0.7267280613715494,32343,0,1,6,train
122,121,Wspd,trend_ma18,trend,18.0,6,pearson,0.7153691227879476,0.7153691227879476,30749,0,1,6,train
123,122,Wspd,trend_ma18,trend,18.0,6,pearson,0.6865231248560753,0.6865231248560753,30414,0,1,6,train
124,123,Wspd,trend_ma18,trend,18.0,6,pearson,0.7344112193432952,0.7344112193432952,30762,0,1,6,train
125,124,Wspd,trend_ma18,trend,18.0,6,pearson,0.7080009617000833,0.7080009617000833,30967,0,1,6,train
126,125,Wspd,trend_ma18,trend,18.0,6,pearson,0.7108343847875684,0.7108343847875684,31508,0,1,6,train
127,126,Wspd,trend_ma18,trend,18.0,6,pearson,0.7110567988348001,0.7110567988348001,31952,0,1,6,train
128,127,Wspd,trend_ma18,trend,18.0,6,pearson,0.7170930938517258,0.7170930938517258,32071,0,1,6,train
129,128,Wspd,trend_ma18,trend,18.0,6,pearson,0.7143685863378936,0.7143685863378936,32541,0,1,6,train
130,129,Wspd,trend_ma18,trend,18.0,6,pearson,0.694830214985446,0.694830214985446,32018,0,1,6,train
131,130,Wspd,trend_ma18,trend,18.0,6,pearson,0.6889275373334295,0.6889275373334295,32057,0,1,6,train
132,131,Wspd,trend_ma18,trend,18.0,6,pearson,0.7202133820065179,0.7202133820065179,33642,0,1,6,train
133,132,Wspd,trend_ma18,trend,18.0,6,pearson,0.6841210160569785,0.6841210160569785,30650,0,1,6,train
134,133,Wspd,trend_ma18,trend,18.0,6,pearson,0.7167644017108333,0.7167644017108333,33240,0,1,6,train
1,0,Wspd,trend_ma18,trend,18.0,10,pearson,0.7013004942822287,0.7013004942822287,33171,0,1,10,train
2,1,Wspd,trend_ma18,trend,18.0,10,pearson,0.6905212064740277,0.6905212064740277,33280,0,1,10,train
3,2,Wspd,trend_ma18,trend,18.0,10,pearson,0.6884588238667243,0.6884588238667243,33218,0,1,10,train
4,3,Wspd,trend_ma18,trend,18.0,10,pearson,0.6940753490609756,0.6940753490609756,33517,0,1,10,train
5,4,Wspd,trend_ma18,trend,18.0,10,pearson,0.7160427966877101,0.7160427966877101,34321,0,1,10,train
6,5,Wspd,trend_ma18,trend,18.0,10,pearson,0.710773880640691,0.710773880640691,33774,0,1,10,train
7,6,Wspd,trend_ma18,trend,18.0,10,pearson,0.72084023817295,0.72084023817295,34439,0,1,10,train
8,7,Wspd,trend_ma18,trend,18.0,10,pearson,0.7231522228501941,0.7231522228501941,34189,0,1,10,train
9,8,Wspd,trend_ma18,trend,18.0,10,pearson,0.699847801948162,0.699847801948162,33603,0,1,10,train
10,9,Wspd,trend_ma18,trend,18.0,10,pearson,0.7215365524045726,0.7215365524045726,33883,0,1,10,train
11,10,Wspd,trend_ma18,trend,18.0,10,pearson,0.697976431687562,0.697976431687562,33786,0,1,10,train
12,11,Wspd,trend_ma18,trend,18.0,10,pearson,0.6945928852507458,0.6945928852507458,33575,0,1,10,train
13,12,Wspd,trend_ma18,trend,18.0,10,pearson,0.7074646152582192,0.7074646152582192,33736,0,1,10,train
14,13,Wspd,trend_ma18,trend,18.0,10,pearson,0.724409873500897,0.724409873500897,34397,0,1,10,train
15,14,Wspd,trend_ma18,trend,18.0,10,pearson,0.7000570318094361,0.7000570318094361,33736,0,1,10,train
16,15,Wspd,trend_ma18,trend,18.0,10,pearson,0.6820655136896641,0.6820655136896641,33378,0,1,10,train
17,16,Wspd,trend_ma18,trend,18.0,10,pearson,0.7106094340540435,0.7106094340540435,33845,0,1,10,train
18,17,Wspd,trend_ma18,trend,18.0,10,pearson,0.736776309431443,0.736776309431443,34195,0,1,10,train
19,18,Wspd,trend_ma18,trend,18.0,10,pearson,0.701546921889537,0.701546921889537,33848,0,1,10,train
20,19,Wspd,trend_ma18,trend,18.0,10,pearson,0.6965010791467239,0.6965010791467239,32955,0,1,10,train
21,20,Wspd,trend_ma18,trend,18.0,10,pearson,0.7088995402838489,0.7088995402838489,33915,0,1,10,train
22,21,Wspd,trend_ma18,trend,18.0,10,pearson,0.6940229086218689,0.6940229086218689,32335,0,1,10,train
23,22,Wspd,trend_ma18,trend,18.0,10,pearson,0.7045051321939333,0.7045051321939333,33248,0,1,10,train
24,23,Wspd,trend_ma18,trend,18.0,10,pearson,0.6937281201652088,0.6937281201652088,33678,0,1,10,train
25,24,Wspd,trend_ma18,trend,18.0,10,pearson,0.6995182283710476,0.6995182283710476,33296,0,1,10,train
26,25,Wspd,trend_ma18,trend,18.0,10,pearson,0.7201336042980717,0.7201336042980717,34635,0,1,10,train
27,26,Wspd,trend_ma18,trend,18.0,10,pearson,0.7088296727175882,0.7088296727175882,34364,0,1,10,train
28,27,Wspd,trend_ma18,trend,18.0,10,pearson,0.7166042139816688,0.7166042139816688,34935,0,1,10,train
29,28,Wspd,trend_ma18,trend,18.0,10,pearson,0.6971679015628549,0.6971679015628549,33768,0,1,10,train
30,29,Wspd,trend_ma18,trend,18.0,10,pearson,0.703850329980053,0.703850329980053,34235,0,1,10,train
31,30,Wspd,trend_ma18,trend,18.0,10,pearson,0.7061202899577124,0.7061202899577124,34398,0,1,10,train
32,31,Wspd,trend_ma18,trend,18.0,10,pearson,0.6988441636970706,0.6988441636970706,33164,0,1,10,train
33,32,Wspd,trend_ma18,trend,18.0,10,pearson,0.70318259422988,0.70318259422988,33727,0,1,10,train
34,33,Wspd,trend_ma18,trend,18.0,10,pearson,0.684893063280428,0.684893063280428,33267,0,1,10,train
35,34,Wspd,trend_ma18,trend,18.0,10,pearson,0.6918429382559818,0.6918429382559818,32897,0,1,10,train
36,35,Wspd,trend_ma18,trend,18.0,10,pearson,0.7026522212090767,0.7026522212090767,33608,0,1,10,train
37,36,Wspd,trend_ma18,trend,18.0,10,pearson,0.7136807848072413,0.7136807848072413,33135,0,1,10,train
38,37,Wspd,trend_ma18,trend,18.0,10,pearson,0.7136340229836647,0.7136340229836647,34186,0,1,10,train
39,38,Wspd,trend_ma18,trend,18.0,10,pearson,0.7108096934331998,0.7108096934331998,33945,0,1,10,train
40,39,Wspd,trend_ma18,trend,18.0,10,pearson,0.7123635856617861,0.7123635856617861,34229,0,1,10,train
41,40,Wspd,trend_ma18,trend,18.0,10,pearson,0.6932573713926871,0.6932573713926871,32688,0,1,10,train
42,41,Wspd,trend_ma18,trend,18.0,10,pearson,0.7152054635634623,0.7152054635634623,33335,0,1,10,train
43,42,Wspd,trend_ma18,trend,18.0,10,pearson,0.7159719204905297,0.7159719204905297,33802,0,1,10,train
44,43,Wspd,trend_ma18,trend,18.0,10,pearson,0.6681753268530114,0.6681753268530114,31695,0,1,10,train
45,44,Wspd,trend_ma18,trend,18.0,10,pearson,0.7009397360353283,0.7009397360353283,33331,0,1,10,train
46,45,Wspd,trend_ma18,trend,18.0,10,pearson,0.6904221343808276,0.6904221343808276,32626,0,1,10,train
47,46,Wspd,trend_ma18,trend,18.0,10,pearson,0.6748188023243851,0.6748188023243851,32965,0,1,10,train
48,47,Wspd,trend_ma18,trend,18.0,10,pearson,0.7053841624770723,0.7053841624770723,33749,0,1,10,train
49,48,Wspd,trend_ma18,trend,18.0,10,pearson,0.7138328051679471,0.7138328051679471,34777,0,1,10,train
50,49,Wspd,trend_ma18,trend,18.0,10,pearson,0.7021214867910975,0.7021214867910975,33471,0,1,10,train
51,50,Wspd,trend_ma18,trend,18.0,10,pearson,0.7026591997366526,0.7026591997366526,33980,0,1,10,train
52,51,Wspd,trend_ma18,trend,18.0,10,pearson,0.6923789745344145,0.6923789745344145,31749,0,1,10,train
53,52,Wspd,trend_ma18,trend,18.0,10,pearson,0.7218110491725921,0.7218110491725921,34273,0,1,10,train
54,53,Wspd,trend_ma18,trend,18.0,10,pearson,0.7151738712764196,0.7151738712764196,34512,0,1,10,train
55,54,Wspd,trend_ma18,trend,18.0,10,pearson,0.7052673161954548,0.7052673161954548,33403,0,1,10,train
56,55,Wspd,trend_ma18,trend,18.0,10,pearson,0.7047252799867758,0.7047252799867758,32253,0,1,10,train
57,56,Wspd,trend_ma18,trend,18.0,10,pearson,0.7164346066427051,0.7164346066427051,34277,0,1,10,train
58,57,Wspd,trend_ma18,trend,18.0,10,pearson,0.7272528173560608,0.7272528173560608,35490,0,1,10,train
59,58,Wspd,trend_ma18,trend,18.0,10,pearson,0.7056938885726614,0.7056938885726614,32853,0,1,10,train
60,59,Wspd,trend_ma18,trend,18.0,10,pearson,0.6856786073341428,0.6856786073341428,33365,0,1,10,train
61,60,Wspd,trend_ma18,trend,18.0,10,pearson,0.6950353305307162,0.6950353305307162,32580,0,1,10,train
62,61,Wspd,trend_ma18,trend,18.0,10,pearson,0.7196759856146651,0.7196759856146651,34445,0,1,10,train
63,62,Wspd,trend_ma18,trend,18.0,10,pearson,0.7206537811109052,0.7206537811109052,33594,0,1,10,train
64,63,Wspd,trend_ma18,trend,18.0,10,pearson,0.6999045868181533,0.6999045868181533,32370,0,1,10,train
65,64,Wspd,trend_ma18,trend,18.0,10,pearson,0.7065677091372504,0.7065677091372504,33455,0,1,10,train
66,65,Wspd,trend_ma18,trend,18.0,10,pearson,0.7121852205223769,0.7121852205223769,33901,0,1,10,train
67,66,Wspd,trend_ma18,trend,18.0,10,pearson,0.7077312943817117,0.7077312943817117,34586,0,1,10,train
68,67,Wspd,trend_ma18,trend,18.0,10,pearson,0.704666005529489,0.704666005529489,33961,0,1,10,train
69,68,Wspd,trend_ma18,trend,18.0,10,pearson,0.6923877744499357,0.6923877744499357,33391,0,1,10,train
70,69,Wspd,trend_ma18,trend,18.0,10,pearson,0.6685728892435977,0.6685728892435977,33539,0,1,10,train
71,70,Wspd,trend_ma18,trend,18.0,10,pearson,0.7202021823958163,0.7202021823958163,35563,0,1,10,train
72,71,Wspd,trend_ma18,trend,18.0,10,pearson,0.6889968850886177,0.6889968850886177,33422,0,1,10,train
73,72,Wspd,trend_ma18,trend,18.0,10,pearson,0.7134973983121043,0.7134973983121043,34886,0,1,10,train
74,73,Wspd,trend_ma18,trend,18.0,10,pearson,0.7107550490293173,0.7107550490293173,33777,0,1,10,train
75,74,Wspd,trend_ma18,trend,18.0,10,pearson,0.7041409893656648,0.7041409893656648,33302,0,1,10,train
76,75,Wspd,trend_ma18,trend,18.0,10,pearson,0.71636978092216,0.71636978092216,33697,0,1,10,train
77,76,Wspd,trend_ma18,trend,18.0,10,pearson,0.6912241191764715,0.6912241191764715,33388,0,1,10,train
78,77,Wspd,trend_ma18,trend,18.0,10,pearson,0.7063261735024097,0.7063261735024097,32624,0,1,10,train
79,78,Wspd,trend_ma18,trend,18.0,10,pearson,0.7103383669581819,0.7103383669581819,32767,0,1,10,train
80,79,Wspd,trend_ma18,trend,18.0,10,pearson,0.7246141845058868,0.7246141845058868,33562,0,1,10,train
81,80,Wspd,trend_ma18,trend,18.0,10,pearson,0.7300114672509687,0.7300114672509687,33467,0,1,10,train
82,81,Wspd,trend_ma18,trend,18.0,10,pearson,0.7108657406029019,0.7108657406029019,32479,0,1,10,train
83,82,Wspd,trend_ma18,trend,18.0,10,pearson,0.7555851481334982,0.7555851481334982,32894,0,1,10,train
84,83,Wspd,trend_ma18,trend,18.0,10,pearson,0.7423686281207781,0.7423686281207781,35785,0,1,10,train
85,84,Wspd,trend_ma18,trend,18.0,10,pearson,0.7199195528974108,0.7199195528974108,32744,0,1,10,train
86,85,Wspd,trend_ma18,trend,18.0,10,pearson,0.7216770071221157,0.7216770071221157,33689,0,1,10,train
87,86,Wspd,trend_ma18,trend,18.0,10,pearson,0.709104515850013,0.709104515850013,35383,0,1,10,train
88,87,Wspd,trend_ma18,trend,18.0,10,pearson,0.6994204821234428,0.6994204821234428,32983,0,1,10,train
89,88,Wspd,trend_ma18,trend,18.0,10,pearson,0.6791014224362734,0.6791014224362734,33348,0,1,10,train
90,89,Wspd,trend_ma18,trend,18.0,10,pearson,0.6927824424037309,0.6927824424037309,33439,0,1,10,train
91,90,Wspd,trend_ma18,trend,18.0,10,pearson,0.69474521930681,0.69474521930681,33630,0,1,10,train
92,91,Wspd,trend_ma18,trend,18.0,10,pearson,0.7018537499375439,0.7018537499375439,33066,0,1,10,train
93,92,Wspd,trend_ma18,trend,18.0,10,pearson,0.6860417545304739,0.6860417545304739,32100,0,1,10,train
94,93,Wspd,trend_ma18,trend,18.0,10,pearson,0.7026014796122072,0.7026014796122072,32977,0,1,10,train
95,94,Wspd,trend_ma18,trend,18.0,10,pearson,0.6942420365438465,0.6942420365438465,32745,0,1,10,train
96,95,Wspd,trend_ma18,trend,18.0,10,pearson,0.716013056007746,0.716013056007746,31120,0,1,10,train
97,96,Wspd,trend_ma18,trend,18.0,10,pearson,0.7207122251381171,0.7207122251381171,31958,0,1,10,train
98,97,Wspd,trend_ma18,trend,18.0,10,pearson,0.7115273746339822,0.7115273746339822,34166,0,1,10,train
99,98,Wspd,trend_ma18,trend,18.0,10,pearson,0.7281398799083558,0.7281398799083558,35180,0,1,10,train
100,99,Wspd,trend_ma18,trend,18.0,10,pearson,0.7298276038131108,0.7298276038131108,32811,0,1,10,train
101,100,Wspd,trend_ma18,trend,18.0,10,pearson,0.7060789680337326,0.7060789680337326,33287,0,1,10,train
102,101,Wspd,trend_ma18,trend,18.0,10,pearson,0.6968174595214252,0.6968174595214252,32556,0,1,10,train
103,102,Wspd,trend_ma18,trend,18.0,10,pearson,0.7152662862245637,0.7152662862245637,34424,0,1,10,train
104,103,Wspd,trend_ma18,trend,18.0,10,pearson,0.6929031962605219,0.6929031962605219,33026,0,1,10,train
105,104,Wspd,trend_ma18,trend,18.0,10,pearson,0.6943851282159907,0.6943851282159907,33584,0,1,10,train
106,105,Wspd,trend_ma18,trend,18.0,10,pearson,0.6970416779680977,0.6970416779680977,32088,0,1,10,train
107,106,Wspd,trend_ma18,trend,18.0,10,pearson,0.7145912230732752,0.7145912230732752,34107,0,1,10,train
108,107,Wspd,trend_ma18,trend,18.0,10,pearson,0.7126414690858359,0.7126414690858359,32234,0,1,10,train
109,108,Wspd,trend_ma18,trend,18.0,10,pearson,0.6844139181419172,0.6844139181419172,33684,0,1,10,train
110,109,Wspd,trend_ma18,trend,18.0,10,pearson,0.6987621635275308,0.6987621635275308,33827,0,1,10,train
111,110,Wspd,trend_ma18,trend,18.0,10,pearson,0.7088292546488991,0.7088292546488991,33531,0,1,10,train
112,111,Wspd,trend_ma18,trend,18.0,10,pearson,0.710204902579285,0.710204902579285,33085,0,1,10,train
113,112,Wspd,trend_ma18,trend,18.0,10,pearson,0.6952926594743597,0.6952926594743597,33307,0,1,10,train
114,113,Wspd,trend_ma18,trend,18.0,10,pearson,0.6972814596327449,0.6972814596327449,32650,0,1,10,train
115,114,Wspd,trend_ma18,trend,18.0,10,pearson,0.710225167317615,0.710225167317615,31927,0,1,10,train
116,115,Wspd,trend_ma18,trend,18.0,10,pearson,0.6949428488388291,0.6949428488388291,32193,0,1,10,train
117,116,Wspd,trend_ma18,trend,18.0,10,pearson,0.7164507443925426,0.7164507443925426,32803,0,1,10,train
118,117,Wspd,trend_ma18,trend,18.0,10,pearson,0.6817225426261739,0.6817225426261739,32762,0,1,10,train
119,118,Wspd,trend_ma18,trend,18.0,10,pearson,0.7182658472486401,0.7182658472486401,33794,0,1,10,train
120,119,Wspd,trend_ma18,trend,18.0,10,pearson,0.6982100387247588,0.6982100387247588,33520,0,1,10,train
121,120,Wspd,trend_ma18,trend,18.0,10,pearson,0.7136346389105359,0.7136346389105359,33741,0,1,10,train
122,121,Wspd,trend_ma18,trend,18.0,10,pearson,0.7038808818971557,0.7038808818971557,32399,0,1,10,train
123,122,Wspd,trend_ma18,trend,18.0,10,pearson,0.676065525212781,0.676065525212781,31843,0,1,10,train
124,123,Wspd,trend_ma18,trend,18.0,10,pearson,0.7172033194010698,0.7172033194010698,32451,0,1,10,train
125,124,Wspd,trend_ma18,trend,18.0,10,pearson,0.6926741615321753,0.6926741615321753,32394,0,1,10,train
126,125,Wspd,trend_ma18,trend,18.0,10,pearson,0.6953842458988772,0.6953842458988772,33022,0,1,10,train
127,126,Wspd,trend_ma18,trend,18.0,10,pearson,0.6973814043271823,0.6973814043271823,33348,0,1,10,train
128,127,Wspd,trend_ma18,trend,18.0,10,pearson,0.695097701714618,0.695097701714618,33419,0,1,10,train
129,128,Wspd,trend_ma18,trend,18.0,10,pearson,0.6999779275568798,0.6999779275568798,33815,0,1,10,train
130,129,Wspd,trend_ma18,trend,18.0,10,pearson,0.6805619998941392,0.6805619998941392,33421,0,1,10,train
131,130,Wspd,trend_ma18,trend,18.0,10,pearson,0.6739690321631514,0.6739690321631514,33428,0,1,10,train
132,131,Wspd,trend_ma18,trend,18.0,10,pearson,0.7076161800484921,0.7076161800484921,34952,0,1,10,train
133,132,Wspd,trend_ma18,trend,18.0,10,pearson,0.6627449023150562,0.6627449023150562,32099,0,1,10,train
134,133,Wspd,trend_ma18,trend,18.0,10,pearson,0.7001258443961859,0.7001258443961859,34605,0,1,10,train
1,0,Wspd,local_residual_ma18,local_residual,18.0,3,pearson,0.24348354447934445,0.24348354447934445,30422,0,1,3,train
2,1,Wspd,local_residual_ma18,local_residual,18.0,3,pearson,0.22731959554417075,0.22731959554417075,30388,0,1,3,train
3,2,Wspd,local_residual_ma18,local_residual,18.0,3,pearson,0.24050269849018976,0.24050269849018976,30574,0,1,3,train
4,3,Wspd,local_residual_ma18,local_residual,18.0,3,pearson,0.24933922806846992,0.24933922806846992,30753,0,1,3,train
5,4,Wspd,local_residual_ma18,local_residual,18.0,3,pearson,0.25156919795292126,0.25156919795292126,31878,0,1,3,train
6,5,Wspd,local_residual_ma18,local_residual,18.0,3,pearson,0.23977807305104631,0.23977807305104631,31062,0,1,3,train
7,6,Wspd,local_residual_ma18,local_residual,18.0,3,pearson,0.21989590568471268,0.21989590568471268,31480,0,1,3,train
8,7,Wspd,local_residual_ma18,local_residual,18.0,3,pearson,0.23192911227653798,0.23192911227653798,31482,0,1,3,train
9,8,Wspd,local_residual_ma18,local_residual,18.0,3,pearson,0.234945828199652,0.234945828199652,30845,0,1,3,train
10,9,Wspd,local_residual_ma18,local_residual,18.0,3,pearson,0.23750192836863337,0.23750192836863337,31194,0,1,3,train
11,10,Wspd,local_residual_ma18,local_residual,18.0,3,pearson,0.22827695917430946,0.22827695917430946,31036,0,1,3,train
12,11,Wspd,local_residual_ma18,local_residual,18.0,3,pearson,0.2358551791227908,0.2358551791227908,30917,0,1,3,train
13,12,Wspd,local_residual_ma18,local_residual,18.0,3,pearson,0.23093667042314417,0.23093667042314417,31140,0,1,3,train
14,13,Wspd,local_residual_ma18,local_residual,18.0,3,pearson,0.24195746242222302,0.24195746242222302,31943,0,1,3,train
15,14,Wspd,local_residual_ma18,local_residual,18.0,3,pearson,0.22111165127877522,0.22111165127877522,30958,0,1,3,train
16,15,Wspd,local_residual_ma18,local_residual,18.0,3,pearson,0.22730359310573173,0.22730359310573173,30753,0,1,3,train
17,16,Wspd,local_residual_ma18,local_residual,18.0,3,pearson,0.24052614142064516,0.24052614142064516,31144,0,1,3,train
18,17,Wspd,local_residual_ma18,local_residual,18.0,3,pearson,0.23789315520631626,0.23789315520631626,31806,0,1,3,train
19,18,Wspd,local_residual_ma18,local_residual,18.0,3,pearson,0.2366733303150553,0.2366733303150553,30990,0,1,3,train
20,19,Wspd,local_residual_ma18,local_residual,18.0,3,pearson,0.2269976451855932,0.2269976451855932,30304,0,1,3,train
21,20,Wspd,local_residual_ma18,local_residual,18.0,3,pearson,0.23090843424772983,0.23090843424772983,31189,0,1,3,train
22,21,Wspd,local_residual_ma18,local_residual,18.0,3,pearson,0.2451862074684028,0.2451862074684028,29742,0,1,3,train
23,22,Wspd,local_residual_ma18,local_residual,18.0,3,pearson,0.2571030513261215,0.2571030513261215,30496,0,1,3,train
24,23,Wspd,local_residual_ma18,local_residual,18.0,3,pearson,0.23558250639872794,0.23558250639872794,30922,0,1,3,train
25,24,Wspd,local_residual_ma18,local_residual,18.0,3,pearson,0.23643826753715005,0.23643826753715005,30601,0,1,3,train
26,25,Wspd,local_residual_ma18,local_residual,18.0,3,pearson,0.24984036316615432,0.24984036316615432,32304,0,1,3,train
27,26,Wspd,local_residual_ma18,local_residual,18.0,3,pearson,0.2471705324295869,0.2471705324295869,31504,0,1,3,train
28,27,Wspd,local_residual_ma18,local_residual,18.0,3,pearson,0.24842004836868659,0.24842004836868659,32568,0,1,3,train
29,28,Wspd,local_residual_ma18,local_residual,18.0,3,pearson,0.23915649072909476,0.23915649072909476,31026,0,1,3,train
30,29,Wspd,local_residual_ma18,local_residual,18.0,3,pearson,0.2261708661212245,0.2261708661212245,31513,0,1,3,train
31,30,Wspd,local_residual_ma18,local_residual,18.0,3,pearson,0.23849550919934545,0.23849550919934545,31664,0,1,3,train
32,31,Wspd,local_residual_ma18,local_residual,18.0,3,pearson,0.2241227768960292,0.2241227768960292,30430,0,1,3,train
33,32,Wspd,local_residual_ma18,local_residual,18.0,3,pearson,0.23343928606864583,0.23343928606864583,30976,0,1,3,train
34,33,Wspd,local_residual_ma18,local_residual,18.0,3,pearson,0.22758154309373144,0.22758154309373144,30463,0,1,3,train
35,34,Wspd,local_residual_ma18,local_residual,18.0,3,pearson,0.23853033006654945,0.23853033006654945,30132,0,1,3,train
36,35,Wspd,local_residual_ma18,local_residual,18.0,3,pearson,0.2405756497648742,0.2405756497648742,30915,0,1,3,train
37,36,Wspd,local_residual_ma18,local_residual,18.0,3,pearson,0.24198814723731155,0.24198814723731155,30864,0,1,3,train
38,37,Wspd,local_residual_ma18,local_residual,18.0,3,pearson,0.22637101808200333,0.22637101808200333,31444,0,1,3,train
39,38,Wspd,local_residual_ma18,local_residual,18.0,3,pearson,0.24180157294984422,0.24180157294984422,31037,0,1,3,train
40,39,Wspd,local_residual_ma18,local_residual,18.0,3,pearson,0.2279297007765739,0.2279297007765739,31361,0,1,3,train
41,40,Wspd,local_residual_ma18,local_residual,18.0,3,pearson,0.22906078659443257,0.22906078659443257,29840,0,1,3,train
42,41,Wspd,local_residual_ma18,local_residual,18.0,3,pearson,0.2419579129139242,0.2419579129139242,30604,0,1,3,train
43,42,Wspd,local_residual_ma18,local_residual,18.0,3,pearson,0.24127803405965068,0.24127803405965068,31102,0,1,3,train
44,43,Wspd,local_residual_ma18,local_residual,18.0,3,pearson,0.2610165138282551,0.2610165138282551,29434,0,1,3,train
45,44,Wspd,local_residual_ma18,local_residual,18.0,3,pearson,0.23853667676734416,0.23853667676734416,30498,0,1,3,train
46,45,Wspd,local_residual_ma18,local_residual,18.0,3,pearson,0.25430963222240666,0.25430963222240666,29846,0,1,3,train
47,46,Wspd,local_residual_ma18,local_residual,18.0,3,pearson,0.2319838170528857,0.2319838170528857,30103,0,1,3,train
48,47,Wspd,local_residual_ma18,local_residual,18.0,3,pearson,0.23516082016080694,0.23516082016080694,30969,0,1,3,train
49,48,Wspd,local_residual_ma18,local_residual,18.0,3,pearson,0.25247870673438005,0.25247870673438005,32545,0,1,3,train
50,49,Wspd,local_residual_ma18,local_residual,18.0,3,pearson,0.2316810423914007,0.2316810423914007,30740,0,1,3,train
51,50,Wspd,local_residual_ma18,local_residual,18.0,3,pearson,0.23597553325538023,0.23597553325538023,31462,0,1,3,train
52,51,Wspd,local_residual_ma18,local_residual,18.0,3,pearson,0.22984944285799278,0.22984944285799278,29043,0,1,3,train
53,52,Wspd,local_residual_ma18,local_residual,18.0,3,pearson,0.23599017016899493,0.23599017016899493,31799,0,1,3,train
54,53,Wspd,local_residual_ma18,local_residual,18.0,3,pearson,0.22565482879759327,0.22565482879759327,31759,0,1,3,train
55,54,Wspd,local_residual_ma18,local_residual,18.0,3,pearson,0.2266345207017883,0.2266345207017883,30702,0,1,3,train
56,55,Wspd,local_residual_ma18,local_residual,18.0,3,pearson,0.23309397358807968,0.23309397358807968,29542,0,1,3,train
57,56,Wspd,local_residual_ma18,local_residual,18.0,3,pearson,0.22921340758406517,0.22921340758406517,31760,0,1,3,train
58,57,Wspd,local_residual_ma18,local_residual,18.0,3,pearson,0.24362311808458578,0.24362311808458578,33384,0,1,3,train
59,58,Wspd,local_residual_ma18,local_residual,18.0,3,pearson,0.22519873979172914,0.22519873979172914,30020,0,1,3,train
60,59,Wspd,local_residual_ma18,local_residual,18.0,3,pearson,0.23249554422106067,0.23249554422106067,30476,0,1,3,train
61,60,Wspd,local_residual_ma18,local_residual,18.0,3,pearson,0.23759461742870877,0.23759461742870877,29791,0,1,3,train
62,61,Wspd,local_residual_ma18,local_residual,18.0,3,pearson,0.2510583880598887,0.2510583880598887,32220,0,1,3,train
63,62,Wspd,local_residual_ma18,local_residual,18.0,3,pearson,0.23681419475826995,0.23681419475826995,30878,0,1,3,train
64,63,Wspd,local_residual_ma18,local_residual,18.0,3,pearson,0.24034041210115822,0.24034041210115822,29786,0,1,3,train
65,64,Wspd,local_residual_ma18,local_residual,18.0,3,pearson,0.23408216683989333,0.23408216683989333,30635,0,1,3,train
66,65,Wspd,local_residual_ma18,local_residual,18.0,3,pearson,0.22705609803307134,0.22705609803307134,31065,0,1,3,train
67,66,Wspd,local_residual_ma18,local_residual,18.0,3,pearson,0.22943574345990067,0.22943574345990067,31879,0,1,3,train
68,67,Wspd,local_residual_ma18,local_residual,18.0,3,pearson,0.23573708007251895,0.23573708007251895,31357,0,1,3,train
69,68,Wspd,local_residual_ma18,local_residual,18.0,3,pearson,0.2382439610224336,0.2382439610224336,30582,0,1,3,train
70,69,Wspd,local_residual_ma18,local_residual,18.0,3,pearson,0.24470149785568174,0.24470149785568174,30657,0,1,3,train
71,70,Wspd,local_residual_ma18,local_residual,18.0,3,pearson,0.26096327567662814,0.26096327567662814,33486,0,1,3,train
72,71,Wspd,local_residual_ma18,local_residual,18.0,3,pearson,0.22004380213479052,0.22004380213479052,30426,0,1,3,train
73,72,Wspd,local_residual_ma18,local_residual,18.0,3,pearson,0.23156077779601228,0.23156077779601228,32349,0,1,3,train
74,73,Wspd,local_residual_ma18,local_residual,18.0,3,pearson,0.23471020694034783,0.23471020694034783,31118,0,1,3,train
75,74,Wspd,local_residual_ma18,local_residual,18.0,3,pearson,0.22778194940735327,0.22778194940735327,30531,0,1,3,train
76,75,Wspd,local_residual_ma18,local_residual,18.0,3,pearson,0.23259570560010384,0.23259570560010384,30934,0,1,3,train
77,76,Wspd,local_residual_ma18,local_residual,18.0,3,pearson,0.22578914203876238,0.22578914203876238,30636,0,1,3,train
78,77,Wspd,local_residual_ma18,local_residual,18.0,3,pearson,0.21713089752690243,0.21713089752690243,29784,0,1,3,train
79,78,Wspd,local_residual_ma18,local_residual,18.0,3,pearson,0.2287138002019093,0.2287138002019093,29803,0,1,3,train
80,79,Wspd,local_residual_ma18,local_residual,18.0,3,pearson,0.2344371413193514,0.2344371413193514,30854,0,1,3,train
81,80,Wspd,local_residual_ma18,local_residual,18.0,3,pearson,0.23546202904951533,0.23546202904951533,30793,0,1,3,train
82,81,Wspd,local_residual_ma18,local_residual,18.0,3,pearson,0.22969015928472866,0.22969015928472866,29474,0,1,3,train
83,82,Wspd,local_residual_ma18,local_residual,18.0,3,pearson,0.2535630446757414,0.2535630446757414,30098,0,1,3,train
84,83,Wspd,local_residual_ma18,local_residual,18.0,3,pearson,0.24955135917487148,0.24955135917487148,33679,0,1,3,train
85,84,Wspd,local_residual_ma18,local_residual,18.0,3,pearson,0.2301568737355038,0.2301568737355038,29888,0,1,3,train
86,85,Wspd,local_residual_ma18,local_residual,18.0,3,pearson,0.23905599080709283,0.23905599080709283,31019,0,1,3,train
87,86,Wspd,local_residual_ma18,local_residual,18.0,3,pearson,0.2580165775735219,0.2580165775735219,33376,0,1,3,train
88,87,Wspd,local_residual_ma18,local_residual,18.0,3,pearson,0.23386145120711876,0.23386145120711876,30221,0,1,3,train
89,88,Wspd,local_residual_ma18,local_residual,18.0,3,pearson,0.23418774546215892,0.23418774546215892,30607,0,1,3,train
90,89,Wspd,local_residual_ma18,local_residual,18.0,3,pearson,0.23137826236103096,0.23137826236103096,30773,0,1,3,train
91,90,Wspd,local_residual_ma18,local_residual,18.0,3,pearson,0.22861577035197955,0.22861577035197955,30688,0,1,3,train
92,91,Wspd,local_residual_ma18,local_residual,18.0,3,pearson,0.22659550526904995,0.22659550526904995,29946,0,1,3,train
93,92,Wspd,local_residual_ma18,local_residual,18.0,3,pearson,0.2143425331313163,0.2143425331313163,28959,0,1,3,train
94,93,Wspd,local_residual_ma18,local_residual,18.0,3,pearson,0.22218096562045325,0.22218096562045325,30107,0,1,3,train
95,94,Wspd,local_residual_ma18,local_residual,18.0,3,pearson,0.21350859107489584,0.21350859107489584,29594,0,1,3,train
96,95,Wspd,local_residual_ma18,local_residual,18.0,3,pearson,0.2293676866842527,0.2293676866842527,28140,0,1,3,train
97,96,Wspd,local_residual_ma18,local_residual,18.0,3,pearson,0.2187159519572343,0.2187159519572343,28845,0,1,3,train
98,97,Wspd,local_residual_ma18,local_residual,18.0,3,pearson,0.23670834927202455,0.23670834927202455,31548,0,1,3,train
99,98,Wspd,local_residual_ma18,local_residual,18.0,3,pearson,0.2383134271005238,0.2383134271005238,32637,0,1,3,train
100,99,Wspd,local_residual_ma18,local_residual,18.0,3,pearson,0.22589851399337887,0.22589851399337887,29839,0,1,3,train
101,100,Wspd,local_residual_ma18,local_residual,18.0,3,pearson,0.22420867021742233,0.22420867021742233,30353,0,1,3,train
102,101,Wspd,local_residual_ma18,local_residual,18.0,3,pearson,0.22208092420186104,0.22208092420186104,29372,0,1,3,train
103,102,Wspd,local_residual_ma18,local_residual,18.0,3,pearson,0.25255005435089667,0.25255005435089667,31821,0,1,3,train
104,103,Wspd,local_residual_ma18,local_residual,18.0,3,pearson,0.24128993813277302,0.24128993813277302,30185,0,1,3,train
105,104,Wspd,local_residual_ma18,local_residual,18.0,3,pearson,0.21147840642234342,0.21147840642234342,30532,0,1,3,train
106,105,Wspd,local_residual_ma18,local_residual,18.0,3,pearson,0.24221209716628195,0.24221209716628195,29413,0,1,3,train
107,106,Wspd,local_residual_ma18,local_residual,18.0,3,pearson,0.23858640036045697,0.23858640036045697,31544,0,1,3,train
108,107,Wspd,local_residual_ma18,local_residual,18.0,3,pearson,0.24581619897849769,0.24581619897849769,29359,0,1,3,train
109,108,Wspd,local_residual_ma18,local_residual,18.0,3,pearson,0.2498806839069727,0.2498806839069727,30903,0,1,3,train
110,109,Wspd,local_residual_ma18,local_residual,18.0,3,pearson,0.2398417772022631,0.2398417772022631,30969,0,1,3,train
111,110,Wspd,local_residual_ma18,local_residual,18.0,3,pearson,0.23429846737549048,0.23429846737549048,30799,0,1,3,train
112,111,Wspd,local_residual_ma18,local_residual,18.0,3,pearson,0.2324815799116503,0.2324815799116503,29994,0,1,3,train
113,112,Wspd,local_residual_ma18,local_residual,18.0,3,pearson,0.227546490766315,0.227546490766315,30423,0,1,3,train
114,113,Wspd,local_residual_ma18,local_residual,18.0,3,pearson,0.22698870633812096,0.22698870633812096,29743,0,1,3,train
115,114,Wspd,local_residual_ma18,local_residual,18.0,3,pearson,0.1981401566347552,0.1981401566347552,28485,0,1,3,train
116,115,Wspd,local_residual_ma18,local_residual,18.0,3,pearson,0.21450485099115038,0.21450485099115038,29110,0,1,3,train
117,116,Wspd,local_residual_ma18,local_residual,18.0,3,pearson,0.20688881069563134,0.20688881069563134,29400,0,1,3,train
118,117,Wspd,local_residual_ma18,local_residual,18.0,3,pearson,0.22445016743752044,0.22445016743752044,29795,0,1,3,train
119,118,Wspd,local_residual_ma18,local_residual,18.0,3,pearson,0.241302916446364,0.241302916446364,31221,0,1,3,train
120,119,Wspd,local_residual_ma18,local_residual,18.0,3,pearson,0.2196499274770973,0.2196499274770973,30631,0,1,3,train
121,120,Wspd,local_residual_ma18,local_residual,18.0,3,pearson,0.2344353037922986,0.2344353037922986,30966,0,1,3,train
122,121,Wspd,local_residual_ma18,local_residual,18.0,3,pearson,0.21583480551347475,0.21583480551347475,29091,0,1,3,train
123,122,Wspd,local_residual_ma18,local_residual,18.0,3,pearson,0.24184722297640776,0.24184722297640776,29060,0,1,3,train
124,123,Wspd,local_residual_ma18,local_residual,18.0,3,pearson,0.21891735066673051,0.21891735066673051,29103,0,1,3,train
125,124,Wspd,local_residual_ma18,local_residual,18.0,3,pearson,0.23574324425387486,0.23574324425387486,29563,0,1,3,train
126,125,Wspd,local_residual_ma18,local_residual,18.0,3,pearson,0.2200379484042874,0.2200379484042874,29983,0,1,3,train
127,126,Wspd,local_residual_ma18,local_residual,18.0,3,pearson,0.2366464347290698,0.2366464347290698,30602,0,1,3,train
128,127,Wspd,local_residual_ma18,local_residual,18.0,3,pearson,0.23849616745802293,0.23849616745802293,30760,0,1,3,train
129,128,Wspd,local_residual_ma18,local_residual,18.0,3,pearson,0.2518393582293299,0.2518393582293299,31284,0,1,3,train
130,129,Wspd,local_residual_ma18,local_residual,18.0,3,pearson,0.23023848955875484,0.23023848955875484,30614,0,1,3,train
131,130,Wspd,local_residual_ma18,local_residual,18.0,3,pearson,0.2463367398227116,0.2463367398227116,30762,0,1,3,train
132,131,Wspd,local_residual_ma18,local_residual,18.0,3,pearson,0.24202752563018873,0.24202752563018873,32308,0,1,3,train
133,132,Wspd,local_residual_ma18,local_residual,18.0,3,pearson,0.24218782408784187,0.24218782408784187,29291,0,1,3,train
134,133,Wspd,local_residual_ma18,local_residual,18.0,3,pearson,0.24564527139694511,0.24564527139694511,31913,0,1,3,train
1,0,Wspd,local_residual_ma18,local_residual,18.0,6,pearson,0.24774987484697353,0.24774987484697353,31760,0,1,6,train
2,1,Wspd,local_residual_ma18,local_residual,18.0,6,pearson,0.23319452667898127,0.23319452667898127,31815,0,1,6,train
3,2,Wspd,local_residual_ma18,local_residual,18.0,6,pearson,0.24489760938011615,0.24489760938011615,31873,0,1,6,train
4,3,Wspd,local_residual_ma18,local_residual,18.0,6,pearson,0.2513618160584541,0.2513618160584541,32103,0,1,6,train
5,4,Wspd,local_residual_ma18,local_residual,18.0,6,pearson,0.25035899278163787,0.25035899278163787,33067,0,1,6,train
6,5,Wspd,local_residual_ma18,local_residual,18.0,6,pearson,0.24498711876115598,0.24498711876115598,32399,0,1,6,train
7,6,Wspd,local_residual_ma18,local_residual,18.0,6,pearson,0.2290408870198807,0.2290408870198807,32983,0,1,6,train
8,7,Wspd,local_residual_ma18,local_residual,18.0,6,pearson,0.2392666761096275,0.2392666761096275,32825,0,1,6,train
9,8,Wspd,local_residual_ma18,local_residual,18.0,6,pearson,0.2411741331419609,0.2411741331419609,32209,0,1,6,train
10,9,Wspd,local_residual_ma18,local_residual,18.0,6,pearson,0.2439019857689369,0.2439019857689369,32522,0,1,6,train
11,10,Wspd,local_residual_ma18,local_residual,18.0,6,pearson,0.23589300964575047,0.23589300964575047,32398,0,1,6,train
12,11,Wspd,local_residual_ma18,local_residual,18.0,6,pearson,0.24025649347350655,0.24025649347350655,32211,0,1,6,train
13,12,Wspd,local_residual_ma18,local_residual,18.0,6,pearson,0.23520191934253482,0.23520191934253482,32413,0,1,6,train
14,13,Wspd,local_residual_ma18,local_residual,18.0,6,pearson,0.2440578542011867,0.2440578542011867,33196,0,1,6,train
15,14,Wspd,local_residual_ma18,local_residual,18.0,6,pearson,0.2253195648351342,0.2253195648351342,32343,0,1,6,train
16,15,Wspd,local_residual_ma18,local_residual,18.0,6,pearson,0.22896151960010203,0.22896151960010203,32028,0,1,6,train
17,16,Wspd,local_residual_ma18,local_residual,18.0,6,pearson,0.2447930644192965,0.2447930644192965,32470,0,1,6,train
18,17,Wspd,local_residual_ma18,local_residual,18.0,6,pearson,0.24143513734434008,0.24143513734434008,32985,0,1,6,train
19,18,Wspd,local_residual_ma18,local_residual,18.0,6,pearson,0.24109077154572947,0.24109077154572947,32383,0,1,6,train
20,19,Wspd,local_residual_ma18,local_residual,18.0,6,pearson,0.23200250558447044,0.23200250558447044,31597,0,1,6,train
21,20,Wspd,local_residual_ma18,local_residual,18.0,6,pearson,0.23696109310940136,0.23696109310940136,32536,0,1,6,train
22,21,Wspd,local_residual_ma18,local_residual,18.0,6,pearson,0.24980460850492195,0.24980460850492195,31007,0,1,6,train
23,22,Wspd,local_residual_ma18,local_residual,18.0,6,pearson,0.25470809513295206,0.25470809513295206,31831,0,1,6,train
24,23,Wspd,local_residual_ma18,local_residual,18.0,6,pearson,0.24178594029436837,0.24178594029436837,32277,0,1,6,train
25,24,Wspd,local_residual_ma18,local_residual,18.0,6,pearson,0.23928183702451977,0.23928183702451977,31915,0,1,6,train
26,25,Wspd,local_residual_ma18,local_residual,18.0,6,pearson,0.24868866868192385,0.24868866868192385,33447,0,1,6,train
27,26,Wspd,local_residual_ma18,local_residual,18.0,6,pearson,0.24794763712928725,0.24794763712928725,32911,0,1,6,train
28,27,Wspd,local_residual_ma18,local_residual,18.0,6,pearson,0.24938786412141806,0.24938786412141806,33765,0,1,6,train
29,28,Wspd,local_residual_ma18,local_residual,18.0,6,pearson,0.2424176726200207,0.2424176726200207,32388,0,1,6,train
30,29,Wspd,local_residual_ma18,local_residual,18.0,6,pearson,0.23103293015061432,0.23103293015061432,32864,0,1,6,train
31,30,Wspd,local_residual_ma18,local_residual,18.0,6,pearson,0.2433112450664834,0.2433112450664834,33025,0,1,6,train
32,31,Wspd,local_residual_ma18,local_residual,18.0,6,pearson,0.22763591261864807,0.22763591261864807,31752,0,1,6,train
33,32,Wspd,local_residual_ma18,local_residual,18.0,6,pearson,0.23747794050173537,0.23747794050173537,32308,0,1,6,train
34,33,Wspd,local_residual_ma18,local_residual,18.0,6,pearson,0.2278236655996449,0.2278236655996449,31852,0,1,6,train
35,34,Wspd,local_residual_ma18,local_residual,18.0,6,pearson,0.2383155716285087,0.2383155716285087,31505,0,1,6,train
36,35,Wspd,local_residual_ma18,local_residual,18.0,6,pearson,0.2433246926838129,0.2433246926838129,32267,0,1,6,train
37,36,Wspd,local_residual_ma18,local_residual,18.0,6,pearson,0.24193859359835002,0.24193859359835002,31977,0,1,6,train
38,37,Wspd,local_residual_ma18,local_residual,18.0,6,pearson,0.2316068678566187,0.2316068678566187,32800,0,1,6,train
39,38,Wspd,local_residual_ma18,local_residual,18.0,6,pearson,0.24526150953664833,0.24526150953664833,32474,0,1,6,train
40,39,Wspd,local_residual_ma18,local_residual,18.0,6,pearson,0.23414657560380508,0.23414657560380508,32800,0,1,6,train
41,40,Wspd,local_residual_ma18,local_residual,18.0,6,pearson,0.23476925977375976,0.23476925977375976,31232,0,1,6,train
42,41,Wspd,local_residual_ma18,local_residual,18.0,6,pearson,0.24574958118805287,0.24574958118805287,31936,0,1,6,train
43,42,Wspd,local_residual_ma18,local_residual,18.0,6,pearson,0.24706718424115026,0.24706718424115026,32427,0,1,6,train
44,43,Wspd,local_residual_ma18,local_residual,18.0,6,pearson,0.2587766218906129,0.2587766218906129,30517,0,1,6,train
45,44,Wspd,local_residual_ma18,local_residual,18.0,6,pearson,0.2446373260073848,0.2446373260073848,31886,0,1,6,train
46,45,Wspd,local_residual_ma18,local_residual,18.0,6,pearson,0.25217968343437297,0.25217968343437297,31213,0,1,6,train
47,46,Wspd,local_residual_ma18,local_residual,18.0,6,pearson,0.23663863122225617,0.23663863122225617,31486,0,1,6,train
48,47,Wspd,local_residual_ma18,local_residual,18.0,6,pearson,0.23965825170635094,0.23965825170635094,32340,0,1,6,train
49,48,Wspd,local_residual_ma18,local_residual,18.0,6,pearson,0.25526487855675506,0.25526487855675506,33649,0,1,6,train
50,49,Wspd,local_residual_ma18,local_residual,18.0,6,pearson,0.23579395463288444,0.23579395463288444,32100,0,1,6,train
51,50,Wspd,local_residual_ma18,local_residual,18.0,6,pearson,0.23874075827007557,0.23874075827007557,32719,0,1,6,train
52,51,Wspd,local_residual_ma18,local_residual,18.0,6,pearson,0.23566632557391268,0.23566632557391268,30390,0,1,6,train
53,52,Wspd,local_residual_ma18,local_residual,18.0,6,pearson,0.23625118439036613,0.23625118439036613,33028,0,1,6,train
54,53,Wspd,local_residual_ma18,local_residual,18.0,6,pearson,0.22864393969057292,0.22864393969057292,33141,0,1,6,train
55,54,Wspd,local_residual_ma18,local_residual,18.0,6,pearson,0.2302541051219046,0.2302541051219046,32031,0,1,6,train
56,55,Wspd,local_residual_ma18,local_residual,18.0,6,pearson,0.23408955547365642,0.23408955547365642,30862,0,1,6,train
57,56,Wspd,local_residual_ma18,local_residual,18.0,6,pearson,0.23314461734512726,0.23314461734512726,33008,0,1,6,train
58,57,Wspd,local_residual_ma18,local_residual,18.0,6,pearson,0.24352004055785842,0.24352004055785842,34441,0,1,6,train
59,58,Wspd,local_residual_ma18,local_residual,18.0,6,pearson,0.2300099958268857,0.2300099958268857,31413,0,1,6,train
60,59,Wspd,local_residual_ma18,local_residual,18.0,6,pearson,0.23580849930173448,0.23580849930173448,31909,0,1,6,train
61,60,Wspd,local_residual_ma18,local_residual,18.0,6,pearson,0.23694375118525446,0.23694375118525446,31162,0,1,6,train
62,61,Wspd,local_residual_ma18,local_residual,18.0,6,pearson,0.2513455648968066,0.2513455648968066,33334,0,1,6,train
63,62,Wspd,local_residual_ma18,local_residual,18.0,6,pearson,0.2392495923719107,0.2392495923719107,32218,0,1,6,train
64,63,Wspd,local_residual_ma18,local_residual,18.0,6,pearson,0.24442075292075693,0.24442075292075693,31032,0,1,6,train
65,64,Wspd,local_residual_ma18,local_residual,18.0,6,pearson,0.23904315646578186,0.23904315646578186,32018,0,1,6,train
66,65,Wspd,local_residual_ma18,local_residual,18.0,6,pearson,0.23497932995130927,0.23497932995130927,32475,0,1,6,train
67,66,Wspd,local_residual_ma18,local_residual,18.0,6,pearson,0.23553703770704898,0.23553703770704898,33237,0,1,6,train
68,67,Wspd,local_residual_ma18,local_residual,18.0,6,pearson,0.24156461986630734,0.24156461986630734,32643,0,1,6,train
69,68,Wspd,local_residual_ma18,local_residual,18.0,6,pearson,0.24395615037570947,0.24395615037570947,31956,0,1,6,train
70,69,Wspd,local_residual_ma18,local_residual,18.0,6,pearson,0.24978494458308212,0.24978494458308212,32053,0,1,6,train
71,70,Wspd,local_residual_ma18,local_residual,18.0,6,pearson,0.2643511294415693,0.2643511294415693,34553,0,1,6,train
72,71,Wspd,local_residual_ma18,local_residual,18.0,6,pearson,0.22873713948594335,0.22873713948594335,31894,0,1,6,train
73,72,Wspd,local_residual_ma18,local_residual,18.0,6,pearson,0.23808514709017686,0.23808514709017686,33603,0,1,6,train
74,73,Wspd,local_residual_ma18,local_residual,18.0,6,pearson,0.240100751883319,0.240100751883319,32414,0,1,6,train
75,74,Wspd,local_residual_ma18,local_residual,18.0,6,pearson,0.23580505158932433,0.23580505158932433,31911,0,1,6,train
76,75,Wspd,local_residual_ma18,local_residual,18.0,6,pearson,0.23968813262631503,0.23968813262631503,32342,0,1,6,train
77,76,Wspd,local_residual_ma18,local_residual,18.0,6,pearson,0.2331974375531171,0.2331974375531171,32000,0,1,6,train
78,77,Wspd,local_residual_ma18,local_residual,18.0,6,pearson,0.22470487387928484,0.22470487387928484,31199,0,1,6,train
79,78,Wspd,local_residual_ma18,local_residual,18.0,6,pearson,0.23419667703506494,0.23419667703506494,31252,0,1,6,train
80,79,Wspd,local_residual_ma18,local_residual,18.0,6,pearson,0.24052674183382167,0.24052674183382167,32193,0,1,6,train
81,80,Wspd,local_residual_ma18,local_residual,18.0,6,pearson,0.23813554305490092,0.23813554305490092,32106,0,1,6,train
82,81,Wspd,local_residual_ma18,local_residual,18.0,6,pearson,0.2344819717100606,0.2344819717100606,30955,0,1,6,train
83,82,Wspd,local_residual_ma18,local_residual,18.0,6,pearson,0.25377598889819625,0.25377598889819625,31470,0,1,6,train
84,83,Wspd,local_residual_ma18,local_residual,18.0,6,pearson,0.2537157432593641,0.2537157432593641,34754,0,1,6,train
85,84,Wspd,local_residual_ma18,local_residual,18.0,6,pearson,0.23531269998173882,0.23531269998173882,31284,0,1,6,train
86,85,Wspd,local_residual_ma18,local_residual,18.0,6,pearson,0.2423391503913867,0.2423391503913867,32345,0,1,6,train
87,86,Wspd,local_residual_ma18,local_residual,18.0,6,pearson,0.2582964624598266,0.2582964624598266,34410,0,1,6,train
88,87,Wspd,local_residual_ma18,local_residual,18.0,6,pearson,0.2389892544427089,0.2389892544427089,31584,0,1,6,train
89,88,Wspd,local_residual_ma18,local_residual,18.0,6,pearson,0.23804093974704413,0.23804093974704413,31941,0,1,6,train
90,89,Wspd,local_residual_ma18,local_residual,18.0,6,pearson,0.23621313178472222,0.23621313178472222,32073,0,1,6,train
91,90,Wspd,local_residual_ma18,local_residual,18.0,6,pearson,0.23601261461097248,0.23601261461097248,32138,0,1,6,train
92,91,Wspd,local_residual_ma18,local_residual,18.0,6,pearson,0.23595193213750945,0.23595193213750945,31487,0,1,6,train
93,92,Wspd,local_residual_ma18,local_residual,18.0,6,pearson,0.22148412313265928,0.22148412313265928,30513,0,1,6,train
94,93,Wspd,local_residual_ma18,local_residual,18.0,6,pearson,0.2327120283599817,0.2327120283599817,31532,0,1,6,train
95,94,Wspd,local_residual_ma18,local_residual,18.0,6,pearson,0.2224305342434516,0.2224305342434516,31168,0,1,6,train
96,95,Wspd,local_residual_ma18,local_residual,18.0,6,pearson,0.23439462295760055,0.23439462295760055,29602,0,1,6,train
97,96,Wspd,local_residual_ma18,local_residual,18.0,6,pearson,0.2293799753831683,0.2293799753831683,30412,0,1,6,train
98,97,Wspd,local_residual_ma18,local_residual,18.0,6,pearson,0.24394338397767132,0.24394338397767132,32850,0,1,6,train
99,98,Wspd,local_residual_ma18,local_residual,18.0,6,pearson,0.24497048969330032,0.24497048969330032,33945,0,1,6,train
100,99,Wspd,local_residual_ma18,local_residual,18.0,6,pearson,0.23441718645466608,0.23441718645466608,31318,0,1,6,train
101,100,Wspd,local_residual_ma18,local_residual,18.0,6,pearson,0.23123180496993848,0.23123180496993848,31790,0,1,6,train
102,101,Wspd,local_residual_ma18,local_residual,18.0,6,pearson,0.22796484334643194,0.22796484334643194,30943,0,1,6,train
103,102,Wspd,local_residual_ma18,local_residual,18.0,6,pearson,0.2556664725208821,0.2556664725208821,33115,0,1,6,train
104,103,Wspd,local_residual_ma18,local_residual,18.0,6,pearson,0.24473265187019375,0.24473265187019375,31581,0,1,6,train
105,104,Wspd,local_residual_ma18,local_residual,18.0,6,pearson,0.2221824156392527,0.2221824156392527,32072,0,1,6,train
106,105,Wspd,local_residual_ma18,local_residual,18.0,6,pearson,0.24338448094091644,0.24338448094091644,30722,0,1,6,train
107,106,Wspd,local_residual_ma18,local_residual,18.0,6,pearson,0.24226759166677947,0.24226759166677947,32839,0,1,6,train
108,107,Wspd,local_residual_ma18,local_residual,18.0,6,pearson,0.24863719229906692,0.24863719229906692,30804,0,1,6,train
109,108,Wspd,local_residual_ma18,local_residual,18.0,6,pearson,0.2537787647637749,0.2537787647637749,32281,0,1,6,train
110,109,Wspd,local_residual_ma18,local_residual,18.0,6,pearson,0.24586702883153436,0.24586702883153436,32389,0,1,6,train
111,110,Wspd,local_residual_ma18,local_residual,18.0,6,pearson,0.237809917967158,0.237809917967158,32139,0,1,6,train
112,111,Wspd,local_residual_ma18,local_residual,18.0,6,pearson,0.2342520227130533,0.2342520227130533,31528,0,1,6,train
113,112,Wspd,local_residual_ma18,local_residual,18.0,6,pearson,0.23623076130429954,0.23623076130429954,31847,0,1,6,train
114,113,Wspd,local_residual_ma18,local_residual,18.0,6,pearson,0.2341007486208784,0.2341007486208784,31174,0,1,6,train
115,114,Wspd,local_residual_ma18,local_residual,18.0,6,pearson,0.21489503106387112,0.21489503106387112,30201,0,1,6,train
116,115,Wspd,local_residual_ma18,local_residual,18.0,6,pearson,0.22577625915113736,0.22577625915113736,30639,0,1,6,train
117,116,Wspd,local_residual_ma18,local_residual,18.0,6,pearson,0.22194414519288208,0.22194414519288208,31134,0,1,6,train
118,117,Wspd,local_residual_ma18,local_residual,18.0,6,pearson,0.2317940353157765,0.2317940353157765,31270,0,1,6,train
119,118,Wspd,local_residual_ma18,local_residual,18.0,6,pearson,0.24621380795237927,0.24621380795237927,32510,0,1,6,train
120,119,Wspd,local_residual_ma18,local_residual,18.0,6,pearson,0.22723737668022354,0.22723737668022354,32043,0,1,6,train
121,120,Wspd,local_residual_ma18,local_residual,18.0,6,pearson,0.2407670744984004,0.2407670744984004,32343,0,1,6,train
122,121,Wspd,local_residual_ma18,local_residual,18.0,6,pearson,0.22527209024098166,0.22527209024098166,30749,0,1,6,train
123,122,Wspd,local_residual_ma18,local_residual,18.0,6,pearson,0.2447927684843774,0.2447927684843774,30414,0,1,6,train
124,123,Wspd,local_residual_ma18,local_residual,18.0,6,pearson,0.227735221295734,0.227735221295734,30762,0,1,6,train
125,124,Wspd,local_residual_ma18,local_residual,18.0,6,pearson,0.2352995108587121,0.2352995108587121,30967,0,1,6,train
126,125,Wspd,local_residual_ma18,local_residual,18.0,6,pearson,0.22929720704543036,0.22929720704543036,31508,0,1,6,train
127,126,Wspd,local_residual_ma18,local_residual,18.0,6,pearson,0.24118643759349545,0.24118643759349545,31952,0,1,6,train
128,127,Wspd,local_residual_ma18,local_residual,18.0,6,pearson,0.23825349624106484,0.23825349624106484,32071,0,1,6,train
129,128,Wspd,local_residual_ma18,local_residual,18.0,6,pearson,0.2538976976422901,0.2538976976422901,32541,0,1,6,train
130,129,Wspd,local_residual_ma18,local_residual,18.0,6,pearson,0.2381861282029112,0.2381861282029112,32018,0,1,6,train
131,130,Wspd,local_residual_ma18,local_residual,18.0,6,pearson,0.2398504737642013,0.2398504737642013,32057,0,1,6,train
132,131,Wspd,local_residual_ma18,local_residual,18.0,6,pearson,0.24808538752520118,0.24808538752520118,33642,0,1,6,train
133,132,Wspd,local_residual_ma18,local_residual,18.0,6,pearson,0.24201326168304835,0.24201326168304835,30650,0,1,6,train
134,133,Wspd,local_residual_ma18,local_residual,18.0,6,pearson,0.24469832211628487,0.24469832211628487,33240,0,1,6,train
1,0,Wspd,local_residual_ma18,local_residual,18.0,10,pearson,0.25018508952171054,0.25018508952171054,33171,0,1,10,train
2,1,Wspd,local_residual_ma18,local_residual,18.0,10,pearson,0.2395143568405338,0.2395143568405338,33280,0,1,10,train
3,2,Wspd,local_residual_ma18,local_residual,18.0,10,pearson,0.2485070450381023,0.2485070450381023,33218,0,1,10,train
4,3,Wspd,local_residual_ma18,local_residual,18.0,10,pearson,0.25370227141776885,0.25370227141776885,33517,0,1,10,train
5,4,Wspd,local_residual_ma18,local_residual,18.0,10,pearson,0.25265984446562517,0.25265984446562517,34321,0,1,10,train
6,5,Wspd,local_residual_ma18,local_residual,18.0,10,pearson,0.25069396285158735,0.25069396285158735,33774,0,1,10,train
7,6,Wspd,local_residual_ma18,local_residual,18.0,10,pearson,0.2403778979572778,0.2403778979572778,34439,0,1,10,train
8,7,Wspd,local_residual_ma18,local_residual,18.0,10,pearson,0.2459122662523907,0.2459122662523907,34189,0,1,10,train
9,8,Wspd,local_residual_ma18,local_residual,18.0,10,pearson,0.2471076054004602,0.2471076054004602,33603,0,1,10,train
10,9,Wspd,local_residual_ma18,local_residual,18.0,10,pearson,0.2511112118781049,0.2511112118781049,33883,0,1,10,train
11,10,Wspd,local_residual_ma18,local_residual,18.0,10,pearson,0.24389955134963218,0.24389955134963218,33786,0,1,10,train
12,11,Wspd,local_residual_ma18,local_residual,18.0,10,pearson,0.24621523122314387,0.24621523122314387,33575,0,1,10,train
13,12,Wspd,local_residual_ma18,local_residual,18.0,10,pearson,0.2437385139679794,0.2437385139679794,33736,0,1,10,train
14,13,Wspd,local_residual_ma18,local_residual,18.0,10,pearson,0.24850423632905702,0.24850423632905702,34397,0,1,10,train
15,14,Wspd,local_residual_ma18,local_residual,18.0,10,pearson,0.23217310128443747,0.23217310128443747,33736,0,1,10,train
16,15,Wspd,local_residual_ma18,local_residual,18.0,10,pearson,0.23330974392335024,0.23330974392335024,33378,0,1,10,train
17,16,Wspd,local_residual_ma18,local_residual,18.0,10,pearson,0.24916875789685627,0.24916875789685627,33845,0,1,10,train
18,17,Wspd,local_residual_ma18,local_residual,18.0,10,pearson,0.24703286008239547,0.24703286008239547,34195,0,1,10,train
19,18,Wspd,local_residual_ma18,local_residual,18.0,10,pearson,0.24732646983056042,0.24732646983056042,33848,0,1,10,train
20,19,Wspd,local_residual_ma18,local_residual,18.0,10,pearson,0.23795856188336834,0.23795856188336834,32955,0,1,10,train
21,20,Wspd,local_residual_ma18,local_residual,18.0,10,pearson,0.24171507338835033,0.24171507338835033,33915,0,1,10,train
22,21,Wspd,local_residual_ma18,local_residual,18.0,10,pearson,0.2550077893623188,0.2550077893623188,32335,0,1,10,train
23,22,Wspd,local_residual_ma18,local_residual,18.0,10,pearson,0.25651800501072836,0.25651800501072836,33248,0,1,10,train
24,23,Wspd,local_residual_ma18,local_residual,18.0,10,pearson,0.2493855404835438,0.2493855404835438,33678,0,1,10,train
25,24,Wspd,local_residual_ma18,local_residual,18.0,10,pearson,0.2447381061652547,0.2447381061652547,33296,0,1,10,train
26,25,Wspd,local_residual_ma18,local_residual,18.0,10,pearson,0.2513914668914121,0.2513914668914121,34635,0,1,10,train
27,26,Wspd,local_residual_ma18,local_residual,18.0,10,pearson,0.2505864249003706,0.2505864249003706,34364,0,1,10,train
28,27,Wspd,local_residual_ma18,local_residual,18.0,10,pearson,0.25317880507006724,0.25317880507006724,34935,0,1,10,train
29,28,Wspd,local_residual_ma18,local_residual,18.0,10,pearson,0.24814380461411295,0.24814380461411295,33768,0,1,10,train
30,29,Wspd,local_residual_ma18,local_residual,18.0,10,pearson,0.23872104370771166,0.23872104370771166,34235,0,1,10,train
31,30,Wspd,local_residual_ma18,local_residual,18.0,10,pearson,0.24935121626660092,0.24935121626660092,34398,0,1,10,train
32,31,Wspd,local_residual_ma18,local_residual,18.0,10,pearson,0.235321952459798,0.235321952459798,33164,0,1,10,train
33,32,Wspd,local_residual_ma18,local_residual,18.0,10,pearson,0.24581518652482642,0.24581518652482642,33727,0,1,10,train
34,33,Wspd,local_residual_ma18,local_residual,18.0,10,pearson,0.2301711211772827,0.2301711211772827,33267,0,1,10,train
35,34,Wspd,local_residual_ma18,local_residual,18.0,10,pearson,0.2416070245299325,0.2416070245299325,32897,0,1,10,train
36,35,Wspd,local_residual_ma18,local_residual,18.0,10,pearson,0.24590847949891637,0.24590847949891637,33608,0,1,10,train
37,36,Wspd,local_residual_ma18,local_residual,18.0,10,pearson,0.2463980634576443,0.2463980634576443,33135,0,1,10,train
38,37,Wspd,local_residual_ma18,local_residual,18.0,10,pearson,0.23880002781501317,0.23880002781501317,34186,0,1,10,train
39,38,Wspd,local_residual_ma18,local_residual,18.0,10,pearson,0.2515047592253753,0.2515047592253753,33945,0,1,10,train
40,39,Wspd,local_residual_ma18,local_residual,18.0,10,pearson,0.24209221907003095,0.24209221907003095,34229,0,1,10,train
41,40,Wspd,local_residual_ma18,local_residual,18.0,10,pearson,0.24088833382982258,0.24088833382982258,32688,0,1,10,train
42,41,Wspd,local_residual_ma18,local_residual,18.0,10,pearson,0.2497054323347436,0.2497054323347436,33335,0,1,10,train
43,42,Wspd,local_residual_ma18,local_residual,18.0,10,pearson,0.25170001187740815,0.25170001187740815,33802,0,1,10,train
44,43,Wspd,local_residual_ma18,local_residual,18.0,10,pearson,0.2576177115470694,0.2576177115470694,31695,0,1,10,train
45,44,Wspd,local_residual_ma18,local_residual,18.0,10,pearson,0.2523812946389436,0.2523812946389436,33331,0,1,10,train
46,45,Wspd,local_residual_ma18,local_residual,18.0,10,pearson,0.2538871822328137,0.2538871822328137,32626,0,1,10,train
47,46,Wspd,local_residual_ma18,local_residual,18.0,10,pearson,0.24341382311907778,0.24341382311907778,32965,0,1,10,train
48,47,Wspd,local_residual_ma18,local_residual,18.0,10,pearson,0.24842326549825378,0.24842326549825378,33749,0,1,10,train
49,48,Wspd,local_residual_ma18,local_residual,18.0,10,pearson,0.26047481287650737,0.26047481287650737,34777,0,1,10,train
50,49,Wspd,local_residual_ma18,local_residual,18.0,10,pearson,0.24380364274566022,0.24380364274566022,33471,0,1,10,train
51,50,Wspd,local_residual_ma18,local_residual,18.0,10,pearson,0.24579271917411302,0.24579271917411302,33980,0,1,10,train
52,51,Wspd,local_residual_ma18,local_residual,18.0,10,pearson,0.24572233231939528,0.24572233231939528,31749,0,1,10,train
53,52,Wspd,local_residual_ma18,local_residual,18.0,10,pearson,0.24138396802240397,0.24138396802240397,34273,0,1,10,train
54,53,Wspd,local_residual_ma18,local_residual,18.0,10,pearson,0.2338145973364941,0.2338145973364941,34512,0,1,10,train
55,54,Wspd,local_residual_ma18,local_residual,18.0,10,pearson,0.2383423519002169,0.2383423519002169,33403,0,1,10,train
56,55,Wspd,local_residual_ma18,local_residual,18.0,10,pearson,0.23822382680512452,0.23822382680512452,32253,0,1,10,train
57,56,Wspd,local_residual_ma18,local_residual,18.0,10,pearson,0.23946277645076403,0.23946277645076403,34277,0,1,10,train
58,57,Wspd,local_residual_ma18,local_residual,18.0,10,pearson,0.24662409155813342,0.24662409155813342,35490,0,1,10,train
59,58,Wspd,local_residual_ma18,local_residual,18.0,10,pearson,0.23665784252338548,0.23665784252338548,32853,0,1,10,train
60,59,Wspd,local_residual_ma18,local_residual,18.0,10,pearson,0.24074554276231852,0.24074554276231852,33365,0,1,10,train
61,60,Wspd,local_residual_ma18,local_residual,18.0,10,pearson,0.2386555064319812,0.2386555064319812,32580,0,1,10,train
62,61,Wspd,local_residual_ma18,local_residual,18.0,10,pearson,0.25302267834127357,0.25302267834127357,34445,0,1,10,train
63,62,Wspd,local_residual_ma18,local_residual,18.0,10,pearson,0.24311727122994642,0.24311727122994642,33594,0,1,10,train
64,63,Wspd,local_residual_ma18,local_residual,18.0,10,pearson,0.24913922550639406,0.24913922550639406,32370,0,1,10,train
65,64,Wspd,local_residual_ma18,local_residual,18.0,10,pearson,0.24515239920108117,0.24515239920108117,33455,0,1,10,train
66,65,Wspd,local_residual_ma18,local_residual,18.0,10,pearson,0.2430840473557025,0.2430840473557025,33901,0,1,10,train
67,66,Wspd,local_residual_ma18,local_residual,18.0,10,pearson,0.24040075387308166,0.24040075387308166,34586,0,1,10,train
68,67,Wspd,local_residual_ma18,local_residual,18.0,10,pearson,0.24658774115620172,0.24658774115620172,33961,0,1,10,train
69,68,Wspd,local_residual_ma18,local_residual,18.0,10,pearson,0.25360983983743235,0.25360983983743235,33391,0,1,10,train
70,69,Wspd,local_residual_ma18,local_residual,18.0,10,pearson,0.256905970149262,0.256905970149262,33539,0,1,10,train
71,70,Wspd,local_residual_ma18,local_residual,18.0,10,pearson,0.2705558372125557,0.2705558372125557,35563,0,1,10,train
72,71,Wspd,local_residual_ma18,local_residual,18.0,10,pearson,0.24077692548357799,0.24077692548357799,33422,0,1,10,train
73,72,Wspd,local_residual_ma18,local_residual,18.0,10,pearson,0.2482236319344048,0.2482236319344048,34886,0,1,10,train
74,73,Wspd,local_residual_ma18,local_residual,18.0,10,pearson,0.24684409032094434,0.24684409032094434,33777,0,1,10,train
75,74,Wspd,local_residual_ma18,local_residual,18.0,10,pearson,0.24525445348869807,0.24525445348869807,33302,0,1,10,train
76,75,Wspd,local_residual_ma18,local_residual,18.0,10,pearson,0.24771116307216903,0.24771116307216903,33697,0,1,10,train
77,76,Wspd,local_residual_ma18,local_residual,18.0,10,pearson,0.2421649141803743,0.2421649141803743,33388,0,1,10,train
78,77,Wspd,local_residual_ma18,local_residual,18.0,10,pearson,0.2346721216362553,0.2346721216362553,32624,0,1,10,train
79,78,Wspd,local_residual_ma18,local_residual,18.0,10,pearson,0.2419380203877074,0.2419380203877074,32767,0,1,10,train
80,79,Wspd,local_residual_ma18,local_residual,18.0,10,pearson,0.247710599228079,0.247710599228079,33562,0,1,10,train
81,80,Wspd,local_residual_ma18,local_residual,18.0,10,pearson,0.2445822507269713,0.2445822507269713,33467,0,1,10,train
82,81,Wspd,local_residual_ma18,local_residual,18.0,10,pearson,0.24204455927641122,0.24204455927641122,32479,0,1,10,train
83,82,Wspd,local_residual_ma18,local_residual,18.0,10,pearson,0.25809744592650546,0.25809744592650546,32894,0,1,10,train
84,83,Wspd,local_residual_ma18,local_residual,18.0,10,pearson,0.2565833879364666,0.2565833879364666,35785,0,1,10,train
85,84,Wspd,local_residual_ma18,local_residual,18.0,10,pearson,0.24282439943161455,0.24282439943161455,32744,0,1,10,train
86,85,Wspd,local_residual_ma18,local_residual,18.0,10,pearson,0.24588610741745726,0.24588610741745726,33689,0,1,10,train
87,86,Wspd,local_residual_ma18,local_residual,18.0,10,pearson,0.2582269908328197,0.2582269908328197,35383,0,1,10,train
88,87,Wspd,local_residual_ma18,local_residual,18.0,10,pearson,0.24449164047054844,0.24449164047054844,32983,0,1,10,train
89,88,Wspd,local_residual_ma18,local_residual,18.0,10,pearson,0.2434181180251222,0.2434181180251222,33348,0,1,10,train
90,89,Wspd,local_residual_ma18,local_residual,18.0,10,pearson,0.23963124515054943,0.23963124515054943,33439,0,1,10,train
91,90,Wspd,local_residual_ma18,local_residual,18.0,10,pearson,0.24688346350132648,0.24688346350132648,33630,0,1,10,train
92,91,Wspd,local_residual_ma18,local_residual,18.0,10,pearson,0.24880849967799368,0.24880849967799368,33066,0,1,10,train
93,92,Wspd,local_residual_ma18,local_residual,18.0,10,pearson,0.23200579266192536,0.23200579266192536,32100,0,1,10,train
94,93,Wspd,local_residual_ma18,local_residual,18.0,10,pearson,0.24340476778622386,0.24340476778622386,32977,0,1,10,train
95,94,Wspd,local_residual_ma18,local_residual,18.0,10,pearson,0.23225146721938156,0.23225146721938156,32745,0,1,10,train
96,95,Wspd,local_residual_ma18,local_residual,18.0,10,pearson,0.24200751146318322,0.24200751146318322,31120,0,1,10,train
97,96,Wspd,local_residual_ma18,local_residual,18.0,10,pearson,0.24133989780021206,0.24133989780021206,31958,0,1,10,train
98,97,Wspd,local_residual_ma18,local_residual,18.0,10,pearson,0.25195611380009003,0.25195611380009003,34166,0,1,10,train
99,98,Wspd,local_residual_ma18,local_residual,18.0,10,pearson,0.25174159844683364,0.25174159844683364,35180,0,1,10,train
100,99,Wspd,local_residual_ma18,local_residual,18.0,10,pearson,0.24239793884269015,0.24239793884269015,32811,0,1,10,train
101,100,Wspd,local_residual_ma18,local_residual,18.0,10,pearson,0.2398474379423753,0.2398474379423753,33287,0,1,10,train
102,101,Wspd,local_residual_ma18,local_residual,18.0,10,pearson,0.23443759093270827,0.23443759093270827,32556,0,1,10,train
103,102,Wspd,local_residual_ma18,local_residual,18.0,10,pearson,0.2584542225216495,0.2584542225216495,34424,0,1,10,train
104,103,Wspd,local_residual_ma18,local_residual,18.0,10,pearson,0.24954310417740175,0.24954310417740175,33026,0,1,10,train
105,104,Wspd,local_residual_ma18,local_residual,18.0,10,pearson,0.23241104683728164,0.23241104683728164,33584,0,1,10,train
106,105,Wspd,local_residual_ma18,local_residual,18.0,10,pearson,0.2468541529731634,0.2468541529731634,32088,0,1,10,train
107,106,Wspd,local_residual_ma18,local_residual,18.0,10,pearson,0.2460957127845073,0.2460957127845073,34107,0,1,10,train
108,107,Wspd,local_residual_ma18,local_residual,18.0,10,pearson,0.2511167016955973,0.2511167016955973,32234,0,1,10,train
109,108,Wspd,local_residual_ma18,local_residual,18.0,10,pearson,0.25611716236486237,0.25611716236486237,33684,0,1,10,train
110,109,Wspd,local_residual_ma18,local_residual,18.0,10,pearson,0.2516621843213993,0.2516621843213993,33827,0,1,10,train
111,110,Wspd,local_residual_ma18,local_residual,18.0,10,pearson,0.24337491666468664,0.24337491666468664,33531,0,1,10,train
112,111,Wspd,local_residual_ma18,local_residual,18.0,10,pearson,0.2359128433065101,0.2359128433065101,33085,0,1,10,train
113,112,Wspd,local_residual_ma18,local_residual,18.0,10,pearson,0.24761245205739335,0.24761245205739335,33307,0,1,10,train
114,113,Wspd,local_residual_ma18,local_residual,18.0,10,pearson,0.24453891415555204,0.24453891415555204,32650,0,1,10,train
115,114,Wspd,local_residual_ma18,local_residual,18.0,10,pearson,0.23211314821193765,0.23211314821193765,31927,0,1,10,train
116,115,Wspd,local_residual_ma18,local_residual,18.0,10,pearson,0.23059462579373877,0.23059462579373877,32193,0,1,10,train
117,116,Wspd,local_residual_ma18,local_residual,18.0,10,pearson,0.23693391242849035,0.23693391242849035,32803,0,1,10,train
118,117,Wspd,local_residual_ma18,local_residual,18.0,10,pearson,0.23984962454574474,0.23984962454574474,32762,0,1,10,train
119,118,Wspd,local_residual_ma18,local_residual,18.0,10,pearson,0.2521908965022343,0.2521908965022343,33794,0,1,10,train
120,119,Wspd,local_residual_ma18,local_residual,18.0,10,pearson,0.23575587075209958,0.23575587075209958,33520,0,1,10,train
121,120,Wspd,local_residual_ma18,local_residual,18.0,10,pearson,0.2480724535878419,0.2480724535878419,33741,0,1,10,train
122,121,Wspd,local_residual_ma18,local_residual,18.0,10,pearson,0.2359216594860365,0.2359216594860365,32399,0,1,10,train
123,122,Wspd,local_residual_ma18,local_residual,18.0,10,pearson,0.24909361963117177,0.24909361963117177,31843,0,1,10,train
124,123,Wspd,local_residual_ma18,local_residual,18.0,10,pearson,0.23680267980803796,0.23680267980803796,32451,0,1,10,train
125,124,Wspd,local_residual_ma18,local_residual,18.0,10,pearson,0.23393113085339512,0.23393113085339512,32394,0,1,10,train
126,125,Wspd,local_residual_ma18,local_residual,18.0,10,pearson,0.2346890344117067,0.2346890344117067,33022,0,1,10,train
127,126,Wspd,local_residual_ma18,local_residual,18.0,10,pearson,0.24686391559118767,0.24686391559118767,33348,0,1,10,train
128,127,Wspd,local_residual_ma18,local_residual,18.0,10,pearson,0.23956163063666158,0.23956163063666158,33419,0,1,10,train
129,128,Wspd,local_residual_ma18,local_residual,18.0,10,pearson,0.25395835583792076,0.25395835583792076,33815,0,1,10,train
130,129,Wspd,local_residual_ma18,local_residual,18.0,10,pearson,0.24285165605576337,0.24285165605576337,33421,0,1,10,train
131,130,Wspd,local_residual_ma18,local_residual,18.0,10,pearson,0.23147657564272184,0.23147657564272184,33428,0,1,10,train
132,131,Wspd,local_residual_ma18,local_residual,18.0,10,pearson,0.2523948092663381,0.2523948092663381,34952,0,1,10,train
133,132,Wspd,local_residual_ma18,local_residual,18.0,10,pearson,0.2433744307286167,0.2433744307286167,32099,0,1,10,train
134,133,Wspd,local_residual_ma18,local_residual,18.0,10,pearson,0.24696180689863528,0.24696180689863528,34605,0,1,10,train
1,0,Wspd,trend_ma36,trend,36.0,3,pearson,0.6324550542874661,0.6324550542874661,30422,0,1,3,train
2,1,Wspd,trend_ma36,trend,36.0,3,pearson,0.6204816077762724,0.6204816077762724,30388,0,1,3,train
3,2,Wspd,trend_ma36,trend,36.0,3,pearson,0.6188458241822786,0.6188458241822786,30574,0,1,3,train
4,3,Wspd,trend_ma36,trend,36.0,3,pearson,0.6234399583743836,0.6234399583743836,30753,0,1,3,train
5,4,Wspd,trend_ma36,trend,36.0,3,pearson,0.6520922103173716,0.6520922103173716,31878,0,1,3,train
6,5,Wspd,trend_ma36,trend,36.0,3,pearson,0.640814054131236,0.640814054131236,31062,0,1,3,train
7,6,Wspd,trend_ma36,trend,36.0,3,pearson,0.6537426260084599,0.6537426260084599,31480,0,1,3,train
8,7,Wspd,trend_ma36,trend,36.0,3,pearson,0.6545470827335877,0.6545470827335877,31482,0,1,3,train
9,8,Wspd,trend_ma36,trend,36.0,3,pearson,0.6281791569394826,0.6281791569394826,30845,0,1,3,train
10,9,Wspd,trend_ma36,trend,36.0,3,pearson,0.655709111119809,0.655709111119809,31194,0,1,3,train
11,10,Wspd,trend_ma36,trend,36.0,3,pearson,0.6288788873252493,0.6288788873252493,31036,0,1,3,train
12,11,Wspd,trend_ma36,trend,36.0,3,pearson,0.6249149001639157,0.6249149001639157,30917,0,1,3,train
13,12,Wspd,trend_ma36,trend,36.0,3,pearson,0.6349285751326741,0.6349285751326741,31140,0,1,3,train
14,13,Wspd,trend_ma36,trend,36.0,3,pearson,0.6627433166277615,0.6627433166277615,31943,0,1,3,train
15,14,Wspd,trend_ma36,trend,36.0,3,pearson,0.6349218494917924,0.6349218494917924,30958,0,1,3,train
16,15,Wspd,trend_ma36,trend,36.0,3,pearson,0.6169774721674243,0.6169774721674243,30753,0,1,3,train
17,16,Wspd,trend_ma36,trend,36.0,3,pearson,0.6415711048362386,0.6415711048362386,31144,0,1,3,train
18,17,Wspd,trend_ma36,trend,36.0,3,pearson,0.671770796268596,0.671770796268596,31806,0,1,3,train
19,18,Wspd,trend_ma36,trend,36.0,3,pearson,0.6305357948891697,0.6305357948891697,30990,0,1,3,train
20,19,Wspd,trend_ma36,trend,36.0,3,pearson,0.6298776530527282,0.6298776530527282,30304,0,1,3,train
21,20,Wspd,trend_ma36,trend,36.0,3,pearson,0.6396946931559272,0.6396946931559272,31189,0,1,3,train
22,21,Wspd,trend_ma36,trend,36.0,3,pearson,0.6213244863216048,0.6213244863216048,29742,0,1,3,train
23,22,Wspd,trend_ma36,trend,36.0,3,pearson,0.6311599556308434,0.6311599556308434,30496,0,1,3,train
24,23,Wspd,trend_ma36,trend,36.0,3,pearson,0.6191774123099553,0.6191774123099553,30922,0,1,3,train
25,24,Wspd,trend_ma36,trend,36.0,3,pearson,0.6251496795642046,0.6251496795642046,30601,0,1,3,train
26,25,Wspd,trend_ma36,trend,36.0,3,pearson,0.6520902622630644,0.6520902622630644,32304,0,1,3,train
27,26,Wspd,trend_ma36,trend,36.0,3,pearson,0.6356758983420381,0.6356758983420381,31504,0,1,3,train
28,27,Wspd,trend_ma36,trend,36.0,3,pearson,0.6473011404208178,0.6473011404208178,32568,0,1,3,train
29,28,Wspd,trend_ma36,trend,36.0,3,pearson,0.626023067055645,0.626023067055645,31026,0,1,3,train
30,29,Wspd,trend_ma36,trend,36.0,3,pearson,0.6306486418459847,0.6306486418459847,31513,0,1,3,train
31,30,Wspd,trend_ma36,trend,36.0,3,pearson,0.6336114774708548,0.6336114774708548,31664,0,1,3,train
32,31,Wspd,trend_ma36,trend,36.0,3,pearson,0.6256225219925695,0.6256225219925695,30430,0,1,3,train
33,32,Wspd,trend_ma36,trend,36.0,3,pearson,0.6318482015597918,0.6318482015597918,30976,0,1,3,train
34,33,Wspd,trend_ma36,trend,36.0,3,pearson,0.6111698500555208,0.6111698500555208,30463,0,1,3,train
35,34,Wspd,trend_ma36,trend,36.0,3,pearson,0.6200746061211051,0.6200746061211051,30132,0,1,3,train
36,35,Wspd,trend_ma36,trend,36.0,3,pearson,0.637636323003691,0.637636323003691,30915,0,1,3,train
37,36,Wspd,trend_ma36,trend,36.0,3,pearson,0.6527836248542583,0.6527836248542583,30864,0,1,3,train
38,37,Wspd,trend_ma36,trend,36.0,3,pearson,0.6420212477519986,0.6420212477519986,31444,0,1,3,train
39,38,Wspd,trend_ma36,trend,36.0,3,pearson,0.638615725989086,0.638615725989086,31037,0,1,3,train
40,39,Wspd,trend_ma36,trend,36.0,3,pearson,0.6398389497055071,0.6398389497055071,31361,0,1,3,train
41,40,Wspd,trend_ma36,trend,36.0,3,pearson,0.6287478543127378,0.6287478543127378,29840,0,1,3,train
42,41,Wspd,trend_ma36,trend,36.0,3,pearson,0.6441173490576739,0.6441173490576739,30604,0,1,3,train
43,42,Wspd,trend_ma36,trend,36.0,3,pearson,0.6480535909898718,0.6480535909898718,31102,0,1,3,train
44,43,Wspd,trend_ma36,trend,36.0,3,pearson,0.6072593448976082,0.6072593448976082,29434,0,1,3,train
45,44,Wspd,trend_ma36,trend,36.0,3,pearson,0.6222256046606505,0.6222256046606505,30498,0,1,3,train
46,45,Wspd,trend_ma36,trend,36.0,3,pearson,0.612993870390658,0.612993870390658,29846,0,1,3,train
47,46,Wspd,trend_ma36,trend,36.0,3,pearson,0.5986573930812612,0.5986573930812612,30103,0,1,3,train
48,47,Wspd,trend_ma36,trend,36.0,3,pearson,0.6288809097092636,0.6288809097092636,30969,0,1,3,train
49,48,Wspd,trend_ma36,trend,36.0,3,pearson,0.6473304322585672,0.6473304322585672,32545,0,1,3,train
50,49,Wspd,trend_ma36,trend,36.0,3,pearson,0.6309201750259016,0.6309201750259016,30740,0,1,3,train
51,50,Wspd,trend_ma36,trend,36.0,3,pearson,0.6338345702347153,0.6338345702347153,31462,0,1,3,train
52,51,Wspd,trend_ma36,trend,36.0,3,pearson,0.6129731013090773,0.6129731013090773,29043,0,1,3,train
53,52,Wspd,trend_ma36,trend,36.0,3,pearson,0.65545643986535,0.65545643986535,31799,0,1,3,train
54,53,Wspd,trend_ma36,trend,36.0,3,pearson,0.6484768859411707,0.6484768859411707,31759,0,1,3,train
55,54,Wspd,trend_ma36,trend,36.0,3,pearson,0.6330797827278297,0.6330797827278297,30702,0,1,3,train
56,55,Wspd,trend_ma36,trend,36.0,3,pearson,0.6339618021654516,0.6339618021654516,29542,0,1,3,train
57,56,Wspd,trend_ma36,trend,36.0,3,pearson,0.6456129447087884,0.6456129447087884,31760,0,1,3,train
58,57,Wspd,trend_ma36,trend,36.0,3,pearson,0.6601364426039983,0.6601364426039983,33384,0,1,3,train
59,58,Wspd,trend_ma36,trend,36.0,3,pearson,0.6362815877427763,0.6362815877427763,30020,0,1,3,train
60,59,Wspd,trend_ma36,trend,36.0,3,pearson,0.6104059804404137,0.6104059804404137,30476,0,1,3,train
61,60,Wspd,trend_ma36,trend,36.0,3,pearson,0.6244645044474085,0.6244645044474085,29791,0,1,3,train
62,61,Wspd,trend_ma36,trend,36.0,3,pearson,0.6585396122040286,0.6585396122040286,32220,0,1,3,train
63,62,Wspd,trend_ma36,trend,36.0,3,pearson,0.6573622313665572,0.6573622313665572,30878,0,1,3,train
64,63,Wspd,trend_ma36,trend,36.0,3,pearson,0.6334725636011473,0.6334725636011473,29786,0,1,3,train
65,64,Wspd,trend_ma36,trend,36.0,3,pearson,0.6391530329513904,0.6391530329513904,30635,0,1,3,train
66,65,Wspd,trend_ma36,trend,36.0,3,pearson,0.6397269966525571,0.6397269966525571,31065,0,1,3,train
67,66,Wspd,trend_ma36,trend,36.0,3,pearson,0.64015215969762,0.64015215969762,31879,0,1,3,train
68,67,Wspd,trend_ma36,trend,36.0,3,pearson,0.6370489905527895,0.6370489905527895,31357,0,1,3,train
69,68,Wspd,trend_ma36,trend,36.0,3,pearson,0.6212501550411552,0.6212501550411552,30582,0,1,3,train
70,69,Wspd,trend_ma36,trend,36.0,3,pearson,0.5945385101721542,0.5945385101721542,30657,0,1,3,train
71,70,Wspd,trend_ma36,trend,36.0,3,pearson,0.6536939188570194,0.6536939188570194,33486,0,1,3,train
72,71,Wspd,trend_ma36,trend,36.0,3,pearson,0.6135167606721773,0.6135167606721773,30426,0,1,3,train
73,72,Wspd,trend_ma36,trend,36.0,3,pearson,0.6508073973167233,0.6508073973167233,32349,0,1,3,train
74,73,Wspd,trend_ma36,trend,36.0,3,pearson,0.6425188191455835,0.6425188191455835,31118,0,1,3,train
75,74,Wspd,trend_ma36,trend,36.0,3,pearson,0.633354000440195,0.633354000440195,30531,0,1,3,train
76,75,Wspd,trend_ma36,trend,36.0,3,pearson,0.6475400324519565,0.6475400324519565,30934,0,1,3,train
77,76,Wspd,trend_ma36,trend,36.0,3,pearson,0.6175197495987653,0.6175197495987653,30636,0,1,3,train
78,77,Wspd,trend_ma36,trend,36.0,3,pearson,0.6328910913002025,0.6328910913002025,29784,0,1,3,train
79,78,Wspd,trend_ma36,trend,36.0,3,pearson,0.6348563027790243,0.6348563027790243,29803,0,1,3,train
80,79,Wspd,trend_ma36,trend,36.0,3,pearson,0.6563423805894547,0.6563423805894547,30854,0,1,3,train
81,80,Wspd,trend_ma36,trend,36.0,3,pearson,0.6622018375305918,0.6622018375305918,30793,0,1,3,train
82,81,Wspd,trend_ma36,trend,36.0,3,pearson,0.6373575015253625,0.6373575015253625,29474,0,1,3,train
83,82,Wspd,trend_ma36,trend,36.0,3,pearson,0.6849277453085137,0.6849277453085137,30098,0,1,3,train
84,83,Wspd,trend_ma36,trend,36.0,3,pearson,0.6779112632541332,0.6779112632541332,33679,0,1,3,train
85,84,Wspd,trend_ma36,trend,36.0,3,pearson,0.6468394575075489,0.6468394575075489,29888,0,1,3,train
86,85,Wspd,trend_ma36,trend,36.0,3,pearson,0.6523836130040214,0.6523836130040214,31019,0,1,3,train
87,86,Wspd,trend_ma36,trend,36.0,3,pearson,0.64701949455995,0.64701949455995,33376,0,1,3,train
88,87,Wspd,trend_ma36,trend,36.0,3,pearson,0.6275406353168644,0.6275406353168644,30221,0,1,3,train
89,88,Wspd,trend_ma36,trend,36.0,3,pearson,0.6134872087539699,0.6134872087539699,30607,0,1,3,train
90,89,Wspd,trend_ma36,trend,36.0,3,pearson,0.6267224745268358,0.6267224745268358,30773,0,1,3,train
91,90,Wspd,trend_ma36,trend,36.0,3,pearson,0.6184803933849464,0.6184803933849464,30688,0,1,3,train
92,91,Wspd,trend_ma36,trend,36.0,3,pearson,0.6213810373945862,0.6213810373945862,29946,0,1,3,train
93,92,Wspd,trend_ma36,trend,36.0,3,pearson,0.6104693610447756,0.6104693610447756,28959,0,1,3,train
94,93,Wspd,trend_ma36,trend,36.0,3,pearson,0.6284475298482928,0.6284475298482928,30107,0,1,3,train
95,94,Wspd,trend_ma36,trend,36.0,3,pearson,0.6217755155846294,0.6217755155846294,29594,0,1,3,train
96,95,Wspd,trend_ma36,trend,36.0,3,pearson,0.6412472878903932,0.6412472878903932,28140,0,1,3,train
97,96,Wspd,trend_ma36,trend,36.0,3,pearson,0.6452628476548607,0.6452628476548607,28845,0,1,3,train
98,97,Wspd,trend_ma36,trend,36.0,3,pearson,0.6450276704347289,0.6450276704347289,31548,0,1,3,train
99,98,Wspd,trend_ma36,trend,36.0,3,pearson,0.6684951674338816,0.6684951674338816,32637,0,1,3,train
100,99,Wspd,trend_ma36,trend,36.0,3,pearson,0.6627068782580618,0.6627068782580618,29839,0,1,3,train
101,100,Wspd,trend_ma36,trend,36.0,3,pearson,0.6362309202158076,0.6362309202158076,30353,0,1,3,train
102,101,Wspd,trend_ma36,trend,36.0,3,pearson,0.6235422677709205,0.6235422677709205,29372,0,1,3,train
103,102,Wspd,trend_ma36,trend,36.0,3,pearson,0.6445339716355438,0.6445339716355438,31821,0,1,3,train
104,103,Wspd,trend_ma36,trend,36.0,3,pearson,0.6174632165037007,0.6174632165037007,30185,0,1,3,train
105,104,Wspd,trend_ma36,trend,36.0,3,pearson,0.6204532806283656,0.6204532806283656,30532,0,1,3,train
106,105,Wspd,trend_ma36,trend,36.0,3,pearson,0.6292450589456076,0.6292450589456076,29413,0,1,3,train
107,106,Wspd,trend_ma36,trend,36.0,3,pearson,0.649422644746224,0.649422644746224,31544,0,1,3,train
108,107,Wspd,trend_ma36,trend,36.0,3,pearson,0.6490680307808775,0.6490680307808775,29359,0,1,3,train
109,108,Wspd,trend_ma36,trend,36.0,3,pearson,0.6102291238062585,0.6102291238062585,30903,0,1,3,train
110,109,Wspd,trend_ma36,trend,36.0,3,pearson,0.6303111696887592,0.6303111696887592,30969,0,1,3,train
111,110,Wspd,trend_ma36,trend,36.0,3,pearson,0.6378702612100343,0.6378702612100343,30799,0,1,3,train
112,111,Wspd,trend_ma36,trend,36.0,3,pearson,0.6416421914841012,0.6416421914841012,29994,0,1,3,train
113,112,Wspd,trend_ma36,trend,36.0,3,pearson,0.6175919091718748,0.6175919091718748,30423,0,1,3,train
114,113,Wspd,trend_ma36,trend,36.0,3,pearson,0.6277322983769481,0.6277322983769481,29743,0,1,3,train
115,114,Wspd,trend_ma36,trend,36.0,3,pearson,0.6294904813586968,0.6294904813586968,28485,0,1,3,train
116,115,Wspd,trend_ma36,trend,36.0,3,pearson,0.6198086339209391,0.6198086339209391,29110,0,1,3,train
117,116,Wspd,trend_ma36,trend,36.0,3,pearson,0.6358509514663349,0.6358509514663349,29400,0,1,3,train
118,117,Wspd,trend_ma36,trend,36.0,3,pearson,0.610190463281809,0.610190463281809,29795,0,1,3,train
119,118,Wspd,trend_ma36,trend,36.0,3,pearson,0.6489599335366417,0.6489599335366417,31221,0,1,3,train
120,119,Wspd,trend_ma36,trend,36.0,3,pearson,0.6245324078438078,0.6245324078438078,30631,0,1,3,train
121,120,Wspd,trend_ma36,trend,36.0,3,pearson,0.6459921752922473,0.6459921752922473,30966,0,1,3,train
122,121,Wspd,trend_ma36,trend,36.0,3,pearson,0.6248174220526653,0.6248174220526653,29091,0,1,3,train
123,122,Wspd,trend_ma36,trend,36.0,3,pearson,0.5981736222414986,0.5981736222414986,29060,0,1,3,train
124,123,Wspd,trend_ma36,trend,36.0,3,pearson,0.648907954978237,0.648907954978237,29103,0,1,3,train
125,124,Wspd,trend_ma36,trend,36.0,3,pearson,0.6280596881904246,0.6280596881904246,29563,0,1,3,train
126,125,Wspd,trend_ma36,trend,36.0,3,pearson,0.6268748186253915,0.6268748186253915,29983,0,1,3,train
127,126,Wspd,trend_ma36,trend,36.0,3,pearson,0.6256049378535266,0.6256049378535266,30602,0,1,3,train
128,127,Wspd,trend_ma36,trend,36.0,3,pearson,0.6305256298350318,0.6305256298350318,30760,0,1,3,train
129,128,Wspd,trend_ma36,trend,36.0,3,pearson,0.6342491684915333,0.6342491684915333,31284,0,1,3,train
130,129,Wspd,trend_ma36,trend,36.0,3,pearson,0.610485713691602,0.610485713691602,30614,0,1,3,train
131,130,Wspd,trend_ma36,trend,36.0,3,pearson,0.605034437558703,0.605034437558703,30762,0,1,3,train
132,131,Wspd,trend_ma36,trend,36.0,3,pearson,0.6351382480259696,0.6351382480259696,32308,0,1,3,train
133,132,Wspd,trend_ma36,trend,36.0,3,pearson,0.601045093034064,0.601045093034064,29291,0,1,3,train
134,133,Wspd,trend_ma36,trend,36.0,3,pearson,0.6381731177239361,0.6381731177239361,31913,0,1,3,train
1,0,Wspd,trend_ma36,trend,36.0,6,pearson,0.6254128448208224,0.6254128448208224,31760,0,1,6,train
2,1,Wspd,trend_ma36,trend,36.0,6,pearson,0.6134679726052286,0.6134679726052286,31815,0,1,6,train
3,2,Wspd,trend_ma36,trend,36.0,6,pearson,0.6121639693512934,0.6121639693512934,31873,0,1,6,train
4,3,Wspd,trend_ma36,trend,36.0,6,pearson,0.616090707976523,0.616090707976523,32103,0,1,6,train
5,4,Wspd,trend_ma36,trend,36.0,6,pearson,0.6410384625912824,0.6410384625912824,33067,0,1,6,train
6,5,Wspd,trend_ma36,trend,36.0,6,pearson,0.6322368437217517,0.6322368437217517,32399,0,1,6,train
7,6,Wspd,trend_ma36,trend,36.0,6,pearson,0.6455929534355402,0.6455929534355402,32983,0,1,6,train
8,7,Wspd,trend_ma36,trend,36.0,6,pearson,0.6462455935656811,0.6462455935656811,32825,0,1,6,train
9,8,Wspd,trend_ma36,trend,36.0,6,pearson,0.6191335782647295,0.6191335782647295,32209,0,1,6,train
10,9,Wspd,trend_ma36,trend,36.0,6,pearson,0.6460370799382451,0.6460370799382451,32522,0,1,6,train
11,10,Wspd,trend_ma36,trend,36.0,6,pearson,0.6197926214533578,0.6197926214533578,32398,0,1,6,train
12,11,Wspd,trend_ma36,trend,36.0,6,pearson,0.616929080498484,0.616929080498484,32211,0,1,6,train
13,12,Wspd,trend_ma36,trend,36.0,6,pearson,0.6284009559041281,0.6284009559041281,32413,0,1,6,train
14,13,Wspd,trend_ma36,trend,36.0,6,pearson,0.6532621073288679,0.6532621073288679,33196,0,1,6,train
15,14,Wspd,trend_ma36,trend,36.0,6,pearson,0.6283995955468774,0.6283995955468774,32343,0,1,6,train
16,15,Wspd,trend_ma36,trend,36.0,6,pearson,0.6096767231056899,0.6096767231056899,32028,0,1,6,train
17,16,Wspd,trend_ma36,trend,36.0,6,pearson,0.6324195437650877,0.6324195437650877,32470,0,1,6,train
18,17,Wspd,trend_ma36,trend,36.0,6,pearson,0.6642187420027402,0.6642187420027402,32985,0,1,6,train
19,18,Wspd,trend_ma36,trend,36.0,6,pearson,0.6247097206867166,0.6247097206867166,32383,0,1,6,train
20,19,Wspd,trend_ma36,trend,36.0,6,pearson,0.6229223731148049,0.6229223731148049,31597,0,1,6,train
21,20,Wspd,trend_ma36,trend,36.0,6,pearson,0.6319277250115551,0.6319277250115551,32536,0,1,6,train
22,21,Wspd,trend_ma36,trend,36.0,6,pearson,0.6146361354215901,0.6146361354215901,31007,0,1,6,train
23,22,Wspd,trend_ma36,trend,36.0,6,pearson,0.6242391472262199,0.6242391472262199,31831,0,1,6,train
24,23,Wspd,trend_ma36,trend,36.0,6,pearson,0.6140970750509049,0.6140970750509049,32277,0,1,6,train
25,24,Wspd,trend_ma36,trend,36.0,6,pearson,0.6197036625096021,0.6197036625096021,31915,0,1,6,train
26,25,Wspd,trend_ma36,trend,36.0,6,pearson,0.6428115303610356,0.6428115303610356,33447,0,1,6,train
27,26,Wspd,trend_ma36,trend,36.0,6,pearson,0.6287877992617042,0.6287877992617042,32911,0,1,6,train
28,27,Wspd,trend_ma36,trend,36.0,6,pearson,0.637318852284252,0.637318852284252,33765,0,1,6,train
29,28,Wspd,trend_ma36,trend,36.0,6,pearson,0.6182532139638697,0.6182532139638697,32388,0,1,6,train
30,29,Wspd,trend_ma36,trend,36.0,6,pearson,0.6245967993691443,0.6245967993691443,32864,0,1,6,train
31,30,Wspd,trend_ma36,trend,36.0,6,pearson,0.626757840177888,0.626757840177888,33025,0,1,6,train
32,31,Wspd,trend_ma36,trend,36.0,6,pearson,0.6187483481095841,0.6187483481095841,31752,0,1,6,train
33,32,Wspd,trend_ma36,trend,36.0,6,pearson,0.6242738303349066,0.6242738303349066,32308,0,1,6,train
34,33,Wspd,trend_ma36,trend,36.0,6,pearson,0.6055357518410454,0.6055357518410454,31852,0,1,6,train
35,34,Wspd,trend_ma36,trend,36.0,6,pearson,0.6116314674519405,0.6116314674519405,31505,0,1,6,train
36,35,Wspd,trend_ma36,trend,36.0,6,pearson,0.6276763599762781,0.6276763599762781,32267,0,1,6,train
37,36,Wspd,trend_ma36,trend,36.0,6,pearson,0.6407190685243814,0.6407190685243814,31977,0,1,6,train
38,37,Wspd,trend_ma36,trend,36.0,6,pearson,0.6365570567090446,0.6365570567090446,32800,0,1,6,train
39,38,Wspd,trend_ma36,trend,36.0,6,pearson,0.6314024849121355,0.6314024849121355,32474,0,1,6,train
40,39,Wspd,trend_ma36,trend,36.0,6,pearson,0.632799317594822,0.632799317594822,32800,0,1,6,train
41,40,Wspd,trend_ma36,trend,36.0,6,pearson,0.6194566516005962,0.6194566516005962,31232,0,1,6,train
42,41,Wspd,trend_ma36,trend,36.0,6,pearson,0.6383434200432644,0.6383434200432644,31936,0,1,6,train
43,42,Wspd,trend_ma36,trend,36.0,6,pearson,0.6387500052825881,0.6387500052825881,32427,0,1,6,train
44,43,Wspd,trend_ma36,trend,36.0,6,pearson,0.5964615914409263,0.5964615914409263,30517,0,1,6,train
45,44,Wspd,trend_ma36,trend,36.0,6,pearson,0.6168621308820683,0.6168621308820683,31886,0,1,6,train
46,45,Wspd,trend_ma36,trend,36.0,6,pearson,0.6080614712546559,0.6080614712546559,31213,0,1,6,train
47,46,Wspd,trend_ma36,trend,36.0,6,pearson,0.593215297482446,0.593215297482446,31486,0,1,6,train
48,47,Wspd,trend_ma36,trend,36.0,6,pearson,0.622864362883565,0.622864362883565,32340,0,1,6,train
49,48,Wspd,trend_ma36,trend,36.0,6,pearson,0.6355292973958828,0.6355292973958828,33649,0,1,6,train
50,49,Wspd,trend_ma36,trend,36.0,6,pearson,0.6227065762962709,0.6227065762962709,32100,0,1,6,train
51,50,Wspd,trend_ma36,trend,36.0,6,pearson,0.6251683338027954,0.6251683338027954,32719,0,1,6,train
52,51,Wspd,trend_ma36,trend,36.0,6,pearson,0.6087670423613145,0.6087670423613145,30390,0,1,6,train
53,52,Wspd,trend_ma36,trend,36.0,6,pearson,0.6473157053558721,0.6473157053558721,33028,0,1,6,train
54,53,Wspd,trend_ma36,trend,36.0,6,pearson,0.6388710318171641,0.6388710318171641,33141,0,1,6,train
55,54,Wspd,trend_ma36,trend,36.0,6,pearson,0.6267847527477455,0.6267847527477455,32031,0,1,6,train
56,55,Wspd,trend_ma36,trend,36.0,6,pearson,0.6269536336287622,0.6269536336287622,30862,0,1,6,train
57,56,Wspd,trend_ma36,trend,36.0,6,pearson,0.6394592606671737,0.6394592606671737,33008,0,1,6,train
58,57,Wspd,trend_ma36,trend,36.0,6,pearson,0.6524761894263227,0.6524761894263227,34441,0,1,6,train
59,58,Wspd,trend_ma36,trend,36.0,6,pearson,0.6274088660310182,0.6274088660310182,31413,0,1,6,train
60,59,Wspd,trend_ma36,trend,36.0,6,pearson,0.607536926307581,0.607536926307581,31909,0,1,6,train
61,60,Wspd,trend_ma36,trend,36.0,6,pearson,0.6182107911133273,0.6182107911133273,31162,0,1,6,train
62,61,Wspd,trend_ma36,trend,36.0,6,pearson,0.6489878821609553,0.6489878821609553,33334,0,1,6,train
63,62,Wspd,trend_ma36,trend,36.0,6,pearson,0.6478849676403555,0.6478849676403555,32218,0,1,6,train
64,63,Wspd,trend_ma36,trend,36.0,6,pearson,0.6250903594907372,0.6250903594907372,31032,0,1,6,train
65,64,Wspd,trend_ma36,trend,36.0,6,pearson,0.630964756662433,0.630964756662433,32018,0,1,6,train
66,65,Wspd,trend_ma36,trend,36.0,6,pearson,0.632117528449817,0.632117528449817,32475,0,1,6,train
67,66,Wspd,trend_ma36,trend,36.0,6,pearson,0.6314646804750829,0.6314646804750829,33237,0,1,6,train
68,67,Wspd,trend_ma36,trend,36.0,6,pearson,0.630327704054564,0.630327704054564,32643,0,1,6,train
69,68,Wspd,trend_ma36,trend,36.0,6,pearson,0.6130856597215408,0.6130856597215408,31956,0,1,6,train
70,69,Wspd,trend_ma36,trend,36.0,6,pearson,0.5851725354957006,0.5851725354957006,32053,0,1,6,train
71,70,Wspd,trend_ma36,trend,36.0,6,pearson,0.6409947117218904,0.6409947117218904,34553,0,1,6,train
72,71,Wspd,trend_ma36,trend,36.0,6,pearson,0.6071824362625349,0.6071824362625349,31894,0,1,6,train
73,72,Wspd,trend_ma36,trend,36.0,6,pearson,0.6386112274942644,0.6386112274942644,33603,0,1,6,train
74,73,Wspd,trend_ma36,trend,36.0,6,pearson,0.6333195096965238,0.6333195096965238,32414,0,1,6,train
75,74,Wspd,trend_ma36,trend,36.0,6,pearson,0.622052085751072,0.622052085751072,31911,0,1,6,train
76,75,Wspd,trend_ma36,trend,36.0,6,pearson,0.6379544842563212,0.6379544842563212,32342,0,1,6,train
77,76,Wspd,trend_ma36,trend,36.0,6,pearson,0.6090426816241434,0.6090426816241434,32000,0,1,6,train
78,77,Wspd,trend_ma36,trend,36.0,6,pearson,0.6258482042231368,0.6258482042231368,31199,0,1,6,train
79,78,Wspd,trend_ma36,trend,36.0,6,pearson,0.6261010704977349,0.6261010704977349,31252,0,1,6,train
80,79,Wspd,trend_ma36,trend,36.0,6,pearson,0.6460768628701573,0.6460768628701573,32193,0,1,6,train
81,80,Wspd,trend_ma36,trend,36.0,6,pearson,0.6518573656924496,0.6518573656924496,32106,0,1,6,train
82,81,Wspd,trend_ma36,trend,36.0,6,pearson,0.6298484423624058,0.6298484423624058,30955,0,1,6,train
83,82,Wspd,trend_ma36,trend,36.0,6,pearson,0.6738436601141276,0.6738436601141276,31470,0,1,6,train
84,83,Wspd,trend_ma36,trend,36.0,6,pearson,0.6672972258974463,0.6672972258974463,34754,0,1,6,train
85,84,Wspd,trend_ma36,trend,36.0,6,pearson,0.6405229066701528,0.6405229066701528,31284,0,1,6,train
86,85,Wspd,trend_ma36,trend,36.0,6,pearson,0.645865657529386,0.645865657529386,32345,0,1,6,train
87,86,Wspd,trend_ma36,trend,36.0,6,pearson,0.6343341721946385,0.6343341721946385,34410,0,1,6,train
88,87,Wspd,trend_ma36,trend,36.0,6,pearson,0.6208501834624404,0.6208501834624404,31584,0,1,6,train
89,88,Wspd,trend_ma36,trend,36.0,6,pearson,0.6047606620046342,0.6047606620046342,31941,0,1,6,train
90,89,Wspd,trend_ma36,trend,36.0,6,pearson,0.6202114465841944,0.6202114465841944,32073,0,1,6,train
91,90,Wspd,trend_ma36,trend,36.0,6,pearson,0.6120639457100849,0.6120639457100849,32138,0,1,6,train
92,91,Wspd,trend_ma36,trend,36.0,6,pearson,0.6140328049600509,0.6140328049600509,31487,0,1,6,train
93,92,Wspd,trend_ma36,trend,36.0,6,pearson,0.6038018426643824,0.6038018426643824,30513,0,1,6,train
94,93,Wspd,trend_ma36,trend,36.0,6,pearson,0.6189475063130355,0.6189475063130355,31532,0,1,6,train
95,94,Wspd,trend_ma36,trend,36.0,6,pearson,0.613661637996678,0.613661637996678,31168,0,1,6,train
96,95,Wspd,trend_ma36,trend,36.0,6,pearson,0.6337561410423029,0.6337561410423029,29602,0,1,6,train
97,96,Wspd,trend_ma36,trend,36.0,6,pearson,0.6384015268977618,0.6384015268977618,30412,0,1,6,train
98,97,Wspd,trend_ma36,trend,36.0,6,pearson,0.6333588509233506,0.6333588509233506,32850,0,1,6,train
99,98,Wspd,trend_ma36,trend,36.0,6,pearson,0.6527032771046833,0.6527032771046833,33945,0,1,6,train
100,99,Wspd,trend_ma36,trend,36.0,6,pearson,0.652585742779405,0.652585742779405,31318,0,1,6,train
101,100,Wspd,trend_ma36,trend,36.0,6,pearson,0.62870761847231,0.62870761847231,31790,0,1,6,train
102,101,Wspd,trend_ma36,trend,36.0,6,pearson,0.6157149096155675,0.6157149096155675,30943,0,1,6,train
103,102,Wspd,trend_ma36,trend,36.0,6,pearson,0.6360656814486918,0.6360656814486918,33115,0,1,6,train
104,103,Wspd,trend_ma36,trend,36.0,6,pearson,0.6110165787781843,0.6110165787781843,31581,0,1,6,train
105,104,Wspd,trend_ma36,trend,36.0,6,pearson,0.6155763049895457,0.6155763049895457,32072,0,1,6,train
106,105,Wspd,trend_ma36,trend,36.0,6,pearson,0.6212631615156416,0.6212631615156416,30722,0,1,6,train
107,106,Wspd,trend_ma36,trend,36.0,6,pearson,0.6396787145383622,0.6396787145383622,32839,0,1,6,train
108,107,Wspd,trend_ma36,trend,36.0,6,pearson,0.6371972343354537,0.6371972343354537,30804,0,1,6,train
109,108,Wspd,trend_ma36,trend,36.0,6,pearson,0.604321922391814,0.604321922391814,32281,0,1,6,train
110,109,Wspd,trend_ma36,trend,36.0,6,pearson,0.6215783447110491,0.6215783447110491,32389,0,1,6,train
111,110,Wspd,trend_ma36,trend,36.0,6,pearson,0.63220957645982,0.63220957645982,32139,0,1,6,train
112,111,Wspd,trend_ma36,trend,36.0,6,pearson,0.6346126112367609,0.6346126112367609,31528,0,1,6,train
113,112,Wspd,trend_ma36,trend,36.0,6,pearson,0.6081864250865177,0.6081864250865177,31847,0,1,6,train
114,113,Wspd,trend_ma36,trend,36.0,6,pearson,0.6165248889348556,0.6165248889348556,31174,0,1,6,train
115,114,Wspd,trend_ma36,trend,36.0,6,pearson,0.6237717027291649,0.6237717027291649,30201,0,1,6,train
116,115,Wspd,trend_ma36,trend,36.0,6,pearson,0.6109563996669347,0.6109563996669347,30639,0,1,6,train
117,116,Wspd,trend_ma36,trend,36.0,6,pearson,0.6300195954806241,0.6300195954806241,31134,0,1,6,train
118,117,Wspd,trend_ma36,trend,36.0,6,pearson,0.5971947920075614,0.5971947920075614,31270,0,1,6,train
119,118,Wspd,trend_ma36,trend,36.0,6,pearson,0.6379106999417586,0.6379106999417586,32510,0,1,6,train
120,119,Wspd,trend_ma36,trend,36.0,6,pearson,0.617677145700292,0.617677145700292,32043,0,1,6,train
121,120,Wspd,trend_ma36,trend,36.0,6,pearson,0.6374966786643843,0.6374966786643843,32343,0,1,6,train
122,121,Wspd,trend_ma36,trend,36.0,6,pearson,0.6199745163703999,0.6199745163703999,30749,0,1,6,train
123,122,Wspd,trend_ma36,trend,36.0,6,pearson,0.5935799712282783,0.5935799712282783,30414,0,1,6,train
124,123,Wspd,trend_ma36,trend,36.0,6,pearson,0.6401092713769024,0.6401092713769024,30762,0,1,6,train
125,124,Wspd,trend_ma36,trend,36.0,6,pearson,0.6185676226335259,0.6185676226335259,30967,0,1,6,train
126,125,Wspd,trend_ma36,trend,36.0,6,pearson,0.61865417114786,0.61865417114786,31508,0,1,6,train
127,126,Wspd,trend_ma36,trend,36.0,6,pearson,0.6180240893874113,0.6180240893874113,31952,0,1,6,train
128,127,Wspd,trend_ma36,trend,36.0,6,pearson,0.6156603212152268,0.6156603212152268,32071,0,1,6,train
129,128,Wspd,trend_ma36,trend,36.0,6,pearson,0.6239582929401256,0.6239582929401256,32541,0,1,6,train
130,129,Wspd,trend_ma36,trend,36.0,6,pearson,0.6016660216239899,0.6016660216239899,32018,0,1,6,train
131,130,Wspd,trend_ma36,trend,36.0,6,pearson,0.5962991869695903,0.5962991869695903,32057,0,1,6,train
132,131,Wspd,trend_ma36,trend,36.0,6,pearson,0.6285986078773443,0.6285986078773443,33642,0,1,6,train
133,132,Wspd,trend_ma36,trend,36.0,6,pearson,0.5848590406365571,0.5848590406365571,30650,0,1,6,train
134,133,Wspd,trend_ma36,trend,36.0,6,pearson,0.6264861251330243,0.6264861251330243,33240,0,1,6,train
1,0,Wspd,trend_ma36,trend,36.0,10,pearson,0.6133009711457373,0.6133009711457373,33171,0,1,10,train
2,1,Wspd,trend_ma36,trend,36.0,10,pearson,0.6025986807126262,0.6025986807126262,33280,0,1,10,train
3,2,Wspd,trend_ma36,trend,36.0,10,pearson,0.6005571301843725,0.6005571301843725,33218,0,1,10,train
4,3,Wspd,trend_ma36,trend,36.0,10,pearson,0.6043542968591747,0.6043542968591747,33517,0,1,10,train
5,4,Wspd,trend_ma36,trend,36.0,10,pearson,0.6262396260553919,0.6262396260553919,34321,0,1,10,train
6,5,Wspd,trend_ma36,trend,36.0,10,pearson,0.6194635419057409,0.6194635419057409,33774,0,1,10,train
7,6,Wspd,trend_ma36,trend,36.0,10,pearson,0.6323616318653832,0.6323616318653832,34439,0,1,10,train
8,7,Wspd,trend_ma36,trend,36.0,10,pearson,0.6336224194423832,0.6336224194423832,34189,0,1,10,train
9,8,Wspd,trend_ma36,trend,36.0,10,pearson,0.6063780359547519,0.6063780359547519,33603,0,1,10,train
10,9,Wspd,trend_ma36,trend,36.0,10,pearson,0.6313645038104914,0.6313645038104914,33883,0,1,10,train
11,10,Wspd,trend_ma36,trend,36.0,10,pearson,0.6063357394118525,0.6063357394118525,33786,0,1,10,train
12,11,Wspd,trend_ma36,trend,36.0,10,pearson,0.6047585056609948,0.6047585056609948,33575,0,1,10,train
13,12,Wspd,trend_ma36,trend,36.0,10,pearson,0.6160652032575228,0.6160652032575228,33736,0,1,10,train
14,13,Wspd,trend_ma36,trend,36.0,10,pearson,0.6393348026478217,0.6393348026478217,34397,0,1,10,train
15,14,Wspd,trend_ma36,trend,36.0,10,pearson,0.6172333234822835,0.6172333234822835,33736,0,1,10,train
16,15,Wspd,trend_ma36,trend,36.0,10,pearson,0.5980875121323954,0.5980875121323954,33378,0,1,10,train
17,16,Wspd,trend_ma36,trend,36.0,10,pearson,0.6191670470521267,0.6191670470521267,33845,0,1,10,train
18,17,Wspd,trend_ma36,trend,36.0,10,pearson,0.6514586546266924,0.6514586546266924,34195,0,1,10,train
19,18,Wspd,trend_ma36,trend,36.0,10,pearson,0.6137001116783717,0.6137001116783717,33848,0,1,10,train
20,19,Wspd,trend_ma36,trend,36.0,10,pearson,0.6122066600464098,0.6122066600464098,32955,0,1,10,train
21,20,Wspd,trend_ma36,trend,36.0,10,pearson,0.6211302353678713,0.6211302353678713,33915,0,1,10,train
22,21,Wspd,trend_ma36,trend,36.0,10,pearson,0.6026055588484391,0.6026055588484391,32335,0,1,10,train
23,22,Wspd,trend_ma36,trend,36.0,10,pearson,0.6126725391989797,0.6126725391989797,33248,0,1,10,train
24,23,Wspd,trend_ma36,trend,36.0,10,pearson,0.6030865633432467,0.6030865633432467,33678,0,1,10,train
25,24,Wspd,trend_ma36,trend,36.0,10,pearson,0.6105286061571771,0.6105286061571771,33296,0,1,10,train
26,25,Wspd,trend_ma36,trend,36.0,10,pearson,0.6296996426224277,0.6296996426224277,34635,0,1,10,train
27,26,Wspd,trend_ma36,trend,36.0,10,pearson,0.6163965874245025,0.6163965874245025,34364,0,1,10,train
28,27,Wspd,trend_ma36,trend,36.0,10,pearson,0.6230950280578399,0.6230950280578399,34935,0,1,10,train
29,28,Wspd,trend_ma36,trend,36.0,10,pearson,0.6064808736558628,0.6064808736558628,33768,0,1,10,train
30,29,Wspd,trend_ma36,trend,36.0,10,pearson,0.6141290843378923,0.6141290843378923,34235,0,1,10,train
31,30,Wspd,trend_ma36,trend,36.0,10,pearson,0.6143738421824968,0.6143738421824968,34398,0,1,10,train
32,31,Wspd,trend_ma36,trend,36.0,10,pearson,0.6077066420753974,0.6077066420753974,33164,0,1,10,train
33,32,Wspd,trend_ma36,trend,36.0,10,pearson,0.6117129670377475,0.6117129670377475,33727,0,1,10,train
34,33,Wspd,trend_ma36,trend,36.0,10,pearson,0.5975042797512008,0.5975042797512008,33267,0,1,10,train
35,34,Wspd,trend_ma36,trend,36.0,10,pearson,0.6008780212777697,0.6008780212777697,32897,0,1,10,train
36,35,Wspd,trend_ma36,trend,36.0,10,pearson,0.6130218931192466,0.6130218931192466,33608,0,1,10,train
37,36,Wspd,trend_ma36,trend,36.0,10,pearson,0.6244027395886842,0.6244027395886842,33135,0,1,10,train
38,37,Wspd,trend_ma36,trend,36.0,10,pearson,0.6266630756047799,0.6266630756047799,34186,0,1,10,train
39,38,Wspd,trend_ma36,trend,36.0,10,pearson,0.6182734292723715,0.6182734292723715,33945,0,1,10,train
40,39,Wspd,trend_ma36,trend,36.0,10,pearson,0.6200562712369815,0.6200562712369815,34229,0,1,10,train
41,40,Wspd,trend_ma36,trend,36.0,10,pearson,0.6061624032629352,0.6061624032629352,32688,0,1,10,train
42,41,Wspd,trend_ma36,trend,36.0,10,pearson,0.6268057825546192,0.6268057825546192,33335,0,1,10,train
43,42,Wspd,trend_ma36,trend,36.0,10,pearson,0.6249863965513741,0.6249863965513741,33802,0,1,10,train
44,43,Wspd,trend_ma36,trend,36.0,10,pearson,0.5824185001397802,0.5824185001397802,31695,0,1,10,train
45,44,Wspd,trend_ma36,trend,36.0,10,pearson,0.6057392389337182,0.6057392389337182,33331,0,1,10,train
46,45,Wspd,trend_ma36,trend,36.0,10,pearson,0.5978751704283686,0.5978751704283686,32626,0,1,10,train
47,46,Wspd,trend_ma36,trend,36.0,10,pearson,0.5825811239129736,0.5825811239129736,32965,0,1,10,train
48,47,Wspd,trend_ma36,trend,36.0,10,pearson,0.6126729733170327,0.6126729733170327,33749,0,1,10,train
49,48,Wspd,trend_ma36,trend,36.0,10,pearson,0.6187134478398028,0.6187134478398028,34777,0,1,10,train
50,49,Wspd,trend_ma36,trend,36.0,10,pearson,0.6090833508139262,0.6090833508139262,33471,0,1,10,train
51,50,Wspd,trend_ma36,trend,36.0,10,pearson,0.6105699299649467,0.6105699299649467,33980,0,1,10,train
52,51,Wspd,trend_ma36,trend,36.0,10,pearson,0.5983815365521791,0.5983815365521791,31749,0,1,10,train
53,52,Wspd,trend_ma36,trend,36.0,10,pearson,0.6339523951125998,0.6339523951125998,34273,0,1,10,train
54,53,Wspd,trend_ma36,trend,36.0,10,pearson,0.6242366848569283,0.6242366848569283,34512,0,1,10,train
55,54,Wspd,trend_ma36,trend,36.0,10,pearson,0.6146261036683658,0.6146261036683658,33403,0,1,10,train
56,55,Wspd,trend_ma36,trend,36.0,10,pearson,0.6139450172405383,0.6139450172405383,32253,0,1,10,train
57,56,Wspd,trend_ma36,trend,36.0,10,pearson,0.6276854049170685,0.6276854049170685,34277,0,1,10,train
58,57,Wspd,trend_ma36,trend,36.0,10,pearson,0.6390068911784549,0.6390068911784549,35490,0,1,10,train
59,58,Wspd,trend_ma36,trend,36.0,10,pearson,0.613325348198792,0.613325348198792,32853,0,1,10,train
60,59,Wspd,trend_ma36,trend,36.0,10,pearson,0.5982762952944558,0.5982762952944558,33365,0,1,10,train
61,60,Wspd,trend_ma36,trend,36.0,10,pearson,0.6060191174511076,0.6060191174511076,32580,0,1,10,train
62,61,Wspd,trend_ma36,trend,36.0,10,pearson,0.6347495425087314,0.6347495425087314,34445,0,1,10,train
63,62,Wspd,trend_ma36,trend,36.0,10,pearson,0.6337117168734391,0.6337117168734391,33594,0,1,10,train
64,63,Wspd,trend_ma36,trend,36.0,10,pearson,0.613221537138459,0.613221537138459,32370,0,1,10,train
65,64,Wspd,trend_ma36,trend,36.0,10,pearson,0.6174629758055337,0.6174629758055337,33455,0,1,10,train
66,65,Wspd,trend_ma36,trend,36.0,10,pearson,0.6201670165054974,0.6201670165054974,33901,0,1,10,train
67,66,Wspd,trend_ma36,trend,36.0,10,pearson,0.6192518305444499,0.6192518305444499,34586,0,1,10,train
68,67,Wspd,trend_ma36,trend,36.0,10,pearson,0.6198732541870196,0.6198732541870196,33961,0,1,10,train
69,68,Wspd,trend_ma36,trend,36.0,10,pearson,0.6007777619230837,0.6007777619230837,33391,0,1,10,train
70,69,Wspd,trend_ma36,trend,36.0,10,pearson,0.5708471770023121,0.5708471770023121,33539,0,1,10,train
71,70,Wspd,trend_ma36,trend,36.0,10,pearson,0.6234084660224946,0.6234084660224946,35563,0,1,10,train
72,71,Wspd,trend_ma36,trend,36.0,10,pearson,0.5961247296948519,0.5961247296948519,33422,0,1,10,train
73,72,Wspd,trend_ma36,trend,36.0,10,pearson,0.6223097127769084,0.6223097127769084,34886,0,1,10,train
74,73,Wspd,trend_ma36,trend,36.0,10,pearson,0.619743297403125,0.619743297403125,33777,0,1,10,train
75,74,Wspd,trend_ma36,trend,36.0,10,pearson,0.6058314067883755,0.6058314067883755,33302,0,1,10,train
76,75,Wspd,trend_ma36,trend,36.0,10,pearson,0.6237252653134484,0.6237252653134484,33697,0,1,10,train
77,76,Wspd,trend_ma36,trend,36.0,10,pearson,0.5967152475307249,0.5967152475307249,33388,0,1,10,train
78,77,Wspd,trend_ma36,trend,36.0,10,pearson,0.6149563606057119,0.6149563606057119,32624,0,1,10,train
79,78,Wspd,trend_ma36,trend,36.0,10,pearson,0.6137702894762055,0.6137702894762055,32767,0,1,10,train
80,79,Wspd,trend_ma36,trend,36.0,10,pearson,0.6305594898172324,0.6305594898172324,33562,0,1,10,train
81,80,Wspd,trend_ma36,trend,36.0,10,pearson,0.6346086099230492,0.6346086099230492,33467,0,1,10,train
82,81,Wspd,trend_ma36,trend,36.0,10,pearson,0.6161316085832921,0.6161316085832921,32479,0,1,10,train
83,82,Wspd,trend_ma36,trend,36.0,10,pearson,0.6573602537534283,0.6573602537534283,32894,0,1,10,train
84,83,Wspd,trend_ma36,trend,36.0,10,pearson,0.6505304961334131,0.6505304961334131,35785,0,1,10,train
85,84,Wspd,trend_ma36,trend,36.0,10,pearson,0.6284580587298362,0.6284580587298362,32744,0,1,10,train
86,85,Wspd,trend_ma36,trend,36.0,10,pearson,0.6340564054838485,0.6340564054838485,33689,0,1,10,train
87,86,Wspd,trend_ma36,trend,36.0,10,pearson,0.6184361994679206,0.6184361994679206,35383,0,1,10,train
88,87,Wspd,trend_ma36,trend,36.0,10,pearson,0.6086335995255276,0.6086335995255276,32983,0,1,10,train
89,88,Wspd,trend_ma36,trend,36.0,10,pearson,0.5914621249065832,0.5914621249065832,33348,0,1,10,train
90,89,Wspd,trend_ma36,trend,36.0,10,pearson,0.6088101296483305,0.6088101296483305,33439,0,1,10,train
91,90,Wspd,trend_ma36,trend,36.0,10,pearson,0.601079230878781,0.601079230878781,33630,0,1,10,train
92,91,Wspd,trend_ma36,trend,36.0,10,pearson,0.6014963612325606,0.6014963612325606,33066,0,1,10,train
93,92,Wspd,trend_ma36,trend,36.0,10,pearson,0.5928492012247565,0.5928492012247565,32100,0,1,10,train
94,93,Wspd,trend_ma36,trend,36.0,10,pearson,0.6077013808207181,0.6077013808207181,32977,0,1,10,train
95,94,Wspd,trend_ma36,trend,36.0,10,pearson,0.6005507490939844,0.6005507490939844,32745,0,1,10,train
96,95,Wspd,trend_ma36,trend,36.0,10,pearson,0.6220711172580283,0.6220711172580283,31120,0,1,10,train
97,96,Wspd,trend_ma36,trend,36.0,10,pearson,0.6262867289693402,0.6262867289693402,31958,0,1,10,train
98,97,Wspd,trend_ma36,trend,36.0,10,pearson,0.617556755484207,0.617556755484207,34166,0,1,10,train
99,98,Wspd,trend_ma36,trend,36.0,10,pearson,0.6321003619029658,0.6321003619029658,35180,0,1,10,train
100,99,Wspd,trend_ma36,trend,36.0,10,pearson,0.638256166054712,0.638256166054712,32811,0,1,10,train
101,100,Wspd,trend_ma36,trend,36.0,10,pearson,0.6169202799960792,0.6169202799960792,33287,0,1,10,train
102,101,Wspd,trend_ma36,trend,36.0,10,pearson,0.6040351774664259,0.6040351774664259,32556,0,1,10,train
103,102,Wspd,trend_ma36,trend,36.0,10,pearson,0.6225493687817509,0.6225493687817509,34424,0,1,10,train
104,103,Wspd,trend_ma36,trend,36.0,10,pearson,0.5996902179471235,0.5996902179471235,33026,0,1,10,train
105,104,Wspd,trend_ma36,trend,36.0,10,pearson,0.6055598794901003,0.6055598794901003,33584,0,1,10,train
106,105,Wspd,trend_ma36,trend,36.0,10,pearson,0.6082311639801501,0.6082311639801501,32088,0,1,10,train
107,106,Wspd,trend_ma36,trend,36.0,10,pearson,0.625941875242732,0.625941875242732,34107,0,1,10,train
108,107,Wspd,trend_ma36,trend,36.0,10,pearson,0.6210148194815267,0.6210148194815267,32234,0,1,10,train
109,108,Wspd,trend_ma36,trend,36.0,10,pearson,0.5931799842593818,0.5931799842593818,33684,0,1,10,train
110,109,Wspd,trend_ma36,trend,36.0,10,pearson,0.6085632269476429,0.6085632269476429,33827,0,1,10,train
111,110,Wspd,trend_ma36,trend,36.0,10,pearson,0.6207812595684951,0.6207812595684951,33531,0,1,10,train
112,111,Wspd,trend_ma36,trend,36.0,10,pearson,0.6224958626487971,0.6224958626487971,33085,0,1,10,train
113,112,Wspd,trend_ma36,trend,36.0,10,pearson,0.5955386483685984,0.5955386483685984,33307,0,1,10,train
114,113,Wspd,trend_ma36,trend,36.0,10,pearson,0.6016345741529098,0.6016345741529098,32650,0,1,10,train
115,114,Wspd,trend_ma36,trend,36.0,10,pearson,0.6134088410427814,0.6134088410427814,31927,0,1,10,train
116,115,Wspd,trend_ma36,trend,36.0,10,pearson,0.5965501221779567,0.5965501221779567,32193,0,1,10,train
117,116,Wspd,trend_ma36,trend,36.0,10,pearson,0.6190735968958379,0.6190735968958379,32803,0,1,10,train
118,117,Wspd,trend_ma36,trend,36.0,10,pearson,0.5823536064336193,0.5823536064336193,32762,0,1,10,train
119,118,Wspd,trend_ma36,trend,36.0,10,pearson,0.6236502499504754,0.6236502499504754,33794,0,1,10,train
120,119,Wspd,trend_ma36,trend,36.0,10,pearson,0.6076277507396343,0.6076277507396343,33520,0,1,10,train
121,120,Wspd,trend_ma36,trend,36.0,10,pearson,0.6252097353571521,0.6252097353571521,33741,0,1,10,train
122,121,Wspd,trend_ma36,trend,36.0,10,pearson,0.6099457707350308,0.6099457707350308,32399,0,1,10,train
123,122,Wspd,trend_ma36,trend,36.0,10,pearson,0.5850978137830956,0.5850978137830956,31843,0,1,10,train
124,123,Wspd,trend_ma36,trend,36.0,10,pearson,0.625556935050606,0.625556935050606,32451,0,1,10,train
125,124,Wspd,trend_ma36,trend,36.0,10,pearson,0.6056803889363659,0.6056803889363659,32394,0,1,10,train
126,125,Wspd,trend_ma36,trend,36.0,10,pearson,0.6052270658197129,0.6052270658197129,33022,0,1,10,train
127,126,Wspd,trend_ma36,trend,36.0,10,pearson,0.6062345081012457,0.6062345081012457,33348,0,1,10,train
128,127,Wspd,trend_ma36,trend,36.0,10,pearson,0.597850701567594,0.597850701567594,33419,0,1,10,train
129,128,Wspd,trend_ma36,trend,36.0,10,pearson,0.6100662985026233,0.6100662985026233,33815,0,1,10,train
130,129,Wspd,trend_ma36,trend,36.0,10,pearson,0.5885436864827622,0.5885436864827622,33421,0,1,10,train
131,130,Wspd,trend_ma36,trend,36.0,10,pearson,0.5828028853359115,0.5828028853359115,33428,0,1,10,train
132,131,Wspd,trend_ma36,trend,36.0,10,pearson,0.6172299416462516,0.6172299416462516,34952,0,1,10,train
133,132,Wspd,trend_ma36,trend,36.0,10,pearson,0.5672500139511056,0.5672500139511056,32099,0,1,10,train
134,133,Wspd,trend_ma36,trend,36.0,10,pearson,0.6113046439017614,0.6113046439017614,34605,0,1,10,train
1,0,Wspd,local_residual_ma36,local_residual,36.0,3,pearson,0.33094029083525417,0.33094029083525417,30422,0,1,3,train
2,1,Wspd,local_residual_ma36,local_residual,36.0,3,pearson,0.31623234948015316,0.31623234948015316,30388,0,1,3,train
3,2,Wspd,local_residual_ma36,local_residual,36.0,3,pearson,0.32894002925608956,0.32894002925608956,30574,0,1,3,train
4,3,Wspd,local_residual_ma36,local_residual,36.0,3,pearson,0.3399013546771184,0.3399013546771184,30753,0,1,3,train
5,4,Wspd,local_residual_ma36,local_residual,36.0,3,pearson,0.3508648389448573,0.3508648389448573,31878,0,1,3,train
6,5,Wspd,local_residual_ma36,local_residual,36.0,3,pearson,0.3370517798844347,0.3370517798844347,31062,0,1,3,train
7,6,Wspd,local_residual_ma36,local_residual,36.0,3,pearson,0.3197450839224748,0.3197450839224748,31480,0,1,3,train
8,7,Wspd,local_residual_ma36,local_residual,36.0,3,pearson,0.3274409489902311,0.3274409489902311,31482,0,1,3,train
9,8,Wspd,local_residual_ma36,local_residual,36.0,3,pearson,0.33053861374964116,0.33053861374964116,30845,0,1,3,train
10,9,Wspd,local_residual_ma36,local_residual,36.0,3,pearson,0.33552254149217436,0.33552254149217436,31194,0,1,3,train
11,10,Wspd,local_residual_ma36,local_residual,36.0,3,pearson,0.32490159808857183,0.32490159808857183,31036,0,1,3,train
12,11,Wspd,local_residual_ma36,local_residual,36.0,3,pearson,0.3312336581341184,0.3312336581341184,30917,0,1,3,train
13,12,Wspd,local_residual_ma36,local_residual,36.0,3,pearson,0.32916394306373103,0.32916394306373103,31140,0,1,3,train
14,13,Wspd,local_residual_ma36,local_residual,36.0,3,pearson,0.34083454498382804,0.34083454498382804,31943,0,1,3,train
15,14,Wspd,local_residual_ma36,local_residual,36.0,3,pearson,0.3103528657312765,0.3103528657312765,30958,0,1,3,train
16,15,Wspd,local_residual_ma36,local_residual,36.0,3,pearson,0.31664745034266056,0.31664745034266056,30753,0,1,3,train
17,16,Wspd,local_residual_ma36,local_residual,36.0,3,pearson,0.33747024077014776,0.33747024077014776,31144,0,1,3,train
18,17,Wspd,local_residual_ma36,local_residual,36.0,3,pearson,0.3365649268799629,0.3365649268799629,31806,0,1,3,train
19,18,Wspd,local_residual_ma36,local_residual,36.0,3,pearson,0.32828810776177636,0.32828810776177636,30990,0,1,3,train
20,19,Wspd,local_residual_ma36,local_residual,36.0,3,pearson,0.31666602648990394,0.31666602648990394,30304,0,1,3,train
21,20,Wspd,local_residual_ma36,local_residual,36.0,3,pearson,0.3249531908595845,0.3249531908595845,31189,0,1,3,train
22,21,Wspd,local_residual_ma36,local_residual,36.0,3,pearson,0.33852025556619636,0.33852025556619636,29742,0,1,3,train
23,22,Wspd,local_residual_ma36,local_residual,36.0,3,pearson,0.34948570679486207,0.34948570679486207,30496,0,1,3,train
24,23,Wspd,local_residual_ma36,local_residual,36.0,3,pearson,0.3348297641932185,0.3348297641932185,30922,0,1,3,train
25,24,Wspd,local_residual_ma36,local_residual,36.0,3,pearson,0.3281946173678334,0.3281946173678334,30601,0,1,3,train
26,25,Wspd,local_residual_ma36,local_residual,36.0,3,pearson,0.3512143225563827,0.3512143225563827,32304,0,1,3,train
27,26,Wspd,local_residual_ma36,local_residual,36.0,3,pearson,0.34714353432091954,0.34714353432091954,31504,0,1,3,train
28,27,Wspd,local_residual_ma36,local_residual,36.0,3,pearson,0.3510430964606671,0.3510430964606671,32568,0,1,3,train
29,28,Wspd,local_residual_ma36,local_residual,36.0,3,pearson,0.3374740881203528,0.3374740881203528,31026,0,1,3,train
30,29,Wspd,local_residual_ma36,local_residual,36.0,3,pearson,0.32711074283989683,0.32711074283989683,31513,0,1,3,train
31,30,Wspd,local_residual_ma36,local_residual,36.0,3,pearson,0.33798339514000214,0.33798339514000214,31664,0,1,3,train
32,31,Wspd,local_residual_ma36,local_residual,36.0,3,pearson,0.32001492247676555,0.32001492247676555,30430,0,1,3,train
33,32,Wspd,local_residual_ma36,local_residual,36.0,3,pearson,0.3327488513409093,0.3327488513409093,30976,0,1,3,train
34,33,Wspd,local_residual_ma36,local_residual,36.0,3,pearson,0.32144961595261257,0.32144961595261257,30463,0,1,3,train
35,34,Wspd,local_residual_ma36,local_residual,36.0,3,pearson,0.3306095084923007,0.3306095084923007,30132,0,1,3,train
36,35,Wspd,local_residual_ma36,local_residual,36.0,3,pearson,0.3361519623572916,0.3361519623572916,30915,0,1,3,train
37,36,Wspd,local_residual_ma36,local_residual,36.0,3,pearson,0.3374003319990784,0.3374003319990784,30864,0,1,3,train
38,37,Wspd,local_residual_ma36,local_residual,36.0,3,pearson,0.3218640802050735,0.3218640802050735,31444,0,1,3,train
39,38,Wspd,local_residual_ma36,local_residual,36.0,3,pearson,0.34078858309922333,0.34078858309922333,31037,0,1,3,train
40,39,Wspd,local_residual_ma36,local_residual,36.0,3,pearson,0.32513323776171865,0.32513323776171865,31361,0,1,3,train
41,40,Wspd,local_residual_ma36,local_residual,36.0,3,pearson,0.3191906494693629,0.3191906494693629,29840,0,1,3,train
42,41,Wspd,local_residual_ma36,local_residual,36.0,3,pearson,0.3363973227360093,0.3363973227360093,30604,0,1,3,train
43,42,Wspd,local_residual_ma36,local_residual,36.0,3,pearson,0.3397008663522822,0.3397008663522822,31102,0,1,3,train
44,43,Wspd,local_residual_ma36,local_residual,36.0,3,pearson,0.3476011226980202,0.3476011226980202,29434,0,1,3,train
45,44,Wspd,local_residual_ma36,local_residual,36.0,3,pearson,0.33326495443504933,0.33326495443504933,30498,0,1,3,train
46,45,Wspd,local_residual_ma36,local_residual,36.0,3,pearson,0.3452853667227323,0.3452853667227323,29846,0,1,3,train
47,46,Wspd,local_residual_ma36,local_residual,36.0,3,pearson,0.3239911232390738,0.3239911232390738,30103,0,1,3,train
48,47,Wspd,local_residual_ma36,local_residual,36.0,3,pearson,0.3329649356093079,0.3329649356093079,30969,0,1,3,train
49,48,Wspd,local_residual_ma36,local_residual,36.0,3,pearson,0.3572620485557784,0.3572620485557784,32545,0,1,3,train
50,49,Wspd,local_residual_ma36,local_residual,36.0,3,pearson,0.332989755804513,0.332989755804513,30740,0,1,3,train
51,50,Wspd,local_residual_ma36,local_residual,36.0,3,pearson,0.34322017103119473,0.34322017103119473,31462,0,1,3,train
52,51,Wspd,local_residual_ma36,local_residual,36.0,3,pearson,0.3318476223484881,0.3318476223484881,29043,0,1,3,train
53,52,Wspd,local_residual_ma36,local_residual,36.0,3,pearson,0.3380105703233028,0.3380105703233028,31799,0,1,3,train
54,53,Wspd,local_residual_ma36,local_residual,36.0,3,pearson,0.3263038440058404,0.3263038440058404,31759,0,1,3,train
55,54,Wspd,local_residual_ma36,local_residual,36.0,3,pearson,0.3229320868072047,0.3229320868072047,30702,0,1,3,train
56,55,Wspd,local_residual_ma36,local_residual,36.0,3,pearson,0.3266528619091552,0.3266528619091552,29542,0,1,3,train
57,56,Wspd,local_residual_ma36,local_residual,36.0,3,pearson,0.3285548497005738,0.3285548497005738,31760,0,1,3,train
58,57,Wspd,local_residual_ma36,local_residual,36.0,3,pearson,0.348993624045151,0.348993624045151,33384,0,1,3,train
59,58,Wspd,local_residual_ma36,local_residual,36.0,3,pearson,0.3220471844296505,0.3220471844296505,30020,0,1,3,train
60,59,Wspd,local_residual_ma36,local_residual,36.0,3,pearson,0.3299588879787272,0.3299588879787272,30476,0,1,3,train
61,60,Wspd,local_residual_ma36,local_residual,36.0,3,pearson,0.3245618775180619,0.3245618775180619,29791,0,1,3,train
62,61,Wspd,local_residual_ma36,local_residual,36.0,3,pearson,0.35041403287869877,0.35041403287869877,32220,0,1,3,train
63,62,Wspd,local_residual_ma36,local_residual,36.0,3,pearson,0.33071002951163103,0.33071002951163103,30878,0,1,3,train
64,63,Wspd,local_residual_ma36,local_residual,36.0,3,pearson,0.32839097299761993,0.32839097299761993,29786,0,1,3,train
65,64,Wspd,local_residual_ma36,local_residual,36.0,3,pearson,0.3302529928412685,0.3302529928412685,30635,0,1,3,train
66,65,Wspd,local_residual_ma36,local_residual,36.0,3,pearson,0.32417338013961144,0.32417338013961144,31065,0,1,3,train
67,66,Wspd,local_residual_ma36,local_residual,36.0,3,pearson,0.32544123716070367,0.32544123716070367,31879,0,1,3,train
68,67,Wspd,local_residual_ma36,local_residual,36.0,3,pearson,0.32711160614589047,0.32711160614589047,31357,0,1,3,train
69,68,Wspd,local_residual_ma36,local_residual,36.0,3,pearson,0.3336285669934267,0.3336285669934267,30582,0,1,3,train
70,69,Wspd,local_residual_ma36,local_residual,36.0,3,pearson,0.3418089079138447,0.3418089079138447,30657,0,1,3,train
71,70,Wspd,local_residual_ma36,local_residual,36.0,3,pearson,0.37285462649944545,0.37285462649944545,33486,0,1,3,train
72,71,Wspd,local_residual_ma36,local_residual,36.0,3,pearson,0.31838272317792515,0.31838272317792515,30426,0,1,3,train
73,72,Wspd,local_residual_ma36,local_residual,36.0,3,pearson,0.335144657971306,0.335144657971306,32349,0,1,3,train
74,73,Wspd,local_residual_ma36,local_residual,36.0,3,pearson,0.33418441747133765,0.33418441747133765,31118,0,1,3,train
75,74,Wspd,local_residual_ma36,local_residual,36.0,3,pearson,0.33291703453010413,0.33291703453010413,30531,0,1,3,train
76,75,Wspd,local_residual_ma36,local_residual,36.0,3,pearson,0.33755174934856774,0.33755174934856774,30934,0,1,3,train
77,76,Wspd,local_residual_ma36,local_residual,36.0,3,pearson,0.32899487522089754,0.32899487522089754,30636,0,1,3,train
78,77,Wspd,local_residual_ma36,local_residual,36.0,3,pearson,0.31783400450924826,0.31783400450924826,29784,0,1,3,train
79,78,Wspd,local_residual_ma36,local_residual,36.0,3,pearson,0.3303727552224962,0.3303727552224962,29803,0,1,3,train
80,79,Wspd,local_residual_ma36,local_residual,36.0,3,pearson,0.3405785089764458,0.3405785089764458,30854,0,1,3,train
81,80,Wspd,local_residual_ma36,local_residual,36.0,3,pearson,0.34249263822089565,0.34249263822089565,30793,0,1,3,train
82,81,Wspd,local_residual_ma36,local_residual,36.0,3,pearson,0.33234142708092024,0.33234142708092024,29474,0,1,3,train
83,82,Wspd,local_residual_ma36,local_residual,36.0,3,pearson,0.35757555213563497,0.35757555213563497,30098,0,1,3,train
84,83,Wspd,local_residual_ma36,local_residual,36.0,3,pearson,0.35945447092405824,0.35945447092405824,33679,0,1,3,train
85,84,Wspd,local_residual_ma36,local_residual,36.0,3,pearson,0.3289067679909616,0.3289067679909616,29888,0,1,3,train
86,85,Wspd,local_residual_ma36,local_residual,36.0,3,pearson,0.33652508494016786,0.33652508494016786,31019,0,1,3,train
87,86,Wspd,local_residual_ma36,local_residual,36.0,3,pearson,0.36239885144231093,0.36239885144231093,33376,0,1,3,train
88,87,Wspd,local_residual_ma36,local_residual,36.0,3,pearson,0.3277840700987431,0.3277840700987431,30221,0,1,3,train
89,88,Wspd,local_residual_ma36,local_residual,36.0,3,pearson,0.32800460747036486,0.32800460747036486,30607,0,1,3,train
90,89,Wspd,local_residual_ma36,local_residual,36.0,3,pearson,0.32036020591030895,0.32036020591030895,30773,0,1,3,train
91,90,Wspd,local_residual_ma36,local_residual,36.0,3,pearson,0.3291745391090403,0.3291745391090403,30688,0,1,3,train
92,91,Wspd,local_residual_ma36,local_residual,36.0,3,pearson,0.33068821119871544,0.33068821119871544,29946,0,1,3,train
93,92,Wspd,local_residual_ma36,local_residual,36.0,3,pearson,0.31350401740773054,0.31350401740773054,28959,0,1,3,train
94,93,Wspd,local_residual_ma36,local_residual,36.0,3,pearson,0.32066915841979965,0.32066915841979965,30107,0,1,3,train
95,94,Wspd,local_residual_ma36,local_residual,36.0,3,pearson,0.3153821728797326,0.3153821728797326,29594,0,1,3,train
96,95,Wspd,local_residual_ma36,local_residual,36.0,3,pearson,0.32988231093886233,0.32988231093886233,28140,0,1,3,train
97,96,Wspd,local_residual_ma36,local_residual,36.0,3,pearson,0.32563538629958877,0.32563538629958877,28845,0,1,3,train
98,97,Wspd,local_residual_ma36,local_residual,36.0,3,pearson,0.344452784668255,0.344452784668255,31548,0,1,3,train
99,98,Wspd,local_residual_ma36,local_residual,36.0,3,pearson,0.35094745179156644,0.35094745179156644,32637,0,1,3,train
100,99,Wspd,local_residual_ma36,local_residual,36.0,3,pearson,0.33511924699676293,0.33511924699676293,29839,0,1,3,train
101,100,Wspd,local_residual_ma36,local_residual,36.0,3,pearson,0.32120553582782313,0.32120553582782313,30353,0,1,3,train
102,101,Wspd,local_residual_ma36,local_residual,36.0,3,pearson,0.32401671687804745,0.32401671687804745,29372,0,1,3,train
103,102,Wspd,local_residual_ma36,local_residual,36.0,3,pearson,0.3589275791711822,0.3589275791711822,31821,0,1,3,train
104,103,Wspd,local_residual_ma36,local_residual,36.0,3,pearson,0.33895826647047556,0.33895826647047556,30185,0,1,3,train
105,104,Wspd,local_residual_ma36,local_residual,36.0,3,pearson,0.3072868914365298,0.3072868914365298,30532,0,1,3,train
106,105,Wspd,local_residual_ma36,local_residual,36.0,3,pearson,0.340131282414411,0.340131282414411,29413,0,1,3,train
107,106,Wspd,local_residual_ma36,local_residual,36.0,3,pearson,0.3393126112308094,0.3393126112308094,31544,0,1,3,train
108,107,Wspd,local_residual_ma36,local_residual,36.0,3,pearson,0.34749414584612465,0.34749414584612465,29359,0,1,3,train
109,108,Wspd,local_residual_ma36,local_residual,36.0,3,pearson,0.3453472172379286,0.3453472172379286,30903,0,1,3,train
110,109,Wspd,local_residual_ma36,local_residual,36.0,3,pearson,0.33775984030973244,0.33775984030973244,30969,0,1,3,train
111,110,Wspd,local_residual_ma36,local_residual,36.0,3,pearson,0.3304373816824545,0.3304373816824545,30799,0,1,3,train
112,111,Wspd,local_residual_ma36,local_residual,36.0,3,pearson,0.3256667813342457,0.3256667813342457,29994,0,1,3,train
113,112,Wspd,local_residual_ma36,local_residual,36.0,3,pearson,0.33559825926659953,0.33559825926659953,30423,0,1,3,train
114,113,Wspd,local_residual_ma36,local_residual,36.0,3,pearson,0.3317145891547577,0.3317145891547577,29743,0,1,3,train
115,114,Wspd,local_residual_ma36,local_residual,36.0,3,pearson,0.3092919301430535,0.3092919301430535,28485,0,1,3,train
116,115,Wspd,local_residual_ma36,local_residual,36.0,3,pearson,0.3204972553274412,0.3204972553274412,29110,0,1,3,train
117,116,Wspd,local_residual_ma36,local_residual,36.0,3,pearson,0.31802672532171355,0.31802672532171355,29400,0,1,3,train
118,117,Wspd,local_residual_ma36,local_residual,36.0,3,pearson,0.32054528971767005,0.32054528971767005,29795,0,1,3,train
119,118,Wspd,local_residual_ma36,local_residual,36.0,3,pearson,0.3478033043873453,0.3478033043873453,31221,0,1,3,train
120,119,Wspd,local_residual_ma36,local_residual,36.0,3,pearson,0.3223650539246332,0.3223650539246332,30631,0,1,3,train
121,120,Wspd,local_residual_ma36,local_residual,36.0,3,pearson,0.33595910292233444,0.33595910292233444,30966,0,1,3,train
122,121,Wspd,local_residual_ma36,local_residual,36.0,3,pearson,0.3220894023464701,0.3220894023464701,29091,0,1,3,train
123,122,Wspd,local_residual_ma36,local_residual,36.0,3,pearson,0.3359140113385412,0.3359140113385412,29060,0,1,3,train
124,123,Wspd,local_residual_ma36,local_residual,36.0,3,pearson,0.32253758239232294,0.32253758239232294,29103,0,1,3,train
125,124,Wspd,local_residual_ma36,local_residual,36.0,3,pearson,0.32912675240192146,0.32912675240192146,29563,0,1,3,train
126,125,Wspd,local_residual_ma36,local_residual,36.0,3,pearson,0.31663975659396254,0.31663975659396254,29983,0,1,3,train
127,126,Wspd,local_residual_ma36,local_residual,36.0,3,pearson,0.33626897716290105,0.33626897716290105,30602,0,1,3,train
128,127,Wspd,local_residual_ma36,local_residual,36.0,3,pearson,0.3375191318432716,0.3375191318432716,30760,0,1,3,train
129,128,Wspd,local_residual_ma36,local_residual,36.0,3,pearson,0.34832641049344876,0.34832641049344876,31284,0,1,3,train
130,129,Wspd,local_residual_ma36,local_residual,36.0,3,pearson,0.3261951385467517,0.3261951385467517,30614,0,1,3,train
131,130,Wspd,local_residual_ma36,local_residual,36.0,3,pearson,0.34491726784574145,0.34491726784574145,30762,0,1,3,train
132,131,Wspd,local_residual_ma36,local_residual,36.0,3,pearson,0.34150533899062757,0.34150533899062757,32308,0,1,3,train
133,132,Wspd,local_residual_ma36,local_residual,36.0,3,pearson,0.3323062873526295,0.3323062873526295,29291,0,1,3,train
134,133,Wspd,local_residual_ma36,local_residual,36.0,3,pearson,0.3428302362326047,0.3428302362326047,31913,0,1,3,train
1,0,Wspd,local_residual_ma36,local_residual,36.0,6,pearson,0.33858437394846064,0.33858437394846064,31760,0,1,6,train
2,1,Wspd,local_residual_ma36,local_residual,36.0,6,pearson,0.3261825551743437,0.3261825551743437,31815,0,1,6,train
3,2,Wspd,local_residual_ma36,local_residual,36.0,6,pearson,0.3366019088733875,0.3366019088733875,31873,0,1,6,train
4,3,Wspd,local_residual_ma36,local_residual,36.0,6,pearson,0.34469912997225266,0.34469912997225266,32103,0,1,6,train
5,4,Wspd,local_residual_ma36,local_residual,36.0,6,pearson,0.3530426513939518,0.3530426513939518,33067,0,1,6,train
6,5,Wspd,local_residual_ma36,local_residual,36.0,6,pearson,0.34548658752147315,0.34548658752147315,32399,0,1,6,train
7,6,Wspd,local_residual_ma36,local_residual,36.0,6,pearson,0.3322468892372117,0.3322468892372117,32983,0,1,6,train
8,7,Wspd,local_residual_ma36,local_residual,36.0,6,pearson,0.3376155707856818,0.3376155707856818,32825,0,1,6,train
9,8,Wspd,local_residual_ma36,local_residual,36.0,6,pearson,0.3402207753680691,0.3402207753680691,32209,0,1,6,train
10,9,Wspd,local_residual_ma36,local_residual,36.0,6,pearson,0.34458482881921326,0.34458482881921326,32522,0,1,6,train
11,10,Wspd,local_residual_ma36,local_residual,36.0,6,pearson,0.33539914308542224,0.33539914308542224,32398,0,1,6,train
12,11,Wspd,local_residual_ma36,local_residual,36.0,6,pearson,0.3386188481478742,0.3386188481478742,32211,0,1,6,train
13,12,Wspd,local_residual_ma36,local_residual,36.0,6,pearson,0.33731187229881243,0.33731187229881243,32413,0,1,6,train
14,13,Wspd,local_residual_ma36,local_residual,36.0,6,pearson,0.3463003768703517,0.3463003768703517,33196,0,1,6,train
15,14,Wspd,local_residual_ma36,local_residual,36.0,6,pearson,0.31890672162978106,0.31890672162978106,32343,0,1,6,train
16,15,Wspd,local_residual_ma36,local_residual,36.0,6,pearson,0.3224771616371274,0.3224771616371274,32028,0,1,6,train
17,16,Wspd,local_residual_ma36,local_residual,36.0,6,pearson,0.3447578072807415,0.3447578072807415,32470,0,1,6,train
18,17,Wspd,local_residual_ma36,local_residual,36.0,6,pearson,0.34263925839231174,0.34263925839231174,32985,0,1,6,train
19,18,Wspd,local_residual_ma36,local_residual,36.0,6,pearson,0.3361167803311094,0.3361167803311094,32383,0,1,6,train
20,19,Wspd,local_residual_ma36,local_residual,36.0,6,pearson,0.323693281202709,0.323693281202709,31597,0,1,6,train
21,20,Wspd,local_residual_ma36,local_residual,36.0,6,pearson,0.3340500735876861,0.3340500735876861,32536,0,1,6,train
22,21,Wspd,local_residual_ma36,local_residual,36.0,6,pearson,0.34610801243104333,0.34610801243104333,31007,0,1,6,train
23,22,Wspd,local_residual_ma36,local_residual,36.0,6,pearson,0.3517219465960464,0.3517219465960464,31831,0,1,6,train
24,23,Wspd,local_residual_ma36,local_residual,36.0,6,pearson,0.34402715966670516,0.34402715966670516,32277,0,1,6,train
25,24,Wspd,local_residual_ma36,local_residual,36.0,6,pearson,0.3350109800074667,0.3350109800074667,31915,0,1,6,train
26,25,Wspd,local_residual_ma36,local_residual,36.0,6,pearson,0.35360132417857043,0.35360132417857043,33447,0,1,6,train
27,26,Wspd,local_residual_ma36,local_residual,36.0,6,pearson,0.3517886544222673,0.3517886544222673,32911,0,1,6,train
28,27,Wspd,local_residual_ma36,local_residual,36.0,6,pearson,0.35510494947500576,0.35510494947500576,33765,0,1,6,train
29,28,Wspd,local_residual_ma36,local_residual,36.0,6,pearson,0.34397138536257965,0.34397138536257965,32388,0,1,6,train
30,29,Wspd,local_residual_ma36,local_residual,36.0,6,pearson,0.3359873062996339,0.3359873062996339,32864,0,1,6,train
31,30,Wspd,local_residual_ma36,local_residual,36.0,6,pearson,0.34639087505407756,0.34639087505407756,33025,0,1,6,train
32,31,Wspd,local_residual_ma36,local_residual,36.0,6,pearson,0.3291865434903624,0.3291865434903624,31752,0,1,6,train
33,32,Wspd,local_residual_ma36,local_residual,36.0,6,pearson,0.3402032476631992,0.3402032476631992,32308,0,1,6,train
34,33,Wspd,local_residual_ma36,local_residual,36.0,6,pearson,0.32647028253344423,0.32647028253344423,31852,0,1,6,train
35,34,Wspd,local_residual_ma36,local_residual,36.0,6,pearson,0.335261049458389,0.335261049458389,31505,0,1,6,train
36,35,Wspd,local_residual_ma36,local_residual,36.0,6,pearson,0.3422335001872118,0.3422335001872118,32267,0,1,6,train
37,36,Wspd,local_residual_ma36,local_residual,36.0,6,pearson,0.3405723339108577,0.3405723339108577,31977,0,1,6,train
38,37,Wspd,local_residual_ma36,local_residual,36.0,6,pearson,0.33114063026520396,0.33114063026520396,32800,0,1,6,train
39,38,Wspd,local_residual_ma36,local_residual,36.0,6,pearson,0.34884212515947355,0.34884212515947355,32474,0,1,6,train
40,39,Wspd,local_residual_ma36,local_residual,36.0,6,pearson,0.3356574003117389,0.3356574003117389,32800,0,1,6,train
41,40,Wspd,local_residual_ma36,local_residual,36.0,6,pearson,0.3271941026035456,0.3271941026035456,31232,0,1,6,train
42,41,Wspd,local_residual_ma36,local_residual,36.0,6,pearson,0.34293996576158553,0.34293996576158553,31936,0,1,6,train
43,42,Wspd,local_residual_ma36,local_residual,36.0,6,pearson,0.3474143431601933,0.3474143431601933,32427,0,1,6,train
44,43,Wspd,local_residual_ma36,local_residual,36.0,6,pearson,0.34748476690272556,0.34748476690272556,30517,0,1,6,train
45,44,Wspd,local_residual_ma36,local_residual,36.0,6,pearson,0.3430167882349426,0.3430167882349426,31886,0,1,6,train
46,45,Wspd,local_residual_ma36,local_residual,36.0,6,pearson,0.34775987049597795,0.34775987049597795,31213,0,1,6,train
47,46,Wspd,local_residual_ma36,local_residual,36.0,6,pearson,0.33282398746401004,0.33282398746401004,31486,0,1,6,train
48,47,Wspd,local_residual_ma36,local_residual,36.0,6,pearson,0.3416771724802937,0.3416771724802937,32340,0,1,6,train
49,48,Wspd,local_residual_ma36,local_residual,36.0,6,pearson,0.36238427160236486,0.36238427160236486,33649,0,1,6,train
50,49,Wspd,local_residual_ma36,local_residual,36.0,6,pearson,0.3412558432376272,0.3412558432376272,32100,0,1,6,train
51,50,Wspd,local_residual_ma36,local_residual,36.0,6,pearson,0.3493170579509533,0.3493170579509533,32719,0,1,6,train
52,51,Wspd,local_residual_ma36,local_residual,36.0,6,pearson,0.34174233927855546,0.34174233927855546,30390,0,1,6,train
53,52,Wspd,local_residual_ma36,local_residual,36.0,6,pearson,0.3415043830405996,0.3415043830405996,33028,0,1,6,train
54,53,Wspd,local_residual_ma36,local_residual,36.0,6,pearson,0.33337190013097784,0.33337190013097784,33141,0,1,6,train
55,54,Wspd,local_residual_ma36,local_residual,36.0,6,pearson,0.33145704713006935,0.33145704713006935,32031,0,1,6,train
56,55,Wspd,local_residual_ma36,local_residual,36.0,6,pearson,0.3330435103971201,0.3330435103971201,30862,0,1,6,train
57,56,Wspd,local_residual_ma36,local_residual,36.0,6,pearson,0.3364023902333074,0.3364023902333074,33008,0,1,6,train
58,57,Wspd,local_residual_ma36,local_residual,36.0,6,pearson,0.35205775673385165,0.35205775673385165,34441,0,1,6,train
59,58,Wspd,local_residual_ma36,local_residual,36.0,6,pearson,0.3306377268506319,0.3306377268506319,31413,0,1,6,train
60,59,Wspd,local_residual_ma36,local_residual,36.0,6,pearson,0.33729922254098804,0.33729922254098804,31909,0,1,6,train
61,60,Wspd,local_residual_ma36,local_residual,36.0,6,pearson,0.3287639108337424,0.3287639108337424,31162,0,1,6,train
62,61,Wspd,local_residual_ma36,local_residual,36.0,6,pearson,0.35241873180169114,0.35241873180169114,33334,0,1,6,train
63,62,Wspd,local_residual_ma36,local_residual,36.0,6,pearson,0.33646917491515865,0.33646917491515865,32218,0,1,6,train
64,63,Wspd,local_residual_ma36,local_residual,36.0,6,pearson,0.33508956100803167,0.33508956100803167,31032,0,1,6,train
65,64,Wspd,local_residual_ma36,local_residual,36.0,6,pearson,0.33778915241436847,0.33778915241436847,32018,0,1,6,train
66,65,Wspd,local_residual_ma36,local_residual,36.0,6,pearson,0.33463886590093905,0.33463886590093905,32475,0,1,6,train
67,66,Wspd,local_residual_ma36,local_residual,36.0,6,pearson,0.33439098881378676,0.33439098881378676,33237,0,1,6,train
68,67,Wspd,local_residual_ma36,local_residual,36.0,6,pearson,0.3352960677362822,0.3352960677362822,32643,0,1,6,train
69,68,Wspd,local_residual_ma36,local_residual,36.0,6,pearson,0.34268312463665945,0.34268312463665945,31956,0,1,6,train
70,69,Wspd,local_residual_ma36,local_residual,36.0,6,pearson,0.3501588764871068,0.3501588764871068,32053,0,1,6,train
71,70,Wspd,local_residual_ma36,local_residual,36.0,6,pearson,0.377284831530673,0.377284831530673,34553,0,1,6,train
72,71,Wspd,local_residual_ma36,local_residual,36.0,6,pearson,0.3308959253451523,0.3308959253451523,31894,0,1,6,train
73,72,Wspd,local_residual_ma36,local_residual,36.0,6,pearson,0.3445266547425229,0.3445266547425229,33603,0,1,6,train
74,73,Wspd,local_residual_ma36,local_residual,36.0,6,pearson,0.3428128223630525,0.3428128223630525,32414,0,1,6,train
75,74,Wspd,local_residual_ma36,local_residual,36.0,6,pearson,0.34384851885942214,0.34384851885942214,31911,0,1,6,train
76,75,Wspd,local_residual_ma36,local_residual,36.0,6,pearson,0.3472115716014116,0.3472115716014116,32342,0,1,6,train
77,76,Wspd,local_residual_ma36,local_residual,36.0,6,pearson,0.33994837821254664,0.33994837821254664,32000,0,1,6,train
78,77,Wspd,local_residual_ma36,local_residual,36.0,6,pearson,0.3285535699880398,0.3285535699880398,31199,0,1,6,train
79,78,Wspd,local_residual_ma36,local_residual,36.0,6,pearson,0.3402920521199813,0.3402920521199813,31252,0,1,6,train
80,79,Wspd,local_residual_ma36,local_residual,36.0,6,pearson,0.34973917988979675,0.34973917988979675,32193,0,1,6,train
81,80,Wspd,local_residual_ma36,local_residual,36.0,6,pearson,0.34889142053313754,0.34889142053313754,32106,0,1,6,train
82,81,Wspd,local_residual_ma36,local_residual,36.0,6,pearson,0.3415985378481254,0.3415985378481254,30955,0,1,6,train
83,82,Wspd,local_residual_ma36,local_residual,36.0,6,pearson,0.36113388671954777,0.36113388671954777,31470,0,1,6,train
84,83,Wspd,local_residual_ma36,local_residual,36.0,6,pearson,0.3651397589696477,0.3651397589696477,34754,0,1,6,train
85,84,Wspd,local_residual_ma36,local_residual,36.0,6,pearson,0.3384169102319071,0.3384169102319071,31284,0,1,6,train
86,85,Wspd,local_residual_ma36,local_residual,36.0,6,pearson,0.3436351687444768,0.3436351687444768,32345,0,1,6,train
87,86,Wspd,local_residual_ma36,local_residual,36.0,6,pearson,0.36405393936508557,0.36405393936508557,34410,0,1,6,train
88,87,Wspd,local_residual_ma36,local_residual,36.0,6,pearson,0.33614833401075894,0.33614833401075894,31584,0,1,6,train
89,88,Wspd,local_residual_ma36,local_residual,36.0,6,pearson,0.3339653773186906,0.3339653773186906,31941,0,1,6,train
90,89,Wspd,local_residual_ma36,local_residual,36.0,6,pearson,0.32785676953803494,0.32785676953803494,32073,0,1,6,train
91,90,Wspd,local_residual_ma36,local_residual,36.0,6,pearson,0.34105694766029376,0.34105694766029376,32138,0,1,6,train
92,91,Wspd,local_residual_ma36,local_residual,36.0,6,pearson,0.34392327732758565,0.34392327732758565,31487,0,1,6,train
93,92,Wspd,local_residual_ma36,local_residual,36.0,6,pearson,0.3244733064299543,0.3244733064299543,30513,0,1,6,train
94,93,Wspd,local_residual_ma36,local_residual,36.0,6,pearson,0.3341608743446814,0.3341608743446814,31532,0,1,6,train
95,94,Wspd,local_residual_ma36,local_residual,36.0,6,pearson,0.3275400785235821,0.3275400785235821,31168,0,1,6,train
96,95,Wspd,local_residual_ma36,local_residual,36.0,6,pearson,0.33819720348458054,0.33819720348458054,29602,0,1,6,train
97,96,Wspd,local_residual_ma36,local_residual,36.0,6,pearson,0.33792456368657076,0.33792456368657076,30412,0,1,6,train
98,97,Wspd,local_residual_ma36,local_residual,36.0,6,pearson,0.35366988100017227,0.35366988100017227,32850,0,1,6,train
99,98,Wspd,local_residual_ma36,local_residual,36.0,6,pearson,0.3586512710007132,0.3586512710007132,33945,0,1,6,train
100,99,Wspd,local_residual_ma36,local_residual,36.0,6,pearson,0.34531050381503137,0.34531050381503137,31318,0,1,6,train
101,100,Wspd,local_residual_ma36,local_residual,36.0,6,pearson,0.33181617503738053,0.33181617503738053,31790,0,1,6,train
102,101,Wspd,local_residual_ma36,local_residual,36.0,6,pearson,0.33426527652133303,0.33426527652133303,30943,0,1,6,train
103,102,Wspd,local_residual_ma36,local_residual,36.0,6,pearson,0.36368925342403896,0.36368925342403896,33115,0,1,6,train
104,103,Wspd,local_residual_ma36,local_residual,36.0,6,pearson,0.34544456372342436,0.34544456372342436,31581,0,1,6,train
105,104,Wspd,local_residual_ma36,local_residual,36.0,6,pearson,0.32129953775230224,0.32129953775230224,32072,0,1,6,train
106,105,Wspd,local_residual_ma36,local_residual,36.0,6,pearson,0.34358629737634877,0.34358629737634877,30722,0,1,6,train
107,106,Wspd,local_residual_ma36,local_residual,36.0,6,pearson,0.34492592960917395,0.34492592960917395,32839,0,1,6,train
108,107,Wspd,local_residual_ma36,local_residual,36.0,6,pearson,0.35232486497835896,0.35232486497835896,30804,0,1,6,train
109,108,Wspd,local_residual_ma36,local_residual,36.0,6,pearson,0.3515627425393139,0.3515627425393139,32281,0,1,6,train
110,109,Wspd,local_residual_ma36,local_residual,36.0,6,pearson,0.3456825440223533,0.3456825440223533,32389,0,1,6,train
111,110,Wspd,local_residual_ma36,local_residual,36.0,6,pearson,0.3376013192732798,0.3376013192732798,32139,0,1,6,train
112,111,Wspd,local_residual_ma36,local_residual,36.0,6,pearson,0.3311876341051447,0.3311876341051447,31528,0,1,6,train
113,112,Wspd,local_residual_ma36,local_residual,36.0,6,pearson,0.34817671592918187,0.34817671592918187,31847,0,1,6,train
114,113,Wspd,local_residual_ma36,local_residual,36.0,6,pearson,0.3417822152682503,0.3417822152682503,31174,0,1,6,train
115,114,Wspd,local_residual_ma36,local_residual,36.0,6,pearson,0.3281698048977917,0.3281698048977917,30201,0,1,6,train
116,115,Wspd,local_residual_ma36,local_residual,36.0,6,pearson,0.33373517993826335,0.33373517993826335,30639,0,1,6,train
117,116,Wspd,local_residual_ma36,local_residual,36.0,6,pearson,0.3365073882618457,0.3365073882618457,31134,0,1,6,train
118,117,Wspd,local_residual_ma36,local_residual,36.0,6,pearson,0.3319002127359375,0.3319002127359375,31270,0,1,6,train
119,118,Wspd,local_residual_ma36,local_residual,36.0,6,pearson,0.35456366247598003,0.35456366247598003,32510,0,1,6,train
120,119,Wspd,local_residual_ma36,local_residual,36.0,6,pearson,0.33393252077083374,0.33393252077083374,32043,0,1,6,train
121,120,Wspd,local_residual_ma36,local_residual,36.0,6,pearson,0.3453253041700761,0.3453253041700761,32343,0,1,6,train
122,121,Wspd,local_residual_ma36,local_residual,36.0,6,pearson,0.3350895360657415,0.3350895360657415,30749,0,1,6,train
123,122,Wspd,local_residual_ma36,local_residual,36.0,6,pearson,0.34246551559114485,0.34246551559114485,30414,0,1,6,train
124,123,Wspd,local_residual_ma36,local_residual,36.0,6,pearson,0.3342841762380124,0.3342841762380124,30762,0,1,6,train
125,124,Wspd,local_residual_ma36,local_residual,36.0,6,pearson,0.33190926034645934,0.33190926034645934,30967,0,1,6,train
126,125,Wspd,local_residual_ma36,local_residual,36.0,6,pearson,0.32904443496642416,0.32904443496642416,31508,0,1,6,train
127,126,Wspd,local_residual_ma36,local_residual,36.0,6,pearson,0.3438780345283097,0.3438780345283097,31952,0,1,6,train
128,127,Wspd,local_residual_ma36,local_residual,36.0,6,pearson,0.3401335110301323,0.3401335110301323,32071,0,1,6,train
129,128,Wspd,local_residual_ma36,local_residual,36.0,6,pearson,0.35304002014619923,0.35304002014619923,32541,0,1,6,train
130,129,Wspd,local_residual_ma36,local_residual,36.0,6,pearson,0.3377871479195376,0.3377871479195376,32018,0,1,6,train
131,130,Wspd,local_residual_ma36,local_residual,36.0,6,pearson,0.34221020853781964,0.34221020853781964,32057,0,1,6,train
132,131,Wspd,local_residual_ma36,local_residual,36.0,6,pearson,0.34993127510118843,0.34993127510118843,33642,0,1,6,train
133,132,Wspd,local_residual_ma36,local_residual,36.0,6,pearson,0.3353801049691676,0.3353801049691676,30650,0,1,6,train
134,133,Wspd,local_residual_ma36,local_residual,36.0,6,pearson,0.34484767186772536,0.34484767186772536,33240,0,1,6,train
1,0,Wspd,local_residual_ma36,local_residual,36.0,10,pearson,0.3429458485719953,0.3429458485719953,33171,0,1,10,train
2,1,Wspd,local_residual_ma36,local_residual,36.0,10,pearson,0.33461889880522794,0.33461889880522794,33280,0,1,10,train
3,2,Wspd,local_residual_ma36,local_residual,36.0,10,pearson,0.3422604074379607,0.3422604074379607,33218,0,1,10,train
4,3,Wspd,local_residual_ma36,local_residual,36.0,10,pearson,0.34847712672668724,0.34847712672668724,33517,0,1,10,train
5,4,Wspd,local_residual_ma36,local_residual,36.0,10,pearson,0.35742403486440816,0.35742403486440816,34321,0,1,10,train
6,5,Wspd,local_residual_ma36,local_residual,36.0,10,pearson,0.35282001536002533,0.35282001536002533,33774,0,1,10,train
7,6,Wspd,local_residual_ma36,local_residual,36.0,10,pearson,0.3440837997815416,0.3440837997815416,34439,0,1,10,train
8,7,Wspd,local_residual_ma36,local_residual,36.0,10,pearson,0.3458691220093655,0.3458691220093655,34189,0,1,10,train
9,8,Wspd,local_residual_ma36,local_residual,36.0,10,pearson,0.34838347396210634,0.34838347396210634,33603,0,1,10,train
10,9,Wspd,local_residual_ma36,local_residual,36.0,10,pearson,0.35258731007720123,0.35258731007720123,33883,0,1,10,train
11,10,Wspd,local_residual_ma36,local_residual,36.0,10,pearson,0.3444843393530861,0.3444843393530861,33786,0,1,10,train
12,11,Wspd,local_residual_ma36,local_residual,36.0,10,pearson,0.3457533985181192,0.3457533985181192,33575,0,1,10,train
13,12,Wspd,local_residual_ma36,local_residual,36.0,10,pearson,0.3474941691511082,0.3474941691511082,33736,0,1,10,train
14,13,Wspd,local_residual_ma36,local_residual,36.0,10,pearson,0.3525260122518832,0.3525260122518832,34397,0,1,10,train
15,14,Wspd,local_residual_ma36,local_residual,36.0,10,pearson,0.3280628257329582,0.3280628257329582,33736,0,1,10,train
16,15,Wspd,local_residual_ma36,local_residual,36.0,10,pearson,0.330077157438913,0.330077157438913,33378,0,1,10,train
17,16,Wspd,local_residual_ma36,local_residual,36.0,10,pearson,0.3512863021693973,0.3512863021693973,33845,0,1,10,train
18,17,Wspd,local_residual_ma36,local_residual,36.0,10,pearson,0.34920635957300267,0.34920635957300267,34195,0,1,10,train
19,18,Wspd,local_residual_ma36,local_residual,36.0,10,pearson,0.34391074641051655,0.34391074641051655,33848,0,1,10,train
20,19,Wspd,local_residual_ma36,local_residual,36.0,10,pearson,0.3303741570397894,0.3303741570397894,32955,0,1,10,train
21,20,Wspd,local_residual_ma36,local_residual,36.0,10,pearson,0.3414236139906696,0.3414236139906696,33915,0,1,10,train
22,21,Wspd,local_residual_ma36,local_residual,36.0,10,pearson,0.3519397454629584,0.3519397454629584,32335,0,1,10,train
23,22,Wspd,local_residual_ma36,local_residual,36.0,10,pearson,0.35563481988979057,0.35563481988979057,33248,0,1,10,train
24,23,Wspd,local_residual_ma36,local_residual,36.0,10,pearson,0.35224884196171535,0.35224884196171535,33678,0,1,10,train
25,24,Wspd,local_residual_ma36,local_residual,36.0,10,pearson,0.3426683979741219,0.3426683979741219,33296,0,1,10,train
26,25,Wspd,local_residual_ma36,local_residual,36.0,10,pearson,0.35789727641103664,0.35789727641103664,34635,0,1,10,train
27,26,Wspd,local_residual_ma36,local_residual,36.0,10,pearson,0.35688638718137844,0.35688638718137844,34364,0,1,10,train
28,27,Wspd,local_residual_ma36,local_residual,36.0,10,pearson,0.36032265216209797,0.36032265216209797,34935,0,1,10,train
29,28,Wspd,local_residual_ma36,local_residual,36.0,10,pearson,0.35064338914299226,0.35064338914299226,33768,0,1,10,train
30,29,Wspd,local_residual_ma36,local_residual,36.0,10,pearson,0.3449439627960859,0.3449439627960859,34235,0,1,10,train
31,30,Wspd,local_residual_ma36,local_residual,36.0,10,pearson,0.35441815668769744,0.35441815668769744,34398,0,1,10,train
32,31,Wspd,local_residual_ma36,local_residual,36.0,10,pearson,0.340161341782293,0.340161341782293,33164,0,1,10,train
33,32,Wspd,local_residual_ma36,local_residual,36.0,10,pearson,0.3494511644399309,0.3494511644399309,33727,0,1,10,train
34,33,Wspd,local_residual_ma36,local_residual,36.0,10,pearson,0.33218099249897554,0.33218099249897554,33267,0,1,10,train
35,34,Wspd,local_residual_ma36,local_residual,36.0,10,pearson,0.3416450497098523,0.3416450497098523,32897,0,1,10,train
36,35,Wspd,local_residual_ma36,local_residual,36.0,10,pearson,0.34709471251987156,0.34709471251987156,33608,0,1,10,train
37,36,Wspd,local_residual_ma36,local_residual,36.0,10,pearson,0.3464603048652396,0.3464603048652396,33135,0,1,10,train
38,37,Wspd,local_residual_ma36,local_residual,36.0,10,pearson,0.3409167083038865,0.3409167083038865,34186,0,1,10,train
39,38,Wspd,local_residual_ma36,local_residual,36.0,10,pearson,0.35766622751941785,0.35766622751941785,33945,0,1,10,train
40,39,Wspd,local_residual_ma36,local_residual,36.0,10,pearson,0.34644273770924955,0.34644273770924955,34229,0,1,10,train
41,40,Wspd,local_residual_ma36,local_residual,36.0,10,pearson,0.3354476935454055,0.3354476935454055,32688,0,1,10,train
42,41,Wspd,local_residual_ma36,local_residual,36.0,10,pearson,0.3487814355937037,0.3487814355937037,33335,0,1,10,train
43,42,Wspd,local_residual_ma36,local_residual,36.0,10,pearson,0.3537190764703879,0.3537190764703879,33802,0,1,10,train
44,43,Wspd,local_residual_ma36,local_residual,36.0,10,pearson,0.3478163022978586,0.3478163022978586,31695,0,1,10,train
45,44,Wspd,local_residual_ma36,local_residual,36.0,10,pearson,0.3517151637764276,0.3517151637764276,33331,0,1,10,train
46,45,Wspd,local_residual_ma36,local_residual,36.0,10,pearson,0.3513423223680919,0.3513423223680919,32626,0,1,10,train
47,46,Wspd,local_residual_ma36,local_residual,36.0,10,pearson,0.3414830169002037,0.3414830169002037,32965,0,1,10,train
48,47,Wspd,local_residual_ma36,local_residual,36.0,10,pearson,0.35130690906370826,0.35130690906370826,33749,0,1,10,train
49,48,Wspd,local_residual_ma36,local_residual,36.0,10,pearson,0.36778272255384886,0.36778272255384886,34777,0,1,10,train
50,49,Wspd,local_residual_ma36,local_residual,36.0,10,pearson,0.35038075507665983,0.35038075507665983,33471,0,1,10,train
51,50,Wspd,local_residual_ma36,local_residual,36.0,10,pearson,0.3568539434839745,0.3568539434839745,33980,0,1,10,train
52,51,Wspd,local_residual_ma36,local_residual,36.0,10,pearson,0.35298318023948094,0.35298318023948094,31749,0,1,10,train
53,52,Wspd,local_residual_ma36,local_residual,36.0,10,pearson,0.34791246237621576,0.34791246237621576,34273,0,1,10,train
54,53,Wspd,local_residual_ma36,local_residual,36.0,10,pearson,0.3414157407982144,0.3414157407982144,34512,0,1,10,train
55,54,Wspd,local_residual_ma36,local_residual,36.0,10,pearson,0.341612813041649,0.341612813041649,33403,0,1,10,train
56,55,Wspd,local_residual_ma36,local_residual,36.0,10,pearson,0.34101116236576706,0.34101116236576706,32253,0,1,10,train
57,56,Wspd,local_residual_ma36,local_residual,36.0,10,pearson,0.34520735720699713,0.34520735720699713,34277,0,1,10,train
58,57,Wspd,local_residual_ma36,local_residual,36.0,10,pearson,0.35691369617823276,0.35691369617823276,35490,0,1,10,train
59,58,Wspd,local_residual_ma36,local_residual,36.0,10,pearson,0.3399530034078228,0.3399530034078228,32853,0,1,10,train
60,59,Wspd,local_residual_ma36,local_residual,36.0,10,pearson,0.34407334664807354,0.34407334664807354,33365,0,1,10,train
61,60,Wspd,local_residual_ma36,local_residual,36.0,10,pearson,0.33391626708379757,0.33391626708379757,32580,0,1,10,train
62,61,Wspd,local_residual_ma36,local_residual,36.0,10,pearson,0.355215469191138,0.355215469191138,34445,0,1,10,train
63,62,Wspd,local_residual_ma36,local_residual,36.0,10,pearson,0.3428955363410715,0.3428955363410715,33594,0,1,10,train
64,63,Wspd,local_residual_ma36,local_residual,36.0,10,pearson,0.3417700398146925,0.3417700398146925,32370,0,1,10,train
65,64,Wspd,local_residual_ma36,local_residual,36.0,10,pearson,0.34553184336108894,0.34553184336108894,33455,0,1,10,train
66,65,Wspd,local_residual_ma36,local_residual,36.0,10,pearson,0.3445222374036765,0.3445222374036765,33901,0,1,10,train
67,66,Wspd,local_residual_ma36,local_residual,36.0,10,pearson,0.3411540110554414,0.3411540110554414,34586,0,1,10,train
68,67,Wspd,local_residual_ma36,local_residual,36.0,10,pearson,0.3425781691246292,0.3425781691246292,33961,0,1,10,train
69,68,Wspd,local_residual_ma36,local_residual,36.0,10,pearson,0.3531373041137767,0.3531373041137767,33391,0,1,10,train
70,69,Wspd,local_residual_ma36,local_residual,36.0,10,pearson,0.3582174385165289,0.3582174385165289,33539,0,1,10,train
71,70,Wspd,local_residual_ma36,local_residual,36.0,10,pearson,0.3830614210134661,0.3830614210134661,35563,0,1,10,train
72,71,Wspd,local_residual_ma36,local_residual,36.0,10,pearson,0.34419413052598435,0.34419413052598435,33422,0,1,10,train
73,72,Wspd,local_residual_ma36,local_residual,36.0,10,pearson,0.35526207384146957,0.35526207384146957,34886,0,1,10,train
74,73,Wspd,local_residual_ma36,local_residual,36.0,10,pearson,0.35184930049437874,0.35184930049437874,33777,0,1,10,train
75,74,Wspd,local_residual_ma36,local_residual,36.0,10,pearson,0.3543862692309779,0.3543862692309779,33302,0,1,10,train
76,75,Wspd,local_residual_ma36,local_residual,36.0,10,pearson,0.35632317249033624,0.35632317249033624,33697,0,1,10,train
77,76,Wspd,local_residual_ma36,local_residual,36.0,10,pearson,0.35087403306708687,0.35087403306708687,33388,0,1,10,train
78,77,Wspd,local_residual_ma36,local_residual,36.0,10,pearson,0.33974328695130596,0.33974328695130596,32624,0,1,10,train
79,78,Wspd,local_residual_ma36,local_residual,36.0,10,pearson,0.35096570748017963,0.35096570748017963,32767,0,1,10,train
80,79,Wspd,local_residual_ma36,local_residual,36.0,10,pearson,0.3591110369811276,0.3591110369811276,33562,0,1,10,train
81,80,Wspd,local_residual_ma36,local_residual,36.0,10,pearson,0.3579481489776193,0.3579481489776193,33467,0,1,10,train
82,81,Wspd,local_residual_ma36,local_residual,36.0,10,pearson,0.35213666813977196,0.35213666813977196,32479,0,1,10,train
83,82,Wspd,local_residual_ma36,local_residual,36.0,10,pearson,0.3669703866298729,0.3669703866298729,32894,0,1,10,train
84,83,Wspd,local_residual_ma36,local_residual,36.0,10,pearson,0.3700510328167512,0.3700510328167512,35785,0,1,10,train
85,84,Wspd,local_residual_ma36,local_residual,36.0,10,pearson,0.34895859496318843,0.34895859496318843,32744,0,1,10,train
86,85,Wspd,local_residual_ma36,local_residual,36.0,10,pearson,0.3503506649127577,0.3503506649127577,33689,0,1,10,train
87,86,Wspd,local_residual_ma36,local_residual,36.0,10,pearson,0.36533059118487154,0.36533059118487154,35383,0,1,10,train
88,87,Wspd,local_residual_ma36,local_residual,36.0,10,pearson,0.34414688311193675,0.34414688311193675,32983,0,1,10,train
89,88,Wspd,local_residual_ma36,local_residual,36.0,10,pearson,0.3405302424433818,0.3405302424433818,33348,0,1,10,train
90,89,Wspd,local_residual_ma36,local_residual,36.0,10,pearson,0.3341487831073609,0.3341487831073609,33439,0,1,10,train
91,90,Wspd,local_residual_ma36,local_residual,36.0,10,pearson,0.3532266516489665,0.3532266516489665,33630,0,1,10,train
92,91,Wspd,local_residual_ma36,local_residual,36.0,10,pearson,0.35790001263477056,0.35790001263477056,33066,0,1,10,train
93,92,Wspd,local_residual_ma36,local_residual,36.0,10,pearson,0.3366026793378732,0.3366026793378732,32100,0,1,10,train
94,93,Wspd,local_residual_ma36,local_residual,36.0,10,pearson,0.3465003548122159,0.3465003548122159,32977,0,1,10,train
95,94,Wspd,local_residual_ma36,local_residual,36.0,10,pearson,0.33866533473145083,0.33866533473145083,32745,0,1,10,train
96,95,Wspd,local_residual_ma36,local_residual,36.0,10,pearson,0.34745617519629823,0.34745617519629823,31120,0,1,10,train
97,96,Wspd,local_residual_ma36,local_residual,36.0,10,pearson,0.3499491788195491,0.3499491788195491,31958,0,1,10,train
98,97,Wspd,local_residual_ma36,local_residual,36.0,10,pearson,0.3623962466687704,0.3623962466687704,34166,0,1,10,train
99,98,Wspd,local_residual_ma36,local_residual,36.0,10,pearson,0.36605500584714845,0.36605500584714845,35180,0,1,10,train
100,99,Wspd,local_residual_ma36,local_residual,36.0,10,pearson,0.3541721785360025,0.3541721785360025,32811,0,1,10,train
101,100,Wspd,local_residual_ma36,local_residual,36.0,10,pearson,0.34292473640997423,0.34292473640997423,33287,0,1,10,train
102,101,Wspd,local_residual_ma36,local_residual,36.0,10,pearson,0.3444487861261862,0.3444487861261862,32556,0,1,10,train
103,102,Wspd,local_residual_ma36,local_residual,36.0,10,pearson,0.3681366412442704,0.3681366412442704,34424,0,1,10,train
104,103,Wspd,local_residual_ma36,local_residual,36.0,10,pearson,0.352813316571498,0.352813316571498,33026,0,1,10,train
105,104,Wspd,local_residual_ma36,local_residual,36.0,10,pearson,0.3342576858294949,0.3342576858294949,33584,0,1,10,train
106,105,Wspd,local_residual_ma36,local_residual,36.0,10,pearson,0.3480449510335316,0.3480449510335316,32088,0,1,10,train
107,106,Wspd,local_residual_ma36,local_residual,36.0,10,pearson,0.35036604048294584,0.35036604048294584,34107,0,1,10,train
108,107,Wspd,local_residual_ma36,local_residual,36.0,10,pearson,0.3565722233579704,0.3565722233579704,32234,0,1,10,train
109,108,Wspd,local_residual_ma36,local_residual,36.0,10,pearson,0.35616493417389317,0.35616493417389317,33684,0,1,10,train
110,109,Wspd,local_residual_ma36,local_residual,36.0,10,pearson,0.35268075859188763,0.35268075859188763,33827,0,1,10,train
111,110,Wspd,local_residual_ma36,local_residual,36.0,10,pearson,0.3453819692039212,0.3453819692039212,33531,0,1,10,train
112,111,Wspd,local_residual_ma36,local_residual,36.0,10,pearson,0.33553434027072837,0.33553434027072837,33085,0,1,10,train
113,112,Wspd,local_residual_ma36,local_residual,36.0,10,pearson,0.3601761808897359,0.3601761808897359,33307,0,1,10,train
114,113,Wspd,local_residual_ma36,local_residual,36.0,10,pearson,0.3526489775111168,0.3526489775111168,32650,0,1,10,train
115,114,Wspd,local_residual_ma36,local_residual,36.0,10,pearson,0.3456266362462168,0.3456266362462168,31927,0,1,10,train
116,115,Wspd,local_residual_ma36,local_residual,36.0,10,pearson,0.34020402571386354,0.34020402571386354,32193,0,1,10,train
117,116,Wspd,local_residual_ma36,local_residual,36.0,10,pearson,0.3521502120482007,0.3521502120482007,32803,0,1,10,train
118,117,Wspd,local_residual_ma36,local_residual,36.0,10,pearson,0.34308234252070713,0.34308234252070713,32762,0,1,10,train
119,118,Wspd,local_residual_ma36,local_residual,36.0,10,pearson,0.3616118057844037,0.3616118057844037,33794,0,1,10,train
120,119,Wspd,local_residual_ma36,local_residual,36.0,10,pearson,0.34544859200244526,0.34544859200244526,33520,0,1,10,train
121,120,Wspd,local_residual_ma36,local_residual,36.0,10,pearson,0.3551308490137204,0.3551308490137204,33741,0,1,10,train
122,121,Wspd,local_residual_ma36,local_residual,36.0,10,pearson,0.347970984718574,0.347970984718574,32399,0,1,10,train
123,122,Wspd,local_residual_ma36,local_residual,36.0,10,pearson,0.34928429597794886,0.34928429597794886,31843,0,1,10,train
124,123,Wspd,local_residual_ma36,local_residual,36.0,10,pearson,0.34565290968697193,0.34565290968697193,32451,0,1,10,train
125,124,Wspd,local_residual_ma36,local_residual,36.0,10,pearson,0.33416848349471917,0.33416848349471917,32394,0,1,10,train
126,125,Wspd,local_residual_ma36,local_residual,36.0,10,pearson,0.33810752925362625,0.33810752925362625,33022,0,1,10,train
127,126,Wspd,local_residual_ma36,local_residual,36.0,10,pearson,0.35188337561762323,0.35188337561762323,33348,0,1,10,train
128,127,Wspd,local_residual_ma36,local_residual,36.0,10,pearson,0.343434466002687,0.343434466002687,33419,0,1,10,train
129,128,Wspd,local_residual_ma36,local_residual,36.0,10,pearson,0.3567214588187742,0.3567214588187742,33815,0,1,10,train
130,129,Wspd,local_residual_ma36,local_residual,36.0,10,pearson,0.3463804911662919,0.3463804911662919,33421,0,1,10,train
131,130,Wspd,local_residual_ma36,local_residual,36.0,10,pearson,0.33753847816220656,0.33753847816220656,33428,0,1,10,train
132,131,Wspd,local_residual_ma36,local_residual,36.0,10,pearson,0.35693037138965683,0.35693037138965683,34952,0,1,10,train
133,132,Wspd,local_residual_ma36,local_residual,36.0,10,pearson,0.33939374836721437,0.33939374836721437,32099,0,1,10,train
134,133,Wspd,local_residual_ma36,local_residual,36.0,10,pearson,0.34988758249255686,0.34988758249255686,34605,0,1,10,train
