TurbID,representation,curve_type,x,y,x_unit,y_unit
44,raw,spectrum,0.0009765625,0.24272473540835826,cycles_per_10min_step,share_of_non_dc_energy_per_frequency_bin
44,raw,spectrum,0.0029296875,0.12425035847052358,cycles_per_10min_step,share_of_non_dc_energy_per_frequency_bin
44,raw,spectrum,0.0048828125,0.08833829038408345,cycles_per_10min_step,share_of_non_dc_energy_per_frequency_bin
44,raw,spectrum,0.0068359375,0.08588885829433812,cycles_per_10min_step,share_of_non_dc_energy_per_frequency_bin
44,raw,spectrum,0.0087890625,0.05925217659173118,cycles_per_10min_step,share_of_non_dc_energy_per_frequency_bin
44,raw,spectrum,0.0107421875,0.033953275319912386,cycles_per_10min_step,share_of_non_dc_energy_per_frequency_bin
44,raw,spectrum,0.0126953125,0.03110357418281725,cycles_per_10min_step,share_of_non_dc_energy_per_frequency_bin
44,raw,spectrum,0.0146484375,0.03322649763823651,cycles_per_10min_step,share_of_non_dc_energy_per_frequency_bin
44,raw,spectrum,0.0166015625,0.026994842924798607,cycles_per_10min_step,share_of_non_dc_energy_per_frequency_bin
44,raw,spectrum,0.0185546875,0.0192817333243224,cycles_per_10min_step,share_of_non_dc_energy_per_frequency_bin
44,raw,spectrum,0.0205078125,0.016669641179963893,cycles_per_10min_step,share_of_non_dc_energy_per_frequency_bin
44,raw,spectrum,0.0224609375,0.01246009961113972,cycles_per_10min_step,share_of_non_dc_energy_per_frequency_bin
44,raw,spectrum,0.0244140625,0.012584649065732138,cycles_per_10min_step,share_of_non_dc_energy_per_frequency_bin
44,raw,spectrum,0.0263671875,0.010572965298610596,cycles_per_10min_step,share_of_non_dc_energy_per_frequency_bin
44,raw,spectrum,0.0283203125,0.009552779511601427,cycles_per_10min_step,share_of_non_dc_energy_per_frequency_bin
44,raw,spectrum,0.0302734375,0.007843227384636525,cycles_per_10min_step,share_of_non_dc_energy_per_frequency_bin
44,raw,spectrum,0.0322265625,0.007231916958219154,cycles_per_10min_step,share_of_non_dc_energy_per_frequency_bin
44,raw,spectrum,0.0341796875,0.007875029457688773,cycles_per_10min_step,share_of_non_dc_energy_per_frequency_bin
44,raw,spectrum,0.0361328125,0.007279213099642039,cycles_per_10min_step,share_of_non_dc_energy_per_frequency_bin
44,raw,spectrum,0.0380859375,0.005264143526902295,cycles_per_10min_step,share_of_non_dc_energy_per_frequency_bin
44,raw,spectrum,0.0400390625,0.0052592509487506,cycles_per_10min_step,share_of_non_dc_energy_per_frequency_bin
44,raw,spectrum,0.0419921875,0.004779046677851139,cycles_per_10min_step,share_of_non_dc_energy_per_frequency_bin
44,raw,spectrum,0.0439453125,0.0042060608286203964,cycles_per_10min_step,share_of_non_dc_energy_per_frequency_bin
44,raw,spectrum,0.0458984375,0.004404270464805032,cycles_per_10min_step,share_of_non_dc_energy_per_frequency_bin
44,raw,spectrum,0.0478515625,0.0033790450222868653,cycles_per_10min_step,share_of_non_dc_energy_per_frequency_bin
44,raw,spectrum,0.0498046875,0.0038561563029145627,cycles_per_10min_step,share_of_non_dc_energy_per_frequency_bin
44,raw,spectrum,0.0517578125,0.0032316236720409497,cycles_per_10min_step,share_of_non_dc_energy_per_frequency_bin
44,raw,spectrum,0.0537109375,0.003682776850459369,cycles_per_10min_step,share_of_non_dc_energy_per_frequency_bin
44,raw,spectrum,0.0556640625,0.003228114790787165,cycles_per_10min_step,share_of_non_dc_energy_per_frequency_bin
44,raw,spectrum,0.0576171875,0.0031318854855031473,cycles_per_10min_step,share_of_non_dc_energy_per_frequency_bin
44,raw,spectrum,0.0595703125,0.0024074915543017958,cycles_per_10min_step,share_of_non_dc_energy_per_frequency_bin
44,raw,spectrum,0.0615234375,0.00237947498014023,cycles_per_10min_step,share_of_non_dc_energy_per_frequency_bin
44,raw,spectrum,0.0634765625,0.002227243334308901,cycles_per_10min_step,share_of_non_dc_energy_per_frequency_bin
44,raw,spectrum,0.0654296875,0.001991386193560307,cycles_per_10min_step,share_of_non_dc_energy_per_frequency_bin
44,raw,spectrum,0.0673828125,0.002190319186377215,cycles_per_10min_step,share_of_non_dc_energy_per_frequency_bin
44,raw,spectrum,0.0693359375,0.001810112769092532,cycles_per_10min_step,share_of_non_dc_energy_per_frequency_bin
44,raw,spectrum,0.0712890625,0.0026638184364379865,cycles_per_10min_step,share_of_non_dc_energy_per_frequency_bin
44,raw,spectrum,0.0732421875,0.0021305594321615285,cycles_per_10min_step,share_of_non_dc_energy_per_frequency_bin
44,raw,spectrum,0.0751953125,0.0019061467758543298,cycles_per_10min_step,share_of_non_dc_energy_per_frequency_bin
44,raw,spectrum,0.0771484375,0.0015810978355168073,cycles_per_10min_step,share_of_non_dc_energy_per_frequency_bin
44,raw,spectrum,0.0791015625,0.001726873497270303,cycles_per_10min_step,share_of_non_dc_energy_per_frequency_bin
44,raw,spectrum,0.0810546875,0.0016440028518449868,cycles_per_10min_step,share_of_non_dc_energy_per_frequency_bin
44,raw,spectrum,0.0830078125,0.0014099598491737469,cycles_per_10min_step,share_of_non_dc_energy_per_frequency_bin
44,raw,spectrum,0.0849609375,0.0015666662588009125,cycles_per_10min_step,share_of_non_dc_energy_per_frequency_bin
44,raw,spectrum,0.0869140625,0.0014807852032405271,cycles_per_10min_step,share_of_non_dc_energy_per_frequency_bin
44,raw,spectrum,0.0888671875,0.001446957050324644,cycles_per_10min_step,share_of_non_dc_energy_per_frequency_bin
44,raw,spectrum,0.0908203125,0.0014986409567648953,cycles_per_10min_step,share_of_non_dc_energy_per_frequency_bin
44,raw,spectrum,0.0927734375,0.0015368487610976818,cycles_per_10min_step,share_of_non_dc_energy_per_frequency_bin
44,raw,spectrum,0.0947265625,0.0012159924655794755,cycles_per_10min_step,share_of_non_dc_energy_per_frequency_bin
44,raw,spectrum,0.0966796875,0.0012622372577099094,cycles_per_10min_step,share_of_non_dc_energy_per_frequency_bin
44,raw,spectrum,0.0986328125,0.0013801256195369372,cycles_per_10min_step,share_of_non_dc_energy_per_frequency_bin
44,raw,spectrum,0.1005859375,0.0011884501995940704,cycles_per_10min_step,share_of_non_dc_energy_per_frequency_bin
44,raw,spectrum,0.1025390625,0.0011561284763266012,cycles_per_10min_step,share_of_non_dc_energy_per_frequency_bin
44,raw,spectrum,0.1044921875,0.0011561284858088638,cycles_per_10min_step,share_of_non_dc_energy_per_frequency_bin
44,raw,spectrum,0.1064453125,0.0012830613947460222,cycles_per_10min_step,share_of_non_dc_energy_per_frequency_bin
44,raw,spectrum,0.1083984375,0.0009062706804115546,cycles_per_10min_step,share_of_non_dc_energy_per_frequency_bin
44,raw,spectrum,0.1103515625,0.001173386732945968,cycles_per_10min_step,share_of_non_dc_energy_per_frequency_bin
44,raw,spectrum,0.1123046875,0.0008539579044266688,cycles_per_10min_step,share_of_non_dc_energy_per_frequency_bin
44,raw,spectrum,0.1142578125,0.0009082875954385799,cycles_per_10min_step,share_of_non_dc_energy_per_frequency_bin
44,raw,spectrum,0.1162109375,0.0007522861255682237,cycles_per_10min_step,share_of_non_dc_energy_per_frequency_bin
44,raw,spectrum,0.1181640625,0.0007600960428771595,cycles_per_10min_step,share_of_non_dc_energy_per_frequency_bin
44,raw,spectrum,0.1201171875,0.001082316182780375,cycles_per_10min_step,share_of_non_dc_energy_per_frequency_bin
44,raw,spectrum,0.1220703125,0.0008591663597602866,cycles_per_10min_step,share_of_non_dc_energy_per_frequency_bin
44,raw,spectrum,0.1240234375,0.0007127661114372308,cycles_per_10min_step,share_of_non_dc_energy_per_frequency_bin
44,raw,spectrum,0.1259765625,0.0007279709358198606,cycles_per_10min_step,share_of_non_dc_energy_per_frequency_bin
44,raw,spectrum,0.1279296875,0.0008861017840017826,cycles_per_10min_step,share_of_non_dc_energy_per_frequency_bin
44,raw,spectrum,0.1298828125,0.0007326473767707729,cycles_per_10min_step,share_of_non_dc_energy_per_frequency_bin
44,raw,spectrum,0.1318359375,0.000832070819402543,cycles_per_10min_step,share_of_non_dc_energy_per_frequency_bin
44,raw,spectrum,0.1337890625,0.0008297258849049595,cycles_per_10min_step,share_of_non_dc_energy_per_frequency_bin
44,raw,spectrum,0.1357421875,0.0008009477998754122,cycles_per_10min_step,share_of_non_dc_energy_per_frequency_bin
44,raw,spectrum,0.1376953125,0.0008328367787234107,cycles_per_10min_step,share_of_non_dc_energy_per_frequency_bin
44,raw,spectrum,0.1396484375,0.0007138086563858764,cycles_per_10min_step,share_of_non_dc_energy_per_frequency_bin
44,raw,spectrum,0.1416015625,0.000672879995539848,cycles_per_10min_step,share_of_non_dc_energy_per_frequency_bin
44,raw,spectrum,0.1435546875,0.0007198263148093468,cycles_per_10min_step,share_of_non_dc_energy_per_frequency_bin
44,raw,spectrum,0.1455078125,0.0007319368038032341,cycles_per_10min_step,share_of_non_dc_energy_per_frequency_bin
44,raw,spectrum,0.1474609375,0.0006755588562926225,cycles_per_10min_step,share_of_non_dc_energy_per_frequency_bin
44,raw,spectrum,0.1494140625,0.0008240487620383796,cycles_per_10min_step,share_of_non_dc_energy_per_frequency_bin
44,raw,spectrum,0.1513671875,0.0006651569576997086,cycles_per_10min_step,share_of_non_dc_energy_per_frequency_bin
44,raw,spectrum,0.1533203125,0.0005517182513216917,cycles_per_10min_step,share_of_non_dc_energy_per_frequency_bin
44,raw,spectrum,0.1552734375,0.0005928869567083213,cycles_per_10min_step,share_of_non_dc_energy_per_frequency_bin
44,raw,spectrum,0.1572265625,0.0005599058557389625,cycles_per_10min_step,share_of_non_dc_energy_per_frequency_bin
44,raw,spectrum,0.1591796875,0.000730316749154747,cycles_per_10min_step,share_of_non_dc_energy_per_frequency_bin
44,raw,spectrum,0.1611328125,0.0005616321890568299,cycles_per_10min_step,share_of_non_dc_energy_per_frequency_bin
44,raw,spectrum,0.1630859375,0.0005687412977222185,cycles_per_10min_step,share_of_non_dc_energy_per_frequency_bin
44,raw,spectrum,0.1650390625,0.00045008809740417204,cycles_per_10min_step,share_of_non_dc_energy_per_frequency_bin
44,raw,spectrum,0.1669921875,0.00047354968882614047,cycles_per_10min_step,share_of_non_dc_energy_per_frequency_bin
44,raw,spectrum,0.1689453125,0.0004575244238733846,cycles_per_10min_step,share_of_non_dc_energy_per_frequency_bin
44,raw,spectrum,0.1708984375,0.0006022463630011864,cycles_per_10min_step,share_of_non_dc_energy_per_frequency_bin
44,raw,spectrum,0.1728515625,0.0004704561433109926,cycles_per_10min_step,share_of_non_dc_energy_per_frequency_bin
44,raw,spectrum,0.1748046875,0.0006077233717813993,cycles_per_10min_step,share_of_non_dc_energy_per_frequency_bin
44,raw,spectrum,0.1767578125,0.0006640493139939764,cycles_per_10min_step,share_of_non_dc_energy_per_frequency_bin
44,raw,spectrum,0.1787109375,0.0004584522610072572,cycles_per_10min_step,share_of_non_dc_energy_per_frequency_bin
44,raw,spectrum,0.1806640625,0.00037890457575834156,cycles_per_10min_step,share_of_non_dc_energy_per_frequency_bin
44,raw,spectrum,0.1826171875,0.0004699797786952723,cycles_per_10min_step,share_of_non_dc_energy_per_frequency_bin
44,raw,spectrum,0.1845703125,0.0004766935438319963,cycles_per_10min_step,share_of_non_dc_energy_per_frequency_bin
44,raw,spectrum,0.1865234375,0.0005812342190986555,cycles_per_10min_step,share_of_non_dc_energy_per_frequency_bin
44,raw,spectrum,0.1884765625,0.0003731903107949255,cycles_per_10min_step,share_of_non_dc_energy_per_frequency_bin
44,raw,spectrum,0.1904296875,0.00039026383710195233,cycles_per_10min_step,share_of_non_dc_energy_per_frequency_bin
44,raw,spectrum,0.1923828125,0.00046143145565811166,cycles_per_10min_step,share_of_non_dc_energy_per_frequency_bin
44,raw,spectrum,0.1943359375,0.0004902313928496523,cycles_per_10min_step,share_of_non_dc_energy_per_frequency_bin
44,raw,spectrum,0.1962890625,0.0004522162822653811,cycles_per_10min_step,share_of_non_dc_energy_per_frequency_bin
44,raw,spectrum,0.1982421875,0.00039618714768082584,cycles_per_10min_step,share_of_non_dc_energy_per_frequency_bin
44,raw,spectrum,0.2001953125,0.0004042099177812982,cycles_per_10min_step,share_of_non_dc_energy_per_frequency_bin
44,raw,spectrum,0.2021484375,0.0005281793656655471,cycles_per_10min_step,share_of_non_dc_energy_per_frequency_bin
44,raw,spectrum,0.2041015625,0.0005179426008243107,cycles_per_10min_step,share_of_non_dc_energy_per_frequency_bin
44,raw,spectrum,0.2060546875,0.0004228314770997501,cycles_per_10min_step,share_of_non_dc_energy_per_frequency_bin
44,raw,spectrum,0.2080078125,0.0005526474806270944,cycles_per_10min_step,share_of_non_dc_energy_per_frequency_bin
44,raw,spectrum,0.2099609375,0.000438452630672897,cycles_per_10min_step,share_of_non_dc_energy_per_frequency_bin
44,raw,spectrum,0.2119140625,0.0004470839102823821,cycles_per_10min_step,share_of_non_dc_energy_per_frequency_bin
44,raw,spectrum,0.2138671875,0.00036084069337524423,cycles_per_10min_step,share_of_non_dc_energy_per_frequency_bin
44,raw,spectrum,0.2158203125,0.0003724226768477557,cycles_per_10min_step,share_of_non_dc_energy_per_frequency_bin
44,raw,spectrum,0.2177734375,0.0003107907707406963,cycles_per_10min_step,share_of_non_dc_energy_per_frequency_bin
44,raw,spectrum,0.2197265625,0.0004231079023157604,cycles_per_10min_step,share_of_non_dc_energy_per_frequency_bin
44,raw,spectrum,0.2216796875,0.0003535267800991336,cycles_per_10min_step,share_of_non_dc_energy_per_frequency_bin
44,raw,spectrum,0.2236328125,0.00039777087286463385,cycles_per_10min_step,share_of_non_dc_energy_per_frequency_bin
44,raw,spectrum,0.2255859375,0.00041392281322133787,cycles_per_10min_step,share_of_non_dc_energy_per_frequency_bin
44,raw,spectrum,0.2275390625,0.00037643967812794665,cycles_per_10min_step,share_of_non_dc_energy_per_frequency_bin
44,raw,spectrum,0.2294921875,0.0003631764131661273,cycles_per_10min_step,share_of_non_dc_energy_per_frequency_bin
44,raw,spectrum,0.2314453125,0.00034195740892211366,cycles_per_10min_step,share_of_non_dc_energy_per_frequency_bin
44,raw,spectrum,0.2333984375,0.0003482017104594345,cycles_per_10min_step,share_of_non_dc_energy_per_frequency_bin
44,raw,spectrum,0.2353515625,0.0003136954509837668,cycles_per_10min_step,share_of_non_dc_energy_per_frequency_bin
44,raw,spectrum,0.2373046875,0.0004078746119643295,cycles_per_10min_step,share_of_non_dc_energy_per_frequency_bin
44,raw,spectrum,0.2392578125,0.0003823372570449306,cycles_per_10min_step,share_of_non_dc_energy_per_frequency_bin
44,raw,spectrum,0.2412109375,0.00039306157546885984,cycles_per_10min_step,share_of_non_dc_energy_per_frequency_bin
44,raw,spectrum,0.2431640625,0.00036085886926089637,cycles_per_10min_step,share_of_non_dc_energy_per_frequency_bin
44,raw,spectrum,0.2451171875,0.0003969727297184782,cycles_per_10min_step,share_of_non_dc_energy_per_frequency_bin
44,raw,spectrum,0.2470703125,0.00035076759818798253,cycles_per_10min_step,share_of_non_dc_energy_per_frequency_bin
44,raw,spectrum,0.2490234375,0.0002974863930067917,cycles_per_10min_step,share_of_non_dc_energy_per_frequency_bin
44,raw,spectrum,0.2509765625,0.0002798577569715419,cycles_per_10min_step,share_of_non_dc_energy_per_frequency_bin
44,raw,spectrum,0.2529296875,0.0003138372045650291,cycles_per_10min_step,share_of_non_dc_energy_per_frequency_bin
44,raw,spectrum,0.2548828125,0.0003157852086511526,cycles_per_10min_step,share_of_non_dc_energy_per_frequency_bin
44,raw,spectrum,0.2568359375,0.00032501695395519323,cycles_per_10min_step,share_of_non_dc_energy_per_frequency_bin
44,raw,spectrum,0.2587890625,0.0003328078020441307,cycles_per_10min_step,share_of_non_dc_energy_per_frequency_bin
44,raw,spectrum,0.2607421875,0.0002709540115803366,cycles_per_10min_step,share_of_non_dc_energy_per_frequency_bin
44,raw,spectrum,0.2626953125,0.00034535859607019796,cycles_per_10min_step,share_of_non_dc_energy_per_frequency_bin
44,raw,spectrum,0.2646484375,0.00035453775170791004,cycles_per_10min_step,share_of_non_dc_energy_per_frequency_bin
44,raw,spectrum,0.2666015625,0.00033388314370958545,cycles_per_10min_step,share_of_non_dc_energy_per_frequency_bin
44,raw,spectrum,0.2685546875,0.00037733038347564446,cycles_per_10min_step,share_of_non_dc_energy_per_frequency_bin
44,raw,spectrum,0.2705078125,0.0003479862551264061,cycles_per_10min_step,share_of_non_dc_energy_per_frequency_bin
44,raw,spectrum,0.2724609375,0.0003553829278286482,cycles_per_10min_step,share_of_non_dc_energy_per_frequency_bin
44,raw,spectrum,0.2744140625,0.00032018642949817224,cycles_per_10min_step,share_of_non_dc_energy_per_frequency_bin
44,raw,spectrum,0.2763671875,0.000261493749715829,cycles_per_10min_step,share_of_non_dc_energy_per_frequency_bin
44,raw,spectrum,0.2783203125,0.0002925769177367882,cycles_per_10min_step,share_of_non_dc_energy_per_frequency_bin
44,raw,spectrum,0.2802734375,0.00030929809459618717,cycles_per_10min_step,share_of_non_dc_energy_per_frequency_bin
44,raw,spectrum,0.2822265625,0.00041670262067435845,cycles_per_10min_step,share_of_non_dc_energy_per_frequency_bin
44,raw,spectrum,0.2841796875,0.0004155163276444536,cycles_per_10min_step,share_of_non_dc_energy_per_frequency_bin
44,raw,spectrum,0.2861328125,0.0003626636400570244,cycles_per_10min_step,share_of_non_dc_energy_per_frequency_bin
44,raw,spectrum,0.2880859375,0.00034116467550747556,cycles_per_10min_step,share_of_non_dc_energy_per_frequency_bin
44,raw,spectrum,0.2900390625,0.00027475772096110737,cycles_per_10min_step,share_of_non_dc_energy_per_frequency_bin
44,raw,spectrum,0.2919921875,0.00029691273091579114,cycles_per_10min_step,share_of_non_dc_energy_per_frequency_bin
44,raw,spectrum,0.2939453125,0.0003545946484666407,cycles_per_10min_step,share_of_non_dc_energy_per_frequency_bin
44,raw,spectrum,0.2958984375,0.0002913225446098313,cycles_per_10min_step,share_of_non_dc_energy_per_frequency_bin
44,raw,spectrum,0.2978515625,0.0002921508246818919,cycles_per_10min_step,share_of_non_dc_energy_per_frequency_bin
44,raw,spectrum,0.2998046875,0.00025324755853283127,cycles_per_10min_step,share_of_non_dc_energy_per_frequency_bin
44,raw,spectrum,0.3017578125,0.00027229380504981094,cycles_per_10min_step,share_of_non_dc_energy_per_frequency_bin
44,raw,spectrum,0.3037109375,0.0003078039206619791,cycles_per_10min_step,share_of_non_dc_energy_per_frequency_bin
44,raw,spectrum,0.3056640625,0.0003079544932761985,cycles_per_10min_step,share_of_non_dc_energy_per_frequency_bin
44,raw,spectrum,0.3076171875,0.00029922964378199855,cycles_per_10min_step,share_of_non_dc_energy_per_frequency_bin
44,raw,spectrum,0.3095703125,0.00034354003138700083,cycles_per_10min_step,share_of_non_dc_energy_per_frequency_bin
44,raw,spectrum,0.3115234375,0.0001842240820175208,cycles_per_10min_step,share_of_non_dc_energy_per_frequency_bin
44,raw,spectrum,0.3134765625,0.0002263266163350116,cycles_per_10min_step,share_of_non_dc_energy_per_frequency_bin
44,raw,spectrum,0.3154296875,0.0002508671692368066,cycles_per_10min_step,share_of_non_dc_energy_per_frequency_bin
44,raw,spectrum,0.3173828125,0.00026412189635472165,cycles_per_10min_step,share_of_non_dc_energy_per_frequency_bin
44,raw,spectrum,0.3193359375,0.00026645587533149904,cycles_per_10min_step,share_of_non_dc_energy_per_frequency_bin
44,raw,spectrum,0.3212890625,0.0002947449542404303,cycles_per_10min_step,share_of_non_dc_energy_per_frequency_bin
44,raw,spectrum,0.3232421875,0.00024268011742882632,cycles_per_10min_step,share_of_non_dc_energy_per_frequency_bin
44,raw,spectrum,0.3251953125,0.00028130782684173794,cycles_per_10min_step,share_of_non_dc_energy_per_frequency_bin
44,raw,spectrum,0.3271484375,0.00027423571688348254,cycles_per_10min_step,share_of_non_dc_energy_per_frequency_bin
44,raw,spectrum,0.3291015625,0.0002601870479967894,cycles_per_10min_step,share_of_non_dc_energy_per_frequency_bin
44,raw,spectrum,0.3310546875,0.00029427461932038374,cycles_per_10min_step,share_of_non_dc_energy_per_frequency_bin
44,raw,spectrum,0.3330078125,0.0002353685713519718,cycles_per_10min_step,share_of_non_dc_energy_per_frequency_bin
44,raw,spectrum,0.3349609375,0.0003251125679823876,cycles_per_10min_step,share_of_non_dc_energy_per_frequency_bin
44,raw,spectrum,0.3369140625,0.00025739334528904743,cycles_per_10min_step,share_of_non_dc_energy_per_frequency_bin
44,raw,spectrum,0.3388671875,0.00021974062817311225,cycles_per_10min_step,share_of_non_dc_energy_per_frequency_bin
44,raw,spectrum,0.3408203125,0.00023058265089378663,cycles_per_10min_step,share_of_non_dc_energy_per_frequency_bin
44,raw,spectrum,0.3427734375,0.00025161856352984107,cycles_per_10min_step,share_of_non_dc_energy_per_frequency_bin
44,raw,spectrum,0.3447265625,0.0002421833003231356,cycles_per_10min_step,share_of_non_dc_energy_per_frequency_bin
44,raw,spectrum,0.3466796875,0.00026677682366227986,cycles_per_10min_step,share_of_non_dc_energy_per_frequency_bin
44,raw,spectrum,0.3486328125,0.0004134252825611466,cycles_per_10min_step,share_of_non_dc_energy_per_frequency_bin
44,raw,spectrum,0.3505859375,0.0005265929197228105,cycles_per_10min_step,share_of_non_dc_energy_per_frequency_bin
44,raw,spectrum,0.3525390625,0.00034260506934855766,cycles_per_10min_step,share_of_non_dc_energy_per_frequency_bin
44,raw,spectrum,0.3544921875,0.0003281075931727066,cycles_per_10min_step,share_of_non_dc_energy_per_frequency_bin
44,raw,spectrum,0.3564453125,0.00039943327831093564,cycles_per_10min_step,share_of_non_dc_energy_per_frequency_bin
44,raw,spectrum,0.3583984375,0.0003436407346657151,cycles_per_10min_step,share_of_non_dc_energy_per_frequency_bin
44,raw,spectrum,0.3603515625,0.00028210657727676736,cycles_per_10min_step,share_of_non_dc_energy_per_frequency_bin
44,raw,spectrum,0.3623046875,0.0003694613951483899,cycles_per_10min_step,share_of_non_dc_energy_per_frequency_bin
44,raw,spectrum,0.3642578125,0.0003981604563927911,cycles_per_10min_step,share_of_non_dc_energy_per_frequency_bin
44,raw,spectrum,0.3662109375,0.00042387492589638205,cycles_per_10min_step,share_of_non_dc_energy_per_frequency_bin
44,raw,spectrum,0.3681640625,0.000387180491333874,cycles_per_10min_step,share_of_non_dc_energy_per_frequency_bin
44,raw,spectrum,0.3701171875,0.0003450068062757472,cycles_per_10min_step,share_of_non_dc_energy_per_frequency_bin
44,raw,spectrum,0.3720703125,0.0003810361091726605,cycles_per_10min_step,share_of_non_dc_energy_per_frequency_bin
44,raw,spectrum,0.3740234375,0.0004219029699198157,cycles_per_10min_step,share_of_non_dc_energy_per_frequency_bin
44,raw,spectrum,0.3759765625,0.00039417128881036984,cycles_per_10min_step,share_of_non_dc_energy_per_frequency_bin
44,raw,spectrum,0.3779296875,0.0003009151268666647,cycles_per_10min_step,share_of_non_dc_energy_per_frequency_bin
44,raw,spectrum,0.3798828125,0.0003992514378647254,cycles_per_10min_step,share_of_non_dc_energy_per_frequency_bin
44,raw,spectrum,0.3818359375,0.00038945122292198374,cycles_per_10min_step,share_of_non_dc_energy_per_frequency_bin
44,raw,spectrum,0.3837890625,0.00033976870499838525,cycles_per_10min_step,share_of_non_dc_energy_per_frequency_bin
44,raw,spectrum,0.3857421875,0.0003162768912879487,cycles_per_10min_step,share_of_non_dc_energy_per_frequency_bin
44,raw,spectrum,0.3876953125,0.0002440443163180414,cycles_per_10min_step,share_of_non_dc_energy_per_frequency_bin
44,raw,spectrum,0.3896484375,0.0002914733150329925,cycles_per_10min_step,share_of_non_dc_energy_per_frequency_bin
44,raw,spectrum,0.3916015625,0.00026677480302774516,cycles_per_10min_step,share_of_non_dc_energy_per_frequency_bin
44,raw,spectrum,0.3935546875,0.00029435386278498876,cycles_per_10min_step,share_of_non_dc_energy_per_frequency_bin
44,raw,spectrum,0.3955078125,0.00032626643072933406,cycles_per_10min_step,share_of_non_dc_energy_per_frequency_bin
44,raw,spectrum,0.3974609375,0.00029014966927593834,cycles_per_10min_step,share_of_non_dc_energy_per_frequency_bin
44,raw,spectrum,0.3994140625,0.00040878101545095387,cycles_per_10min_step,share_of_non_dc_energy_per_frequency_bin
44,raw,spectrum,0.4013671875,0.00030508200486863206,cycles_per_10min_step,share_of_non_dc_energy_per_frequency_bin
44,raw,spectrum,0.4033203125,0.0002486618745510279,cycles_per_10min_step,share_of_non_dc_energy_per_frequency_bin
44,raw,spectrum,0.4052734375,0.00021456967208390896,cycles_per_10min_step,share_of_non_dc_energy_per_frequency_bin
44,raw,spectrum,0.4072265625,0.00023266613426038018,cycles_per_10min_step,share_of_non_dc_energy_per_frequency_bin
44,raw,spectrum,0.4091796875,0.00033333679110656003,cycles_per_10min_step,share_of_non_dc_energy_per_frequency_bin
44,raw,spectrum,0.4111328125,0.00023334766094018747,cycles_per_10min_step,share_of_non_dc_energy_per_frequency_bin
44,raw,spectrum,0.4130859375,0.00023036680282715967,cycles_per_10min_step,share_of_non_dc_energy_per_frequency_bin
44,raw,spectrum,0.4150390625,0.0002938076729372175,cycles_per_10min_step,share_of_non_dc_energy_per_frequency_bin
44,raw,spectrum,0.4169921875,0.00017053159817183585,cycles_per_10min_step,share_of_non_dc_energy_per_frequency_bin
44,raw,spectrum,0.4189453125,0.00024240131536245433,cycles_per_10min_step,share_of_non_dc_energy_per_frequency_bin
44,raw,spectrum,0.4208984375,0.00018050256365562294,cycles_per_10min_step,share_of_non_dc_energy_per_frequency_bin
44,raw,spectrum,0.4228515625,0.0002507623469919373,cycles_per_10min_step,share_of_non_dc_energy_per_frequency_bin
44,raw,spectrum,0.4248046875,0.0002016367938151003,cycles_per_10min_step,share_of_non_dc_energy_per_frequency_bin
44,raw,spectrum,0.4267578125,0.00020082027233067734,cycles_per_10min_step,share_of_non_dc_energy_per_frequency_bin
44,raw,spectrum,0.4287109375,0.00021360424676718166,cycles_per_10min_step,share_of_non_dc_energy_per_frequency_bin
44,raw,spectrum,0.4306640625,0.00020362018872032572,cycles_per_10min_step,share_of_non_dc_energy_per_frequency_bin
44,raw,spectrum,0.4326171875,0.0001990701183035196,cycles_per_10min_step,share_of_non_dc_energy_per_frequency_bin
44,raw,spectrum,0.4345703125,0.00019790679265912546,cycles_per_10min_step,share_of_non_dc_energy_per_frequency_bin
44,raw,spectrum,0.4365234375,0.0001991695051492428,cycles_per_10min_step,share_of_non_dc_energy_per_frequency_bin
44,raw,spectrum,0.4384765625,0.0001733372510603406,cycles_per_10min_step,share_of_non_dc_energy_per_frequency_bin
44,raw,spectrum,0.4404296875,0.0001657600261347653,cycles_per_10min_step,share_of_non_dc_energy_per_frequency_bin
44,raw,spectrum,0.4423828125,0.00023963127532326112,cycles_per_10min_step,share_of_non_dc_energy_per_frequency_bin
44,raw,spectrum,0.4443359375,0.00022966407300889301,cycles_per_10min_step,share_of_non_dc_energy_per_frequency_bin
44,raw,spectrum,0.4462890625,0.0001717976766759266,cycles_per_10min_step,share_of_non_dc_energy_per_frequency_bin
44,raw,spectrum,0.4482421875,0.00021526384566417417,cycles_per_10min_step,share_of_non_dc_energy_per_frequency_bin
44,raw,spectrum,0.4501953125,0.00021190138573207745,cycles_per_10min_step,share_of_non_dc_energy_per_frequency_bin
44,raw,spectrum,0.4521484375,0.000209694606976476,cycles_per_10min_step,share_of_non_dc_energy_per_frequency_bin
44,raw,spectrum,0.4541015625,0.00020925217750242307,cycles_per_10min_step,share_of_non_dc_energy_per_frequency_bin
44,raw,spectrum,0.4560546875,0.00019343508488931904,cycles_per_10min_step,share_of_non_dc_energy_per_frequency_bin
44,raw,spectrum,0.4580078125,0.00019872747768865938,cycles_per_10min_step,share_of_non_dc_energy_per_frequency_bin
44,raw,spectrum,0.4599609375,0.00024152134783964844,cycles_per_10min_step,share_of_non_dc_energy_per_frequency_bin
44,raw,spectrum,0.4619140625,0.00017714196764579654,cycles_per_10min_step,share_of_non_dc_energy_per_frequency_bin
44,raw,spectrum,0.4638671875,0.00021323556911379633,cycles_per_10min_step,share_of_non_dc_energy_per_frequency_bin
44,raw,spectrum,0.4658203125,0.0001878483431260772,cycles_per_10min_step,share_of_non_dc_energy_per_frequency_bin
44,raw,spectrum,0.4677734375,0.0001748974276458116,cycles_per_10min_step,share_of_non_dc_energy_per_frequency_bin
44,raw,spectrum,0.4697265625,0.00022255933889738603,cycles_per_10min_step,share_of_non_dc_energy_per_frequency_bin
44,raw,spectrum,0.4716796875,0.0001684044102329591,cycles_per_10min_step,share_of_non_dc_energy_per_frequency_bin
44,raw,spectrum,0.4736328125,0.00017136219945737484,cycles_per_10min_step,share_of_non_dc_energy_per_frequency_bin
44,raw,spectrum,0.4755859375,0.0002190660967036239,cycles_per_10min_step,share_of_non_dc_energy_per_frequency_bin
44,raw,spectrum,0.4775390625,0.00018670083181245175,cycles_per_10min_step,share_of_non_dc_energy_per_frequency_bin
44,raw,spectrum,0.4794921875,0.0001723541230672871,cycles_per_10min_step,share_of_non_dc_energy_per_frequency_bin
44,raw,spectrum,0.4814453125,0.0002146965265534548,cycles_per_10min_step,share_of_non_dc_energy_per_frequency_bin
44,raw,spectrum,0.4833984375,0.00022229836157178275,cycles_per_10min_step,share_of_non_dc_energy_per_frequency_bin
44,raw,spectrum,0.4853515625,0.00021458380684384438,cycles_per_10min_step,share_of_non_dc_energy_per_frequency_bin
44,raw,spectrum,0.4873046875,0.00019785930222132367,cycles_per_10min_step,share_of_non_dc_energy_per_frequency_bin
44,raw,spectrum,0.4892578125,0.0001567844950739456,cycles_per_10min_step,share_of_non_dc_energy_per_frequency_bin
44,raw,spectrum,0.4912109375,0.00018931036419462556,cycles_per_10min_step,share_of_non_dc_energy_per_frequency_bin
44,raw,spectrum,0.4931640625,0.00017967156744678204,cycles_per_10min_step,share_of_non_dc_energy_per_frequency_bin
44,raw,spectrum,0.4951171875,0.00022014108442521024,cycles_per_10min_step,share_of_non_dc_energy_per_frequency_bin
44,raw,spectrum,0.4970703125,0.00016119576343635712,cycles_per_10min_step,share_of_non_dc_energy_per_frequency_bin
44,raw,spectrum,0.4990234375,0.00018249233540134063,cycles_per_10min_step,share_of_non_dc_energy_per_frequency_bin
44,raw,acf,0.0,1.0,10min_steps,autocorrelation
44,raw,acf,1.0,0.9136481597740942,10min_steps,autocorrelation
44,raw,acf,2.0,0.8661657190208859,10min_steps,autocorrelation
44,raw,acf,3.0,0.8299769215905874,10min_steps,autocorrelation
44,raw,acf,4.0,0.787238677972105,10min_steps,autocorrelation
44,raw,acf,5.0,0.7590168983392803,10min_steps,autocorrelation
44,raw,acf,6.0,0.7264557855719759,10min_steps,autocorrelation
44,raw,acf,7.0,0.6964078471395082,10min_steps,autocorrelation
44,raw,acf,8.0,0.673289833690994,10min_steps,autocorrelation
44,raw,acf,9.0,0.6437635211583572,10min_steps,autocorrelation
44,raw,acf,10.0,0.6210228415460955,10min_steps,autocorrelation
44,raw,acf,11.0,0.5994638607571551,10min_steps,autocorrelation
44,raw,acf,12.0,0.5740491141223035,10min_steps,autocorrelation
44,raw,acf,13.0,0.5552435034063703,10min_steps,autocorrelation
44,raw,acf,14.0,0.5357724206370431,10min_steps,autocorrelation
44,raw,acf,15.0,0.5148171437306308,10min_steps,autocorrelation
44,raw,acf,16.0,0.49624333486479405,10min_steps,autocorrelation
44,raw,acf,17.0,0.479251450908913,10min_steps,autocorrelation
44,raw,acf,18.0,0.4626653580121357,10min_steps,autocorrelation
44,raw,acf,19.0,0.44835316987454077,10min_steps,autocorrelation
44,raw,acf,20.0,0.43416574182676315,10min_steps,autocorrelation
44,raw,acf,21.0,0.41963277738989285,10min_steps,autocorrelation
44,raw,acf,22.0,0.4061500317132195,10min_steps,autocorrelation
44,raw,acf,23.0,0.39147278747760866,10min_steps,autocorrelation
44,raw,acf,24.0,0.37898440742428147,10min_steps,autocorrelation
44,raw,acf,25.0,0.36736232296645305,10min_steps,autocorrelation
44,raw,acf,26.0,0.354820216316485,10min_steps,autocorrelation
44,raw,acf,27.0,0.3445509471111306,10min_steps,autocorrelation
44,raw,acf,28.0,0.3351158941834294,10min_steps,autocorrelation
44,raw,acf,29.0,0.3257135218279732,10min_steps,autocorrelation
44,raw,acf,30.0,0.3153420308043595,10min_steps,autocorrelation
44,raw,acf,31.0,0.30549352521459655,10min_steps,autocorrelation
44,raw,acf,32.0,0.2961457115799451,10min_steps,autocorrelation
44,raw,acf,33.0,0.2883623613148456,10min_steps,autocorrelation
44,raw,acf,34.0,0.2810978973957598,10min_steps,autocorrelation
44,raw,acf,35.0,0.2731456979547859,10min_steps,autocorrelation
44,raw,acf,36.0,0.26493912649595286,10min_steps,autocorrelation
44,raw,acf,37.0,0.2596336800397553,10min_steps,autocorrelation
44,raw,acf,38.0,0.25329306965435433,10min_steps,autocorrelation
44,raw,acf,39.0,0.24749419279780713,10min_steps,autocorrelation
44,raw,acf,40.0,0.2418930086792612,10min_steps,autocorrelation
44,raw,acf,41.0,0.2343978421024901,10min_steps,autocorrelation
44,raw,acf,42.0,0.22916676768543087,10min_steps,autocorrelation
44,raw,acf,43.0,0.22381936242748668,10min_steps,autocorrelation
44,raw,acf,44.0,0.2174607612078366,10min_steps,autocorrelation
44,raw,acf,45.0,0.21411047142383877,10min_steps,autocorrelation
44,raw,acf,46.0,0.20912483255510836,10min_steps,autocorrelation
44,raw,acf,47.0,0.20315214645329144,10min_steps,autocorrelation
44,raw,acf,48.0,0.20069534937649777,10min_steps,autocorrelation
44,raw,acf,49.0,0.1975729632698149,10min_steps,autocorrelation
44,raw,acf,50.0,0.19369979892333672,10min_steps,autocorrelation
44,raw,acf,51.0,0.19106331460077094,10min_steps,autocorrelation
44,raw,acf,52.0,0.18965842103835043,10min_steps,autocorrelation
44,raw,acf,53.0,0.18770596376737594,10min_steps,autocorrelation
44,raw,acf,54.0,0.18491568052112145,10min_steps,autocorrelation
44,raw,acf,55.0,0.1816389332843042,10min_steps,autocorrelation
44,raw,acf,56.0,0.17907926429628138,10min_steps,autocorrelation
44,raw,acf,57.0,0.17634868999667705,10min_steps,autocorrelation
44,raw,acf,58.0,0.1721299623978117,10min_steps,autocorrelation
44,raw,acf,59.0,0.16682214299540188,10min_steps,autocorrelation
44,raw,acf,60.0,0.16302973710902247,10min_steps,autocorrelation
44,raw,acf,61.0,0.15779136379813893,10min_steps,autocorrelation
44,raw,acf,62.0,0.15487741250294604,10min_steps,autocorrelation
44,raw,acf,63.0,0.1527690775143157,10min_steps,autocorrelation
44,raw,acf,64.0,0.14716043370566198,10min_steps,autocorrelation
44,raw,acf,65.0,0.14500462079571388,10min_steps,autocorrelation
44,raw,acf,66.0,0.1431986494147814,10min_steps,autocorrelation
44,raw,acf,67.0,0.13981411061774837,10min_steps,autocorrelation
44,raw,acf,68.0,0.13825281225342612,10min_steps,autocorrelation
44,raw,acf,69.0,0.1339223734879118,10min_steps,autocorrelation
44,raw,acf,70.0,0.1304999920106897,10min_steps,autocorrelation
44,raw,acf,71.0,0.12815678554505672,10min_steps,autocorrelation
44,raw,acf,72.0,0.12456287289783642,10min_steps,autocorrelation
44,raw,acf,73.0,0.12222614082147687,10min_steps,autocorrelation
44,raw,acf,74.0,0.12086015431871215,10min_steps,autocorrelation
44,raw,acf,75.0,0.11782022048483293,10min_steps,autocorrelation
44,raw,acf,76.0,0.11316392173462159,10min_steps,autocorrelation
44,raw,acf,77.0,0.11004428522561584,10min_steps,autocorrelation
44,raw,acf,78.0,0.1077088007817526,10min_steps,autocorrelation
44,raw,acf,79.0,0.1049932150484652,10min_steps,autocorrelation
44,raw,acf,80.0,0.10460912267579413,10min_steps,autocorrelation
44,raw,acf,81.0,0.10405266668133077,10min_steps,autocorrelation
44,raw,acf,82.0,0.10192197509220727,10min_steps,autocorrelation
44,raw,acf,83.0,0.10009025840469009,10min_steps,autocorrelation
44,raw,acf,84.0,0.09774434172809911,10min_steps,autocorrelation
44,raw,acf,85.0,0.09808110618403176,10min_steps,autocorrelation
44,raw,acf,86.0,0.0960032536708756,10min_steps,autocorrelation
44,raw,acf,87.0,0.09422667444021643,10min_steps,autocorrelation
44,raw,acf,88.0,0.09331010390422004,10min_steps,autocorrelation
44,raw,acf,89.0,0.0903937010648545,10min_steps,autocorrelation
44,raw,acf,90.0,0.08851851782126026,10min_steps,autocorrelation
44,raw,acf,91.0,0.08846818389881772,10min_steps,autocorrelation
44,raw,acf,92.0,0.08691139065208692,10min_steps,autocorrelation
44,raw,acf,93.0,0.0856560864628881,10min_steps,autocorrelation
44,raw,acf,94.0,0.08400097694819159,10min_steps,autocorrelation
44,raw,acf,95.0,0.08333738250530057,10min_steps,autocorrelation
44,raw,acf,96.0,0.0813580398755633,10min_steps,autocorrelation
44,raw,acf,97.0,0.08129918620912494,10min_steps,autocorrelation
44,raw,acf,98.0,0.08093367895910006,10min_steps,autocorrelation
44,raw,acf,99.0,0.08083784578916851,10min_steps,autocorrelation
44,raw,acf,100.0,0.08167299802568333,10min_steps,autocorrelation
44,raw,acf,101.0,0.08223356500823471,10min_steps,autocorrelation
44,raw,acf,102.0,0.08262314155787433,10min_steps,autocorrelation
44,raw,acf,103.0,0.08280471677758754,10min_steps,autocorrelation
44,raw,acf,104.0,0.0834292745810898,10min_steps,autocorrelation
44,raw,acf,105.0,0.08519564512782142,10min_steps,autocorrelation
44,raw,acf,106.0,0.08745151680186124,10min_steps,autocorrelation
44,raw,acf,107.0,0.09022015518238605,10min_steps,autocorrelation
44,raw,acf,108.0,0.09216747016449416,10min_steps,autocorrelation
44,raw,acf,109.0,0.09355221008706675,10min_steps,autocorrelation
44,raw,acf,110.0,0.09382325471948909,10min_steps,autocorrelation
44,raw,acf,111.0,0.09410151615151319,10min_steps,autocorrelation
44,raw,acf,112.0,0.09576218943988374,10min_steps,autocorrelation
44,raw,acf,113.0,0.09714257946278648,10min_steps,autocorrelation
44,raw,acf,114.0,0.09726036828186538,10min_steps,autocorrelation
44,raw,acf,115.0,0.0977813275148213,10min_steps,autocorrelation
44,raw,acf,116.0,0.0964998650161947,10min_steps,autocorrelation
44,raw,acf,117.0,0.09793719770284222,10min_steps,autocorrelation
44,raw,acf,118.0,0.09911365528702593,10min_steps,autocorrelation
44,raw,acf,119.0,0.09876289902186436,10min_steps,autocorrelation
44,raw,acf,120.0,0.10029581621065656,10min_steps,autocorrelation
44,raw,acf,121.0,0.0995921591392879,10min_steps,autocorrelation
44,raw,acf,122.0,0.1011698860732592,10min_steps,autocorrelation
44,raw,acf,123.0,0.10350193485112422,10min_steps,autocorrelation
44,raw,acf,124.0,0.10387288462682256,10min_steps,autocorrelation
44,raw,acf,125.0,0.1043845575686206,10min_steps,autocorrelation
44,raw,acf,126.0,0.1046573632324254,10min_steps,autocorrelation
44,raw,acf,127.0,0.10304196732161963,10min_steps,autocorrelation
44,raw,acf,128.0,0.10429386428299006,10min_steps,autocorrelation
44,raw,acf,129.0,0.10471574867897583,10min_steps,autocorrelation
44,raw,acf,130.0,0.10501095308098213,10min_steps,autocorrelation
44,raw,acf,131.0,0.10571078208924725,10min_steps,autocorrelation
44,raw,acf,132.0,0.10600938069833638,10min_steps,autocorrelation
44,raw,acf,133.0,0.10682522446744658,10min_steps,autocorrelation
44,raw,acf,134.0,0.10798336926012361,10min_steps,autocorrelation
44,raw,acf,135.0,0.10841325780623882,10min_steps,autocorrelation
44,raw,acf,136.0,0.10887137851676583,10min_steps,autocorrelation
44,raw,acf,137.0,0.11035860805349476,10min_steps,autocorrelation
44,raw,acf,138.0,0.11074090293039426,10min_steps,autocorrelation
44,raw,acf,139.0,0.11242206981527887,10min_steps,autocorrelation
44,raw,acf,140.0,0.11417582837871831,10min_steps,autocorrelation
44,raw,acf,141.0,0.1139587371542897,10min_steps,autocorrelation
44,raw,acf,142.0,0.11481579908556601,10min_steps,autocorrelation
44,raw,acf,143.0,0.11420815382603847,10min_steps,autocorrelation
44,raw,acf,144.0,0.11298614294165106,10min_steps,autocorrelation
44,trend_ma36,spectrum,0.0009765625,0.3995737532893487,cycles_per_10min_step,share_of_non_dc_energy_per_frequency_bin
44,trend_ma36,spectrum,0.0029296875,0.18618558374945507,cycles_per_10min_step,share_of_non_dc_energy_per_frequency_bin
44,trend_ma36,spectrum,0.0048828125,0.120701287103299,cycles_per_10min_step,share_of_non_dc_energy_per_frequency_bin
44,trend_ma36,spectrum,0.0068359375,0.11405255817728298,cycles_per_10min_step,share_of_non_dc_energy_per_frequency_bin
44,trend_ma36,spectrum,0.0087890625,0.06251433056080767,cycles_per_10min_step,share_of_non_dc_energy_per_frequency_bin
44,trend_ma36,spectrum,0.0107421875,0.0274132363292972,cycles_per_10min_step,share_of_non_dc_energy_per_frequency_bin
44,trend_ma36,spectrum,0.0126953125,0.021084901720847597,cycles_per_10min_step,share_of_non_dc_energy_per_frequency_bin
44,trend_ma36,spectrum,0.0146484375,0.02029966168964508,cycles_per_10min_step,share_of_non_dc_energy_per_frequency_bin
44,trend_ma36,spectrum,0.0166015625,0.01012705988166548,cycles_per_10min_step,share_of_non_dc_energy_per_frequency_bin
44,trend_ma36,spectrum,0.0185546875,0.005484899353101536,cycles_per_10min_step,share_of_non_dc_energy_per_frequency_bin
44,trend_ma36,spectrum,0.0205078125,0.003651792109456051,cycles_per_10min_step,share_of_non_dc_energy_per_frequency_bin
44,trend_ma36,spectrum,0.0224609375,0.0023481190201859875,cycles_per_10min_step,share_of_non_dc_energy_per_frequency_bin
44,trend_ma36,spectrum,0.0244140625,0.001679993123573068,cycles_per_10min_step,share_of_non_dc_energy_per_frequency_bin
44,trend_ma36,spectrum,0.0263671875,0.0013195848595311179,cycles_per_10min_step,share_of_non_dc_energy_per_frequency_bin
44,trend_ma36,spectrum,0.0283203125,0.001652562566293965,cycles_per_10min_step,share_of_non_dc_energy_per_frequency_bin
44,trend_ma36,spectrum,0.0302734375,0.001266612191309709,cycles_per_10min_step,share_of_non_dc_energy_per_frequency_bin
44,trend_ma36,spectrum,0.0322265625,0.0013865279328122296,cycles_per_10min_step,share_of_non_dc_energy_per_frequency_bin
44,trend_ma36,spectrum,0.0341796875,0.0014812781516816346,cycles_per_10min_step,share_of_non_dc_energy_per_frequency_bin
44,trend_ma36,spectrum,0.0361328125,0.0016611088836346209,cycles_per_10min_step,share_of_non_dc_energy_per_frequency_bin
44,trend_ma36,spectrum,0.0380859375,0.0011132250323543438,cycles_per_10min_step,share_of_non_dc_energy_per_frequency_bin
44,trend_ma36,spectrum,0.0400390625,0.0010027120547840957,cycles_per_10min_step,share_of_non_dc_energy_per_frequency_bin
44,trend_ma36,spectrum,0.0419921875,0.0008244436009589829,cycles_per_10min_step,share_of_non_dc_energy_per_frequency_bin
44,trend_ma36,spectrum,0.0439453125,0.0008661001498818817,cycles_per_10min_step,share_of_non_dc_energy_per_frequency_bin
44,trend_ma36,spectrum,0.0458984375,0.000567044739867976,cycles_per_10min_step,share_of_non_dc_energy_per_frequency_bin
44,trend_ma36,spectrum,0.0478515625,0.0004886703519768153,cycles_per_10min_step,share_of_non_dc_energy_per_frequency_bin
44,trend_ma36,spectrum,0.0498046875,0.00039728969705279173,cycles_per_10min_step,share_of_non_dc_energy_per_frequency_bin
44,trend_ma36,spectrum,0.0517578125,0.00031046541411775447,cycles_per_10min_step,share_of_non_dc_energy_per_frequency_bin
44,trend_ma36,spectrum,0.0537109375,0.0003711334567957348,cycles_per_10min_step,share_of_non_dc_energy_per_frequency_bin
44,trend_ma36,spectrum,0.0556640625,0.0003749778693121018,cycles_per_10min_step,share_of_non_dc_energy_per_frequency_bin
44,trend_ma36,spectrum,0.0576171875,0.0003866140999495174,cycles_per_10min_step,share_of_non_dc_energy_per_frequency_bin
44,trend_ma36,spectrum,0.0595703125,0.00033212748155819836,cycles_per_10min_step,share_of_non_dc_energy_per_frequency_bin
44,trend_ma36,spectrum,0.0615234375,0.0003482378725752715,cycles_per_10min_step,share_of_non_dc_energy_per_frequency_bin
44,trend_ma36,spectrum,0.0634765625,0.00026391919843807803,cycles_per_10min_step,share_of_non_dc_energy_per_frequency_bin
44,trend_ma36,spectrum,0.0654296875,0.0003558276058946707,cycles_per_10min_step,share_of_non_dc_energy_per_frequency_bin
44,trend_ma36,spectrum,0.0673828125,0.00027592145290405236,cycles_per_10min_step,share_of_non_dc_energy_per_frequency_bin
44,trend_ma36,spectrum,0.0693359375,0.00025595246644056097,cycles_per_10min_step,share_of_non_dc_energy_per_frequency_bin
44,trend_ma36,spectrum,0.0712890625,0.0002931276785011604,cycles_per_10min_step,share_of_non_dc_energy_per_frequency_bin
44,trend_ma36,spectrum,0.0732421875,0.000213513616457363,cycles_per_10min_step,share_of_non_dc_energy_per_frequency_bin
44,trend_ma36,spectrum,0.0751953125,0.00020407269611216907,cycles_per_10min_step,share_of_non_dc_energy_per_frequency_bin
44,trend_ma36,spectrum,0.0771484375,0.00015714467267770085,cycles_per_10min_step,share_of_non_dc_energy_per_frequency_bin
44,trend_ma36,spectrum,0.0791015625,0.00015627283884856317,cycles_per_10min_step,share_of_non_dc_energy_per_frequency_bin
44,trend_ma36,spectrum,0.0810546875,0.00012838313864617498,cycles_per_10min_step,share_of_non_dc_energy_per_frequency_bin
44,trend_ma36,spectrum,0.0830078125,0.0001411126208225684,cycles_per_10min_step,share_of_non_dc_energy_per_frequency_bin
44,trend_ma36,spectrum,0.0849609375,0.00013263027623332707,cycles_per_10min_step,share_of_non_dc_energy_per_frequency_bin
44,trend_ma36,spectrum,0.0869140625,0.0001308169328197403,cycles_per_10min_step,share_of_non_dc_energy_per_frequency_bin
44,trend_ma36,spectrum,0.0888671875,0.0001540692556989601,cycles_per_10min_step,share_of_non_dc_energy_per_frequency_bin
44,trend_ma36,spectrum,0.0908203125,0.00013837216080790122,cycles_per_10min_step,share_of_non_dc_energy_per_frequency_bin
44,trend_ma36,spectrum,0.0927734375,0.00016060955700212087,cycles_per_10min_step,share_of_non_dc_energy_per_frequency_bin
44,trend_ma36,spectrum,0.0947265625,0.0001631341400277215,cycles_per_10min_step,share_of_non_dc_energy_per_frequency_bin
44,trend_ma36,spectrum,0.0966796875,0.0001304770561988131,cycles_per_10min_step,share_of_non_dc_energy_per_frequency_bin
44,trend_ma36,spectrum,0.0986328125,0.00010585355711106502,cycles_per_10min_step,share_of_non_dc_energy_per_frequency_bin
44,trend_ma36,spectrum,0.1005859375,8.32188913142973e-05,cycles_per_10min_step,share_of_non_dc_energy_per_frequency_bin
44,trend_ma36,spectrum,0.1025390625,8.975394512597562e-05,cycles_per_10min_step,share_of_non_dc_energy_per_frequency_bin
44,trend_ma36,spectrum,0.1044921875,9.581082519778733e-05,cycles_per_10min_step,share_of_non_dc_energy_per_frequency_bin
44,trend_ma36,spectrum,0.1064453125,9.233419433069394e-05,cycles_per_10min_step,share_of_non_dc_energy_per_frequency_bin
44,trend_ma36,spectrum,0.1083984375,8.070293947975236e-05,cycles_per_10min_step,share_of_non_dc_energy_per_frequency_bin
44,trend_ma36,spectrum,0.1103515625,8.12747857189503e-05,cycles_per_10min_step,share_of_non_dc_energy_per_frequency_bin
44,trend_ma36,spectrum,0.1123046875,8.229080779912405e-05,cycles_per_10min_step,share_of_non_dc_energy_per_frequency_bin
44,trend_ma36,spectrum,0.1142578125,7.631062896433585e-05,cycles_per_10min_step,share_of_non_dc_energy_per_frequency_bin
44,trend_ma36,spectrum,0.1162109375,8.220962103763709e-05,cycles_per_10min_step,share_of_non_dc_energy_per_frequency_bin
44,trend_ma36,spectrum,0.1181640625,8.70193456131219e-05,cycles_per_10min_step,share_of_non_dc_energy_per_frequency_bin
44,trend_ma36,spectrum,0.1201171875,8.376211463754615e-05,cycles_per_10min_step,share_of_non_dc_energy_per_frequency_bin
44,trend_ma36,spectrum,0.1220703125,8.64036470901745e-05,cycles_per_10min_step,share_of_non_dc_energy_per_frequency_bin
44,trend_ma36,spectrum,0.1240234375,6.999428686308665e-05,cycles_per_10min_step,share_of_non_dc_energy_per_frequency_bin
44,trend_ma36,spectrum,0.1259765625,7.476019801425874e-05,cycles_per_10min_step,share_of_non_dc_energy_per_frequency_bin
44,trend_ma36,spectrum,0.1279296875,7.788451161670347e-05,cycles_per_10min_step,share_of_non_dc_energy_per_frequency_bin
44,trend_ma36,spectrum,0.1298828125,7.412734641157684e-05,cycles_per_10min_step,share_of_non_dc_energy_per_frequency_bin
44,trend_ma36,spectrum,0.1318359375,5.933849422241709e-05,cycles_per_10min_step,share_of_non_dc_energy_per_frequency_bin
44,trend_ma36,spectrum,0.1337890625,6.849495725915406e-05,cycles_per_10min_step,share_of_non_dc_energy_per_frequency_bin
44,trend_ma36,spectrum,0.1357421875,5.521337137204637e-05,cycles_per_10min_step,share_of_non_dc_energy_per_frequency_bin
44,trend_ma36,spectrum,0.1376953125,4.7801010263046386e-05,cycles_per_10min_step,share_of_non_dc_energy_per_frequency_bin
44,trend_ma36,spectrum,0.1396484375,5.238013500993364e-05,cycles_per_10min_step,share_of_non_dc_energy_per_frequency_bin
44,trend_ma36,spectrum,0.1416015625,4.556607374720568e-05,cycles_per_10min_step,share_of_non_dc_energy_per_frequency_bin
44,trend_ma36,spectrum,0.1435546875,5.4423484700619204e-05,cycles_per_10min_step,share_of_non_dc_energy_per_frequency_bin
44,trend_ma36,spectrum,0.1455078125,5.489574090482986e-05,cycles_per_10min_step,share_of_non_dc_energy_per_frequency_bin
44,trend_ma36,spectrum,0.1474609375,5.7581511536098876e-05,cycles_per_10min_step,share_of_non_dc_energy_per_frequency_bin
44,trend_ma36,spectrum,0.1494140625,7.219306344648368e-05,cycles_per_10min_step,share_of_non_dc_energy_per_frequency_bin
44,trend_ma36,spectrum,0.1513671875,4.221840833433885e-05,cycles_per_10min_step,share_of_non_dc_energy_per_frequency_bin
44,trend_ma36,spectrum,0.1533203125,4.6223846491319755e-05,cycles_per_10min_step,share_of_non_dc_energy_per_frequency_bin
44,trend_ma36,spectrum,0.1552734375,4.371381414700116e-05,cycles_per_10min_step,share_of_non_dc_energy_per_frequency_bin
44,trend_ma36,spectrum,0.1572265625,4.955318521400785e-05,cycles_per_10min_step,share_of_non_dc_energy_per_frequency_bin
44,trend_ma36,spectrum,0.1591796875,4.203041463663352e-05,cycles_per_10min_step,share_of_non_dc_energy_per_frequency_bin
44,trend_ma36,spectrum,0.1611328125,4.195188218553762e-05,cycles_per_10min_step,share_of_non_dc_energy_per_frequency_bin
44,trend_ma36,spectrum,0.1630859375,4.1986390892396706e-05,cycles_per_10min_step,share_of_non_dc_energy_per_frequency_bin
44,trend_ma36,spectrum,0.1650390625,3.4229263396712665e-05,cycles_per_10min_step,share_of_non_dc_energy_per_frequency_bin
44,trend_ma36,spectrum,0.1669921875,3.882128521182413e-05,cycles_per_10min_step,share_of_non_dc_energy_per_frequency_bin
44,trend_ma36,spectrum,0.1689453125,3.7525605390722616e-05,cycles_per_10min_step,share_of_non_dc_energy_per_frequency_bin
44,trend_ma36,spectrum,0.1708984375,3.7666804578335435e-05,cycles_per_10min_step,share_of_non_dc_energy_per_frequency_bin
44,trend_ma36,spectrum,0.1728515625,4.2294468689944974e-05,cycles_per_10min_step,share_of_non_dc_energy_per_frequency_bin
44,trend_ma36,spectrum,0.1748046875,4.6025929333679185e-05,cycles_per_10min_step,share_of_non_dc_energy_per_frequency_bin
44,trend_ma36,spectrum,0.1767578125,4.3695545943188424e-05,cycles_per_10min_step,share_of_non_dc_energy_per_frequency_bin
44,trend_ma36,spectrum,0.1787109375,3.917250042592789e-05,cycles_per_10min_step,share_of_non_dc_energy_per_frequency_bin
44,trend_ma36,spectrum,0.1806640625,4.2220936759936614e-05,cycles_per_10min_step,share_of_non_dc_energy_per_frequency_bin
44,trend_ma36,spectrum,0.1826171875,3.931453018828177e-05,cycles_per_10min_step,share_of_non_dc_energy_per_frequency_bin
44,trend_ma36,spectrum,0.1845703125,3.338560630755676e-05,cycles_per_10min_step,share_of_non_dc_energy_per_frequency_bin
44,trend_ma36,spectrum,0.1865234375,3.771672220662929e-05,cycles_per_10min_step,share_of_non_dc_energy_per_frequency_bin
44,trend_ma36,spectrum,0.1884765625,3.315667108956752e-05,cycles_per_10min_step,share_of_non_dc_energy_per_frequency_bin
44,trend_ma36,spectrum,0.1904296875,3.413137495449786e-05,cycles_per_10min_step,share_of_non_dc_energy_per_frequency_bin
44,trend_ma36,spectrum,0.1923828125,3.0243531512407405e-05,cycles_per_10min_step,share_of_non_dc_energy_per_frequency_bin
44,trend_ma36,spectrum,0.1943359375,3.125421586244251e-05,cycles_per_10min_step,share_of_non_dc_energy_per_frequency_bin
44,trend_ma36,spectrum,0.1962890625,3.370341568228411e-05,cycles_per_10min_step,share_of_non_dc_energy_per_frequency_bin
44,trend_ma36,spectrum,0.1982421875,3.0385610509537586e-05,cycles_per_10min_step,share_of_non_dc_energy_per_frequency_bin
44,trend_ma36,spectrum,0.2001953125,3.0374134775741437e-05,cycles_per_10min_step,share_of_non_dc_energy_per_frequency_bin
44,trend_ma36,spectrum,0.2021484375,2.7776191687108165e-05,cycles_per_10min_step,share_of_non_dc_energy_per_frequency_bin
44,trend_ma36,spectrum,0.2041015625,2.4042814780495302e-05,cycles_per_10min_step,share_of_non_dc_energy_per_frequency_bin
44,trend_ma36,spectrum,0.2060546875,2.9121820987769736e-05,cycles_per_10min_step,share_of_non_dc_energy_per_frequency_bin
44,trend_ma36,spectrum,0.2080078125,3.1237228094936994e-05,cycles_per_10min_step,share_of_non_dc_energy_per_frequency_bin
44,trend_ma36,spectrum,0.2099609375,2.612052916691886e-05,cycles_per_10min_step,share_of_non_dc_energy_per_frequency_bin
44,trend_ma36,spectrum,0.2119140625,2.758038134398516e-05,cycles_per_10min_step,share_of_non_dc_energy_per_frequency_bin
44,trend_ma36,spectrum,0.2138671875,2.2532916720420776e-05,cycles_per_10min_step,share_of_non_dc_energy_per_frequency_bin
44,trend_ma36,spectrum,0.2158203125,2.4946490240880786e-05,cycles_per_10min_step,share_of_non_dc_energy_per_frequency_bin
44,trend_ma36,spectrum,0.2177734375,2.6097468552974348e-05,cycles_per_10min_step,share_of_non_dc_energy_per_frequency_bin
44,trend_ma36,spectrum,0.2197265625,1.903582814115609e-05,cycles_per_10min_step,share_of_non_dc_energy_per_frequency_bin
44,trend_ma36,spectrum,0.2216796875,1.9088960739496196e-05,cycles_per_10min_step,share_of_non_dc_energy_per_frequency_bin
44,trend_ma36,spectrum,0.2236328125,2.0221476730451768e-05,cycles_per_10min_step,share_of_non_dc_energy_per_frequency_bin
44,trend_ma36,spectrum,0.2255859375,2.2410894436291875e-05,cycles_per_10min_step,share_of_non_dc_energy_per_frequency_bin
44,trend_ma36,spectrum,0.2275390625,2.7264822782667676e-05,cycles_per_10min_step,share_of_non_dc_energy_per_frequency_bin
44,trend_ma36,spectrum,0.2294921875,2.0993907730361238e-05,cycles_per_10min_step,share_of_non_dc_energy_per_frequency_bin
44,trend_ma36,spectrum,0.2314453125,1.897952649126451e-05,cycles_per_10min_step,share_of_non_dc_energy_per_frequency_bin
44,trend_ma36,spectrum,0.2333984375,2.4675914957687085e-05,cycles_per_10min_step,share_of_non_dc_energy_per_frequency_bin
44,trend_ma36,spectrum,0.2353515625,2.8518450958301063e-05,cycles_per_10min_step,share_of_non_dc_energy_per_frequency_bin
44,trend_ma36,spectrum,0.2373046875,2.4533554241480453e-05,cycles_per_10min_step,share_of_non_dc_energy_per_frequency_bin
44,trend_ma36,spectrum,0.2392578125,1.8817511731912778e-05,cycles_per_10min_step,share_of_non_dc_energy_per_frequency_bin
44,trend_ma36,spectrum,0.2412109375,1.9910649623717772e-05,cycles_per_10min_step,share_of_non_dc_energy_per_frequency_bin
44,trend_ma36,spectrum,0.2431640625,2.01884238681434e-05,cycles_per_10min_step,share_of_non_dc_energy_per_frequency_bin
44,trend_ma36,spectrum,0.2451171875,2.0476186667142913e-05,cycles_per_10min_step,share_of_non_dc_energy_per_frequency_bin
44,trend_ma36,spectrum,0.2470703125,1.726744676038561e-05,cycles_per_10min_step,share_of_non_dc_energy_per_frequency_bin
44,trend_ma36,spectrum,0.2490234375,1.974079882649354e-05,cycles_per_10min_step,share_of_non_dc_energy_per_frequency_bin
44,trend_ma36,spectrum,0.2509765625,2.152958119553579e-05,cycles_per_10min_step,share_of_non_dc_energy_per_frequency_bin
44,trend_ma36,spectrum,0.2529296875,2.2219604418651636e-05,cycles_per_10min_step,share_of_non_dc_energy_per_frequency_bin
44,trend_ma36,spectrum,0.2548828125,2.2645082558693827e-05,cycles_per_10min_step,share_of_non_dc_energy_per_frequency_bin
44,trend_ma36,spectrum,0.2568359375,2.4074431077931137e-05,cycles_per_10min_step,share_of_non_dc_energy_per_frequency_bin
44,trend_ma36,spectrum,0.2587890625,2.3334144309091136e-05,cycles_per_10min_step,share_of_non_dc_energy_per_frequency_bin
44,trend_ma36,spectrum,0.2607421875,1.9041714864713313e-05,cycles_per_10min_step,share_of_non_dc_energy_per_frequency_bin
44,trend_ma36,spectrum,0.2626953125,1.646359846708469e-05,cycles_per_10min_step,share_of_non_dc_energy_per_frequency_bin
44,trend_ma36,spectrum,0.2646484375,2.1815165477628247e-05,cycles_per_10min_step,share_of_non_dc_energy_per_frequency_bin
44,trend_ma36,spectrum,0.2666015625,1.8430750492669656e-05,cycles_per_10min_step,share_of_non_dc_energy_per_frequency_bin
44,trend_ma36,spectrum,0.2685546875,1.8420678058513105e-05,cycles_per_10min_step,share_of_non_dc_energy_per_frequency_bin
44,trend_ma36,spectrum,0.2705078125,2.1670731321671364e-05,cycles_per_10min_step,share_of_non_dc_energy_per_frequency_bin
44,trend_ma36,spectrum,0.2724609375,1.529693250678086e-05,cycles_per_10min_step,share_of_non_dc_energy_per_frequency_bin
44,trend_ma36,spectrum,0.2744140625,1.7052204746512546e-05,cycles_per_10min_step,share_of_non_dc_energy_per_frequency_bin
44,trend_ma36,spectrum,0.2763671875,1.5215861937111335e-05,cycles_per_10min_step,share_of_non_dc_energy_per_frequency_bin
44,trend_ma36,spectrum,0.2783203125,1.5304839481066748e-05,cycles_per_10min_step,share_of_non_dc_energy_per_frequency_bin
44,trend_ma36,spectrum,0.2802734375,1.5067918532839944e-05,cycles_per_10min_step,share_of_non_dc_energy_per_frequency_bin
44,trend_ma36,spectrum,0.2822265625,1.649069554973174e-05,cycles_per_10min_step,share_of_non_dc_energy_per_frequency_bin
44,trend_ma36,spectrum,0.2841796875,1.8452886534774826e-05,cycles_per_10min_step,share_of_non_dc_energy_per_frequency_bin
44,trend_ma36,spectrum,0.2861328125,1.8308970858864864e-05,cycles_per_10min_step,share_of_non_dc_energy_per_frequency_bin
44,trend_ma36,spectrum,0.2880859375,1.7930809244330895e-05,cycles_per_10min_step,share_of_non_dc_energy_per_frequency_bin
44,trend_ma36,spectrum,0.2900390625,1.5346198002850154e-05,cycles_per_10min_step,share_of_non_dc_energy_per_frequency_bin
44,trend_ma36,spectrum,0.2919921875,1.6797462247693822e-05,cycles_per_10min_step,share_of_non_dc_energy_per_frequency_bin
44,trend_ma36,spectrum,0.2939453125,1.539018223475679e-05,cycles_per_10min_step,share_of_non_dc_energy_per_frequency_bin
44,trend_ma36,spectrum,0.2958984375,1.124284345133981e-05,cycles_per_10min_step,share_of_non_dc_energy_per_frequency_bin
44,trend_ma36,spectrum,0.2978515625,1.4422968354545586e-05,cycles_per_10min_step,share_of_non_dc_energy_per_frequency_bin
44,trend_ma36,spectrum,0.2998046875,1.3831019772849353e-05,cycles_per_10min_step,share_of_non_dc_energy_per_frequency_bin
44,trend_ma36,spectrum,0.3017578125,1.740961923075419e-05,cycles_per_10min_step,share_of_non_dc_energy_per_frequency_bin
44,trend_ma36,spectrum,0.3037109375,1.6942327529355188e-05,cycles_per_10min_step,share_of_non_dc_energy_per_frequency_bin
44,trend_ma36,spectrum,0.3056640625,1.527891841218576e-05,cycles_per_10min_step,share_of_non_dc_energy_per_frequency_bin
44,trend_ma36,spectrum,0.3076171875,1.3438490226328e-05,cycles_per_10min_step,share_of_non_dc_energy_per_frequency_bin
44,trend_ma36,spectrum,0.3095703125,1.2018513366752634e-05,cycles_per_10min_step,share_of_non_dc_energy_per_frequency_bin
44,trend_ma36,spectrum,0.3115234375,1.3427781928773858e-05,cycles_per_10min_step,share_of_non_dc_energy_per_frequency_bin
44,trend_ma36,spectrum,0.3134765625,1.63254172291316e-05,cycles_per_10min_step,share_of_non_dc_energy_per_frequency_bin
44,trend_ma36,spectrum,0.3154296875,1.5693818551684916e-05,cycles_per_10min_step,share_of_non_dc_energy_per_frequency_bin
44,trend_ma36,spectrum,0.3173828125,1.3570355474059633e-05,cycles_per_10min_step,share_of_non_dc_energy_per_frequency_bin
44,trend_ma36,spectrum,0.3193359375,1.4884908958498201e-05,cycles_per_10min_step,share_of_non_dc_energy_per_frequency_bin
44,trend_ma36,spectrum,0.3212890625,1.7103061861704336e-05,cycles_per_10min_step,share_of_non_dc_energy_per_frequency_bin
44,trend_ma36,spectrum,0.3232421875,1.3256836357171663e-05,cycles_per_10min_step,share_of_non_dc_energy_per_frequency_bin
44,trend_ma36,spectrum,0.3251953125,1.6941300957364088e-05,cycles_per_10min_step,share_of_non_dc_energy_per_frequency_bin
44,trend_ma36,spectrum,0.3271484375,1.4029109047592095e-05,cycles_per_10min_step,share_of_non_dc_energy_per_frequency_bin
44,trend_ma36,spectrum,0.3291015625,1.752109375523491e-05,cycles_per_10min_step,share_of_non_dc_energy_per_frequency_bin
44,trend_ma36,spectrum,0.3310546875,1.4003104697819792e-05,cycles_per_10min_step,share_of_non_dc_energy_per_frequency_bin
44,trend_ma36,spectrum,0.3330078125,1.295538669460609e-05,cycles_per_10min_step,share_of_non_dc_energy_per_frequency_bin
44,trend_ma36,spectrum,0.3349609375,1.3463984694879282e-05,cycles_per_10min_step,share_of_non_dc_energy_per_frequency_bin
44,trend_ma36,spectrum,0.3369140625,1.420318480765546e-05,cycles_per_10min_step,share_of_non_dc_energy_per_frequency_bin
44,trend_ma36,spectrum,0.3388671875,1.3982429147686455e-05,cycles_per_10min_step,share_of_non_dc_energy_per_frequency_bin
44,trend_ma36,spectrum,0.3408203125,1.2740757083585371e-05,cycles_per_10min_step,share_of_non_dc_energy_per_frequency_bin
44,trend_ma36,spectrum,0.3427734375,1.4529453153277866e-05,cycles_per_10min_step,share_of_non_dc_energy_per_frequency_bin
44,trend_ma36,spectrum,0.3447265625,1.0274658307597284e-05,cycles_per_10min_step,share_of_non_dc_energy_per_frequency_bin
44,trend_ma36,spectrum,0.3466796875,1.2967757404175358e-05,cycles_per_10min_step,share_of_non_dc_energy_per_frequency_bin
44,trend_ma36,spectrum,0.3486328125,1.9021961866269975e-05,cycles_per_10min_step,share_of_non_dc_energy_per_frequency_bin
44,trend_ma36,spectrum,0.3505859375,1.3911530268993977e-05,cycles_per_10min_step,share_of_non_dc_energy_per_frequency_bin
44,trend_ma36,spectrum,0.3525390625,1.2663506870960008e-05,cycles_per_10min_step,share_of_non_dc_energy_per_frequency_bin
44,trend_ma36,spectrum,0.3544921875,1.1627076173983071e-05,cycles_per_10min_step,share_of_non_dc_energy_per_frequency_bin
44,trend_ma36,spectrum,0.3564453125,1.141480295731809e-05,cycles_per_10min_step,share_of_non_dc_energy_per_frequency_bin
44,trend_ma36,spectrum,0.3583984375,1.4453110720301954e-05,cycles_per_10min_step,share_of_non_dc_energy_per_frequency_bin
44,trend_ma36,spectrum,0.3603515625,1.2939956994956787e-05,cycles_per_10min_step,share_of_non_dc_energy_per_frequency_bin
44,trend_ma36,spectrum,0.3623046875,1.1637990566181869e-05,cycles_per_10min_step,share_of_non_dc_energy_per_frequency_bin
44,trend_ma36,spectrum,0.3642578125,1.251895259232935e-05,cycles_per_10min_step,share_of_non_dc_energy_per_frequency_bin
44,trend_ma36,spectrum,0.3662109375,1.2484122667074572e-05,cycles_per_10min_step,share_of_non_dc_energy_per_frequency_bin
44,trend_ma36,spectrum,0.3681640625,1.3312370244916859e-05,cycles_per_10min_step,share_of_non_dc_energy_per_frequency_bin
44,trend_ma36,spectrum,0.3701171875,1.2380543963901937e-05,cycles_per_10min_step,share_of_non_dc_energy_per_frequency_bin
44,trend_ma36,spectrum,0.3720703125,1.4119968615653812e-05,cycles_per_10min_step,share_of_non_dc_energy_per_frequency_bin
44,trend_ma36,spectrum,0.3740234375,1.4453084538545838e-05,cycles_per_10min_step,share_of_non_dc_energy_per_frequency_bin
44,trend_ma36,spectrum,0.3759765625,1.464766322025032e-05,cycles_per_10min_step,share_of_non_dc_energy_per_frequency_bin
44,trend_ma36,spectrum,0.3779296875,1.298768600719433e-05,cycles_per_10min_step,share_of_non_dc_energy_per_frequency_bin
44,trend_ma36,spectrum,0.3798828125,9.913041856345519e-06,cycles_per_10min_step,share_of_non_dc_energy_per_frequency_bin
44,trend_ma36,spectrum,0.3818359375,1.2326318103471629e-05,cycles_per_10min_step,share_of_non_dc_energy_per_frequency_bin
44,trend_ma36,spectrum,0.3837890625,1.0728784963119484e-05,cycles_per_10min_step,share_of_non_dc_energy_per_frequency_bin
44,trend_ma36,spectrum,0.3857421875,1.3059884092175983e-05,cycles_per_10min_step,share_of_non_dc_energy_per_frequency_bin
44,trend_ma36,spectrum,0.3876953125,1.0581807297386839e-05,cycles_per_10min_step,share_of_non_dc_energy_per_frequency_bin
44,trend_ma36,spectrum,0.3896484375,1.137821176455897e-05,cycles_per_10min_step,share_of_non_dc_energy_per_frequency_bin
44,trend_ma36,spectrum,0.3916015625,1.1337074419087856e-05,cycles_per_10min_step,share_of_non_dc_energy_per_frequency_bin
44,trend_ma36,spectrum,0.3935546875,9.4631631839321e-06,cycles_per_10min_step,share_of_non_dc_energy_per_frequency_bin
44,trend_ma36,spectrum,0.3955078125,8.671826756069918e-06,cycles_per_10min_step,share_of_non_dc_energy_per_frequency_bin
44,trend_ma36,spectrum,0.3974609375,1.402895549478936e-05,cycles_per_10min_step,share_of_non_dc_energy_per_frequency_bin
44,trend_ma36,spectrum,0.3994140625,1.2347134916456115e-05,cycles_per_10min_step,share_of_non_dc_energy_per_frequency_bin
44,trend_ma36,spectrum,0.4013671875,1.3124478007054018e-05,cycles_per_10min_step,share_of_non_dc_energy_per_frequency_bin
44,trend_ma36,spectrum,0.4033203125,1.1206213614355145e-05,cycles_per_10min_step,share_of_non_dc_energy_per_frequency_bin
44,trend_ma36,spectrum,0.4052734375,9.990836572316721e-06,cycles_per_10min_step,share_of_non_dc_energy_per_frequency_bin
44,trend_ma36,spectrum,0.4072265625,1.3650384035645816e-05,cycles_per_10min_step,share_of_non_dc_energy_per_frequency_bin
44,trend_ma36,spectrum,0.4091796875,1.2020515487942693e-05,cycles_per_10min_step,share_of_non_dc_energy_per_frequency_bin
44,trend_ma36,spectrum,0.4111328125,1.0858718128203242e-05,cycles_per_10min_step,share_of_non_dc_energy_per_frequency_bin
44,trend_ma36,spectrum,0.4130859375,1.1532972594532449e-05,cycles_per_10min_step,share_of_non_dc_energy_per_frequency_bin
44,trend_ma36,spectrum,0.4150390625,1.0258621528162918e-05,cycles_per_10min_step,share_of_non_dc_energy_per_frequency_bin
44,trend_ma36,spectrum,0.4169921875,1.035212832800085e-05,cycles_per_10min_step,share_of_non_dc_energy_per_frequency_bin
44,trend_ma36,spectrum,0.4189453125,1.0428792619825669e-05,cycles_per_10min_step,share_of_non_dc_energy_per_frequency_bin
44,trend_ma36,spectrum,0.4208984375,1.2065704087781063e-05,cycles_per_10min_step,share_of_non_dc_energy_per_frequency_bin
44,trend_ma36,spectrum,0.4228515625,1.2148494688831949e-05,cycles_per_10min_step,share_of_non_dc_energy_per_frequency_bin
44,trend_ma36,spectrum,0.4248046875,1.1712468329869374e-05,cycles_per_10min_step,share_of_non_dc_energy_per_frequency_bin
44,trend_ma36,spectrum,0.4267578125,1.3388727859223483e-05,cycles_per_10min_step,share_of_non_dc_energy_per_frequency_bin
44,trend_ma36,spectrum,0.4287109375,1.0072241275370825e-05,cycles_per_10min_step,share_of_non_dc_energy_per_frequency_bin
44,trend_ma36,spectrum,0.4306640625,8.962395508362512e-06,cycles_per_10min_step,share_of_non_dc_energy_per_frequency_bin
44,trend_ma36,spectrum,0.4326171875,1.1407807764538742e-05,cycles_per_10min_step,share_of_non_dc_energy_per_frequency_bin
44,trend_ma36,spectrum,0.4345703125,1.145350696671542e-05,cycles_per_10min_step,share_of_non_dc_energy_per_frequency_bin
44,trend_ma36,spectrum,0.4365234375,9.049077920825348e-06,cycles_per_10min_step,share_of_non_dc_energy_per_frequency_bin
44,trend_ma36,spectrum,0.4384765625,9.913766154130007e-06,cycles_per_10min_step,share_of_non_dc_energy_per_frequency_bin
44,trend_ma36,spectrum,0.4404296875,9.574415793854952e-06,cycles_per_10min_step,share_of_non_dc_energy_per_frequency_bin
44,trend_ma36,spectrum,0.4423828125,9.771645496959537e-06,cycles_per_10min_step,share_of_non_dc_energy_per_frequency_bin
44,trend_ma36,spectrum,0.4443359375,9.562457976644622e-06,cycles_per_10min_step,share_of_non_dc_energy_per_frequency_bin
44,trend_ma36,spectrum,0.4462890625,9.937002664819123e-06,cycles_per_10min_step,share_of_non_dc_energy_per_frequency_bin
44,trend_ma36,spectrum,0.4482421875,1.0941376909559887e-05,cycles_per_10min_step,share_of_non_dc_energy_per_frequency_bin
44,trend_ma36,spectrum,0.4501953125,1.2344899725620549e-05,cycles_per_10min_step,share_of_non_dc_energy_per_frequency_bin
44,trend_ma36,spectrum,0.4521484375,1.120770434460624e-05,cycles_per_10min_step,share_of_non_dc_energy_per_frequency_bin
44,trend_ma36,spectrum,0.4541015625,1.2192759635575235e-05,cycles_per_10min_step,share_of_non_dc_energy_per_frequency_bin
44,trend_ma36,spectrum,0.4560546875,9.419751240601323e-06,cycles_per_10min_step,share_of_non_dc_energy_per_frequency_bin
44,trend_ma36,spectrum,0.4580078125,1.140954239373439e-05,cycles_per_10min_step,share_of_non_dc_energy_per_frequency_bin
44,trend_ma36,spectrum,0.4599609375,1.009664071654079e-05,cycles_per_10min_step,share_of_non_dc_energy_per_frequency_bin
44,trend_ma36,spectrum,0.4619140625,1.190293521231266e-05,cycles_per_10min_step,share_of_non_dc_energy_per_frequency_bin
44,trend_ma36,spectrum,0.4638671875,1.1147672981380818e-05,cycles_per_10min_step,share_of_non_dc_energy_per_frequency_bin
44,trend_ma36,spectrum,0.4658203125,1.0592279696441116e-05,cycles_per_10min_step,share_of_non_dc_energy_per_frequency_bin
44,trend_ma36,spectrum,0.4677734375,9.1999064479691e-06,cycles_per_10min_step,share_of_non_dc_energy_per_frequency_bin
44,trend_ma36,spectrum,0.4697265625,1.0323549486706323e-05,cycles_per_10min_step,share_of_non_dc_energy_per_frequency_bin
44,trend_ma36,spectrum,0.4716796875,1.0061001761846266e-05,cycles_per_10min_step,share_of_non_dc_energy_per_frequency_bin
44,trend_ma36,spectrum,0.4736328125,8.698699099244068e-06,cycles_per_10min_step,share_of_non_dc_energy_per_frequency_bin
44,trend_ma36,spectrum,0.4755859375,1.1200111533036636e-05,cycles_per_10min_step,share_of_non_dc_energy_per_frequency_bin
44,trend_ma36,spectrum,0.4775390625,9.498075903053795e-06,cycles_per_10min_step,share_of_non_dc_energy_per_frequency_bin
44,trend_ma36,spectrum,0.4794921875,1.113706105841974e-05,cycles_per_10min_step,share_of_non_dc_energy_per_frequency_bin
44,trend_ma36,spectrum,0.4814453125,9.941217040737356e-06,cycles_per_10min_step,share_of_non_dc_energy_per_frequency_bin
44,trend_ma36,spectrum,0.4833984375,1.0384074737228729e-05,cycles_per_10min_step,share_of_non_dc_energy_per_frequency_bin
44,trend_ma36,spectrum,0.4853515625,1.0575229318245087e-05,cycles_per_10min_step,share_of_non_dc_energy_per_frequency_bin
44,trend_ma36,spectrum,0.4873046875,1.3835932664064878e-05,cycles_per_10min_step,share_of_non_dc_energy_per_frequency_bin
44,trend_ma36,spectrum,0.4892578125,1.0364828520753495e-05,cycles_per_10min_step,share_of_non_dc_energy_per_frequency_bin
44,trend_ma36,spectrum,0.4912109375,1.2882708408184533e-05,cycles_per_10min_step,share_of_non_dc_energy_per_frequency_bin
44,trend_ma36,spectrum,0.4931640625,8.179492817588491e-06,cycles_per_10min_step,share_of_non_dc_energy_per_frequency_bin
44,trend_ma36,spectrum,0.4951171875,1.012744091762226e-05,cycles_per_10min_step,share_of_non_dc_energy_per_frequency_bin
44,trend_ma36,spectrum,0.4970703125,8.430626324621448e-06,cycles_per_10min_step,share_of_non_dc_energy_per_frequency_bin
44,trend_ma36,spectrum,0.4990234375,1.0865373291255363e-05,cycles_per_10min_step,share_of_non_dc_energy_per_frequency_bin
44,trend_ma36,acf,0.0,1.0,10min_steps,autocorrelation
44,trend_ma36,acf,1.0,0.9941714416213853,10min_steps,autocorrelation
44,trend_ma36,acf,2.0,0.9873296745803186,10min_steps,autocorrelation
44,trend_ma36,acf,3.0,0.9794557255358881,10min_steps,autocorrelation
44,trend_ma36,acf,4.0,0.9706316194527622,10min_steps,autocorrelation
44,trend_ma36,acf,5.0,0.9610140015854017,10min_steps,autocorrelation
44,trend_ma36,acf,6.0,0.9506011849641532,10min_steps,autocorrelation
44,trend_ma36,acf,7.0,0.9394301427547529,10min_steps,autocorrelation
44,trend_ma36,acf,8.0,0.9276573301676743,10min_steps,autocorrelation
44,trend_ma36,acf,9.0,0.915316959936683,10min_steps,autocorrelation
44,trend_ma36,acf,10.0,0.90252203121741,10min_steps,autocorrelation
44,trend_ma36,acf,11.0,0.8893337247080718,10min_steps,autocorrelation
44,trend_ma36,acf,12.0,0.8756927013080252,10min_steps,autocorrelation
44,trend_ma36,acf,13.0,0.8616163640390686,10min_steps,autocorrelation
44,trend_ma36,acf,14.0,0.8472881278557173,10min_steps,autocorrelation
44,trend_ma36,acf,15.0,0.8327393760374782,10min_steps,autocorrelation
44,trend_ma36,acf,16.0,0.8178464103356184,10min_steps,autocorrelation
44,trend_ma36,acf,17.0,0.8026272369579559,10min_steps,autocorrelation
44,trend_ma36,acf,18.0,0.7871771267293224,10min_steps,autocorrelation
44,trend_ma36,acf,19.0,0.7716141916251765,10min_steps,autocorrelation
44,trend_ma36,acf,20.0,0.7558969307760357,10min_steps,autocorrelation
44,trend_ma36,acf,21.0,0.7400941616618202,10min_steps,autocorrelation
44,trend_ma36,acf,22.0,0.7241924994005056,10min_steps,autocorrelation
44,trend_ma36,acf,23.0,0.708156319900277,10min_steps,autocorrelation
44,trend_ma36,acf,24.0,0.6921188498420175,10min_steps,autocorrelation
44,trend_ma36,acf,25.0,0.676002059561254,10min_steps,autocorrelation
44,trend_ma36,acf,26.0,0.6599246416476374,10min_steps,autocorrelation
44,trend_ma36,acf,27.0,0.6438906898440617,10min_steps,autocorrelation
44,trend_ma36,acf,28.0,0.6278606211808198,10min_steps,autocorrelation
44,trend_ma36,acf,29.0,0.6119237106817967,10min_steps,autocorrelation
44,trend_ma36,acf,30.0,0.5960934131961031,10min_steps,autocorrelation
44,trend_ma36,acf,31.0,0.580418613410686,10min_steps,autocorrelation
44,trend_ma36,acf,32.0,0.5648341123016444,10min_steps,autocorrelation
44,trend_ma36,acf,33.0,0.5494357884644195,10min_steps,autocorrelation
44,trend_ma36,acf,34.0,0.5342141717431824,10min_steps,autocorrelation
44,trend_ma36,acf,35.0,0.5192821113534138,10min_steps,autocorrelation
44,trend_ma36,acf,36.0,0.5046659072918955,10min_steps,autocorrelation
44,trend_ma36,acf,37.0,0.4908062598976367,10min_steps,autocorrelation
44,trend_ma36,acf,38.0,0.47754897260653417,10min_steps,autocorrelation
44,trend_ma36,acf,39.0,0.46489188878403603,10min_steps,autocorrelation
44,trend_ma36,acf,40.0,0.4527350501181012,10min_steps,autocorrelation
44,trend_ma36,acf,41.0,0.44102291420155,10min_steps,autocorrelation
44,trend_ma36,acf,42.0,0.4298432069699279,10min_steps,autocorrelation
44,trend_ma36,acf,43.0,0.4190772795263608,10min_steps,autocorrelation
44,trend_ma36,acf,44.0,0.408673338962254,10min_steps,autocorrelation
44,trend_ma36,acf,45.0,0.3987358409780262,10min_steps,autocorrelation
44,trend_ma36,acf,46.0,0.38916345602048313,10min_steps,autocorrelation
44,trend_ma36,acf,47.0,0.3799124964192913,10min_steps,autocorrelation
44,trend_ma36,acf,48.0,0.3709564537221892,10min_steps,autocorrelation
44,trend_ma36,acf,49.0,0.3623838980679639,10min_steps,autocorrelation
44,trend_ma36,acf,50.0,0.354151651901676,10min_steps,autocorrelation
44,trend_ma36,acf,51.0,0.34630132744207603,10min_steps,autocorrelation
44,trend_ma36,acf,52.0,0.3387024181570455,10min_steps,autocorrelation
44,trend_ma36,acf,53.0,0.33126228126710855,10min_steps,autocorrelation
44,trend_ma36,acf,54.0,0.32403511238390414,10min_steps,autocorrelation
44,trend_ma36,acf,55.0,0.31702137454312723,10min_steps,autocorrelation
44,trend_ma36,acf,56.0,0.31013367955314974,10min_steps,autocorrelation
44,trend_ma36,acf,57.0,0.3033471789064467,10min_steps,autocorrelation
44,trend_ma36,acf,58.0,0.2967666791303118,10min_steps,autocorrelation
44,trend_ma36,acf,59.0,0.2904655929367379,10min_steps,autocorrelation
44,trend_ma36,acf,60.0,0.28434301114403626,10min_steps,autocorrelation
44,trend_ma36,acf,61.0,0.2783940664886043,10min_steps,autocorrelation
44,trend_ma36,acf,62.0,0.27269409418786217,10min_steps,autocorrelation
44,trend_ma36,acf,63.0,0.26711327730787154,10min_steps,autocorrelation
44,trend_ma36,acf,64.0,0.2616513247707436,10min_steps,autocorrelation
44,trend_ma36,acf,65.0,0.2563672097898113,10min_steps,autocorrelation
44,trend_ma36,acf,66.0,0.25131285662303543,10min_steps,autocorrelation
44,trend_ma36,acf,67.0,0.2463507778122994,10min_steps,autocorrelation
44,trend_ma36,acf,68.0,0.24145626156977587,10min_steps,autocorrelation
44,trend_ma36,acf,69.0,0.2367345896982816,10min_steps,autocorrelation
44,trend_ma36,acf,70.0,0.23213304076900063,10min_steps,autocorrelation
44,trend_ma36,acf,71.0,0.227667666722057,10min_steps,autocorrelation
44,trend_ma36,acf,72.0,0.223404872616455,10min_steps,autocorrelation
44,trend_ma36,acf,73.0,0.21934271512599685,10min_steps,autocorrelation
44,trend_ma36,acf,74.0,0.21539485546769233,10min_steps,autocorrelation
44,trend_ma36,acf,75.0,0.21157059111814416,10min_steps,autocorrelation
44,trend_ma36,acf,76.0,0.20783509240768064,10min_steps,autocorrelation
44,trend_ma36,acf,77.0,0.204189964341871,10min_steps,autocorrelation
44,trend_ma36,acf,78.0,0.2007629333950629,10min_steps,autocorrelation
44,trend_ma36,acf,79.0,0.19749636957105784,10min_steps,autocorrelation
44,trend_ma36,acf,80.0,0.1945439857283348,10min_steps,autocorrelation
44,trend_ma36,acf,81.0,0.19165501787581687,10min_steps,autocorrelation
44,trend_ma36,acf,82.0,0.18898996676813903,10min_steps,autocorrelation
44,trend_ma36,acf,83.0,0.18644724265090834,10min_steps,autocorrelation
44,trend_ma36,acf,84.0,0.18397971737051821,10min_steps,autocorrelation
44,trend_ma36,acf,85.0,0.18171379490438574,10min_steps,autocorrelation
44,trend_ma36,acf,86.0,0.17952985494364587,10min_steps,autocorrelation
44,trend_ma36,acf,87.0,0.1773932281647397,10min_steps,autocorrelation
44,trend_ma36,acf,88.0,0.17545355672392351,10min_steps,autocorrelation
44,trend_ma36,acf,89.0,0.17360786232330433,10min_steps,autocorrelation
44,trend_ma36,acf,90.0,0.17187548225007696,10min_steps,autocorrelation
44,trend_ma36,acf,91.0,0.1702923216471168,10min_steps,autocorrelation
44,trend_ma36,acf,92.0,0.16894764106395543,10min_steps,autocorrelation
44,trend_ma36,acf,93.0,0.16770507485218425,10min_steps,autocorrelation
44,trend_ma36,acf,94.0,0.16658495103494136,10min_steps,autocorrelation
44,trend_ma36,acf,95.0,0.16559911731889776,10min_steps,autocorrelation
44,trend_ma36,acf,96.0,0.16474002191014459,10min_steps,autocorrelation
44,trend_ma36,acf,97.0,0.16404770483711412,10min_steps,autocorrelation
44,trend_ma36,acf,98.0,0.16353412967446404,10min_steps,autocorrelation
44,trend_ma36,acf,99.0,0.163189369685108,10min_steps,autocorrelation
44,trend_ma36,acf,100.0,0.16314825254950127,10min_steps,autocorrelation
44,trend_ma36,acf,101.0,0.1632638561291985,10min_steps,autocorrelation
44,trend_ma36,acf,102.0,0.16354575350096062,10min_steps,autocorrelation
44,trend_ma36,acf,103.0,0.1639270049786823,10min_steps,autocorrelation
44,trend_ma36,acf,104.0,0.16446844095675936,10min_steps,autocorrelation
44,trend_ma36,acf,105.0,0.16520607668586645,10min_steps,autocorrelation
44,trend_ma36,acf,106.0,0.1661034133199214,10min_steps,autocorrelation
44,trend_ma36,acf,107.0,0.16693286462884727,10min_steps,autocorrelation
44,trend_ma36,acf,108.0,0.16784730578793222,10min_steps,autocorrelation
44,trend_ma36,acf,109.0,0.16883932613043431,10min_steps,autocorrelation
44,trend_ma36,acf,110.0,0.16987381915132882,10min_steps,autocorrelation
44,trend_ma36,acf,111.0,0.17095502709871047,10min_steps,autocorrelation
44,trend_ma36,acf,112.0,0.1721036070915898,10min_steps,autocorrelation
44,trend_ma36,acf,113.0,0.1732613536491184,10min_steps,autocorrelation
44,trend_ma36,acf,114.0,0.17447672427133992,10min_steps,autocorrelation
44,trend_ma36,acf,115.0,0.17572313046068663,10min_steps,autocorrelation
44,trend_ma36,acf,116.0,0.17680912731765513,10min_steps,autocorrelation
44,trend_ma36,acf,117.0,0.17795672627903475,10min_steps,autocorrelation
44,trend_ma36,acf,118.0,0.1791468710012827,10min_steps,autocorrelation
44,trend_ma36,acf,119.0,0.18037201294050043,10min_steps,autocorrelation
44,trend_ma36,acf,120.0,0.1816540033383785,10min_steps,autocorrelation
44,trend_ma36,acf,121.0,0.1828454492767904,10min_steps,autocorrelation
44,trend_ma36,acf,122.0,0.1840818620796655,10min_steps,autocorrelation
44,trend_ma36,acf,123.0,0.18534564003832937,10min_steps,autocorrelation
44,trend_ma36,acf,124.0,0.18650899720896838,10min_steps,autocorrelation
44,trend_ma36,acf,125.0,0.18762697749695675,10min_steps,autocorrelation
44,trend_ma36,acf,126.0,0.18868029644070156,10min_steps,autocorrelation
44,trend_ma36,acf,127.0,0.18972254421583587,10min_steps,autocorrelation
44,trend_ma36,acf,128.0,0.19069213153361114,10min_steps,autocorrelation
44,trend_ma36,acf,129.0,0.19157544770959106,10min_steps,autocorrelation
44,trend_ma36,acf,130.0,0.19246466959997094,10min_steps,autocorrelation
44,trend_ma36,acf,131.0,0.1933389098537375,10min_steps,autocorrelation
44,trend_ma36,acf,132.0,0.1941216299455701,10min_steps,autocorrelation
44,trend_ma36,acf,133.0,0.19481099823565043,10min_steps,autocorrelation
44,trend_ma36,acf,134.0,0.1953696727846546,10min_steps,autocorrelation
44,trend_ma36,acf,135.0,0.19579797103872765,10min_steps,autocorrelation
44,trend_ma36,acf,136.0,0.19608671389063714,10min_steps,autocorrelation
44,trend_ma36,acf,137.0,0.19618316133653094,10min_steps,autocorrelation
44,trend_ma36,acf,138.0,0.19613084908167877,10min_steps,autocorrelation
44,trend_ma36,acf,139.0,0.19591054711283581,10min_steps,autocorrelation
44,trend_ma36,acf,140.0,0.1955881825767119,10min_steps,autocorrelation
44,trend_ma36,acf,141.0,0.19505274126190458,10min_steps,autocorrelation
44,trend_ma36,acf,142.0,0.19430560080240203,10min_steps,autocorrelation
44,trend_ma36,acf,143.0,0.19345582313090542,10min_steps,autocorrelation
44,trend_ma36,acf,144.0,0.19236500994089828,10min_steps,autocorrelation
44,local_residual_ma6,spectrum,0.0009765625,0.0018185120277501982,cycles_per_10min_step,share_of_non_dc_energy_per_frequency_bin
44,local_residual_ma6,spectrum,0.0029296875,0.003896506775993524,cycles_per_10min_step,share_of_non_dc_energy_per_frequency_bin
44,local_residual_ma6,spectrum,0.0048828125,0.0061630272010357165,cycles_per_10min_step,share_of_non_dc_energy_per_frequency_bin
44,local_residual_ma6,spectrum,0.0068359375,0.011605158180267316,cycles_per_10min_step,share_of_non_dc_energy_per_frequency_bin
44,local_residual_ma6,spectrum,0.0087890625,0.0100968884165414,cycles_per_10min_step,share_of_non_dc_energy_per_frequency_bin
44,local_residual_ma6,spectrum,0.0107421875,0.008261413818916265,cycles_per_10min_step,share_of_non_dc_energy_per_frequency_bin
44,local_residual_ma6,spectrum,0.0126953125,0.0096903973439909,cycles_per_10min_step,share_of_non_dc_energy_per_frequency_bin
44,local_residual_ma6,spectrum,0.0146484375,0.0140312496672405,cycles_per_10min_step,share_of_non_dc_energy_per_frequency_bin
44,local_residual_ma6,spectrum,0.0166015625,0.011258833647628613,cycles_per_10min_step,share_of_non_dc_energy_per_frequency_bin
44,local_residual_ma6,spectrum,0.0185546875,0.011174025330847125,cycles_per_10min_step,share_of_non_dc_energy_per_frequency_bin
44,local_residual_ma6,spectrum,0.0205078125,0.011360511133577765,cycles_per_10min_step,share_of_non_dc_energy_per_frequency_bin
44,local_residual_ma6,spectrum,0.0224609375,0.010023467735589608,cycles_per_10min_step,share_of_non_dc_energy_per_frequency_bin
44,local_residual_ma6,spectrum,0.0244140625,0.010345880910182507,cycles_per_10min_step,share_of_non_dc_energy_per_frequency_bin
44,local_residual_ma6,spectrum,0.0263671875,0.011617422034295676,cycles_per_10min_step,share_of_non_dc_energy_per_frequency_bin
44,local_residual_ma6,spectrum,0.0283203125,0.010263876342718258,cycles_per_10min_step,share_of_non_dc_energy_per_frequency_bin
44,local_residual_ma6,spectrum,0.0302734375,0.011117102812589846,cycles_per_10min_step,share_of_non_dc_energy_per_frequency_bin
44,local_residual_ma6,spectrum,0.0322265625,0.010110581155766067,cycles_per_10min_step,share_of_non_dc_energy_per_frequency_bin
44,local_residual_ma6,spectrum,0.0341796875,0.012889503445120408,cycles_per_10min_step,share_of_non_dc_energy_per_frequency_bin
44,local_residual_ma6,spectrum,0.0361328125,0.01417442540940353,cycles_per_10min_step,share_of_non_dc_energy_per_frequency_bin
44,local_residual_ma6,spectrum,0.0380859375,0.011125958820809554,cycles_per_10min_step,share_of_non_dc_energy_per_frequency_bin
44,local_residual_ma6,spectrum,0.0400390625,0.01174988577292551,cycles_per_10min_step,share_of_non_dc_energy_per_frequency_bin
44,local_residual_ma6,spectrum,0.0419921875,0.01135823819777182,cycles_per_10min_step,share_of_non_dc_energy_per_frequency_bin
44,local_residual_ma6,spectrum,0.0439453125,0.010413298275984117,cycles_per_10min_step,share_of_non_dc_energy_per_frequency_bin
44,local_residual_ma6,spectrum,0.0458984375,0.012762082071969476,cycles_per_10min_step,share_of_non_dc_energy_per_frequency_bin
44,local_residual_ma6,spectrum,0.0478515625,0.011176420891807764,cycles_per_10min_step,share_of_non_dc_energy_per_frequency_bin
44,local_residual_ma6,spectrum,0.0498046875,0.011776534581609438,cycles_per_10min_step,share_of_non_dc_energy_per_frequency_bin
44,local_residual_ma6,spectrum,0.0517578125,0.011708948093194501,cycles_per_10min_step,share_of_non_dc_energy_per_frequency_bin
44,local_residual_ma6,spectrum,0.0537109375,0.01383669902869677,cycles_per_10min_step,share_of_non_dc_energy_per_frequency_bin
44,local_residual_ma6,spectrum,0.0556640625,0.012126035894433375,cycles_per_10min_step,share_of_non_dc_energy_per_frequency_bin
44,local_residual_ma6,spectrum,0.0576171875,0.012133821473647343,cycles_per_10min_step,share_of_non_dc_energy_per_frequency_bin
44,local_residual_ma6,spectrum,0.0595703125,0.009503096283738304,cycles_per_10min_step,share_of_non_dc_energy_per_frequency_bin
44,local_residual_ma6,spectrum,0.0615234375,0.01006229844255048,cycles_per_10min_step,share_of_non_dc_energy_per_frequency_bin
44,local_residual_ma6,spectrum,0.0634765625,0.010277316638525574,cycles_per_10min_step,share_of_non_dc_energy_per_frequency_bin
44,local_residual_ma6,spectrum,0.0654296875,0.009528877829741964,cycles_per_10min_step,share_of_non_dc_energy_per_frequency_bin
44,local_residual_ma6,spectrum,0.0673828125,0.010432215605801227,cycles_per_10min_step,share_of_non_dc_energy_per_frequency_bin
44,local_residual_ma6,spectrum,0.0693359375,0.01040868761371956,cycles_per_10min_step,share_of_non_dc_energy_per_frequency_bin
44,local_residual_ma6,spectrum,0.0712890625,0.012239029307767107,cycles_per_10min_step,share_of_non_dc_energy_per_frequency_bin
44,local_residual_ma6,spectrum,0.0732421875,0.010902304784148217,cycles_per_10min_step,share_of_non_dc_energy_per_frequency_bin
44,local_residual_ma6,spectrum,0.0751953125,0.01035478433865863,cycles_per_10min_step,share_of_non_dc_energy_per_frequency_bin
44,local_residual_ma6,spectrum,0.0771484375,0.009064942654844832,cycles_per_10min_step,share_of_non_dc_energy_per_frequency_bin
44,local_residual_ma6,spectrum,0.0791015625,0.01109191770756487,cycles_per_10min_step,share_of_non_dc_energy_per_frequency_bin
44,local_residual_ma6,spectrum,0.0810546875,0.009699586616556712,cycles_per_10min_step,share_of_non_dc_energy_per_frequency_bin
44,local_residual_ma6,spectrum,0.0830078125,0.007861343990274657,cycles_per_10min_step,share_of_non_dc_energy_per_frequency_bin
44,local_residual_ma6,spectrum,0.0849609375,0.009763381986071176,cycles_per_10min_step,share_of_non_dc_energy_per_frequency_bin
44,local_residual_ma6,spectrum,0.0869140625,0.010420257682468102,cycles_per_10min_step,share_of_non_dc_energy_per_frequency_bin
44,local_residual_ma6,spectrum,0.0888671875,0.01038442654626152,cycles_per_10min_step,share_of_non_dc_energy_per_frequency_bin
44,local_residual_ma6,spectrum,0.0908203125,0.009399958980486851,cycles_per_10min_step,share_of_non_dc_energy_per_frequency_bin
44,local_residual_ma6,spectrum,0.0927734375,0.010899516927733529,cycles_per_10min_step,share_of_non_dc_energy_per_frequency_bin
44,local_residual_ma6,spectrum,0.0947265625,0.009152561357469113,cycles_per_10min_step,share_of_non_dc_energy_per_frequency_bin
44,local_residual_ma6,spectrum,0.0966796875,0.008856927497864426,cycles_per_10min_step,share_of_non_dc_energy_per_frequency_bin
44,local_residual_ma6,spectrum,0.0986328125,0.008472007335886145,cycles_per_10min_step,share_of_non_dc_energy_per_frequency_bin
44,local_residual_ma6,spectrum,0.1005859375,0.008043782062592408,cycles_per_10min_step,share_of_non_dc_energy_per_frequency_bin
44,local_residual_ma6,spectrum,0.1025390625,0.00944923192714954,cycles_per_10min_step,share_of_non_dc_energy_per_frequency_bin
44,local_residual_ma6,spectrum,0.1044921875,0.008247743904169567,cycles_per_10min_step,share_of_non_dc_energy_per_frequency_bin
44,local_residual_ma6,spectrum,0.1064453125,0.010008839090752912,cycles_per_10min_step,share_of_non_dc_energy_per_frequency_bin
44,local_residual_ma6,spectrum,0.1083984375,0.007001849222120822,cycles_per_10min_step,share_of_non_dc_energy_per_frequency_bin
44,local_residual_ma6,spectrum,0.1103515625,0.008676130675925904,cycles_per_10min_step,share_of_non_dc_energy_per_frequency_bin
44,local_residual_ma6,spectrum,0.1123046875,0.00735262787059804,cycles_per_10min_step,share_of_non_dc_energy_per_frequency_bin
44,local_residual_ma6,spectrum,0.1142578125,0.006357387283769577,cycles_per_10min_step,share_of_non_dc_energy_per_frequency_bin
44,local_residual_ma6,spectrum,0.1162109375,0.0065984987631744815,cycles_per_10min_step,share_of_non_dc_energy_per_frequency_bin
44,local_residual_ma6,spectrum,0.1181640625,0.006540249954594939,cycles_per_10min_step,share_of_non_dc_energy_per_frequency_bin
44,local_residual_ma6,spectrum,0.1201171875,0.007813948813852417,cycles_per_10min_step,share_of_non_dc_energy_per_frequency_bin
44,local_residual_ma6,spectrum,0.1220703125,0.007046324880887729,cycles_per_10min_step,share_of_non_dc_energy_per_frequency_bin
44,local_residual_ma6,spectrum,0.1240234375,0.006080648054279706,cycles_per_10min_step,share_of_non_dc_energy_per_frequency_bin
44,local_residual_ma6,spectrum,0.1259765625,0.00605288344214148,cycles_per_10min_step,share_of_non_dc_energy_per_frequency_bin
44,local_residual_ma6,spectrum,0.1279296875,0.006631365366727916,cycles_per_10min_step,share_of_non_dc_energy_per_frequency_bin
44,local_residual_ma6,spectrum,0.1298828125,0.006092062342886055,cycles_per_10min_step,share_of_non_dc_energy_per_frequency_bin
44,local_residual_ma6,spectrum,0.1318359375,0.0057946772015916885,cycles_per_10min_step,share_of_non_dc_energy_per_frequency_bin
44,local_residual_ma6,spectrum,0.1337890625,0.0061189395094794295,cycles_per_10min_step,share_of_non_dc_energy_per_frequency_bin
44,local_residual_ma6,spectrum,0.1357421875,0.006122080456585405,cycles_per_10min_step,share_of_non_dc_energy_per_frequency_bin
44,local_residual_ma6,spectrum,0.1376953125,0.006503141868791783,cycles_per_10min_step,share_of_non_dc_energy_per_frequency_bin
44,local_residual_ma6,spectrum,0.1396484375,0.006063954611489453,cycles_per_10min_step,share_of_non_dc_energy_per_frequency_bin
44,local_residual_ma6,spectrum,0.1416015625,0.005301160067732977,cycles_per_10min_step,share_of_non_dc_energy_per_frequency_bin
44,local_residual_ma6,spectrum,0.1435546875,0.004334562527204105,cycles_per_10min_step,share_of_non_dc_energy_per_frequency_bin
44,local_residual_ma6,spectrum,0.1455078125,0.00471537993335569,cycles_per_10min_step,share_of_non_dc_energy_per_frequency_bin
44,local_residual_ma6,spectrum,0.1474609375,0.005283000190349259,cycles_per_10min_step,share_of_non_dc_energy_per_frequency_bin
44,local_residual_ma6,spectrum,0.1494140625,0.00501212331609963,cycles_per_10min_step,share_of_non_dc_energy_per_frequency_bin
44,local_residual_ma6,spectrum,0.1513671875,0.005024281147741681,cycles_per_10min_step,share_of_non_dc_energy_per_frequency_bin
44,local_residual_ma6,spectrum,0.1533203125,0.0041527705066535655,cycles_per_10min_step,share_of_non_dc_energy_per_frequency_bin
44,local_residual_ma6,spectrum,0.1552734375,0.003197636941701984,cycles_per_10min_step,share_of_non_dc_energy_per_frequency_bin
44,local_residual_ma6,spectrum,0.1572265625,0.003067978861880828,cycles_per_10min_step,share_of_non_dc_energy_per_frequency_bin
44,local_residual_ma6,spectrum,0.1591796875,0.004488356557629975,cycles_per_10min_step,share_of_non_dc_energy_per_frequency_bin
44,local_residual_ma6,spectrum,0.1611328125,0.003933792429657259,cycles_per_10min_step,share_of_non_dc_energy_per_frequency_bin
44,local_residual_ma6,spectrum,0.1630859375,0.003439020145863362,cycles_per_10min_step,share_of_non_dc_energy_per_frequency_bin
44,local_residual_ma6,spectrum,0.1650390625,0.0023453097321163457,cycles_per_10min_step,share_of_non_dc_energy_per_frequency_bin
44,local_residual_ma6,spectrum,0.1669921875,0.0027483320034006062,cycles_per_10min_step,share_of_non_dc_energy_per_frequency_bin
44,local_residual_ma6,spectrum,0.1689453125,0.0029289029805513634,cycles_per_10min_step,share_of_non_dc_energy_per_frequency_bin
44,local_residual_ma6,spectrum,0.1708984375,0.003397229324849764,cycles_per_10min_step,share_of_non_dc_energy_per_frequency_bin
44,local_residual_ma6,spectrum,0.1728515625,0.002491823818609613,cycles_per_10min_step,share_of_non_dc_energy_per_frequency_bin
44,local_residual_ma6,spectrum,0.1748046875,0.003057003346128338,cycles_per_10min_step,share_of_non_dc_energy_per_frequency_bin
44,local_residual_ma6,spectrum,0.1767578125,0.0032936130303340212,cycles_per_10min_step,share_of_non_dc_energy_per_frequency_bin
44,local_residual_ma6,spectrum,0.1787109375,0.002535269729407174,cycles_per_10min_step,share_of_non_dc_energy_per_frequency_bin
44,local_residual_ma6,spectrum,0.1806640625,0.0021766739073956574,cycles_per_10min_step,share_of_non_dc_energy_per_frequency_bin
44,local_residual_ma6,spectrum,0.1826171875,0.0021981337307907097,cycles_per_10min_step,share_of_non_dc_energy_per_frequency_bin
44,local_residual_ma6,spectrum,0.1845703125,0.002171075800942433,cycles_per_10min_step,share_of_non_dc_energy_per_frequency_bin
44,local_residual_ma6,spectrum,0.1865234375,0.0027455810121540455,cycles_per_10min_step,share_of_non_dc_energy_per_frequency_bin
44,local_residual_ma6,spectrum,0.1884765625,0.0019479668601110806,cycles_per_10min_step,share_of_non_dc_energy_per_frequency_bin
44,local_residual_ma6,spectrum,0.1904296875,0.0017549323779143438,cycles_per_10min_step,share_of_non_dc_energy_per_frequency_bin
44,local_residual_ma6,spectrum,0.1923828125,0.0020388508115378686,cycles_per_10min_step,share_of_non_dc_energy_per_frequency_bin
44,local_residual_ma6,spectrum,0.1943359375,0.0021898703704218655,cycles_per_10min_step,share_of_non_dc_energy_per_frequency_bin
44,local_residual_ma6,spectrum,0.1962890625,0.0020784893331395582,cycles_per_10min_step,share_of_non_dc_energy_per_frequency_bin
44,local_residual_ma6,spectrum,0.1982421875,0.0018762161474104326,cycles_per_10min_step,share_of_non_dc_energy_per_frequency_bin
44,local_residual_ma6,spectrum,0.2001953125,0.0017132804571088729,cycles_per_10min_step,share_of_non_dc_energy_per_frequency_bin
44,local_residual_ma6,spectrum,0.2021484375,0.002378158996851831,cycles_per_10min_step,share_of_non_dc_energy_per_frequency_bin
44,local_residual_ma6,spectrum,0.2041015625,0.002380681467881161,cycles_per_10min_step,share_of_non_dc_energy_per_frequency_bin
44,local_residual_ma6,spectrum,0.2060546875,0.001950430989630932,cycles_per_10min_step,share_of_non_dc_energy_per_frequency_bin
44,local_residual_ma6,spectrum,0.2080078125,0.0020378478410628563,cycles_per_10min_step,share_of_non_dc_energy_per_frequency_bin
44,local_residual_ma6,spectrum,0.2099609375,0.0018624397214201606,cycles_per_10min_step,share_of_non_dc_energy_per_frequency_bin
44,local_residual_ma6,spectrum,0.2119140625,0.0015566674217285482,cycles_per_10min_step,share_of_non_dc_energy_per_frequency_bin
44,local_residual_ma6,spectrum,0.2138671875,0.0016634418325164099,cycles_per_10min_step,share_of_non_dc_energy_per_frequency_bin
44,local_residual_ma6,spectrum,0.2158203125,0.0014806415527018136,cycles_per_10min_step,share_of_non_dc_energy_per_frequency_bin
44,local_residual_ma6,spectrum,0.2177734375,0.0011798699414132866,cycles_per_10min_step,share_of_non_dc_energy_per_frequency_bin
44,local_residual_ma6,spectrum,0.2197265625,0.0014894318530524065,cycles_per_10min_step,share_of_non_dc_energy_per_frequency_bin
44,local_residual_ma6,spectrum,0.2216796875,0.001233878363990207,cycles_per_10min_step,share_of_non_dc_energy_per_frequency_bin
44,local_residual_ma6,spectrum,0.2236328125,0.0016026616668693202,cycles_per_10min_step,share_of_non_dc_energy_per_frequency_bin
44,local_residual_ma6,spectrum,0.2255859375,0.0018536625854105836,cycles_per_10min_step,share_of_non_dc_energy_per_frequency_bin
44,local_residual_ma6,spectrum,0.2275390625,0.001815311102813394,cycles_per_10min_step,share_of_non_dc_energy_per_frequency_bin
44,local_residual_ma6,spectrum,0.2294921875,0.0012125225413799885,cycles_per_10min_step,share_of_non_dc_energy_per_frequency_bin
44,local_residual_ma6,spectrum,0.2314453125,0.0013105836852868441,cycles_per_10min_step,share_of_non_dc_energy_per_frequency_bin
44,local_residual_ma6,spectrum,0.2333984375,0.0012860345834684777,cycles_per_10min_step,share_of_non_dc_energy_per_frequency_bin
44,local_residual_ma6,spectrum,0.2353515625,0.001160326777935217,cycles_per_10min_step,share_of_non_dc_energy_per_frequency_bin
44,local_residual_ma6,spectrum,0.2373046875,0.0015707530988683554,cycles_per_10min_step,share_of_non_dc_energy_per_frequency_bin
44,local_residual_ma6,spectrum,0.2392578125,0.0014608819486092318,cycles_per_10min_step,share_of_non_dc_energy_per_frequency_bin
44,local_residual_ma6,spectrum,0.2412109375,0.001452366954559902,cycles_per_10min_step,share_of_non_dc_energy_per_frequency_bin
44,local_residual_ma6,spectrum,0.2431640625,0.0014832581073790747,cycles_per_10min_step,share_of_non_dc_energy_per_frequency_bin
44,local_residual_ma6,spectrum,0.2451171875,0.001383477985823737,cycles_per_10min_step,share_of_non_dc_energy_per_frequency_bin
44,local_residual_ma6,spectrum,0.2470703125,0.0014632716948757949,cycles_per_10min_step,share_of_non_dc_energy_per_frequency_bin
44,local_residual_ma6,spectrum,0.2490234375,0.0012458417895506767,cycles_per_10min_step,share_of_non_dc_energy_per_frequency_bin
44,local_residual_ma6,spectrum,0.2509765625,0.0013927695913148485,cycles_per_10min_step,share_of_non_dc_energy_per_frequency_bin
44,local_residual_ma6,spectrum,0.2529296875,0.001476650169081599,cycles_per_10min_step,share_of_non_dc_energy_per_frequency_bin
44,local_residual_ma6,spectrum,0.2548828125,0.0014210362312907822,cycles_per_10min_step,share_of_non_dc_energy_per_frequency_bin
44,local_residual_ma6,spectrum,0.2568359375,0.0014528980291575082,cycles_per_10min_step,share_of_non_dc_energy_per_frequency_bin
44,local_residual_ma6,spectrum,0.2587890625,0.0015695279983804894,cycles_per_10min_step,share_of_non_dc_energy_per_frequency_bin
44,local_residual_ma6,spectrum,0.2607421875,0.0012453043335993877,cycles_per_10min_step,share_of_non_dc_energy_per_frequency_bin
44,local_residual_ma6,spectrum,0.2626953125,0.0014256938064901195,cycles_per_10min_step,share_of_non_dc_energy_per_frequency_bin
44,local_residual_ma6,spectrum,0.2646484375,0.0016503603370848542,cycles_per_10min_step,share_of_non_dc_energy_per_frequency_bin
44,local_residual_ma6,spectrum,0.2666015625,0.0017075046927052795,cycles_per_10min_step,share_of_non_dc_energy_per_frequency_bin
44,local_residual_ma6,spectrum,0.2685546875,0.0016938746264336547,cycles_per_10min_step,share_of_non_dc_energy_per_frequency_bin
44,local_residual_ma6,spectrum,0.2705078125,0.001631935299101451,cycles_per_10min_step,share_of_non_dc_energy_per_frequency_bin
44,local_residual_ma6,spectrum,0.2724609375,0.0020723927323220647,cycles_per_10min_step,share_of_non_dc_energy_per_frequency_bin
44,local_residual_ma6,spectrum,0.2744140625,0.0019195828098276771,cycles_per_10min_step,share_of_non_dc_energy_per_frequency_bin
44,local_residual_ma6,spectrum,0.2763671875,0.0018237182974321134,cycles_per_10min_step,share_of_non_dc_energy_per_frequency_bin
44,local_residual_ma6,spectrum,0.2783203125,0.0016408106963519938,cycles_per_10min_step,share_of_non_dc_energy_per_frequency_bin
44,local_residual_ma6,spectrum,0.2802734375,0.0017986480537177617,cycles_per_10min_step,share_of_non_dc_energy_per_frequency_bin
44,local_residual_ma6,spectrum,0.2822265625,0.002198630265244907,cycles_per_10min_step,share_of_non_dc_energy_per_frequency_bin
44,local_residual_ma6,spectrum,0.2841796875,0.0024550850740542034,cycles_per_10min_step,share_of_non_dc_energy_per_frequency_bin
44,local_residual_ma6,spectrum,0.2861328125,0.0018268478896267765,cycles_per_10min_step,share_of_non_dc_energy_per_frequency_bin
44,local_residual_ma6,spectrum,0.2880859375,0.0016859721524425202,cycles_per_10min_step,share_of_non_dc_energy_per_frequency_bin
44,local_residual_ma6,spectrum,0.2900390625,0.001445543930564942,cycles_per_10min_step,share_of_non_dc_energy_per_frequency_bin
44,local_residual_ma6,spectrum,0.2919921875,0.0015327468877488302,cycles_per_10min_step,share_of_non_dc_energy_per_frequency_bin
44,local_residual_ma6,spectrum,0.2939453125,0.0020931939514150385,cycles_per_10min_step,share_of_non_dc_energy_per_frequency_bin
44,local_residual_ma6,spectrum,0.2958984375,0.00173898301482981,cycles_per_10min_step,share_of_non_dc_energy_per_frequency_bin
44,local_residual_ma6,spectrum,0.2978515625,0.0018014421033637144,cycles_per_10min_step,share_of_non_dc_energy_per_frequency_bin
44,local_residual_ma6,spectrum,0.2998046875,0.0013632482361952945,cycles_per_10min_step,share_of_non_dc_energy_per_frequency_bin
44,local_residual_ma6,spectrum,0.3017578125,0.0019855371003009675,cycles_per_10min_step,share_of_non_dc_energy_per_frequency_bin
44,local_residual_ma6,spectrum,0.3037109375,0.001631250548550493,cycles_per_10min_step,share_of_non_dc_energy_per_frequency_bin
44,local_residual_ma6,spectrum,0.3056640625,0.001921568512061111,cycles_per_10min_step,share_of_non_dc_energy_per_frequency_bin
44,local_residual_ma6,spectrum,0.3076171875,0.0018024535454693928,cycles_per_10min_step,share_of_non_dc_energy_per_frequency_bin
44,local_residual_ma6,spectrum,0.3095703125,0.0019505543745720274,cycles_per_10min_step,share_of_non_dc_energy_per_frequency_bin
44,local_residual_ma6,spectrum,0.3115234375,0.001225929592823479,cycles_per_10min_step,share_of_non_dc_energy_per_frequency_bin
44,local_residual_ma6,spectrum,0.3134765625,0.0012729145619529197,cycles_per_10min_step,share_of_non_dc_energy_per_frequency_bin
44,local_residual_ma6,spectrum,0.3154296875,0.0017072640969959991,cycles_per_10min_step,share_of_non_dc_energy_per_frequency_bin
44,local_residual_ma6,spectrum,0.3173828125,0.0017097722475112526,cycles_per_10min_step,share_of_non_dc_energy_per_frequency_bin
44,local_residual_ma6,spectrum,0.3193359375,0.0016876181832569154,cycles_per_10min_step,share_of_non_dc_energy_per_frequency_bin
44,local_residual_ma6,spectrum,0.3212890625,0.0018959265066882081,cycles_per_10min_step,share_of_non_dc_energy_per_frequency_bin
44,local_residual_ma6,spectrum,0.3232421875,0.0014455623171281916,cycles_per_10min_step,share_of_non_dc_energy_per_frequency_bin
44,local_residual_ma6,spectrum,0.3251953125,0.0016323070969028039,cycles_per_10min_step,share_of_non_dc_energy_per_frequency_bin
44,local_residual_ma6,spectrum,0.3271484375,0.0015938088229890575,cycles_per_10min_step,share_of_non_dc_energy_per_frequency_bin
44,local_residual_ma6,spectrum,0.3291015625,0.0016642109792694548,cycles_per_10min_step,share_of_non_dc_energy_per_frequency_bin
44,local_residual_ma6,spectrum,0.3310546875,0.001772910002130126,cycles_per_10min_step,share_of_non_dc_energy_per_frequency_bin
44,local_residual_ma6,spectrum,0.3330078125,0.0013301971651714121,cycles_per_10min_step,share_of_non_dc_energy_per_frequency_bin
44,local_residual_ma6,spectrum,0.3349609375,0.0020836923529438697,cycles_per_10min_step,share_of_non_dc_energy_per_frequency_bin
44,local_residual_ma6,spectrum,0.3369140625,0.0014160044745394594,cycles_per_10min_step,share_of_non_dc_energy_per_frequency_bin
44,local_residual_ma6,spectrum,0.3388671875,0.0014617906194274572,cycles_per_10min_step,share_of_non_dc_energy_per_frequency_bin
44,local_residual_ma6,spectrum,0.3408203125,0.0012949231690584484,cycles_per_10min_step,share_of_non_dc_energy_per_frequency_bin
44,local_residual_ma6,spectrum,0.3427734375,0.001437429531581345,cycles_per_10min_step,share_of_non_dc_energy_per_frequency_bin
44,local_residual_ma6,spectrum,0.3447265625,0.0013370869092776652,cycles_per_10min_step,share_of_non_dc_energy_per_frequency_bin
44,local_residual_ma6,spectrum,0.3466796875,0.0019309381545762503,cycles_per_10min_step,share_of_non_dc_energy_per_frequency_bin
44,local_residual_ma6,spectrum,0.3486328125,0.002530548442288378,cycles_per_10min_step,share_of_non_dc_energy_per_frequency_bin
44,local_residual_ma6,spectrum,0.3505859375,0.0034516590064091537,cycles_per_10min_step,share_of_non_dc_energy_per_frequency_bin
44,local_residual_ma6,spectrum,0.3525390625,0.002099210494562691,cycles_per_10min_step,share_of_non_dc_energy_per_frequency_bin
44,local_residual_ma6,spectrum,0.3544921875,0.0019117152025780165,cycles_per_10min_step,share_of_non_dc_energy_per_frequency_bin
44,local_residual_ma6,spectrum,0.3564453125,0.002368835091027533,cycles_per_10min_step,share_of_non_dc_energy_per_frequency_bin
44,local_residual_ma6,spectrum,0.3583984375,0.002106187744119591,cycles_per_10min_step,share_of_non_dc_energy_per_frequency_bin
44,local_residual_ma6,spectrum,0.3603515625,0.0017049510708407598,cycles_per_10min_step,share_of_non_dc_energy_per_frequency_bin
44,local_residual_ma6,spectrum,0.3623046875,0.002155479165068983,cycles_per_10min_step,share_of_non_dc_energy_per_frequency_bin
44,local_residual_ma6,spectrum,0.3642578125,0.002427021167187231,cycles_per_10min_step,share_of_non_dc_energy_per_frequency_bin
44,local_residual_ma6,spectrum,0.3662109375,0.0023075721657527136,cycles_per_10min_step,share_of_non_dc_energy_per_frequency_bin
44,local_residual_ma6,spectrum,0.3681640625,0.0021540479041002084,cycles_per_10min_step,share_of_non_dc_energy_per_frequency_bin
44,local_residual_ma6,spectrum,0.3701171875,0.0016159736330666507,cycles_per_10min_step,share_of_non_dc_energy_per_frequency_bin
44,local_residual_ma6,spectrum,0.3720703125,0.002139177968850464,cycles_per_10min_step,share_of_non_dc_energy_per_frequency_bin
44,local_residual_ma6,spectrum,0.3740234375,0.0021646798958770024,cycles_per_10min_step,share_of_non_dc_energy_per_frequency_bin
44,local_residual_ma6,spectrum,0.3759765625,0.002073204614461653,cycles_per_10min_step,share_of_non_dc_energy_per_frequency_bin
44,local_residual_ma6,spectrum,0.3779296875,0.0015565685353582154,cycles_per_10min_step,share_of_non_dc_energy_per_frequency_bin
44,local_residual_ma6,spectrum,0.3798828125,0.002252665017673526,cycles_per_10min_step,share_of_non_dc_energy_per_frequency_bin
44,local_residual_ma6,spectrum,0.3818359375,0.0019457389310168379,cycles_per_10min_step,share_of_non_dc_energy_per_frequency_bin
44,local_residual_ma6,spectrum,0.3837890625,0.0015375423426245522,cycles_per_10min_step,share_of_non_dc_energy_per_frequency_bin
44,local_residual_ma6,spectrum,0.3857421875,0.0015644548127072585,cycles_per_10min_step,share_of_non_dc_energy_per_frequency_bin
44,local_residual_ma6,spectrum,0.3876953125,0.0009961399194906972,cycles_per_10min_step,share_of_non_dc_energy_per_frequency_bin
44,local_residual_ma6,spectrum,0.3896484375,0.0015814825891427406,cycles_per_10min_step,share_of_non_dc_energy_per_frequency_bin
44,local_residual_ma6,spectrum,0.3916015625,0.00139882174442123,cycles_per_10min_step,share_of_non_dc_energy_per_frequency_bin
44,local_residual_ma6,spectrum,0.3935546875,0.0012490670935643457,cycles_per_10min_step,share_of_non_dc_energy_per_frequency_bin
44,local_residual_ma6,spectrum,0.3955078125,0.0013728852018219796,cycles_per_10min_step,share_of_non_dc_energy_per_frequency_bin
44,local_residual_ma6,spectrum,0.3974609375,0.0012577546029620067,cycles_per_10min_step,share_of_non_dc_energy_per_frequency_bin
44,local_residual_ma6,spectrum,0.3994140625,0.001970107583597658,cycles_per_10min_step,share_of_non_dc_energy_per_frequency_bin
44,local_residual_ma6,spectrum,0.4013671875,0.0011352952248597566,cycles_per_10min_step,share_of_non_dc_energy_per_frequency_bin
44,local_residual_ma6,spectrum,0.4033203125,0.0010860201005387904,cycles_per_10min_step,share_of_non_dc_energy_per_frequency_bin
44,local_residual_ma6,spectrum,0.4052734375,0.0009790508964087068,cycles_per_10min_step,share_of_non_dc_energy_per_frequency_bin
44,local_residual_ma6,spectrum,0.4072265625,0.0010392406316072813,cycles_per_10min_step,share_of_non_dc_energy_per_frequency_bin
44,local_residual_ma6,spectrum,0.4091796875,0.0016083743964703627,cycles_per_10min_step,share_of_non_dc_energy_per_frequency_bin
44,local_residual_ma6,spectrum,0.4111328125,0.0008356384135392583,cycles_per_10min_step,share_of_non_dc_energy_per_frequency_bin
44,local_residual_ma6,spectrum,0.4130859375,0.0009182416205710997,cycles_per_10min_step,share_of_non_dc_energy_per_frequency_bin
44,local_residual_ma6,spectrum,0.4150390625,0.0010472076810171527,cycles_per_10min_step,share_of_non_dc_energy_per_frequency_bin
44,local_residual_ma6,spectrum,0.4169921875,0.000714621666487921,cycles_per_10min_step,share_of_non_dc_energy_per_frequency_bin
44,local_residual_ma6,spectrum,0.4189453125,0.0008947433061140154,cycles_per_10min_step,share_of_non_dc_energy_per_frequency_bin
44,local_residual_ma6,spectrum,0.4208984375,0.0007831778346634819,cycles_per_10min_step,share_of_non_dc_energy_per_frequency_bin
44,local_residual_ma6,spectrum,0.4228515625,0.0009207745712174539,cycles_per_10min_step,share_of_non_dc_energy_per_frequency_bin
44,local_residual_ma6,spectrum,0.4248046875,0.0008171578309854287,cycles_per_10min_step,share_of_non_dc_energy_per_frequency_bin
44,local_residual_ma6,spectrum,0.4267578125,0.0009349686919839064,cycles_per_10min_step,share_of_non_dc_energy_per_frequency_bin
44,local_residual_ma6,spectrum,0.4287109375,0.0008794305926297085,cycles_per_10min_step,share_of_non_dc_energy_per_frequency_bin
44,local_residual_ma6,spectrum,0.4306640625,0.0009856149272006302,cycles_per_10min_step,share_of_non_dc_energy_per_frequency_bin
44,local_residual_ma6,spectrum,0.4326171875,0.0008482856352434359,cycles_per_10min_step,share_of_non_dc_energy_per_frequency_bin
44,local_residual_ma6,spectrum,0.4345703125,0.0008499485442726304,cycles_per_10min_step,share_of_non_dc_energy_per_frequency_bin
44,local_residual_ma6,spectrum,0.4365234375,0.0008223703709779392,cycles_per_10min_step,share_of_non_dc_energy_per_frequency_bin
44,local_residual_ma6,spectrum,0.4384765625,0.0008081117854283046,cycles_per_10min_step,share_of_non_dc_energy_per_frequency_bin
44,local_residual_ma6,spectrum,0.4404296875,0.0006652231967835836,cycles_per_10min_step,share_of_non_dc_energy_per_frequency_bin
44,local_residual_ma6,spectrum,0.4423828125,0.0008312305058688539,cycles_per_10min_step,share_of_non_dc_energy_per_frequency_bin
44,local_residual_ma6,spectrum,0.4443359375,0.001204951772621503,cycles_per_10min_step,share_of_non_dc_energy_per_frequency_bin
44,local_residual_ma6,spectrum,0.4462890625,0.0007509749956234661,cycles_per_10min_step,share_of_non_dc_energy_per_frequency_bin
44,local_residual_ma6,spectrum,0.4482421875,0.000898741894996186,cycles_per_10min_step,share_of_non_dc_energy_per_frequency_bin
44,local_residual_ma6,spectrum,0.4501953125,0.0010572050662858515,cycles_per_10min_step,share_of_non_dc_energy_per_frequency_bin
44,local_residual_ma6,spectrum,0.4521484375,0.0010513044494664082,cycles_per_10min_step,share_of_non_dc_energy_per_frequency_bin
44,local_residual_ma6,spectrum,0.4541015625,0.0010729694605889674,cycles_per_10min_step,share_of_non_dc_energy_per_frequency_bin
44,local_residual_ma6,spectrum,0.4560546875,0.000985100368001516,cycles_per_10min_step,share_of_non_dc_energy_per_frequency_bin
44,local_residual_ma6,spectrum,0.4580078125,0.0009635015522558977,cycles_per_10min_step,share_of_non_dc_energy_per_frequency_bin
44,local_residual_ma6,spectrum,0.4599609375,0.0012371903476488064,cycles_per_10min_step,share_of_non_dc_energy_per_frequency_bin
44,local_residual_ma6,spectrum,0.4619140625,0.0010117777634170962,cycles_per_10min_step,share_of_non_dc_energy_per_frequency_bin
44,local_residual_ma6,spectrum,0.4638671875,0.0011023821847028978,cycles_per_10min_step,share_of_non_dc_energy_per_frequency_bin
44,local_residual_ma6,spectrum,0.4658203125,0.0009360409081220405,cycles_per_10min_step,share_of_non_dc_energy_per_frequency_bin
44,local_residual_ma6,spectrum,0.4677734375,0.0010126200074986197,cycles_per_10min_step,share_of_non_dc_energy_per_frequency_bin
44,local_residual_ma6,spectrum,0.4697265625,0.0011397098893630648,cycles_per_10min_step,share_of_non_dc_energy_per_frequency_bin
44,local_residual_ma6,spectrum,0.4716796875,0.0009366665067398486,cycles_per_10min_step,share_of_non_dc_energy_per_frequency_bin
44,local_residual_ma6,spectrum,0.4736328125,0.0007818480586292944,cycles_per_10min_step,share_of_non_dc_energy_per_frequency_bin
44,local_residual_ma6,spectrum,0.4755859375,0.0011245542244690994,cycles_per_10min_step,share_of_non_dc_energy_per_frequency_bin
44,local_residual_ma6,spectrum,0.4775390625,0.0009441171913212205,cycles_per_10min_step,share_of_non_dc_energy_per_frequency_bin
44,local_residual_ma6,spectrum,0.4794921875,0.0008997642769625367,cycles_per_10min_step,share_of_non_dc_energy_per_frequency_bin
44,local_residual_ma6,spectrum,0.4814453125,0.0009974428284141308,cycles_per_10min_step,share_of_non_dc_energy_per_frequency_bin
44,local_residual_ma6,spectrum,0.4833984375,0.0011092399008151383,cycles_per_10min_step,share_of_non_dc_energy_per_frequency_bin
44,local_residual_ma6,spectrum,0.4853515625,0.0010858895498670402,cycles_per_10min_step,share_of_non_dc_energy_per_frequency_bin
44,local_residual_ma6,spectrum,0.4873046875,0.0011662943843446531,cycles_per_10min_step,share_of_non_dc_energy_per_frequency_bin
44,local_residual_ma6,spectrum,0.4892578125,0.001119111449336128,cycles_per_10min_step,share_of_non_dc_energy_per_frequency_bin
44,local_residual_ma6,spectrum,0.4912109375,0.000993782877789445,cycles_per_10min_step,share_of_non_dc_energy_per_frequency_bin
44,local_residual_ma6,spectrum,0.4931640625,0.001130835336733979,cycles_per_10min_step,share_of_non_dc_energy_per_frequency_bin
44,local_residual_ma6,spectrum,0.4951171875,0.0012123062038545632,cycles_per_10min_step,share_of_non_dc_energy_per_frequency_bin
44,local_residual_ma6,spectrum,0.4970703125,0.0009300031310373264,cycles_per_10min_step,share_of_non_dc_energy_per_frequency_bin
44,local_residual_ma6,spectrum,0.4990234375,0.0009978251494219066,cycles_per_10min_step,share_of_non_dc_energy_per_frequency_bin
44,local_residual_ma6,acf,0.0,1.0,10min_steps,autocorrelation
44,local_residual_ma6,acf,1.0,0.5526288227670653,10min_steps,autocorrelation
44,local_residual_ma6,acf,2.0,0.3027355801002948,10min_steps,autocorrelation
44,local_residual_ma6,acf,3.0,0.13902363301178303,10min_steps,autocorrelation
44,local_residual_ma6,acf,4.0,-0.04542832457643375,10min_steps,autocorrelation
44,local_residual_ma6,acf,5.0,-0.08152265441282629,10min_steps,autocorrelation
44,local_residual_ma6,acf,6.0,-0.05156723016438601,10min_steps,autocorrelation
44,local_residual_ma6,acf,7.0,-0.053599395477695516,10min_steps,autocorrelation
44,local_residual_ma6,acf,8.0,-0.019495733352296218,10min_steps,autocorrelation
44,local_residual_ma6,acf,9.0,-0.038451814199722587,10min_steps,autocorrelation
44,local_residual_ma6,acf,10.0,-0.03282079550168872,10min_steps,autocorrelation
44,local_residual_ma6,acf,11.0,-0.019675651251066267,10min_steps,autocorrelation
44,local_residual_ma6,acf,12.0,-0.04334799143598727,10min_steps,autocorrelation
44,local_residual_ma6,acf,13.0,-0.028425673631080155,10min_steps,autocorrelation
44,local_residual_ma6,acf,14.0,-0.016540398866143,10min_steps,autocorrelation
44,local_residual_ma6,acf,15.0,-0.026053084189625077,10min_steps,autocorrelation
44,local_residual_ma6,acf,16.0,-0.026490206695844898,10min_steps,autocorrelation
44,local_residual_ma6,acf,17.0,-0.023707255216100082,10min_steps,autocorrelation
44,local_residual_ma6,acf,18.0,-0.02370311761740781,10min_steps,autocorrelation
44,local_residual_ma6,acf,19.0,-0.013807551502222992,10min_steps,autocorrelation
44,local_residual_ma6,acf,20.0,-0.0072188553221350866,10min_steps,autocorrelation
44,local_residual_ma6,acf,21.0,-0.009167342447908868,10min_steps,autocorrelation
44,local_residual_ma6,acf,22.0,-0.0038624049180659512,10min_steps,autocorrelation
44,local_residual_ma6,acf,23.0,-0.015099681606948568,10min_steps,autocorrelation
44,local_residual_ma6,acf,24.0,-0.018910851419656864,10min_steps,autocorrelation
44,local_residual_ma6,acf,25.0,-0.01705211667196866,10min_steps,autocorrelation
44,local_residual_ma6,acf,26.0,-0.022243649481955008,10min_steps,autocorrelation
44,local_residual_ma6,acf,27.0,-0.02369455948447779,10min_steps,autocorrelation
44,local_residual_ma6,acf,28.0,-0.014604927512782489,10min_steps,autocorrelation
44,local_residual_ma6,acf,29.0,-0.01334317768036773,10min_steps,autocorrelation
44,local_residual_ma6,acf,30.0,-0.018359216931042904,10min_steps,autocorrelation
44,local_residual_ma6,acf,31.0,-0.02116409138069226,10min_steps,autocorrelation
44,local_residual_ma6,acf,32.0,-0.023919263040901008,10min_steps,autocorrelation
44,local_residual_ma6,acf,33.0,-0.021966127888997003,10min_steps,autocorrelation
44,local_residual_ma6,acf,34.0,-0.016847578660335732,10min_steps,autocorrelation
44,local_residual_ma6,acf,35.0,-0.016378641585204017,10min_steps,autocorrelation
44,local_residual_ma6,acf,36.0,-0.020816561087551224,10min_steps,autocorrelation
44,local_residual_ma6,acf,37.0,-0.013250036288408528,10min_steps,autocorrelation
44,local_residual_ma6,acf,38.0,-0.018896344188726693,10min_steps,autocorrelation
44,local_residual_ma6,acf,39.0,-0.011358594852055025,10min_steps,autocorrelation
44,local_residual_ma6,acf,40.0,-0.007366236805659341,10min_steps,autocorrelation
44,local_residual_ma6,acf,41.0,-0.019832039704688026,10min_steps,autocorrelation
44,local_residual_ma6,acf,42.0,-0.017459493285839234,10min_steps,autocorrelation
44,local_residual_ma6,acf,43.0,-0.013690710388269663,10min_steps,autocorrelation
44,local_residual_ma6,acf,44.0,-0.02004526895984469,10min_steps,autocorrelation
44,local_residual_ma6,acf,45.0,-0.015624479093064176,10min_steps,autocorrelation
44,local_residual_ma6,acf,46.0,-0.018285466670048735,10min_steps,autocorrelation
44,local_residual_ma6,acf,47.0,-0.02462385154480003,10min_steps,autocorrelation
44,local_residual_ma6,acf,48.0,-0.020927285063611505,10min_steps,autocorrelation
44,local_residual_ma6,acf,49.0,-0.01775541122688008,10min_steps,autocorrelation
44,local_residual_ma6,acf,50.0,-0.020901957748967644,10min_steps,autocorrelation
44,local_residual_ma6,acf,51.0,-0.014281184266712942,10min_steps,autocorrelation
44,local_residual_ma6,acf,52.0,-0.008893042859295344,10min_steps,autocorrelation
44,local_residual_ma6,acf,53.0,-0.0008311882383494709,10min_steps,autocorrelation
44,local_residual_ma6,acf,54.0,0.005065007804245272,10min_steps,autocorrelation
44,local_residual_ma6,acf,55.0,0.005670565764585364,10min_steps,autocorrelation
44,local_residual_ma6,acf,56.0,0.00928856452666509,10min_steps,autocorrelation
44,local_residual_ma6,acf,57.0,0.01412981333559281,10min_steps,autocorrelation
44,local_residual_ma6,acf,58.0,0.007058497931641511,10min_steps,autocorrelation
44,local_residual_ma6,acf,59.0,-0.004248360128253328,10min_steps,autocorrelation
44,local_residual_ma6,acf,60.0,-0.007544356447030064,10min_steps,autocorrelation
44,local_residual_ma6,acf,61.0,-0.018616091408784886,10min_steps,autocorrelation
44,local_residual_ma6,acf,62.0,-0.0177828002707106,10min_steps,autocorrelation
44,local_residual_ma6,acf,63.0,-0.008286572244345923,10min_steps,autocorrelation
44,local_residual_ma6,acf,64.0,-0.01720371141675931,10min_steps,autocorrelation
44,local_residual_ma6,acf,65.0,-0.008654418307584037,10min_steps,autocorrelation
44,local_residual_ma6,acf,66.0,0.002378323890453333,10min_steps,autocorrelation
44,local_residual_ma6,acf,67.0,-0.004650914097605837,10min_steps,autocorrelation
44,local_residual_ma6,acf,68.0,-0.0023007699689709254,10min_steps,autocorrelation
44,local_residual_ma6,acf,69.0,-0.009991454414295678,10min_steps,autocorrelation
44,local_residual_ma6,acf,70.0,-0.0180831655056672,10min_steps,autocorrelation
44,local_residual_ma6,acf,71.0,-0.010259366491690878,10min_steps,autocorrelation
44,local_residual_ma6,acf,72.0,-0.010820574696768025,10min_steps,autocorrelation
44,local_residual_ma6,acf,73.0,-0.006414191965555253,10min_steps,autocorrelation
44,local_residual_ma6,acf,74.0,0.0067822069931277994,10min_steps,autocorrelation
44,local_residual_ma6,acf,75.0,0.0038627743700688343,10min_steps,autocorrelation
44,local_residual_ma6,acf,76.0,-0.008368180533562707,10min_steps,autocorrelation
44,local_residual_ma6,acf,77.0,-0.01205363494805395,10min_steps,autocorrelation
44,local_residual_ma6,acf,78.0,-0.013850912499384272,10min_steps,autocorrelation
44,local_residual_ma6,acf,79.0,-0.013994306688607194,10min_steps,autocorrelation
44,local_residual_ma6,acf,80.0,-0.00686348282367866,10min_steps,autocorrelation
44,local_residual_ma6,acf,81.0,-0.005501863108425598,10min_steps,autocorrelation
44,local_residual_ma6,acf,82.0,-0.008276338084883612,10min_steps,autocorrelation
44,local_residual_ma6,acf,83.0,-0.008597510260789398,10min_steps,autocorrelation
44,local_residual_ma6,acf,84.0,-0.008639053528602673,10min_steps,autocorrelation
44,local_residual_ma6,acf,85.0,0.0016919443273388907,10min_steps,autocorrelation
44,local_residual_ma6,acf,86.0,0.002021907696361847,10min_steps,autocorrelation
44,local_residual_ma6,acf,87.0,0.0006683840290012548,10min_steps,autocorrelation
44,local_residual_ma6,acf,88.0,0.004183272036567619,10min_steps,autocorrelation
44,local_residual_ma6,acf,89.0,-0.008568104450202467,10min_steps,autocorrelation
44,local_residual_ma6,acf,90.0,-0.015185383497851293,10min_steps,autocorrelation
44,local_residual_ma6,acf,91.0,-0.007799939140532232,10min_steps,autocorrelation
44,local_residual_ma6,acf,92.0,-0.004663864877222175,10min_steps,autocorrelation
44,local_residual_ma6,acf,93.0,-0.003454341819862727,10min_steps,autocorrelation
44,local_residual_ma6,acf,94.0,-0.00652269143226894,10min_steps,autocorrelation
44,local_residual_ma6,acf,95.0,-0.010576892110249557,10min_steps,autocorrelation
44,local_residual_ma6,acf,96.0,-0.02284882382153792,10min_steps,autocorrelation
44,local_residual_ma6,acf,97.0,-0.020769177720165215,10min_steps,autocorrelation
44,local_residual_ma6,acf,98.0,-0.01760221998456245,10min_steps,autocorrelation
44,local_residual_ma6,acf,99.0,-0.017116938730324695,10min_steps,autocorrelation
44,local_residual_ma6,acf,100.0,-0.008694561344910113,10min_steps,autocorrelation
44,local_residual_ma6,acf,101.0,-0.0059308525091111,10min_steps,autocorrelation
44,local_residual_ma6,acf,102.0,-0.007120852880328327,10min_steps,autocorrelation
44,local_residual_ma6,acf,103.0,-0.011603505431159454,10min_steps,autocorrelation
44,local_residual_ma6,acf,104.0,-0.015365396692183637,10min_steps,autocorrelation
44,local_residual_ma6,acf,105.0,-0.008541877010913008,10min_steps,autocorrelation
44,local_residual_ma6,acf,106.0,-8.497530356336008e-05,10min_steps,autocorrelation
44,local_residual_ma6,acf,107.0,0.0041727127631974,10min_steps,autocorrelation
44,local_residual_ma6,acf,108.0,0.006525012319991767,10min_steps,autocorrelation
44,local_residual_ma6,acf,109.0,0.0059270836860351095,10min_steps,autocorrelation
44,local_residual_ma6,acf,110.0,0.0035780220431518538,10min_steps,autocorrelation
44,local_residual_ma6,acf,111.0,0.0006761834690594039,10min_steps,autocorrelation
44,local_residual_ma6,acf,112.0,0.008240705064683078,10min_steps,autocorrelation
44,local_residual_ma6,acf,113.0,0.010445794005860582,10min_steps,autocorrelation
44,local_residual_ma6,acf,114.0,0.002776865355401538,10min_steps,autocorrelation
44,local_residual_ma6,acf,115.0,0.006521940249448655,10min_steps,autocorrelation
44,local_residual_ma6,acf,116.0,-0.0038678177128711267,10min_steps,autocorrelation
44,local_residual_ma6,acf,117.0,-0.0009899374447975792,10min_steps,autocorrelation
44,local_residual_ma6,acf,118.0,-0.0028572795859893216,10min_steps,autocorrelation
44,local_residual_ma6,acf,119.0,-0.011536721890630644,10min_steps,autocorrelation
44,local_residual_ma6,acf,120.0,-0.008521546922566531,10min_steps,autocorrelation
44,local_residual_ma6,acf,121.0,-0.014611867301129827,10min_steps,autocorrelation
44,local_residual_ma6,acf,122.0,-0.00980334783374656,10min_steps,autocorrelation
44,local_residual_ma6,acf,123.0,0.007493691736847607,10min_steps,autocorrelation
44,local_residual_ma6,acf,124.0,0.00789567709414491,10min_steps,autocorrelation
44,local_residual_ma6,acf,125.0,0.009965086125608482,10min_steps,autocorrelation
44,local_residual_ma6,acf,126.0,0.010458819749184736,10min_steps,autocorrelation
44,local_residual_ma6,acf,127.0,-0.00316878675122224,10min_steps,autocorrelation
44,local_residual_ma6,acf,128.0,0.0025024434529745143,10min_steps,autocorrelation
44,local_residual_ma6,acf,129.0,-0.0006970772879281975,10min_steps,autocorrelation
44,local_residual_ma6,acf,130.0,-0.0024107184651116845,10min_steps,autocorrelation
44,local_residual_ma6,acf,131.0,0.001585833285572904,10min_steps,autocorrelation
44,local_residual_ma6,acf,132.0,-0.001210448805147924,10min_steps,autocorrelation
44,local_residual_ma6,acf,133.0,-0.0014393108339431874,10min_steps,autocorrelation
44,local_residual_ma6,acf,134.0,0.0016732573012666005,10min_steps,autocorrelation
44,local_residual_ma6,acf,135.0,0.0026103492354823945,10min_steps,autocorrelation
44,local_residual_ma6,acf,136.0,0.00463612106055614,10min_steps,autocorrelation
44,local_residual_ma6,acf,137.0,0.012327602127607496,10min_steps,autocorrelation
44,local_residual_ma6,acf,138.0,0.008348496802791453,10min_steps,autocorrelation
44,local_residual_ma6,acf,139.0,0.01387989530598816,10min_steps,autocorrelation
44,local_residual_ma6,acf,140.0,0.015934921451933544,10min_steps,autocorrelation
44,local_residual_ma6,acf,141.0,0.011788909540886102,10min_steps,autocorrelation
44,local_residual_ma6,acf,142.0,0.015268462582313107,10min_steps,autocorrelation
44,local_residual_ma6,acf,143.0,0.015748380985601197,10min_steps,autocorrelation
44,local_residual_ma6,acf,144.0,0.011669063371411818,10min_steps,autocorrelation
