TurbID,node_index,signal,representation,component,causal_window,fit_split,valid_count,high_frequency_energy_ratio,high_frequency_cutoff_cycles_per_step,acf_decay_length_steps,first_difference_std
1,0,Patv_raw,raw,raw,,train,29137,0.12400223305174456,0.05555555555555555,26.0,140.77058955385533
2,1,Patv_raw,raw,raw,,train,28959,0.1306486319293864,0.05555555555555555,25.0,130.6325233140934
3,2,Patv_raw,raw,raw,,train,29335,0.1224500178505977,0.05555555555555555,25.0,139.43456106622682
4,3,Patv_raw,raw,raw,,train,29396,0.1298384300908149,0.05555555555555555,25.0,147.20108852192598
5,4,Patv_raw,raw,raw,,train,30536,0.1080923148155077,0.05555555555555555,30.0,136.9747215333252
6,5,Patv_raw,raw,raw,,train,29735,0.11639974579704468,0.05555555555555555,27.0,140.42783186059586
7,6,Patv_raw,raw,raw,,train,29936,0.1215728607867248,0.05555555555555555,29.0,136.2295857838467
8,7,Patv_raw,raw,raw,,train,30104,0.11731652387571005,0.05555555555555555,29.0,140.72493496569865
9,8,Patv_raw,raw,raw,,train,29481,0.1224806809396921,0.05555555555555555,27.0,143.37226748619983
10,9,Patv_raw,raw,raw,,train,29851,0.11588505434697804,0.05555555555555555,31.0,139.39517418477251
11,10,Patv_raw,raw,raw,,train,29700,0.12126219139481305,0.05555555555555555,27.0,141.75714082763182
12,11,Patv_raw,raw,raw,,train,29677,0.11622116472505382,0.05555555555555555,28.0,141.40182224165753
13,12,Patv_raw,raw,raw,,train,29800,0.12429570439186556,0.05555555555555555,28.0,145.4509822694476
14,13,Patv_raw,raw,raw,,train,30542,0.11458101253029011,0.05555555555555555,31.0,139.14451974576187
15,14,Patv_raw,raw,raw,,train,29559,0.12277950637403708,0.05555555555555555,28.0,138.9746741307024
16,15,Patv_raw,raw,raw,,train,29481,0.11471567851562428,0.05555555555555555,29.0,133.43361119473852
17,16,Patv_raw,raw,raw,,train,29777,0.1227114588738304,0.05555555555555555,25.0,139.77746318773058
18,17,Patv_raw,raw,raw,,train,30543,0.10433353492618493,0.05555555555555555,32.0,129.77094135563897
19,18,Patv_raw,raw,raw,,train,29621,0.1337866989718761,0.05555555555555555,23.0,145.64301581374764
20,19,Patv_raw,raw,raw,,train,29033,0.12347125239210137,0.05555555555555555,24.0,136.64727109831256
21,20,Patv_raw,raw,raw,,train,29841,0.12524759702215074,0.05555555555555555,26.0,138.7151135715037
22,21,Patv_raw,raw,raw,,train,28467,0.13051533056744027,0.05555555555555555,26.0,148.27191562026067
23,22,Patv_raw,raw,raw,,train,29195,0.13135770272316868,0.05555555555555555,24.0,146.60880291296408
24,23,Patv_raw,raw,raw,,train,29488,0.1376185577169786,0.05555555555555555,24.0,140.9860656962722
25,24,Patv_raw,raw,raw,,train,29298,0.13191404779341556,0.05555555555555555,24.0,146.96758557174948
26,25,Patv_raw,raw,raw,,train,30943,0.11561283511216967,0.05555555555555555,29.0,142.32967541157137
27,26,Patv_raw,raw,raw,,train,30017,0.134614256194584,0.05555555555555555,26.0,150.30913713403604
28,27,Patv_raw,raw,raw,,train,31069,0.12439513378402467,0.05555555555555555,29.0,147.00317646109033
29,28,Patv_raw,raw,raw,,train,29534,0.13369300107459864,0.05555555555555555,26.0,145.3419673919929
30,29,Patv_raw,raw,raw,,train,30073,0.12995198295348678,0.05555555555555555,27.0,140.4176787083083
31,30,Patv_raw,raw,raw,,train,30171,0.12978595935113868,0.05555555555555555,26.0,145.94099041837157
32,31,Patv_raw,raw,raw,,train,29140,0.13212894145718215,0.05555555555555555,26.0,149.48323895173647
33,32,Patv_raw,raw,raw,,train,29659,0.12592040559192777,0.05555555555555555,26.0,139.93918866494803
34,33,Patv_raw,raw,raw,,train,29059,0.13466506098619987,0.05555555555555555,25.0,149.07174563027925
35,34,Patv_raw,raw,raw,,train,28819,0.13394248834378913,0.05555555555555555,25.0,145.68579840231806
36,35,Patv_raw,raw,raw,,train,29510,0.1308218163783499,0.05555555555555555,27.0,146.11770455390945
37,36,Patv_raw,raw,raw,,train,29533,0.1141419927714307,0.05555555555555555,29.0,138.1618404970347
38,37,Patv_raw,raw,raw,,train,30005,0.12412058832117746,0.05555555555555555,29.0,139.25158639905814
39,38,Patv_raw,raw,raw,,train,29545,0.1368590393566719,0.05555555555555555,27.0,149.72886363701943
40,39,Patv_raw,raw,raw,,train,29947,0.12776734499818104,0.05555555555555555,24.0,141.01356385252572
41,40,Patv_raw,raw,raw,,train,28512,0.1270313613738426,0.05555555555555555,24.0,141.9737380205071
42,41,Patv_raw,raw,raw,,train,29301,0.12749809551845176,0.05555555555555555,24.0,140.1880552922178
43,42,Patv_raw,raw,raw,,train,29753,0.11969015267918535,0.05555555555555555,26.0,136.40481352609115
44,43,Patv_raw,raw,raw,,train,28396,0.12342170588314826,0.05555555555555555,25.0,152.38380951286098
45,44,Patv_raw,raw,raw,,train,29212,0.13670530225511907,0.05555555555555555,24.0,145.03077237565
46,45,Patv_raw,raw,raw,,train,28542,0.13355523293046698,0.05555555555555555,23.0,139.61921519921597
47,46,Patv_raw,raw,raw,,train,28798,0.13428082350391174,0.05555555555555555,24.0,145.10864467066352
48,47,Patv_raw,raw,raw,,train,29555,0.13162380928449208,0.05555555555555555,24.0,140.14194445846925
49,48,Patv_raw,raw,raw,,train,31101,0.11857725665949043,0.05555555555555555,28.0,139.75263078293554
50,49,Patv_raw,raw,raw,,train,29291,0.12956374308352986,0.05555555555555555,26.0,144.21816590831764
51,50,Patv_raw,raw,raw,,train,30083,0.11346572472500498,0.05555555555555555,29.0,135.19279099746592
52,51,Patv_raw,raw,raw,,train,27691,0.13682945149909478,0.05555555555555555,24.0,145.48531835336053
53,52,Patv_raw,raw,raw,,train,30346,0.11804029248636431,0.05555555555555555,29.0,135.7823211007682
54,53,Patv_raw,raw,raw,,train,30243,0.12200919023341786,0.05555555555555555,28.0,137.7692005096933
55,54,Patv_raw,raw,raw,,train,29423,0.12389839535211752,0.05555555555555555,27.0,138.9324771611279
56,55,Patv_raw,raw,raw,,train,28283,0.13384150831925218,0.05555555555555555,25.0,143.618815069466
57,56,Patv_raw,raw,raw,,train,30441,0.12212592253571525,0.05555555555555555,28.0,139.82147247935387
58,57,Patv_raw,raw,raw,,train,31990,0.10984095833803391,0.05555555555555555,31.0,139.86803636984357
59,58,Patv_raw,raw,raw,,train,28560,0.13321586746735756,0.05555555555555555,25.0,142.1209324188377
60,59,Patv_raw,raw,raw,,train,29008,0.14226005827952956,0.05555555555555555,23.0,144.61741308833538
61,60,Patv_raw,raw,raw,,train,28492,0.13685740096136365,0.05555555555555555,23.0,145.94580535485397
62,61,Patv_raw,raw,raw,,train,30820,0.11463211910812368,0.05555555555555555,30.0,134.87196408321842
63,62,Patv_raw,raw,raw,,train,29572,0.12069754006501453,0.05555555555555555,27.0,139.7310432191142
64,63,Patv_raw,raw,raw,,train,28577,0.1271091680850138,0.05555555555555555,24.0,136.78120660642546
65,64,Patv_raw,raw,raw,,train,29216,0.13213935456368497,0.05555555555555555,23.0,139.92220139423537
66,65,Patv_raw,raw,raw,,train,29658,0.12657290365673682,0.05555555555555555,24.0,139.96212442524427
67,66,Patv_raw,raw,raw,,train,30453,0.12574251634766984,0.05555555555555555,25.0,135.62898444296923
68,67,Patv_raw,raw,raw,,train,30091,0.1213474754924001,0.05555555555555555,25.0,134.74821335860253
69,68,Patv_raw,raw,raw,,train,29268,0.12628789738065196,0.05555555555555555,24.0,138.46835497953137
70,69,Patv_raw,raw,raw,,train,29360,0.12369014608498703,0.05555555555555555,24.0,138.25241784964828
71,70,Patv_raw,raw,raw,,train,32019,0.10696846155697799,0.05555555555555555,30.0,137.7774420848108
72,71,Patv_raw,raw,raw,,train,29021,0.13104939200007662,0.05555555555555555,24.0,141.94569542333005
73,72,Patv_raw,raw,raw,,train,30895,0.11258523855090799,0.05555555555555555,28.0,132.53846936299894
74,73,Patv_raw,raw,raw,,train,29713,0.11845923459932164,0.05555555555555555,27.0,138.74988329441808
75,74,Patv_raw,raw,raw,,train,29099,0.12561268569184847,0.05555555555555555,26.0,140.24931396432024
76,75,Patv_raw,raw,raw,,train,29453,0.11571600938399412,0.05555555555555555,28.0,126.5851090268805
77,76,Patv_raw,raw,raw,,train,29305,0.11959834670156913,0.05555555555555555,26.0,132.46235838293666
78,77,Patv_raw,raw,raw,,train,28411,0.13114218453097032,0.05555555555555555,24.0,135.21842320846298
79,78,Patv_raw,raw,raw,,train,28399,0.12954770542073793,0.05555555555555555,25.0,136.09288295799294
80,79,Patv_raw,raw,raw,,train,29395,0.12128800783667988,0.05555555555555555,28.0,135.542241810977
81,80,Patv_raw,raw,raw,,train,29368,0.11678590147700307,0.05555555555555555,30.0,132.27730556699993
82,81,Patv_raw,raw,raw,,train,28024,0.13013132967216662,0.05555555555555555,26.0,135.94901837203255
83,82,Patv_raw,raw,raw,,train,28687,0.11201317660571442,0.05555555555555555,30.0,139.62342749493763
84,83,Patv_raw,raw,raw,,train,32127,0.11073584466203108,0.05555555555555555,30.0,131.8624637030492
85,84,Patv_raw,raw,raw,,train,28514,0.1251733777849383,0.05555555555555555,27.0,131.48355053863594
86,85,Patv_raw,raw,raw,,train,29675,0.12565862123840466,0.05555555555555555,26.0,135.93205979991146
87,86,Patv_raw,raw,raw,,train,31877,0.11812755212324652,0.05555555555555555,28.0,132.74029958418816
88,87,Patv_raw,raw,raw,,train,28834,0.1477564898773934,0.05555555555555555,23.0,151.42416142801943
89,88,Patv_raw,raw,raw,,train,29227,0.12024880977525232,0.05555555555555555,26.0,132.92050778052572
90,89,Patv_raw,raw,raw,,train,29488,0.12561376564994084,0.05555555555555555,23.0,136.27873013793263
91,90,Patv_raw,raw,raw,,train,29272,0.13098061054765064,0.05555555555555555,24.0,136.85932184954603
92,91,Patv_raw,raw,raw,,train,28380,0.138850466804475,0.05555555555555555,23.0,126.90611845442504
93,92,Patv_raw,raw,raw,,train,27380,0.14169016086379205,0.05555555555555555,24.0,123.2224615894251
94,93,Patv_raw,raw,raw,,train,28730,0.13588037042892184,0.05555555555555555,24.0,117.59605807856197
95,94,Patv_raw,raw,raw,,train,28019,0.138215802523617,0.05555555555555555,24.0,138.99648717924757
96,95,Patv_raw,raw,raw,,train,26682,0.1348076188413997,0.05555555555555555,24.0,128.30535118997062
97,96,Patv_raw,raw,raw,,train,27208,0.13596934290465512,0.05555555555555555,24.0,123.39716330331615
98,97,Patv_raw,raw,raw,,train,30107,0.11864983245540828,0.05555555555555555,28.0,131.40416549839466
99,98,Patv_raw,raw,raw,,train,30803,0.11468702239233611,0.05555555555555555,31.0,117.89126788955024
100,99,Patv_raw,raw,raw,,train,28128,0.12063530520623039,0.05555555555555555,29.0,120.4309144257092
101,100,Patv_raw,raw,raw,,train,28966,0.1309382367802952,0.05555555555555555,24.0,137.74156062364645
102,101,Patv_raw,raw,raw,,train,27847,0.13431927132244967,0.05555555555555555,25.0,136.90796962815173
103,102,Patv_raw,raw,raw,,train,30432,0.12066491367367273,0.05555555555555555,26.0,133.82498443565046
104,103,Patv_raw,raw,raw,,train,28811,0.13216689627378375,0.05555555555555555,24.0,139.0692274833459
105,104,Patv_raw,raw,raw,,train,29004,0.13916520127942927,0.05555555555555555,23.0,142.83525454514242
106,105,Patv_raw,raw,raw,,train,28170,0.12385320946206146,0.05555555555555555,26.0,137.34939421088328
107,106,Patv_raw,raw,raw,,train,30096,0.12339632806145212,0.05555555555555555,25.0,134.94165735936133
108,107,Patv_raw,raw,raw,,train,27816,0.13430503461171378,0.05555555555555555,25.0,142.03853798438163
109,108,Patv_raw,raw,raw,,train,29527,0.1407110127325571,0.05555555555555555,22.0,151.02633434013617
110,109,Patv_raw,raw,raw,,train,29542,0.12862428481278138,0.05555555555555555,23.0,137.93872569399142
111,110,Patv_raw,raw,raw,,train,29449,0.1346092788120444,0.05555555555555555,23.0,140.6178435388776
112,111,Patv_raw,raw,raw,,train,28507,0.13848967983822008,0.05555555555555555,23.0,137.47389331926115
113,112,Patv_raw,raw,raw,,train,29010,0.13374185556225157,0.05555555555555555,23.0,135.33895890809703
114,113,Patv_raw,raw,raw,,train,28280,0.12695614792078494,0.05555555555555555,25.0,138.46058511773808
115,114,Patv_raw,raw,raw,,train,26760,0.14312721928671793,0.05555555555555555,24.0,124.78851403704171
116,115,Patv_raw,raw,raw,,train,27587,0.13454276747714017,0.05555555555555555,23.0,129.39003673449227
117,116,Patv_raw,raw,raw,,train,27684,0.14839527039816,0.05555555555555555,23.0,130.37917354435362
118,117,Patv_raw,raw,raw,,train,28352,0.13697411914963814,0.05555555555555555,23.0,147.35299134094254
119,118,Patv_raw,raw,raw,,train,29879,0.11806510009535914,0.05555555555555555,27.0,137.0763680038084
120,119,Patv_raw,raw,raw,,train,29177,0.12828117647695705,0.05555555555555555,24.0,132.74059523125234
121,120,Patv_raw,raw,raw,,train,29494,0.12477730022438027,0.05555555555555555,25.0,136.77505684056575
122,121,Patv_raw,raw,raw,,train,27445,0.14702110297453377,0.05555555555555555,23.0,134.03313781720732
123,122,Patv_raw,raw,raw,,train,27744,0.13960891914283496,0.05555555555555555,21.0,146.7291131596936
124,123,Patv_raw,raw,raw,,train,27455,0.13226472620518268,0.05555555555555555,26.0,124.40803201765249
125,124,Patv_raw,raw,raw,,train,28149,0.1281401036470462,0.05555555555555555,25.0,138.22782016558793
126,125,Patv_raw,raw,raw,,train,28447,0.13918357721771174,0.05555555555555555,23.0,138.7952692980566
127,126,Patv_raw,raw,raw,,train,29221,0.12939868479688535,0.05555555555555555,23.0,140.41698540557903
128,127,Patv_raw,raw,raw,,train,29371,0.12282812117382623,0.05555555555555555,24.0,134.0568371481398
129,128,Patv_raw,raw,raw,,train,29885,0.12911183489344608,0.05555555555555555,24.0,141.52882103376248
130,129,Patv_raw,raw,raw,,train,29185,0.13465794386368934,0.05555555555555555,23.0,140.0872815674415
131,130,Patv_raw,raw,raw,,train,29465,0.12101593505661619,0.05555555555555555,24.0,138.21050943821683
132,131,Patv_raw,raw,raw,,train,30826,0.1258945171492559,0.05555555555555555,24.0,140.39639500849805
133,132,Patv_raw,raw,raw,,train,27968,0.13589369209654129,0.05555555555555555,22.0,147.22004521022018
134,133,Patv_raw,raw,raw,,train,30469,0.1263890337033586,0.05555555555555555,25.0,144.93607749178247
1,0,Patv_raw,trend_ma6,trend,6.0,train,31766,0.04936534615938473,0.05555555555555555,31.0,52.10832224889408
2,1,Patv_raw,trend_ma6,trend,6.0,train,31821,0.04931213681946334,0.05555555555555555,31.0,47.68145403764742
3,2,Patv_raw,trend_ma6,trend,6.0,train,31879,0.04877665688899452,0.05555555555555555,30.0,53.025987780215246
4,3,Patv_raw,trend_ma6,trend,6.0,train,32109,0.04974984432386884,0.05555555555555555,30.0,53.96441330834099
5,4,Patv_raw,trend_ma6,trend,6.0,train,33073,0.03940538109322623,0.05555555555555555,34.0,51.65627076495453
6,5,Patv_raw,trend_ma6,trend,6.0,train,32405,0.045973014501364776,0.05555555555555555,32.0,52.66903279954825
7,6,Patv_raw,trend_ma6,trend,6.0,train,32989,0.045603466755990016,0.05555555555555555,35.0,51.17211469890022
8,7,Patv_raw,trend_ma6,trend,6.0,train,32831,0.04406930740387976,0.05555555555555555,34.0,51.95329997573306
9,8,Patv_raw,trend_ma6,trend,6.0,train,32215,0.0468870390692103,0.05555555555555555,32.0,53.925014456311374
10,9,Patv_raw,trend_ma6,trend,6.0,train,32528,0.04351909452511229,0.05555555555555555,36.0,51.092027545787545
11,10,Patv_raw,trend_ma6,trend,6.0,train,32404,0.04623724286056784,0.05555555555555555,32.0,52.35828210613529
12,11,Patv_raw,trend_ma6,trend,6.0,train,32217,0.045526567911505195,0.05555555555555555,32.0,51.21108409079045
13,12,Patv_raw,trend_ma6,trend,6.0,train,32419,0.04566942043849394,0.05555555555555555,33.0,51.33873247043365
14,13,Patv_raw,trend_ma6,trend,6.0,train,33202,0.04071863682310896,0.05555555555555555,36.0,52.09755303649725
15,14,Patv_raw,trend_ma6,trend,6.0,train,32349,0.045919544291357986,0.05555555555555555,34.0,50.82318191776731
16,15,Patv_raw,trend_ma6,trend,6.0,train,32034,0.0439494049109166,0.05555555555555555,33.0,49.17595140130512
17,16,Patv_raw,trend_ma6,trend,6.0,train,32476,0.046566450449724295,0.05555555555555555,31.0,51.469550239824805
18,17,Patv_raw,trend_ma6,trend,6.0,train,32991,0.03790354266301337,0.05555555555555555,37.0,46.8367277650209
19,18,Patv_raw,trend_ma6,trend,6.0,train,32389,0.04956766371662529,0.05555555555555555,29.0,51.195697011127656
20,19,Patv_raw,trend_ma6,trend,6.0,train,31603,0.045923237169683655,0.05555555555555555,29.0,48.32616907077299
21,20,Patv_raw,trend_ma6,trend,6.0,train,32542,0.046026505216323677,0.05555555555555555,31.0,50.112420034971954
22,21,Patv_raw,trend_ma6,trend,6.0,train,31013,0.04857505897033579,0.05555555555555555,32.0,52.531795543753894
23,22,Patv_raw,trend_ma6,trend,6.0,train,31837,0.050890045553885245,0.05555555555555555,29.0,54.01017907680804
24,23,Patv_raw,trend_ma6,trend,6.0,train,32283,0.049945881823081455,0.05555555555555555,30.0,50.00704647362031
25,24,Patv_raw,trend_ma6,trend,6.0,train,31921,0.05056302771827449,0.05555555555555555,30.0,53.473615666268564
26,25,Patv_raw,trend_ma6,trend,6.0,train,33453,0.040133284586795104,0.05555555555555555,34.0,52.20321815932779
27,26,Patv_raw,trend_ma6,trend,6.0,train,32917,0.04759966069357331,0.05555555555555555,31.0,53.41703617385659
28,27,Patv_raw,trend_ma6,trend,6.0,train,33771,0.03911868595221312,0.05555555555555555,33.0,51.49025944612584
29,28,Patv_raw,trend_ma6,trend,6.0,train,32394,0.04673260106746997,0.05555555555555555,31.0,52.123449261006776
30,29,Patv_raw,trend_ma6,trend,6.0,train,32870,0.045701822036763116,0.05555555555555555,32.0,50.08047115183309
31,30,Patv_raw,trend_ma6,trend,6.0,train,33031,0.045199491778839855,0.05555555555555555,32.0,51.42993506383279
32,31,Patv_raw,trend_ma6,trend,6.0,train,31758,0.04973638410189413,0.05555555555555555,32.0,52.64527278695947
33,32,Patv_raw,trend_ma6,trend,6.0,train,32314,0.04750990589408171,0.05555555555555555,31.0,50.23759957375205
34,33,Patv_raw,trend_ma6,trend,6.0,train,31858,0.04918573550375901,0.05555555555555555,31.0,53.213002455560705
35,34,Patv_raw,trend_ma6,trend,6.0,train,31511,0.05037845656909345,0.05555555555555555,30.0,52.96857112753542
36,35,Patv_raw,trend_ma6,trend,6.0,train,32273,0.047056074393728456,0.05555555555555555,32.0,53.139645531100236
37,36,Patv_raw,trend_ma6,trend,6.0,train,31983,0.03941726016528688,0.05555555555555555,33.0,50.77361384175176
38,37,Patv_raw,trend_ma6,trend,6.0,train,32806,0.045375280988419725,0.05555555555555555,34.0,50.33495438341684
39,38,Patv_raw,trend_ma6,trend,6.0,train,32480,0.049201449367431156,0.05555555555555555,33.0,51.9116601306798
40,39,Patv_raw,trend_ma6,trend,6.0,train,32806,0.045807924348427495,0.05555555555555555,30.0,49.100161001183324
41,40,Patv_raw,trend_ma6,trend,6.0,train,31238,0.04719011589867863,0.05555555555555555,29.0,49.51893922966237
42,41,Patv_raw,trend_ma6,trend,6.0,train,31942,0.0465688499612108,0.05555555555555555,29.0,48.960491328553104
43,42,Patv_raw,trend_ma6,trend,6.0,train,32433,0.04366992499791299,0.05555555555555555,30.0,48.70214162040552
44,43,Patv_raw,trend_ma6,trend,6.0,train,30523,0.04450650873557215,0.05555555555555555,29.0,50.211755575725135
45,44,Patv_raw,trend_ma6,trend,6.0,train,31892,0.052937809616983224,0.05555555555555555,29.0,51.446731789884595
46,45,Patv_raw,trend_ma6,trend,6.0,train,31219,0.05131143387089708,0.05555555555555555,28.0,51.079326124540934
47,46,Patv_raw,trend_ma6,trend,6.0,train,31492,0.051428337627676644,0.05555555555555555,29.0,51.356643454885976
48,47,Patv_raw,trend_ma6,trend,6.0,train,32346,0.04785673810279778,0.05555555555555555,30.0,49.84162695707604
49,48,Patv_raw,trend_ma6,trend,6.0,train,33655,0.03841150883025878,0.05555555555555555,32.0,50.83098820368744
50,49,Patv_raw,trend_ma6,trend,6.0,train,32106,0.045115959841429,0.05555555555555555,31.0,51.58535638574993
51,50,Patv_raw,trend_ma6,trend,6.0,train,32725,0.03897421806667838,0.05555555555555555,34.0,48.13848129344419
52,51,Patv_raw,trend_ma6,trend,6.0,train,30396,0.048545447897709385,0.05555555555555555,29.0,50.418909776808306
53,52,Patv_raw,trend_ma6,trend,6.0,train,33034,0.03897024193490785,0.05555555555555555,34.0,47.38715855278641
54,53,Patv_raw,trend_ma6,trend,6.0,train,33147,0.04221431679619671,0.05555555555555555,33.0,48.44688434766135
55,54,Patv_raw,trend_ma6,trend,6.0,train,32037,0.045535655653914,0.05555555555555555,32.0,48.29455599994303
56,55,Patv_raw,trend_ma6,trend,6.0,train,30868,0.04974528472854877,0.05555555555555555,30.0,50.26902145061204
57,56,Patv_raw,trend_ma6,trend,6.0,train,33014,0.04104082468821826,0.05555555555555555,33.0,47.8960254330138
58,57,Patv_raw,trend_ma6,trend,6.0,train,34447,0.03399753360964928,0.05555555555555555,36.0,48.198332747334966
59,58,Patv_raw,trend_ma6,trend,6.0,train,31419,0.04852842554815276,0.05555555555555555,30.0,49.91071819939197
60,59,Patv_raw,trend_ma6,trend,6.0,train,31915,0.05215092351882765,0.05555555555555555,29.0,50.16611077023021
61,60,Patv_raw,trend_ma6,trend,6.0,train,31168,0.052062205119994286,0.05555555555555555,28.0,52.00708361779588
62,61,Patv_raw,trend_ma6,trend,6.0,train,33340,0.036749745270140924,0.05555555555555555,35.0,48.3178438179916
63,62,Patv_raw,trend_ma6,trend,6.0,train,32224,0.0439936482068308,0.05555555555555555,33.0,49.09011126826892
64,63,Patv_raw,trend_ma6,trend,6.0,train,31038,0.049050370784610324,0.05555555555555555,28.0,48.69427370314558
65,64,Patv_raw,trend_ma6,trend,6.0,train,32024,0.04666553534141252,0.05555555555555555,28.0,48.44632513616691
66,65,Patv_raw,trend_ma6,trend,6.0,train,32481,0.04555295817317844,0.05555555555555555,29.0,49.58449928913836
67,66,Patv_raw,trend_ma6,trend,6.0,train,33243,0.04342873101454253,0.05555555555555555,29.0,48.12333841066953
68,67,Patv_raw,trend_ma6,trend,6.0,train,32649,0.04346887560725924,0.05555555555555555,30.0,48.30765699663741
69,68,Patv_raw,trend_ma6,trend,6.0,train,31962,0.05052142539041264,0.05555555555555555,28.0,51.4086948455513
70,69,Patv_raw,trend_ma6,trend,6.0,train,32059,0.04937202268077571,0.05555555555555555,29.0,51.04126047050013
71,70,Patv_raw,trend_ma6,trend,6.0,train,34559,0.033475246454281224,0.05555555555555555,34.0,50.71485256374064
72,71,Patv_raw,trend_ma6,trend,6.0,train,31900,0.05120388427147208,0.05555555555555555,29.0,50.99832279247664
73,72,Patv_raw,trend_ma6,trend,6.0,train,33609,0.03972473350846263,0.05555555555555555,32.0,48.02872525050865
74,73,Patv_raw,trend_ma6,trend,6.0,train,32420,0.04293960415937868,0.05555555555555555,32.0,50.12617607462688
75,74,Patv_raw,trend_ma6,trend,6.0,train,31917,0.04551629182405292,0.05555555555555555,30.0,50.3591553874626
76,75,Patv_raw,trend_ma6,trend,6.0,train,32348,0.039673204590195625,0.05555555555555555,33.0,44.94674816545248
77,76,Patv_raw,trend_ma6,trend,6.0,train,32006,0.0449347039776966,0.05555555555555555,31.0,47.15663480109804
78,77,Patv_raw,trend_ma6,trend,6.0,train,31205,0.0482686414100149,0.05555555555555555,30.0,47.50778218021002
79,78,Patv_raw,trend_ma6,trend,6.0,train,31258,0.04830883983133096,0.05555555555555555,30.0,49.6479005238856
80,79,Patv_raw,trend_ma6,trend,6.0,train,32199,0.04271094592274406,0.05555555555555555,32.0,47.76597096160885
81,80,Patv_raw,trend_ma6,trend,6.0,train,32112,0.041434382157931826,0.05555555555555555,34.0,47.042707775926345
82,81,Patv_raw,trend_ma6,trend,6.0,train,30961,0.049247544564639374,0.05555555555555555,31.0,47.699454936501546
83,82,Patv_raw,trend_ma6,trend,6.0,train,31476,0.04291432188799076,0.05555555555555555,35.0,50.65548265520087
84,83,Patv_raw,trend_ma6,trend,6.0,train,34760,0.033274668400801455,0.05555555555555555,35.0,46.11963009872513
85,84,Patv_raw,trend_ma6,trend,6.0,train,31290,0.046539932280388115,0.05555555555555555,32.0,46.040769695065144
86,85,Patv_raw,trend_ma6,trend,6.0,train,32351,0.04375587248063316,0.05555555555555555,31.0,47.36135272630561
87,86,Patv_raw,trend_ma6,trend,6.0,train,34416,0.03388007312890326,0.05555555555555555,32.0,44.73763721873824
88,87,Patv_raw,trend_ma6,trend,6.0,train,31590,0.051615261855324314,0.05555555555555555,28.0,51.57437905577561
89,88,Patv_raw,trend_ma6,trend,6.0,train,31947,0.04356159872053925,0.05555555555555555,31.0,46.75070716373897
90,89,Patv_raw,trend_ma6,trend,6.0,train,32079,0.04623844013357674,0.05555555555555555,28.0,48.030138861366005
91,90,Patv_raw,trend_ma6,trend,6.0,train,32144,0.04852121890021078,0.05555555555555555,28.0,48.79882742335019
92,91,Patv_raw,trend_ma6,trend,6.0,train,31493,0.050080427848840654,0.05555555555555555,28.0,44.31456888970472
93,92,Patv_raw,trend_ma6,trend,6.0,train,30519,0.052628339660042704,0.05555555555555555,29.0,43.04922203319934
94,93,Patv_raw,trend_ma6,trend,6.0,train,31538,0.053793698581862656,0.05555555555555555,29.0,43.29154957498147
95,94,Patv_raw,trend_ma6,trend,6.0,train,31174,0.05216240281686985,0.05555555555555555,29.0,49.149416555048575
96,95,Patv_raw,trend_ma6,trend,6.0,train,29608,0.0494722206686687,0.05555555555555555,29.0,45.20860623748851
97,96,Patv_raw,trend_ma6,trend,6.0,train,30418,0.047166210630046376,0.05555555555555555,29.0,42.92891687834053
98,97,Patv_raw,trend_ma6,trend,6.0,train,32856,0.040302702640672296,0.05555555555555555,32.0,46.39568168893169
99,98,Patv_raw,trend_ma6,trend,6.0,train,33951,0.03469203598127741,0.05555555555555555,35.0,41.48248377666171
100,99,Patv_raw,trend_ma6,trend,6.0,train,31324,0.04041444312511134,0.05555555555555555,33.0,41.832167934502294
101,100,Patv_raw,trend_ma6,trend,6.0,train,31796,0.04950184564115676,0.05555555555555555,30.0,47.8076235384038
102,101,Patv_raw,trend_ma6,trend,6.0,train,30949,0.05070097057275537,0.05555555555555555,30.0,48.81336414245798
103,102,Patv_raw,trend_ma6,trend,6.0,train,33121,0.04131140610693097,0.05555555555555555,31.0,46.440877247508126
104,103,Patv_raw,trend_ma6,trend,6.0,train,31587,0.048623251095432335,0.05555555555555555,29.0,48.63464296332863
105,104,Patv_raw,trend_ma6,trend,6.0,train,32078,0.04944028256165171,0.05555555555555555,28.0,49.03817547581687
106,105,Patv_raw,trend_ma6,trend,6.0,train,30728,0.04627769073685133,0.05555555555555555,30.0,47.93773097560428
107,106,Patv_raw,trend_ma6,trend,6.0,train,32845,0.041097037077264094,0.05555555555555555,30.0,47.85348241085093
108,107,Patv_raw,trend_ma6,trend,6.0,train,30810,0.04554098979614804,0.05555555555555555,29.0,48.85616681565414
109,108,Patv_raw,trend_ma6,trend,6.0,train,32287,0.0483097691956964,0.05555555555555555,26.0,48.69215423002503
110,109,Patv_raw,trend_ma6,trend,6.0,train,32395,0.04648209498663712,0.05555555555555555,28.0,49.31220969892854
111,110,Patv_raw,trend_ma6,trend,6.0,train,32145,0.04790148792672142,0.05555555555555555,28.0,49.11980449309208
112,111,Patv_raw,trend_ma6,trend,6.0,train,31534,0.05091899740525362,0.05555555555555555,28.0,49.90132804461257
113,112,Patv_raw,trend_ma6,trend,6.0,train,31853,0.04922301631944254,0.05555555555555555,27.0,47.889001804529876
114,113,Patv_raw,trend_ma6,trend,6.0,train,31180,0.046870238379317176,0.05555555555555555,30.0,49.01093192686429
115,114,Patv_raw,trend_ma6,trend,6.0,train,30207,0.05249324602992521,0.05555555555555555,29.0,43.04108614521748
116,115,Patv_raw,trend_ma6,trend,6.0,train,30645,0.04816905218832727,0.05555555555555555,27.0,45.07092696300934
117,116,Patv_raw,trend_ma6,trend,6.0,train,31140,0.05396413861834917,0.05555555555555555,28.0,46.02700542871148
118,117,Patv_raw,trend_ma6,trend,6.0,train,31276,0.05008098876298686,0.05555555555555555,28.0,51.57988157145423
119,118,Patv_raw,trend_ma6,trend,6.0,train,32516,0.04071659692703101,0.05555555555555555,32.0,47.64691247563812
120,119,Patv_raw,trend_ma6,trend,6.0,train,32049,0.0469470396830013,0.05555555555555555,29.0,46.53243030225413
121,120,Patv_raw,trend_ma6,trend,6.0,train,32349,0.043777655499762806,0.05555555555555555,31.0,48.293650976355316
122,121,Patv_raw,trend_ma6,trend,6.0,train,30755,0.0547430351267142,0.05555555555555555,28.0,45.94642593404022
123,122,Patv_raw,trend_ma6,trend,6.0,train,30420,0.05295445444295701,0.05555555555555555,26.0,50.81024543607295
124,123,Patv_raw,trend_ma6,trend,6.0,train,30768,0.05047061756887473,0.05555555555555555,31.0,43.49491983923167
125,124,Patv_raw,trend_ma6,trend,6.0,train,30973,0.046668474788652256,0.05555555555555555,30.0,49.89659358341773
126,125,Patv_raw,trend_ma6,trend,6.0,train,31514,0.050409483115736474,0.05555555555555555,28.0,48.784712038333275
127,126,Patv_raw,trend_ma6,trend,6.0,train,31958,0.04667330863600852,0.05555555555555555,27.0,49.60876651618156
128,127,Patv_raw,trend_ma6,trend,6.0,train,32077,0.04301432847796039,0.05555555555555555,28.0,48.56185633872572
129,128,Patv_raw,trend_ma6,trend,6.0,train,32547,0.044147785152672016,0.05555555555555555,28.0,50.184147634831604
130,129,Patv_raw,trend_ma6,trend,6.0,train,32024,0.04741406130030939,0.05555555555555555,27.0,49.21609474087852
131,130,Patv_raw,trend_ma6,trend,6.0,train,32063,0.044939767965399,0.05555555555555555,28.0,48.49832033103969
132,131,Patv_raw,trend_ma6,trend,6.0,train,33648,0.04249196933023637,0.05555555555555555,29.0,49.20731824086089
133,132,Patv_raw,trend_ma6,trend,6.0,train,30656,0.05152298843211707,0.05555555555555555,26.0,53.47628744035011
134,133,Patv_raw,trend_ma6,trend,6.0,train,33246,0.04380589977462967,0.05555555555555555,30.0,50.279323953461116
1,0,Patv_raw,local_residual_ma6,local_residual,6.0,train,29137,0.6650997112159615,0.05555555555555555,2.0,126.91474504527005
2,1,Patv_raw,local_residual_ma6,local_residual,6.0,train,28959,0.6724545197459225,0.05555555555555555,2.0,117.71250117386398
3,2,Patv_raw,local_residual_ma6,local_residual,6.0,train,29335,0.6635052906219159,0.05555555555555555,3.0,125.51850570621674
4,3,Patv_raw,local_residual_ma6,local_residual,6.0,train,29396,0.677622677184841,0.05555555555555555,2.0,132.519223703702
5,4,Patv_raw,local_residual_ma6,local_residual,6.0,train,30536,0.6655609575785811,0.05555555555555555,2.0,123.36621466275241
6,5,Patv_raw,local_residual_ma6,local_residual,6.0,train,29735,0.6593889563800597,0.05555555555555555,2.0,126.20476621335861
7,6,Patv_raw,local_residual_ma6,local_residual,6.0,train,29936,0.6643509986192304,0.05555555555555555,2.0,122.35700667417663
8,7,Patv_raw,local_residual_ma6,local_residual,6.0,train,30104,0.6660921259754441,0.05555555555555555,2.0,126.92581519742598
9,8,Patv_raw,local_residual_ma6,local_residual,6.0,train,29481,0.6695883862842889,0.05555555555555555,2.0,128.18595145068073
10,9,Patv_raw,local_residual_ma6,local_residual,6.0,train,29851,0.6665107971655544,0.05555555555555555,2.0,125.6815283887259
11,10,Patv_raw,local_residual_ma6,local_residual,6.0,train,29700,0.6731353259448978,0.05555555555555555,2.0,127.58662006649718
12,11,Patv_raw,local_residual_ma6,local_residual,6.0,train,29677,0.6747343548464358,0.05555555555555555,2.0,127.95141673988365
13,12,Patv_raw,local_residual_ma6,local_residual,6.0,train,29800,0.6886112574615537,0.05555555555555555,2.0,131.4996222778553
14,13,Patv_raw,local_residual_ma6,local_residual,6.0,train,30542,0.6893311152074871,0.05555555555555555,2.0,125.40251333023643
15,14,Patv_raw,local_residual_ma6,local_residual,6.0,train,29559,0.6808276852353794,0.05555555555555555,2.0,125.5413126874531
16,15,Patv_raw,local_residual_ma6,local_residual,6.0,train,29481,0.6693582193400088,0.05555555555555555,2.0,119.80491968195591
17,16,Patv_raw,local_residual_ma6,local_residual,6.0,train,29777,0.675320454802424,0.05555555555555555,2.0,125.50830621292293
18,17,Patv_raw,local_residual_ma6,local_residual,6.0,train,30543,0.663785526343387,0.05555555555555555,2.0,117.28093837837406
19,18,Patv_raw,local_residual_ma6,local_residual,6.0,train,29621,0.6989537733027449,0.05555555555555555,2.0,131.28235485865122
20,19,Patv_raw,local_residual_ma6,local_residual,6.0,train,29033,0.681957851723093,0.05555555555555555,2.0,123.08367937181265
21,20,Patv_raw,local_residual_ma6,local_residual,6.0,train,29841,0.6805482904208093,0.05555555555555555,2.0,124.91154716638506
22,21,Patv_raw,local_residual_ma6,local_residual,6.0,train,28467,0.6828922008500194,0.05555555555555555,2.0,133.9936568841963
23,22,Patv_raw,local_residual_ma6,local_residual,6.0,train,29195,0.6786567393175872,0.05555555555555555,2.0,132.26605649144076
24,23,Patv_raw,local_residual_ma6,local_residual,6.0,train,29488,0.6906170897147917,0.05555555555555555,2.0,128.21903147504804
25,24,Patv_raw,local_residual_ma6,local_residual,6.0,train,29298,0.6812798629373847,0.05555555555555555,2.0,132.8047861960266
26,25,Patv_raw,local_residual_ma6,local_residual,6.0,train,30943,0.678494255645087,0.05555555555555555,2.0,129.12695072033313
27,26,Patv_raw,local_residual_ma6,local_residual,6.0,train,30017,0.6948937258512338,0.05555555555555555,2.0,136.20448688987963
28,27,Patv_raw,local_residual_ma6,local_residual,6.0,train,31069,0.695152808192659,0.05555555555555555,2.0,133.78633606841265
29,28,Patv_raw,local_residual_ma6,local_residual,6.0,train,29534,0.6834380891326516,0.05555555555555555,2.0,131.45926694710099
30,29,Patv_raw,local_residual_ma6,local_residual,6.0,train,30073,0.6874891045919966,0.05555555555555555,2.0,127.2371930168662
31,30,Patv_raw,local_residual_ma6,local_residual,6.0,train,30171,0.6905749618803081,0.05555555555555555,2.0,132.4198878622189
32,31,Patv_raw,local_residual_ma6,local_residual,6.0,train,29140,0.6973501549911386,0.05555555555555555,2.0,135.47314333675254
33,32,Patv_raw,local_residual_ma6,local_residual,6.0,train,29659,0.6902471160656555,0.05555555555555555,2.0,126.61208761782778
34,33,Patv_raw,local_residual_ma6,local_residual,6.0,train,29059,0.7017172495825351,0.05555555555555555,2.0,134.9449576465212
35,34,Patv_raw,local_residual_ma6,local_residual,6.0,train,28819,0.6993047524542473,0.05555555555555555,2.0,131.7771849473182
36,35,Patv_raw,local_residual_ma6,local_residual,6.0,train,29510,0.6945975233042266,0.05555555555555555,2.0,131.67695946603004
37,36,Patv_raw,local_residual_ma6,local_residual,6.0,train,29533,0.683841725666247,0.05555555555555555,2.0,124.81256709094592
38,37,Patv_raw,local_residual_ma6,local_residual,6.0,train,30005,0.6812907585867367,0.05555555555555555,2.0,125.94240718211404
39,38,Patv_raw,local_residual_ma6,local_residual,6.0,train,29545,0.7058247896972673,0.05555555555555555,2.0,135.5536500882513
40,39,Patv_raw,local_residual_ma6,local_residual,6.0,train,29947,0.6810199068429255,0.05555555555555555,2.0,127.77275674619293
41,40,Patv_raw,local_residual_ma6,local_residual,6.0,train,28512,0.6813242996743218,0.05555555555555555,2.0,128.2008100244751
42,41,Patv_raw,local_residual_ma6,local_residual,6.0,train,29301,0.6870786897532796,0.05555555555555555,2.0,127.01910931977436
43,42,Patv_raw,local_residual_ma6,local_residual,6.0,train,29753,0.6792704734151357,0.05555555555555555,2.0,122.91898755035925
44,43,Patv_raw,local_residual_ma6,local_residual,6.0,train,28396,0.6992548949232301,0.05555555555555555,2.0,137.33425302823193
45,44,Patv_raw,local_residual_ma6,local_residual,6.0,train,29212,0.6854338911913598,0.05555555555555555,2.0,131.7512999987936
46,45,Patv_raw,local_residual_ma6,local_residual,6.0,train,28542,0.6836095809724196,0.05555555555555555,2.0,126.42270170249128
47,46,Patv_raw,local_residual_ma6,local_residual,6.0,train,28798,0.6824474335584795,0.05555555555555555,2.0,131.18478484055555
48,47,Patv_raw,local_residual_ma6,local_residual,6.0,train,29555,0.683613629173772,0.05555555555555555,2.0,126.70736318934655
49,48,Patv_raw,local_residual_ma6,local_residual,6.0,train,31101,0.6843568331232278,0.05555555555555555,2.0,126.26138192735094
50,49,Patv_raw,local_residual_ma6,local_residual,6.0,train,29291,0.6873512748634667,0.05555555555555555,2.0,130.23981376111877
51,50,Patv_raw,local_residual_ma6,local_residual,6.0,train,30083,0.6873707844936866,0.05555555555555555,2.0,122.3760781081542
52,51,Patv_raw,local_residual_ma6,local_residual,6.0,train,27691,0.691841791713101,0.05555555555555555,2.0,132.06518754784332
53,52,Patv_raw,local_residual_ma6,local_residual,6.0,train,30346,0.6952606817817869,0.05555555555555555,2.0,123.34731860667759
54,53,Patv_raw,local_residual_ma6,local_residual,6.0,train,30243,0.6908621490254383,0.05555555555555555,2.0,124.56218189683112
55,54,Patv_raw,local_residual_ma6,local_residual,6.0,train,29423,0.6919591845741214,0.05555555555555555,2.0,126.43147328429481
56,55,Patv_raw,local_residual_ma6,local_residual,6.0,train,28283,0.7009008527362365,0.05555555555555555,2.0,130.61364555228405
57,56,Patv_raw,local_residual_ma6,local_residual,6.0,train,30441,0.6970300879521626,0.05555555555555555,2.0,127.61205461859687
58,57,Patv_raw,local_residual_ma6,local_residual,6.0,train,31990,0.6926015349596274,0.05555555555555555,2.0,127.87191047842036
59,58,Patv_raw,local_residual_ma6,local_residual,6.0,train,28560,0.6991015264547837,0.05555555555555555,2.0,128.66185626170747
60,59,Patv_raw,local_residual_ma6,local_residual,6.0,train,29008,0.6999050596826587,0.05555555555555555,2.0,131.05670380015616
61,60,Patv_raw,local_residual_ma6,local_residual,6.0,train,28492,0.6958136657886936,0.05555555555555555,2.0,131.73237201482425
62,61,Patv_raw,local_residual_ma6,local_residual,6.0,train,30820,0.6845902052548853,0.05555555555555555,2.0,122.58097525982504
63,62,Patv_raw,local_residual_ma6,local_residual,6.0,train,29572,0.6844176965281924,0.05555555555555555,2.0,126.36740786347188
64,63,Patv_raw,local_residual_ma6,local_residual,6.0,train,28577,0.6813715908066182,0.05555555555555555,2.0,123.32650496125734
65,64,Patv_raw,local_residual_ma6,local_residual,6.0,train,29216,0.6861507897588506,0.05555555555555555,2.0,126.86952949477472
66,65,Patv_raw,local_residual_ma6,local_residual,6.0,train,29658,0.6840750872647366,0.05555555555555555,2.0,126.16460767808645
67,66,Patv_raw,local_residual_ma6,local_residual,6.0,train,30453,0.6736475591476906,0.05555555555555555,2.0,122.5970825030282
68,67,Patv_raw,local_residual_ma6,local_residual,6.0,train,30091,0.6809452278168138,0.05555555555555555,2.0,121.21784732202818
69,68,Patv_raw,local_residual_ma6,local_residual,6.0,train,29268,0.6656834763337965,0.05555555555555555,2.0,124.38763398981892
70,69,Patv_raw,local_residual_ma6,local_residual,6.0,train,29360,0.6693705285285348,0.05555555555555555,2.0,123.78712841084558
71,70,Patv_raw,local_residual_ma6,local_residual,6.0,train,32019,0.6759738371556824,0.05555555555555555,2.0,124.25839415844028
72,71,Patv_raw,local_residual_ma6,local_residual,6.0,train,29021,0.6820481045204798,0.05555555555555555,2.0,127.95146465668213
73,72,Patv_raw,local_residual_ma6,local_residual,6.0,train,30895,0.6744480438383076,0.05555555555555555,2.0,119.57846217616935
74,73,Patv_raw,local_residual_ma6,local_residual,6.0,train,29713,0.6774781929794343,0.05555555555555555,2.0,124.64591923700365
75,74,Patv_raw,local_residual_ma6,local_residual,6.0,train,29099,0.68357771840097,0.05555555555555555,2.0,126.00732664486951
76,75,Patv_raw,local_residual_ma6,local_residual,6.0,train,29453,0.6855623875487372,0.05555555555555555,2.0,114.2417206979976
77,76,Patv_raw,local_residual_ma6,local_residual,6.0,train,29305,0.6822867849445581,0.05555555555555555,2.0,119.79615069586349
78,77,Patv_raw,local_residual_ma6,local_residual,6.0,train,28411,0.6979650263240537,0.05555555555555555,2.0,121.89201717362138
79,78,Patv_raw,local_residual_ma6,local_residual,6.0,train,28399,0.6916478270691443,0.05555555555555555,2.0,122.3871026113045
80,79,Patv_raw,local_residual_ma6,local_residual,6.0,train,29395,0.689371234076554,0.05555555555555555,2.0,122.57526860956425
81,80,Patv_raw,local_residual_ma6,local_residual,6.0,train,29368,0.69517092641292,0.05555555555555555,2.0,119.78720882377982
82,81,Patv_raw,local_residual_ma6,local_residual,6.0,train,28024,0.699270344662714,0.05555555555555555,2.0,122.906994266575
83,82,Patv_raw,local_residual_ma6,local_residual,6.0,train,28687,0.6891810021123236,0.05555555555555555,2.0,125.19369686083176
84,83,Patv_raw,local_residual_ma6,local_residual,6.0,train,32127,0.6906290516202537,0.05555555555555555,2.0,119.4544900047801
85,84,Patv_raw,local_residual_ma6,local_residual,6.0,train,28514,0.6844335383506582,0.05555555555555555,2.0,118.37667057015608
86,85,Patv_raw,local_residual_ma6,local_residual,6.0,train,29675,0.6923319292569851,0.05555555555555555,2.0,122.9445953275071
87,86,Patv_raw,local_residual_ma6,local_residual,6.0,train,31877,0.6953613721796069,0.05555555555555555,2.0,119.84836190100789
88,87,Patv_raw,local_residual_ma6,local_residual,6.0,train,28834,0.7093842747444036,0.05555555555555555,2.0,137.35292558692237
89,88,Patv_raw,local_residual_ma6,local_residual,6.0,train,29227,0.6806031792263395,0.05555555555555555,2.0,119.95412916091276
90,89,Patv_raw,local_residual_ma6,local_residual,6.0,train,29488,0.6710782229465639,0.05555555555555555,2.0,122.96868112748822
91,90,Patv_raw,local_residual_ma6,local_residual,6.0,train,29272,0.6903166303099648,0.05555555555555555,2.0,123.87329032132854
92,91,Patv_raw,local_residual_ma6,local_residual,6.0,train,28380,0.7021413538174873,0.05555555555555555,2.0,114.55551552705785
93,92,Patv_raw,local_residual_ma6,local_residual,6.0,train,27380,0.690878743051519,0.05555555555555555,2.0,111.53724142172749
94,93,Patv_raw,local_residual_ma6,local_residual,6.0,train,28730,0.6757715866870884,0.05555555555555555,2.0,105.22342733466802
95,94,Patv_raw,local_residual_ma6,local_residual,6.0,train,28019,0.6915845058287353,0.05555555555555555,2.0,125.60678433719349
96,95,Patv_raw,local_residual_ma6,local_residual,6.0,train,26682,0.6941704397737324,0.05555555555555555,2.0,115.64817582784374
97,96,Patv_raw,local_residual_ma6,local_residual,6.0,train,27208,0.7017927212111598,0.05555555555555555,2.0,111.17951401997688
98,97,Patv_raw,local_residual_ma6,local_residual,6.0,train,30107,0.6895072099909252,0.05555555555555555,2.0,118.72023927368949
99,98,Patv_raw,local_residual_ma6,local_residual,6.0,train,30803,0.6893587912934905,0.05555555555555555,2.0,106.42041929480602
100,99,Patv_raw,local_residual_ma6,local_residual,6.0,train,28128,0.6903196571236002,0.05555555555555555,2.0,108.44050835480657
101,100,Patv_raw,local_residual_ma6,local_residual,6.0,train,28966,0.6984044456034415,0.05555555555555555,2.0,124.74695064153593
102,101,Patv_raw,local_residual_ma6,local_residual,6.0,train,27847,0.6988019659846397,0.05555555555555555,2.0,123.39380748462895
103,102,Patv_raw,local_residual_ma6,local_residual,6.0,train,30432,0.6992432195157443,0.05555555555555555,2.0,121.11890084111985
104,103,Patv_raw,local_residual_ma6,local_residual,6.0,train,28811,0.6933805742644081,0.05555555555555555,2.0,125.71670168587116
105,104,Patv_raw,local_residual_ma6,local_residual,6.0,train,29004,0.6925668422835315,0.05555555555555555,2.0,129.32275224068954
106,105,Patv_raw,local_residual_ma6,local_residual,6.0,train,28170,0.6892385074706284,0.05555555555555555,2.0,124.50870386195062
107,106,Patv_raw,local_residual_ma6,local_residual,6.0,train,30096,0.6849682638885138,0.05555555555555555,2.0,121.54866066609833
108,107,Patv_raw,local_residual_ma6,local_residual,6.0,train,27816,0.701870731766102,0.05555555555555555,2.0,127.62304356011987
109,108,Patv_raw,local_residual_ma6,local_residual,6.0,train,29527,0.699390044012184,0.05555555555555555,2.0,137.2417162401368
110,109,Patv_raw,local_residual_ma6,local_residual,6.0,train,29542,0.6826697599624527,0.05555555555555555,2.0,123.77729658216661
111,110,Patv_raw,local_residual_ma6,local_residual,6.0,train,29449,0.7012561154674726,0.05555555555555555,2.0,127.00136676993675
112,111,Patv_raw,local_residual_ma6,local_residual,6.0,train,28507,0.6924587988714549,0.05555555555555555,2.0,122.93622098213153
113,112,Patv_raw,local_residual_ma6,local_residual,6.0,train,29010,0.6875312692602897,0.05555555555555555,2.0,122.00384735316648
114,113,Patv_raw,local_residual_ma6,local_residual,6.0,train,28280,0.6768202801746601,0.05555555555555555,2.0,124.4534975050909
115,114,Patv_raw,local_residual_ma6,local_residual,6.0,train,26760,0.6995365301527319,0.05555555555555555,2.0,112.50475460009338
116,115,Patv_raw,local_residual_ma6,local_residual,6.0,train,27587,0.6955944578021214,0.05555555555555555,2.0,116.70385105128535
117,116,Patv_raw,local_residual_ma6,local_residual,6.0,train,27684,0.690816080370927,0.05555555555555555,2.0,117.20166500750611
118,117,Patv_raw,local_residual_ma6,local_residual,6.0,train,28352,0.6973797008982561,0.05555555555555555,2.0,132.58624000005665
119,118,Patv_raw,local_residual_ma6,local_residual,6.0,train,29879,0.6872004174757237,0.05555555555555555,2.0,123.69128541049045
120,119,Patv_raw,local_residual_ma6,local_residual,6.0,train,29177,0.6902019600797905,0.05555555555555555,2.0,119.78977006687929
121,120,Patv_raw,local_residual_ma6,local_residual,6.0,train,29494,0.6914603854955098,0.05555555555555555,2.0,123.46859662201997
122,121,Patv_raw,local_residual_ma6,local_residual,6.0,train,27445,0.6991220996867493,0.05555555555555555,2.0,120.87231134175714
123,122,Patv_raw,local_residual_ma6,local_residual,6.0,train,27744,0.6933908270468276,0.05555555555555555,2.0,132.39691557209366
124,123,Patv_raw,local_residual_ma6,local_residual,6.0,train,27455,0.6880795844413882,0.05555555555555555,2.0,112.03814349660232
125,124,Patv_raw,local_residual_ma6,local_residual,6.0,train,28149,0.686556792959033,0.05555555555555555,2.0,124.51169934335357
126,125,Patv_raw,local_residual_ma6,local_residual,6.0,train,28447,0.6886230254983395,0.05555555555555555,2.0,125.7314628568725
127,126,Patv_raw,local_residual_ma6,local_residual,6.0,train,29221,0.681685646229764,0.05555555555555555,2.0,126.28742120750931
128,127,Patv_raw,local_residual_ma6,local_residual,6.0,train,29371,0.6816756478810947,0.05555555555555555,2.0,120.85780172914563
129,128,Patv_raw,local_residual_ma6,local_residual,6.0,train,29885,0.6881554711133877,0.05555555555555555,2.0,128.24269501962178
130,129,Patv_raw,local_residual_ma6,local_residual,6.0,train,29185,0.679501669491786,0.05555555555555555,2.0,126.55248743093692
131,130,Patv_raw,local_residual_ma6,local_residual,6.0,train,29465,0.6764424124201831,0.05555555555555555,2.0,124.56331877342205
132,131,Patv_raw,local_residual_ma6,local_residual,6.0,train,30826,0.6835810964293049,0.05555555555555555,2.0,126.82662515304476
133,132,Patv_raw,local_residual_ma6,local_residual,6.0,train,27968,0.689793502303434,0.05555555555555555,2.0,130.88239145233422
134,133,Patv_raw,local_residual_ma6,local_residual,6.0,train,30469,0.6940409162308522,0.05555555555555555,2.0,129.7461336325592
1,0,Patv_raw,trend_ma18,trend,18.0,train,35241,0.017091033647806068,0.05555555555555555,40.0,29.038688467088818
2,1,Patv_raw,trend_ma18,trend,18.0,train,35408,0.016234946201237464,0.05555555555555555,40.0,25.61469851953423
3,2,Patv_raw,trend_ma18,trend,18.0,train,35210,0.017046733146190325,0.05555555555555555,40.0,29.291466017974674
4,3,Patv_raw,trend_ma18,trend,18.0,train,35544,0.017302416620174618,0.05555555555555555,39.0,29.776220024952185
5,4,Patv_raw,trend_ma18,trend,18.0,train,36105,0.013532439935466383,0.05555555555555555,42.0,28.34069231370277
6,5,Patv_raw,trend_ma18,trend,18.0,train,35786,0.016340096531960887,0.05555555555555555,41.0,29.32498739716513
7,6,Patv_raw,trend_ma18,trend,18.0,train,36399,0.014711812726237993,0.05555555555555555,44.0,27.94931737075439
8,7,Patv_raw,trend_ma18,trend,18.0,train,36068,0.015189196656855537,0.05555555555555555,42.0,29.59528024624184
9,8,Patv_raw,trend_ma18,trend,18.0,train,35646,0.017068126750221756,0.05555555555555555,40.0,30.64862760755275
10,9,Patv_raw,trend_ma18,trend,18.0,train,35831,0.015740211865324205,0.05555555555555555,44.0,28.281155546935626
11,10,Patv_raw,trend_ma18,trend,18.0,train,35732,0.016383364681346036,0.05555555555555555,40.0,29.801909083518034
12,11,Patv_raw,trend_ma18,trend,18.0,train,35568,0.016186037242162235,0.05555555555555555,41.0,29.009160348878464
13,12,Patv_raw,trend_ma18,trend,18.0,train,35670,0.015492565181838303,0.05555555555555555,40.0,27.86789185272623
14,13,Patv_raw,trend_ma18,trend,18.0,train,36156,0.012962621665759117,0.05555555555555555,44.0,27.689399532962273
15,14,Patv_raw,trend_ma18,trend,18.0,train,35734,0.016020177811583228,0.05555555555555555,43.0,28.14695319472653
16,15,Patv_raw,trend_ma18,trend,18.0,train,35370,0.015769753839983934,0.05555555555555555,42.0,27.35067506005807
17,16,Patv_raw,trend_ma18,trend,18.0,train,35819,0.015899733684333842,0.05555555555555555,39.0,28.739731085596542
18,17,Patv_raw,trend_ma18,trend,18.0,train,35900,0.01197246479362891,0.05555555555555555,45.0,25.09644633694739
19,18,Patv_raw,trend_ma18,trend,18.0,train,35845,0.016087038250476315,0.05555555555555555,39.0,27.719814042766533
20,19,Patv_raw,trend_ma18,trend,18.0,train,34936,0.016179521671223714,0.05555555555555555,38.0,26.31674001541577
21,20,Patv_raw,trend_ma18,trend,18.0,train,35910,0.015298725740705005,0.05555555555555555,40.0,26.36682310174431
22,21,Patv_raw,trend_ma18,trend,18.0,train,34303,0.016963876933363937,0.05555555555555555,42.0,27.78970361538519
23,22,Patv_raw,trend_ma18,trend,18.0,train,35304,0.018077986515958353,0.05555555555555555,39.0,29.311613685008883
24,23,Patv_raw,trend_ma18,trend,18.0,train,35588,0.01585706937666758,0.05555555555555555,39.0,26.385545558381928
25,24,Patv_raw,trend_ma18,trend,18.0,train,35309,0.01757754284198852,0.05555555555555555,40.0,28.610268437403693
26,25,Patv_raw,trend_ma18,trend,18.0,train,36377,0.013761177966144681,0.05555555555555555,43.0,28.149362774988713
27,26,Patv_raw,trend_ma18,trend,18.0,train,36361,0.015370798803296773,0.05555555555555555,40.0,28.73400176807845
28,27,Patv_raw,trend_ma18,trend,18.0,train,36564,0.012370120146798029,0.05555555555555555,41.0,27.20602149111642
29,28,Patv_raw,trend_ma18,trend,18.0,train,35715,0.01579187021361712,0.05555555555555555,40.0,27.825797709572303
30,29,Patv_raw,trend_ma18,trend,18.0,train,36161,0.014692243294486262,0.05555555555555555,41.0,26.869790971081326
31,30,Patv_raw,trend_ma18,trend,18.0,train,36348,0.014717575842818105,0.05555555555555555,41.0,28.23534385980187
32,31,Patv_raw,trend_ma18,trend,18.0,train,35219,0.01743477577650267,0.05555555555555555,40.0,29.00529148777148
33,32,Patv_raw,trend_ma18,trend,18.0,train,35720,0.015386004710510248,0.05555555555555555,40.0,27.369291572895786
34,33,Patv_raw,trend_ma18,trend,18.0,train,35416,0.01689084564652706,0.05555555555555555,40.0,28.27768725831697
35,34,Patv_raw,trend_ma18,trend,18.0,train,34985,0.017695586805627064,0.05555555555555555,39.0,27.988045998482136
36,35,Patv_raw,trend_ma18,trend,18.0,train,35576,0.01639979292543617,0.05555555555555555,40.0,28.868027125409377
37,36,Patv_raw,trend_ma18,trend,18.0,train,34918,0.0144252592680956,0.05555555555555555,41.0,27.566621309191564
38,37,Patv_raw,trend_ma18,trend,18.0,train,36152,0.014804339299657698,0.05555555555555555,43.0,27.390930428013156
39,38,Patv_raw,trend_ma18,trend,18.0,train,35963,0.015926413326148452,0.05555555555555555,42.0,28.170813331862487
40,39,Patv_raw,trend_ma18,trend,18.0,train,36177,0.014408041882867472,0.05555555555555555,38.0,26.258614470793656
41,40,Patv_raw,trend_ma18,trend,18.0,train,34779,0.01695911768292236,0.05555555555555555,37.0,27.779437882365357
42,41,Patv_raw,trend_ma18,trend,18.0,train,35393,0.01555608667097745,0.05555555555555555,38.0,26.22258265000497
43,42,Patv_raw,trend_ma18,trend,18.0,train,35789,0.015450168168854337,0.05555555555555555,39.0,26.84077286200605
44,43,Patv_raw,trend_ma18,trend,18.0,train,33538,0.01798973787856579,0.05555555555555555,37.0,28.647336504530156
45,44,Patv_raw,trend_ma18,trend,18.0,train,35378,0.018033795037680597,0.05555555555555555,40.0,28.057908998446923
46,45,Patv_raw,trend_ma18,trend,18.0,train,34718,0.0182849512677195,0.05555555555555555,38.0,27.85725587834936
47,46,Patv_raw,trend_ma18,trend,18.0,train,35123,0.018201633404509966,0.05555555555555555,39.0,27.50985018186269
48,47,Patv_raw,trend_ma18,trend,18.0,train,35750,0.015680764610135706,0.05555555555555555,39.0,27.27094141517523
49,48,Patv_raw,trend_ma18,trend,18.0,train,36374,0.012726708523375173,0.05555555555555555,39.0,28.202258834716325
50,49,Patv_raw,trend_ma18,trend,18.0,train,35461,0.016080245618175747,0.05555555555555555,39.0,28.744627500642483
51,50,Patv_raw,trend_ma18,trend,18.0,train,35800,0.013006858042031654,0.05555555555555555,41.0,26.565912213395134
52,51,Patv_raw,trend_ma18,trend,18.0,train,33729,0.017149278911041437,0.05555555555555555,37.0,27.063302839830026
53,52,Patv_raw,trend_ma18,trend,18.0,train,36069,0.012752855958741337,0.05555555555555555,42.0,25.41024512785431
54,53,Patv_raw,trend_ma18,trend,18.0,train,36416,0.012737929581382847,0.05555555555555555,41.0,26.27454444768005
55,54,Patv_raw,trend_ma18,trend,18.0,train,35397,0.01565312749673733,0.05555555555555555,40.0,25.786136407341317
56,55,Patv_raw,trend_ma18,trend,18.0,train,34345,0.017514761139398902,0.05555555555555555,38.0,26.95465902966486
57,56,Patv_raw,trend_ma18,trend,18.0,train,36135,0.013785347249207769,0.05555555555555555,41.0,25.309961132521842
58,57,Patv_raw,trend_ma18,trend,18.0,train,37006,0.009852575859748256,0.05555555555555555,43.0,25.187013423470646
59,58,Patv_raw,trend_ma18,trend,18.0,train,34958,0.017445041375259655,0.05555555555555555,38.0,27.51929706598498
60,59,Patv_raw,trend_ma18,trend,18.0,train,35431,0.016932907775543127,0.05555555555555555,38.0,26.897518675529458
61,60,Patv_raw,trend_ma18,trend,18.0,train,34605,0.017308293167211077,0.05555555555555555,36.0,28.28756958290613
62,61,Patv_raw,trend_ma18,trend,18.0,train,36025,0.011741698339320846,0.05555555555555555,43.0,25.618490537974296
63,62,Patv_raw,trend_ma18,trend,18.0,train,35642,0.015436593135448935,0.05555555555555555,41.0,26.988086800049604
64,63,Patv_raw,trend_ma18,trend,18.0,train,34338,0.017588866744789922,0.05555555555555555,37.0,26.89770548506119
65,64,Patv_raw,trend_ma18,trend,18.0,train,35451,0.015211991962331002,0.05555555555555555,37.0,26.86808196758093
66,65,Patv_raw,trend_ma18,trend,18.0,train,35980,0.015394312145176912,0.05555555555555555,38.0,27.110850940927854
67,66,Patv_raw,trend_ma18,trend,18.0,train,36425,0.013556229995668726,0.05555555555555555,39.0,26.345813263663892
68,67,Patv_raw,trend_ma18,trend,18.0,train,35871,0.015090250374124306,0.05555555555555555,39.0,26.73417237210076
69,68,Patv_raw,trend_ma18,trend,18.0,train,35422,0.01717406264180523,0.05555555555555555,37.0,28.279008453729414
70,69,Patv_raw,trend_ma18,trend,18.0,train,35602,0.017293531996335213,0.05555555555555555,37.0,28.14617415896292
71,70,Patv_raw,trend_ma18,trend,18.0,train,36965,0.010288082757688485,0.05555555555555555,40.0,27.68842005893599
72,71,Patv_raw,trend_ma18,trend,18.0,train,35637,0.01707230848423389,0.05555555555555555,38.0,27.269895713136986
73,72,Patv_raw,trend_ma18,trend,18.0,train,36711,0.012728175631949942,0.05555555555555555,41.0,26.09953515279433
74,73,Patv_raw,trend_ma18,trend,18.0,train,35781,0.014858575347427043,0.05555555555555555,41.0,27.203257751681466
75,74,Patv_raw,trend_ma18,trend,18.0,train,35313,0.01584700048497262,0.05555555555555555,38.0,27.681340182928604
76,75,Patv_raw,trend_ma18,trend,18.0,train,35626,0.012893349100288642,0.05555555555555555,41.0,24.174332275976965
77,76,Patv_raw,trend_ma18,trend,18.0,train,35460,0.015795247574939365,0.05555555555555555,39.0,25.700812315016226
78,77,Patv_raw,trend_ma18,trend,18.0,train,34783,0.017754033235994816,0.05555555555555555,38.0,25.86835337731662
79,78,Patv_raw,trend_ma18,trend,18.0,train,34966,0.016992659083216413,0.05555555555555555,38.0,27.255006623498524
80,79,Patv_raw,trend_ma18,trend,18.0,train,35552,0.014714781128014592,0.05555555555555555,40.0,26.383519448005355
81,80,Patv_raw,trend_ma18,trend,18.0,train,35440,0.014174924162686287,0.05555555555555555,41.0,26.33133810531576
82,81,Patv_raw,trend_ma18,trend,18.0,train,34658,0.016355967716286557,0.05555555555555555,40.0,25.7924149706445
83,82,Patv_raw,trend_ma18,trend,18.0,train,34922,0.0150527628704248,0.05555555555555555,43.0,27.73584044812761
84,83,Patv_raw,trend_ma18,trend,18.0,train,37169,0.010093023027441804,0.05555555555555555,42.0,25.229223180617662
85,84,Patv_raw,trend_ma18,trend,18.0,train,34810,0.01568323294726213,0.05555555555555555,41.0,25.42998019051144
86,85,Patv_raw,trend_ma18,trend,18.0,train,35560,0.01379595064147812,0.05555555555555555,39.0,24.604803410141137
87,86,Patv_raw,trend_ma18,trend,18.0,train,36729,0.010577391468177533,0.05555555555555555,39.0,25.385781663594077
88,87,Patv_raw,trend_ma18,trend,18.0,train,34975,0.016914711491306914,0.05555555555555555,37.0,26.79389195832757
89,88,Patv_raw,trend_ma18,trend,18.0,train,35330,0.014925708349728345,0.05555555555555555,40.0,26.148541400437985
90,89,Patv_raw,trend_ma18,trend,18.0,train,35403,0.016053166313905933,0.05555555555555555,37.0,26.132998497339965
91,90,Patv_raw,trend_ma18,trend,18.0,train,35701,0.015682391695787955,0.05555555555555555,37.0,26.415151852548256
92,91,Patv_raw,trend_ma18,trend,18.0,train,35279,0.016285585922481086,0.05555555555555555,36.0,23.459019077569412
93,92,Patv_raw,trend_ma18,trend,18.0,train,34425,0.01765651762083767,0.05555555555555555,39.0,23.386350343300734
94,93,Patv_raw,trend_ma18,trend,18.0,train,35145,0.019656366382275362,0.05555555555555555,39.0,24.77229077254407
95,94,Patv_raw,trend_ma18,trend,18.0,train,35035,0.018063296684649018,0.05555555555555555,37.0,27.238850571981313
96,95,Patv_raw,trend_ma18,trend,18.0,train,33366,0.017495187177566363,0.05555555555555555,38.0,24.013067053620023
97,96,Patv_raw,trend_ma18,trend,18.0,train,34153,0.016206416294777037,0.05555555555555555,37.0,23.464071583737944
98,97,Patv_raw,trend_ma18,trend,18.0,train,36026,0.013228353795096336,0.05555555555555555,39.0,25.38042684704028
99,98,Patv_raw,trend_ma18,trend,18.0,train,36793,0.01001216316295259,0.05555555555555555,41.0,22.814293456914893
100,99,Patv_raw,trend_ma18,trend,18.0,train,34967,0.013631963636293617,0.05555555555555555,42.0,22.545823010568114
101,100,Patv_raw,trend_ma18,trend,18.0,train,35394,0.016668650959300653,0.05555555555555555,38.0,25.470328303290863
102,101,Patv_raw,trend_ma18,trend,18.0,train,34759,0.016558427697962327,0.05555555555555555,39.0,25.939614526100918
103,102,Patv_raw,trend_ma18,trend,18.0,train,36231,0.013224116885547883,0.05555555555555555,39.0,25.647344277604187
104,103,Patv_raw,trend_ma18,trend,18.0,train,35123,0.016871347237365338,0.05555555555555555,37.0,26.23623553499338
105,104,Patv_raw,trend_ma18,trend,18.0,train,35649,0.015644052769440323,0.05555555555555555,37.0,26.093590592395984
106,105,Patv_raw,trend_ma18,trend,18.0,train,34161,0.017592546602761133,0.05555555555555555,38.0,25.819111943611002
107,106,Patv_raw,trend_ma18,trend,18.0,train,35910,0.014090216674272583,0.05555555555555555,37.0,26.34741208748224
108,107,Patv_raw,trend_ma18,trend,18.0,train,34203,0.014828004622244918,0.05555555555555555,37.0,26.58196878241231
109,108,Patv_raw,trend_ma18,trend,18.0,train,35672,0.016096117013411293,0.05555555555555555,35.0,25.75430632972659
110,109,Patv_raw,trend_ma18,trend,18.0,train,35849,0.015198827521621895,0.05555555555555555,36.0,27.066579490687207
111,110,Patv_raw,trend_ma18,trend,18.0,train,35512,0.015230718866821192,0.05555555555555555,37.0,25.814002939278808
112,111,Patv_raw,trend_ma18,trend,18.0,train,35270,0.01784728426459929,0.05555555555555555,37.0,27.006886260298483
113,112,Patv_raw,trend_ma18,trend,18.0,train,35439,0.01701876262797039,0.05555555555555555,35.0,25.889963049500032
114,113,Patv_raw,trend_ma18,trend,18.0,train,34802,0.016498605283847924,0.05555555555555555,38.0,26.671763217159068
115,114,Patv_raw,trend_ma18,trend,18.0,train,34411,0.016948861428855117,0.05555555555555555,38.0,22.841286698255455
116,115,Patv_raw,trend_ma18,trend,18.0,train,34421,0.016222929213455476,0.05555555555555555,35.0,24.647135006300665
117,116,Patv_raw,trend_ma18,trend,18.0,train,35116,0.017804021066086,0.05555555555555555,37.0,24.380320296819846
118,117,Patv_raw,trend_ma18,trend,18.0,train,34874,0.01688800859045475,0.05555555555555555,36.0,27.902810909837424
119,118,Patv_raw,trend_ma18,trend,18.0,train,35669,0.013771163002230255,0.05555555555555555,39.0,25.63234218004515
120,119,Patv_raw,trend_ma18,trend,18.0,train,35548,0.0149959327140243,0.05555555555555555,37.0,24.870637489770257
121,120,Patv_raw,trend_ma18,trend,18.0,train,35725,0.01434300431006902,0.05555555555555555,39.0,25.929920375535072
122,121,Patv_raw,trend_ma18,trend,18.0,train,34754,0.018280902492383854,0.05555555555555555,37.0,24.905031238031317
123,122,Patv_raw,trend_ma18,trend,18.0,train,33972,0.018590023417745807,0.05555555555555555,34.0,27.742738431028602
124,123,Patv_raw,trend_ma18,trend,18.0,train,34784,0.017052708358984852,0.05555555555555555,39.0,23.57113190730868
125,124,Patv_raw,trend_ma18,trend,18.0,train,34483,0.015897421031089865,0.05555555555555555,39.0,26.947098392466945
126,125,Patv_raw,trend_ma18,trend,18.0,train,35150,0.017228915622550574,0.05555555555555555,35.0,26.91671692268511
127,126,Patv_raw,trend_ma18,trend,18.0,train,35400,0.016338382103796636,0.05555555555555555,35.0,27.14049274170923
128,127,Patv_raw,trend_ma18,trend,18.0,train,35388,0.01486625158869936,0.05555555555555555,35.0,25.852166464526732
129,128,Patv_raw,trend_ma18,trend,18.0,train,35697,0.014868660994532747,0.05555555555555555,36.0,26.624837253158674
130,129,Patv_raw,trend_ma18,trend,18.0,train,35484,0.01660985131746594,0.05555555555555555,35.0,26.427488608196263
131,130,Patv_raw,trend_ma18,trend,18.0,train,35433,0.015420111195713522,0.05555555555555555,35.0,26.03971401477365
132,131,Patv_raw,trend_ma18,trend,18.0,train,36783,0.013097386691224563,0.05555555555555555,37.0,25.716613370410844
133,132,Patv_raw,trend_ma18,trend,18.0,train,34216,0.01878866382778805,0.05555555555555555,33.0,29.124125794799827
134,133,Patv_raw,trend_ma18,trend,18.0,train,36452,0.01356490921072163,0.05555555555555555,38.0,26.977362418616387
1,0,Patv_raw,local_residual_ma18,local_residual,18.0,train,29137,0.26855782913264686,0.05555555555555555,6.0,134.4279645853812
2,1,Patv_raw,local_residual_ma18,local_residual,18.0,train,28959,0.27909173813124555,0.05555555555555555,6.0,125.22547511911738
3,2,Patv_raw,local_residual_ma18,local_residual,18.0,train,29335,0.26585844418653487,0.05555555555555555,6.0,133.41923597120274
4,3,Patv_raw,local_residual_ma18,local_residual,18.0,train,29396,0.2833726789104031,0.05555555555555555,6.0,141.15262391094072
5,4,Patv_raw,local_residual_ma18,local_residual,18.0,train,30536,0.26597754641881716,0.05555555555555555,6.0,131.43589075555278
6,5,Patv_raw,local_residual_ma18,local_residual,18.0,train,29735,0.2618627331587256,0.05555555555555555,6.0,134.24840133915987
7,6,Patv_raw,local_residual_ma18,local_residual,18.0,train,29936,0.266410360690176,0.05555555555555555,6.0,130.26664301985852
8,7,Patv_raw,local_residual_ma18,local_residual,18.0,train,30104,0.26302021435423045,0.05555555555555555,6.0,134.69063518442923
9,8,Patv_raw,local_residual_ma18,local_residual,18.0,train,29481,0.27052849999027745,0.05555555555555555,6.0,136.6904660123322
10,9,Patv_raw,local_residual_ma18,local_residual,18.0,train,29851,0.26791188221518925,0.05555555555555555,6.0,133.39948893550414
11,10,Patv_raw,local_residual_ma18,local_residual,18.0,train,29700,0.27714651219707065,0.05555555555555555,6.0,135.58263329277952
12,11,Patv_raw,local_residual_ma18,local_residual,18.0,train,29677,0.2701870395678629,0.05555555555555555,6.0,135.38317768121215
13,12,Patv_raw,local_residual_ma18,local_residual,18.0,train,29800,0.2854783748714889,0.05555555555555555,6.0,139.77433716536586
14,13,Patv_raw,local_residual_ma18,local_residual,18.0,train,30542,0.2823588581868342,0.05555555555555555,6.0,133.55656540097502
15,14,Patv_raw,local_residual_ma18,local_residual,18.0,train,29559,0.280493698874232,0.05555555555555555,6.0,133.46958973521336
16,15,Patv_raw,local_residual_ma18,local_residual,18.0,train,29481,0.27038448166638535,0.05555555555555555,6.0,127.72853886173579
17,16,Patv_raw,local_residual_ma18,local_residual,18.0,train,29777,0.27729994307666306,0.05555555555555555,6.0,133.6469359811105
18,17,Patv_raw,local_residual_ma18,local_residual,18.0,train,30543,0.2589187115426998,0.05555555555555555,6.0,124.69735869907986
19,18,Patv_raw,local_residual_ma18,local_residual,18.0,train,29621,0.29682624290917736,0.05555555555555555,6.0,139.84768126314938
20,19,Patv_raw,local_residual_ma18,local_residual,18.0,train,29033,0.27990942262287183,0.05555555555555555,6.0,131.20601200747643
21,20,Patv_raw,local_residual_ma18,local_residual,18.0,train,29841,0.2840231596335513,0.05555555555555555,6.0,133.43107817359495
22,21,Patv_raw,local_residual_ma18,local_residual,18.0,train,28467,0.2846327340126739,0.05555555555555555,6.0,142.3643369419331
23,22,Patv_raw,local_residual_ma18,local_residual,18.0,train,29195,0.27923598501396213,0.05555555555555555,6.0,140.53167535473162
24,23,Patv_raw,local_residual_ma18,local_residual,18.0,train,29488,0.29075440668204444,0.05555555555555555,6.0,135.609171440063
25,24,Patv_raw,local_residual_ma18,local_residual,18.0,train,29298,0.2805866617841213,0.05555555555555555,6.0,140.85051617232057
26,25,Patv_raw,local_residual_ma18,local_residual,18.0,train,30943,0.27113716922932113,0.05555555555555555,6.0,136.90035959099055
27,26,Patv_raw,local_residual_ma18,local_residual,18.0,train,30017,0.29876582609706465,0.05555555555555555,6.0,144.2782786792293
28,27,Patv_raw,local_residual_ma18,local_residual,18.0,train,31069,0.2951743506075343,0.05555555555555555,6.0,141.6706705504347
29,28,Patv_raw,local_residual_ma18,local_residual,18.0,train,29534,0.28376676945208734,0.05555555555555555,6.0,139.4835620318344
30,29,Patv_raw,local_residual_ma18,local_residual,18.0,train,30073,0.2858385059189424,0.05555555555555555,6.0,134.67602345484758
31,30,Patv_raw,local_residual_ma18,local_residual,18.0,train,30171,0.28761209484604816,0.05555555555555555,6.0,139.88590112416952
32,31,Patv_raw,local_residual_ma18,local_residual,18.0,train,29140,0.2960656434208,0.05555555555555555,6.0,143.3410726467167
33,32,Patv_raw,local_residual_ma18,local_residual,18.0,train,29659,0.28403883809242225,0.05555555555555555,6.0,134.13043068838417
34,33,Patv_raw,local_residual_ma18,local_residual,18.0,train,29059,0.3023270102655532,0.05555555555555555,6.0,142.60608970574398
35,34,Patv_raw,local_residual_ma18,local_residual,18.0,train,28819,0.2986074800521049,0.05555555555555555,6.0,139.42293955175873
36,35,Patv_raw,local_residual_ma18,local_residual,18.0,train,29510,0.2959846720881185,0.05555555555555555,6.0,139.8758488624303
37,36,Patv_raw,local_residual_ma18,local_residual,18.0,train,29533,0.2782970347158507,0.05555555555555555,6.0,132.497349741097
38,37,Patv_raw,local_residual_ma18,local_residual,18.0,train,30005,0.2836810025282757,0.05555555555555555,6.0,133.7912248937559
39,38,Patv_raw,local_residual_ma18,local_residual,18.0,train,29545,0.30667881777415523,0.05555555555555555,6.0,143.7223120187866
40,39,Patv_raw,local_residual_ma18,local_residual,18.0,train,29947,0.277291664521288,0.05555555555555555,6.0,135.87181159986832
41,40,Patv_raw,local_residual_ma18,local_residual,18.0,train,28512,0.2813025520324793,0.05555555555555555,6.0,136.08224170680163
42,41,Patv_raw,local_residual_ma18,local_residual,18.0,train,29301,0.2867692675129287,0.05555555555555555,6.0,134.9164432961287
43,42,Patv_raw,local_residual_ma18,local_residual,18.0,train,29753,0.27954603629360925,0.05555555555555555,6.0,130.71427423611365
44,43,Patv_raw,local_residual_ma18,local_residual,18.0,train,28396,0.3090007282733634,0.05555555555555555,6.0,146.17578663201232
45,44,Patv_raw,local_residual_ma18,local_residual,18.0,train,29212,0.2868503806878926,0.05555555555555555,6.0,139.28706130001146
46,45,Patv_raw,local_residual_ma18,local_residual,18.0,train,28542,0.2816168176989429,0.05555555555555555,6.0,133.51002334409537
47,46,Patv_raw,local_residual_ma18,local_residual,18.0,train,28798,0.2873755697994228,0.05555555555555555,6.0,139.0015196745422
48,47,Patv_raw,local_residual_ma18,local_residual,18.0,train,29555,0.28167429400734983,0.05555555555555555,6.0,134.31313281623628
49,48,Patv_raw,local_residual_ma18,local_residual,18.0,train,31101,0.2768544898105014,0.05555555555555555,6.0,134.17518769031477
50,49,Patv_raw,local_residual_ma18,local_residual,18.0,train,29291,0.2864664009541527,0.05555555555555555,6.0,138.12425857052048
51,50,Patv_raw,local_residual_ma18,local_residual,18.0,train,30083,0.27802152879458464,0.05555555555555555,6.0,129.65057178173052
52,51,Patv_raw,local_residual_ma18,local_residual,18.0,train,27691,0.28616542623647334,0.05555555555555555,6.0,139.73668721348034
53,52,Patv_raw,local_residual_ma18,local_residual,18.0,train,30346,0.2857036993176409,0.05555555555555555,6.0,130.431050067608
54,53,Patv_raw,local_residual_ma18,local_residual,18.0,train,30243,0.28599251328936115,0.05555555555555555,6.0,132.16473882188384
55,54,Patv_raw,local_residual_ma18,local_residual,18.0,train,29423,0.2842618321387926,0.05555555555555555,6.0,133.65680460205604
56,55,Patv_raw,local_residual_ma18,local_residual,18.0,train,28283,0.29567655229014134,0.05555555555555555,6.0,137.73606948342305
57,56,Patv_raw,local_residual_ma18,local_residual,18.0,train,30441,0.2891945910653509,0.05555555555555555,6.0,134.67590974921077
58,57,Patv_raw,local_residual_ma18,local_residual,18.0,train,31990,0.2801599123246869,0.05555555555555555,6.0,134.98861437727578
59,58,Patv_raw,local_residual_ma18,local_residual,18.0,train,28560,0.3039904314335388,0.05555555555555555,6.0,136.36562592079952
60,59,Patv_raw,local_residual_ma18,local_residual,18.0,train,29008,0.29911689355650206,0.05555555555555555,6.0,139.00168350093531
61,60,Patv_raw,local_residual_ma18,local_residual,18.0,train,28492,0.2977242526502338,0.05555555555555555,6.0,139.80686709680407
62,61,Patv_raw,local_residual_ma18,local_residual,18.0,train,30820,0.27961661909780344,0.05555555555555555,6.0,129.8723785385832
63,62,Patv_raw,local_residual_ma18,local_residual,18.0,train,29572,0.2808948597964431,0.05555555555555555,6.0,133.84900483647112
64,63,Patv_raw,local_residual_ma18,local_residual,18.0,train,28577,0.283268881656915,0.05555555555555555,6.0,130.80560513740423
65,64,Patv_raw,local_residual_ma18,local_residual,18.0,train,29216,0.2937053421371421,0.05555555555555555,6.0,134.58652993662196
66,65,Patv_raw,local_residual_ma18,local_residual,18.0,train,29658,0.2841421895467592,0.05555555555555555,6.0,134.14668368547737
67,66,Patv_raw,local_residual_ma18,local_residual,18.0,train,30453,0.28083106545957404,0.05555555555555555,6.0,130.3484758751423
68,67,Patv_raw,local_residual_ma18,local_residual,18.0,train,30091,0.28257040665567573,0.05555555555555555,6.0,129.3679281285419
69,68,Patv_raw,local_residual_ma18,local_residual,18.0,train,29268,0.2699513471570388,0.05555555555555555,6.0,132.4465746762063
70,69,Patv_raw,local_residual_ma18,local_residual,18.0,train,29360,0.2736334186773593,0.05555555555555555,6.0,132.15555821067758
71,70,Patv_raw,local_residual_ma18,local_residual,18.0,train,32019,0.27308977529216727,0.05555555555555555,6.0,132.55134174534874
72,71,Patv_raw,local_residual_ma18,local_residual,18.0,train,29021,0.2833440640080396,0.05555555555555555,6.0,136.02994410067248
73,72,Patv_raw,local_residual_ma18,local_residual,18.0,train,30895,0.2662077650031139,0.05555555555555555,6.0,127.20077159784566
74,73,Patv_raw,local_residual_ma18,local_residual,18.0,train,29713,0.27834591706708467,0.05555555555555555,6.0,132.99458277664237
75,74,Patv_raw,local_residual_ma18,local_residual,18.0,train,29099,0.2835537251845527,0.05555555555555555,6.0,134.23181011945243
76,75,Patv_raw,local_residual_ma18,local_residual,18.0,train,29453,0.27918824128804,0.05555555555555555,6.0,121.56584306751385
77,76,Patv_raw,local_residual_ma18,local_residual,18.0,train,29305,0.2766748683165418,0.05555555555555555,6.0,127.0348348970529
78,77,Patv_raw,local_residual_ma18,local_residual,18.0,train,28411,0.2955205306839051,0.05555555555555555,6.0,129.40076132840628
79,78,Patv_raw,local_residual_ma18,local_residual,18.0,train,28399,0.2946894928217837,0.05555555555555555,6.0,130.00225247708875
80,79,Patv_raw,local_residual_ma18,local_residual,18.0,train,29395,0.2865855665678161,0.05555555555555555,6.0,130.0270759352497
81,80,Patv_raw,local_residual_ma18,local_residual,18.0,train,29368,0.28684185722421673,0.05555555555555555,6.0,126.83937227365352
82,81,Patv_raw,local_residual_ma18,local_residual,18.0,train,28024,0.2941263180336759,0.05555555555555555,6.0,130.25941477226394
83,82,Patv_raw,local_residual_ma18,local_residual,18.0,train,28687,0.28117253264606634,0.05555555555555555,6.0,133.8127723508322
84,83,Patv_raw,local_residual_ma18,local_residual,18.0,train,32127,0.2854541360829533,0.05555555555555555,6.0,126.99723002403637
85,84,Patv_raw,local_residual_ma18,local_residual,18.0,train,28514,0.2867745787706792,0.05555555555555555,6.0,125.62437251159089
86,85,Patv_raw,local_residual_ma18,local_residual,18.0,train,29675,0.290157631169196,0.05555555555555555,6.0,130.97448772287217
87,86,Patv_raw,local_residual_ma18,local_residual,18.0,train,31877,0.2970581044608988,0.05555555555555555,6.0,127.39164594646685
88,87,Patv_raw,local_residual_ma18,local_residual,18.0,train,28834,0.3171659671790974,0.05555555555555555,6.0,145.62345232606427
89,88,Patv_raw,local_residual_ma18,local_residual,18.0,train,29227,0.2845178554709595,0.05555555555555555,6.0,127.27959726268675
90,89,Patv_raw,local_residual_ma18,local_residual,18.0,train,29488,0.27744959101475414,0.05555555555555555,6.0,130.84132650040812
91,90,Patv_raw,local_residual_ma18,local_residual,18.0,train,29272,0.28728304124181314,0.05555555555555555,6.0,131.3735907823154
92,91,Patv_raw,local_residual_ma18,local_residual,18.0,train,28380,0.2993326719448003,0.05555555555555555,6.0,121.65070556793296
93,92,Patv_raw,local_residual_ma18,local_residual,18.0,train,27380,0.29395297019824995,0.05555555555555555,6.0,117.99986086074496
94,93,Patv_raw,local_residual_ma18,local_residual,18.0,train,28730,0.2878809116772415,0.05555555555555555,6.0,111.9498266803418
95,94,Patv_raw,local_residual_ma18,local_residual,18.0,train,28019,0.29204626071501943,0.05555555555555555,6.0,133.0120913201502
96,95,Patv_raw,local_residual_ma18,local_residual,18.0,train,26682,0.29518105594721616,0.05555555555555555,6.0,122.9064830358094
97,96,Patv_raw,local_residual_ma18,local_residual,18.0,train,27208,0.301958134879851,0.05555555555555555,6.0,118.17091511443176
98,97,Patv_raw,local_residual_ma18,local_residual,18.0,train,30107,0.2864773199044267,0.05555555555555555,6.0,126.26324326312195
99,98,Patv_raw,local_residual_ma18,local_residual,18.0,train,30803,0.2863006789886904,0.05555555555555555,6.0,112.98906847756591
100,99,Patv_raw,local_residual_ma18,local_residual,18.0,train,28128,0.2917452599935888,0.05555555555555555,6.0,115.54353938998378
101,100,Patv_raw,local_residual_ma18,local_residual,18.0,train,28966,0.2954230586683222,0.05555555555555555,6.0,132.39393367080993
102,101,Patv_raw,local_residual_ma18,local_residual,18.0,train,27847,0.3033173001533042,0.05555555555555555,6.0,130.97140584373201
103,102,Patv_raw,local_residual_ma18,local_residual,18.0,train,30432,0.2932118476142124,0.05555555555555555,6.0,128.4800563822816
104,103,Patv_raw,local_residual_ma18,local_residual,18.0,train,28811,0.2944423182278244,0.05555555555555555,6.0,133.37363990924683
105,104,Patv_raw,local_residual_ma18,local_residual,18.0,train,29004,0.29727318718833223,0.05555555555555555,6.0,137.07575297222692
106,105,Patv_raw,local_residual_ma18,local_residual,18.0,train,28170,0.29107848384130575,0.05555555555555555,6.0,131.72783780394178
107,106,Patv_raw,local_residual_ma18,local_residual,18.0,train,30096,0.2900523681612996,0.05555555555555555,6.0,129.45301429560277
108,107,Patv_raw,local_residual_ma18,local_residual,18.0,train,27816,0.3062609876793832,0.05555555555555555,6.0,136.01283608594568
109,108,Patv_raw,local_residual_ma18,local_residual,18.0,train,29527,0.3048101371369614,0.05555555555555555,6.0,145.39764413908432
110,109,Patv_raw,local_residual_ma18,local_residual,18.0,train,29542,0.2875803045237526,0.05555555555555555,6.0,131.95747103127724
111,110,Patv_raw,local_residual_ma18,local_residual,18.0,train,29449,0.3052984562391141,0.05555555555555555,6.0,135.108831949921
112,111,Patv_raw,local_residual_ma18,local_residual,18.0,train,28507,0.30712197463503116,0.05555555555555555,6.0,131.39949559706525
113,112,Patv_raw,local_residual_ma18,local_residual,18.0,train,29010,0.28926407584957897,0.05555555555555555,6.0,129.6261747725981
114,113,Patv_raw,local_residual_ma18,local_residual,18.0,train,28280,0.27823598050359993,0.05555555555555555,6.0,132.42243380996268
115,114,Patv_raw,local_residual_ma18,local_residual,18.0,train,26760,0.29544765450158805,0.05555555555555555,6.0,119.37277704057986
116,115,Patv_raw,local_residual_ma18,local_residual,18.0,train,27587,0.29615756203440685,0.05555555555555555,6.0,124.02079785606709
117,116,Patv_raw,local_residual_ma18,local_residual,18.0,train,27684,0.301537232029218,0.05555555555555555,6.0,124.95125341900058
118,117,Patv_raw,local_residual_ma18,local_residual,18.0,train,28352,0.3004694536078258,0.05555555555555555,6.0,141.13244765774277
119,118,Patv_raw,local_residual_ma18,local_residual,18.0,train,29879,0.286342946117191,0.05555555555555555,6.0,131.8584912549782
120,119,Patv_raw,local_residual_ma18,local_residual,18.0,train,29177,0.29394439857864324,0.05555555555555555,6.0,127.41753578901933
121,120,Patv_raw,local_residual_ma18,local_residual,18.0,train,29494,0.29242866132955564,0.05555555555555555,6.0,131.550191379614
122,121,Patv_raw,local_residual_ma18,local_residual,18.0,train,27445,0.3087129334051464,0.05555555555555555,6.0,128.38520510822482
123,122,Patv_raw,local_residual_ma18,local_residual,18.0,train,27744,0.29718001818786666,0.05555555555555555,6.0,140.4589976606366
124,123,Patv_raw,local_residual_ma18,local_residual,18.0,train,27455,0.29444376296833213,0.05555555555555555,6.0,118.86548441262266
125,124,Patv_raw,local_residual_ma18,local_residual,18.0,train,28149,0.29052866540013433,0.05555555555555555,6.0,132.2282454398384
126,125,Patv_raw,local_residual_ma18,local_residual,18.0,train,28447,0.29998942154935065,0.05555555555555555,6.0,133.3733707869215
127,126,Patv_raw,local_residual_ma18,local_residual,18.0,train,29221,0.28738327554747206,0.05555555555555555,6.0,134.50749107956204
128,127,Patv_raw,local_residual_ma18,local_residual,18.0,train,29371,0.28460964863143634,0.05555555555555555,6.0,128.7739216022984
129,128,Patv_raw,local_residual_ma18,local_residual,18.0,train,29885,0.29080521988348673,0.05555555555555555,6.0,136.1512197629228
130,129,Patv_raw,local_residual_ma18,local_residual,18.0,train,29185,0.28768922948485337,0.05555555555555555,6.0,134.50814991415743
131,130,Patv_raw,local_residual_ma18,local_residual,18.0,train,29465,0.27877651940288256,0.05555555555555555,6.0,132.7790127542683
132,131,Patv_raw,local_residual_ma18,local_residual,18.0,train,30826,0.28579456232149963,0.05555555555555555,6.0,135.31900778887157
133,132,Patv_raw,local_residual_ma18,local_residual,18.0,train,27968,0.3077707586827987,0.05555555555555555,6.0,140.3710702492432
134,133,Patv_raw,local_residual_ma18,local_residual,18.0,train,30469,0.3057906382279511,0.05555555555555555,6.0,139.40539022586347
1,0,Patv_raw,trend_ma36,trend,36.0,train,37648,0.007918924048339247,0.05555555555555555,52.0,18.468011330943483
2,1,Patv_raw,trend_ma36,trend,36.0,train,37853,0.007283262634469701,0.05555555555555555,52.0,16.418956753246263
3,2,Patv_raw,trend_ma36,trend,36.0,train,37676,0.00788197101152836,0.05555555555555555,51.0,18.444433265286932
4,3,Patv_raw,trend_ma36,trend,36.0,train,37868,0.006907412977016652,0.05555555555555555,51.0,19.042479787047608
5,4,Patv_raw,trend_ma36,trend,36.0,train,38138,0.005768535792824357,0.05555555555555555,52.0,18.61242496563011
6,5,Patv_raw,trend_ma36,trend,36.0,train,38021,0.006465692804521134,0.05555555555555555,51.0,18.414469484218966
7,6,Patv_raw,trend_ma36,trend,36.0,train,38490,0.0054591396441829275,0.05555555555555555,54.0,17.06266823178484
8,7,Patv_raw,trend_ma36,trend,36.0,train,38211,0.0064038567433812145,0.05555555555555555,53.0,18.263452362420118
9,8,Patv_raw,trend_ma36,trend,36.0,train,38011,0.007635676775257335,0.05555555555555555,50.0,19.896581417000935
10,9,Patv_raw,trend_ma36,trend,36.0,train,38063,0.0067693771116928295,0.05555555555555555,54.0,17.805216466074818
11,10,Patv_raw,trend_ma36,trend,36.0,train,37962,0.007473036510822157,0.05555555555555555,51.0,18.922079815904016
12,11,Patv_raw,trend_ma36,trend,36.0,train,37959,0.0074522188553170065,0.05555555555555555,52.0,17.796027289455743
13,12,Patv_raw,trend_ma36,trend,36.0,train,38012,0.00679375963601075,0.05555555555555555,50.0,17.443103317964145
14,13,Patv_raw,trend_ma36,trend,36.0,train,38095,0.005402911866855441,0.05555555555555555,54.0,17.03260843272478
15,14,Patv_raw,trend_ma36,trend,36.0,train,38152,0.00743457357567827,0.05555555555555555,53.0,17.286567727282396
16,15,Patv_raw,trend_ma36,trend,36.0,train,37742,0.006948588500365545,0.05555555555555555,53.0,17.35947617451896
17,16,Patv_raw,trend_ma36,trend,36.0,train,38127,0.007132199032249597,0.05555555555555555,50.0,18.3048699389803
18,17,Patv_raw,trend_ma36,trend,36.0,train,38019,0.005927466731304204,0.05555555555555555,54.0,16.372703398139976
19,18,Patv_raw,trend_ma36,trend,36.0,train,38162,0.0073899472334865764,0.05555555555555555,50.0,17.363855414521915
20,19,Patv_raw,trend_ma36,trend,36.0,train,37486,0.008192694680921419,0.05555555555555555,49.0,16.993710789720375
21,20,Patv_raw,trend_ma36,trend,36.0,train,38221,0.006103276851936877,0.05555555555555555,50.0,15.977251856198787
22,21,Patv_raw,trend_ma36,trend,36.0,train,36730,0.007882293858300865,0.05555555555555555,52.0,18.32141420447596
23,22,Patv_raw,trend_ma36,trend,36.0,train,37737,0.008368062985248647,0.05555555555555555,50.0,18.991234613614385
24,23,Patv_raw,trend_ma36,trend,36.0,train,37798,0.006766936934633179,0.05555555555555555,51.0,16.79547032276354
25,24,Patv_raw,trend_ma36,trend,36.0,train,37777,0.007948421041469669,0.05555555555555555,50.0,17.831095126698777
26,25,Patv_raw,trend_ma36,trend,36.0,train,38449,0.0060976358624244865,0.05555555555555555,53.0,17.64624988768758
27,26,Patv_raw,trend_ma36,trend,36.0,train,38531,0.00555066656745747,0.05555555555555555,49.0,17.171813826845103
28,27,Patv_raw,trend_ma36,trend,36.0,train,38475,0.00509864110249989,0.05555555555555555,50.0,16.82863095083457
29,28,Patv_raw,trend_ma36,trend,36.0,train,38006,0.006543867334402903,0.05555555555555555,50.0,16.71921614236743
30,29,Patv_raw,trend_ma36,trend,36.0,train,38331,0.005865465727042228,0.05555555555555555,51.0,16.167415719146373
31,30,Patv_raw,trend_ma36,trend,36.0,train,38439,0.006157317521085105,0.05555555555555555,51.0,17.425285816777684
32,31,Patv_raw,trend_ma36,trend,36.0,train,37651,0.007856657773814895,0.05555555555555555,50.0,17.62323221509216
33,32,Patv_raw,trend_ma36,trend,36.0,train,37990,0.0067204705820242735,0.05555555555555555,51.0,17.033636734014234
34,33,Patv_raw,trend_ma36,trend,36.0,train,37881,0.006806627390558698,0.05555555555555555,49.0,17.672988553160494
35,34,Patv_raw,trend_ma36,trend,36.0,train,37575,0.007661228682516703,0.05555555555555555,49.0,18.032211449937318
36,35,Patv_raw,trend_ma36,trend,36.0,train,37999,0.007257977379450303,0.05555555555555555,50.0,18.328948822561777
37,36,Patv_raw,trend_ma36,trend,36.0,train,37358,0.007412810972902156,0.05555555555555555,50.0,17.374395127898282
38,37,Patv_raw,trend_ma36,trend,36.0,train,38409,0.0064016541599920575,0.05555555555555555,53.0,16.973553667523497
39,38,Patv_raw,trend_ma36,trend,36.0,train,38175,0.006630112154260837,0.05555555555555555,52.0,17.812739927736484
40,39,Patv_raw,trend_ma36,trend,36.0,train,38380,0.006400166392594493,0.05555555555555555,48.0,16.996488647821757
41,40,Patv_raw,trend_ma36,trend,36.0,train,37388,0.0077250416802942725,0.05555555555555555,49.0,17.495394228320546
42,41,Patv_raw,trend_ma36,trend,36.0,train,37760,0.006919550058024886,0.05555555555555555,50.0,16.497003992402583
43,42,Patv_raw,trend_ma36,trend,36.0,train,38139,0.006570949980962373,0.05555555555555555,50.0,16.84468941528619
44,43,Patv_raw,trend_ma36,trend,36.0,train,36144,0.010012751582062423,0.05555555555555555,49.0,18.45504725642137
45,44,Patv_raw,trend_ma36,trend,36.0,train,37889,0.008042177139128366,0.05555555555555555,51.0,17.959369592080787
46,45,Patv_raw,trend_ma36,trend,36.0,train,37480,0.008832635573191914,0.05555555555555555,50.0,18.09234118469807
47,46,Patv_raw,trend_ma36,trend,36.0,train,37740,0.00790734237568695,0.05555555555555555,50.0,17.380848142745144
48,47,Patv_raw,trend_ma36,trend,36.0,train,38067,0.006731738598693434,0.05555555555555555,50.0,16.71402696594448
49,48,Patv_raw,trend_ma36,trend,36.0,train,38277,0.00527207879762092,0.05555555555555555,49.0,17.465690434143248
50,49,Patv_raw,trend_ma36,trend,36.0,train,37797,0.006863182113092582,0.05555555555555555,50.0,17.82300059281956
51,50,Patv_raw,trend_ma36,trend,36.0,train,37899,0.005773426235172227,0.05555555555555555,50.0,17.034163406592544
52,51,Patv_raw,trend_ma36,trend,36.0,train,36088,0.007677122196668791,0.05555555555555555,47.0,17.07672970165201
53,52,Patv_raw,trend_ma36,trend,36.0,train,38126,0.005667921972317234,0.05555555555555555,50.0,16.177018871250898
54,53,Patv_raw,trend_ma36,trend,36.0,train,38423,0.0049684802901974285,0.05555555555555555,50.0,16.277535515283446
55,54,Patv_raw,trend_ma36,trend,36.0,train,37858,0.007027306265984523,0.05555555555555555,50.0,15.776306416500114
56,55,Patv_raw,trend_ma36,trend,36.0,train,37120,0.0086026629237565,0.05555555555555555,49.0,17.38619350127705
57,56,Patv_raw,trend_ma36,trend,36.0,train,38253,0.005611913064062841,0.05555555555555555,49.0,15.923498881883338
58,57,Patv_raw,trend_ma36,trend,36.0,train,38747,0.004168179439119333,0.05555555555555555,51.0,15.928778144531217
59,58,Patv_raw,trend_ma36,trend,36.0,train,37563,0.007418040060385169,0.05555555555555555,48.0,17.209416230573567
60,59,Patv_raw,trend_ma36,trend,36.0,train,37865,0.0071275187507992745,0.05555555555555555,47.0,16.76310790313226
61,60,Patv_raw,trend_ma36,trend,36.0,train,37213,0.008479156914195513,0.05555555555555555,46.0,18.186306051182914
62,61,Patv_raw,trend_ma36,trend,36.0,train,37997,0.005115004828222711,0.05555555555555555,53.0,16.200820390252957
63,62,Patv_raw,trend_ma36,trend,36.0,train,38069,0.006656727263599703,0.05555555555555555,52.0,16.795876124424325
64,63,Patv_raw,trend_ma36,trend,36.0,train,37042,0.008836110008243612,0.05555555555555555,49.0,17.55343279224112
65,64,Patv_raw,trend_ma36,trend,36.0,train,37864,0.00689947634235699,0.05555555555555555,48.0,16.468440167757315
66,65,Patv_raw,trend_ma36,trend,36.0,train,38334,0.005845884732295517,0.05555555555555555,48.0,17.007869595740246
67,66,Patv_raw,trend_ma36,trend,36.0,train,38526,0.005646164310646419,0.05555555555555555,50.0,15.853943874644365
68,67,Patv_raw,trend_ma36,trend,36.0,train,38074,0.0065258666973400156,0.05555555555555555,50.0,15.985439030829355
69,68,Patv_raw,trend_ma36,trend,36.0,train,37881,0.007880069025672877,0.05555555555555555,49.0,18.099380351299565
70,69,Patv_raw,trend_ma36,trend,36.0,train,38031,0.0077810505719715095,0.05555555555555555,48.0,17.987088622510644
71,70,Patv_raw,trend_ma36,trend,36.0,train,38599,0.004601177889687731,0.05555555555555555,49.0,16.985496052782914
72,71,Patv_raw,trend_ma36,trend,36.0,train,38134,0.006708236411258707,0.05555555555555555,49.0,17.225830572008036
73,72,Patv_raw,trend_ma36,trend,36.0,train,38728,0.005100280062547336,0.05555555555555555,50.0,16.284963816859435
74,73,Patv_raw,trend_ma36,trend,36.0,train,38048,0.006264238521378153,0.05555555555555555,51.0,16.63126260614923
75,74,Patv_raw,trend_ma36,trend,36.0,train,37778,0.00727502359833759,0.05555555555555555,48.0,17.16022867522609
76,75,Patv_raw,trend_ma36,trend,36.0,train,37951,0.005656399519640168,0.05555555555555555,51.0,15.13348996491711
77,76,Patv_raw,trend_ma36,trend,36.0,train,37979,0.006713438476799525,0.05555555555555555,49.0,15.906912062283933
78,77,Patv_raw,trend_ma36,trend,36.0,train,37497,0.007782978557630911,0.05555555555555555,49.0,16.79216780091738
79,78,Patv_raw,trend_ma36,trend,36.0,train,37489,0.006845789714989063,0.05555555555555555,49.0,17.78734640298411
80,79,Patv_raw,trend_ma36,trend,36.0,train,37971,0.0061609909188777455,0.05555555555555555,49.0,16.378672055337617
81,80,Patv_raw,trend_ma36,trend,36.0,train,37785,0.0060304737258952456,0.05555555555555555,50.0,16.3914342266895
82,81,Patv_raw,trend_ma36,trend,36.0,train,37372,0.006832122786676945,0.05555555555555555,49.0,16.367187456217653
83,82,Patv_raw,trend_ma36,trend,36.0,train,37463,0.006771110112132908,0.05555555555555555,52.0,18.098438195573088
84,83,Patv_raw,trend_ma36,trend,36.0,train,38760,0.00417646183609209,0.05555555555555555,50.0,16.07038671907437
85,84,Patv_raw,trend_ma36,trend,36.0,train,37458,0.0071154058320620816,0.05555555555555555,51.0,15.851020688927969
86,85,Patv_raw,trend_ma36,trend,36.0,train,37864,0.006123431779682763,0.05555555555555555,49.0,15.616166593985184
87,86,Patv_raw,trend_ma36,trend,36.0,train,38409,0.00502036721902335,0.05555555555555555,48.0,15.921923578195466
88,87,Patv_raw,trend_ma36,trend,36.0,train,37507,0.008213809286741171,0.05555555555555555,47.0,17.012737534654818
89,88,Patv_raw,trend_ma36,trend,36.0,train,37730,0.006445954009834032,0.05555555555555555,51.0,16.497060192666407
90,89,Patv_raw,trend_ma36,trend,36.0,train,37905,0.007045265958718052,0.05555555555555555,48.0,16.076465674646467
91,90,Patv_raw,trend_ma36,trend,36.0,train,38068,0.006607602384901829,0.05555555555555555,46.0,16.45342916984171
92,91,Patv_raw,trend_ma36,trend,36.0,train,37844,0.006808692651083581,0.05555555555555555,47.0,14.899805056755907
93,92,Patv_raw,trend_ma36,trend,36.0,train,37328,0.008781748936064307,0.05555555555555555,50.0,14.983806486339063
94,93,Patv_raw,trend_ma36,trend,36.0,train,37767,0.009082420354504862,0.05555555555555555,49.0,15.75747165656876
95,94,Patv_raw,trend_ma36,trend,36.0,train,37756,0.007953894906227789,0.05555555555555555,47.0,17.826394370540694
96,95,Patv_raw,trend_ma36,trend,36.0,train,36486,0.008702870847293487,0.05555555555555555,49.0,15.111136214802572
97,96,Patv_raw,trend_ma36,trend,36.0,train,37087,0.007471437775753787,0.05555555555555555,48.0,14.742074785387949
98,97,Patv_raw,trend_ma36,trend,36.0,train,38169,0.005653648778365897,0.05555555555555555,49.0,15.794917766392308
99,98,Patv_raw,trend_ma36,trend,36.0,train,38643,0.004277460126603849,0.05555555555555555,49.0,14.820532058371462
100,99,Patv_raw,trend_ma36,trend,36.0,train,37677,0.0064835900863964785,0.05555555555555555,52.0,14.577589815779525
101,100,Patv_raw,trend_ma36,trend,36.0,train,37967,0.00723596031813234,0.05555555555555555,49.0,16.076923304364662
102,101,Patv_raw,trend_ma36,trend,36.0,train,37469,0.007243574020154483,0.05555555555555555,49.0,17.324231056146814
103,102,Patv_raw,trend_ma36,trend,36.0,train,38319,0.005078829065712543,0.05555555555555555,48.0,15.895029456397175
104,103,Patv_raw,trend_ma36,trend,36.0,train,37785,0.007313342046150818,0.05555555555555555,47.0,16.722919008350583
105,104,Patv_raw,trend_ma36,trend,36.0,train,38166,0.007433496908191395,0.05555555555555555,47.0,17.07758141650204
106,105,Patv_raw,trend_ma36,trend,36.0,train,37059,0.008694135322159367,0.05555555555555555,48.0,16.949388044305607
107,106,Patv_raw,trend_ma36,trend,36.0,train,38239,0.0065366340939343685,0.05555555555555555,47.0,16.718327048928465
108,107,Patv_raw,trend_ma36,trend,36.0,train,36582,0.00628850610760979,0.05555555555555555,47.0,17.524724733922625
109,108,Patv_raw,trend_ma36,trend,36.0,train,38172,0.00761430052869269,0.05555555555555555,46.0,16.41928560229697
110,109,Patv_raw,trend_ma36,trend,36.0,train,38318,0.007171285409530891,0.05555555555555555,47.0,17.501817974724876
111,110,Patv_raw,trend_ma36,trend,36.0,train,37913,0.0072173056665701145,0.05555555555555555,48.0,16.79196017474282
112,111,Patv_raw,trend_ma36,trend,36.0,train,38015,0.007782748723864028,0.05555555555555555,48.0,17.345585432685112
113,112,Patv_raw,trend_ma36,trend,36.0,train,37973,0.007409606691663292,0.05555555555555555,46.0,16.268556213680288
114,113,Patv_raw,trend_ma36,trend,36.0,train,37483,0.00800960207543821,0.05555555555555555,49.0,17.32121644811514
115,114,Patv_raw,trend_ma36,trend,36.0,train,37483,0.007454121990256069,0.05555555555555555,49.0,14.593144343362226
116,115,Patv_raw,trend_ma36,trend,36.0,train,37223,0.007652834117269808,0.05555555555555555,46.0,15.545315965289666
117,116,Patv_raw,trend_ma36,trend,36.0,train,37871,0.008050905205643031,0.05555555555555555,47.0,16.17244282097288
118,117,Patv_raw,trend_ma36,trend,36.0,train,37552,0.008159874018249996,0.05555555555555555,46.0,17.97059229477098
119,118,Patv_raw,trend_ma36,trend,36.0,train,38057,0.0066903271258380165,0.05555555555555555,49.0,16.109285612969156
120,119,Patv_raw,trend_ma36,trend,36.0,train,37941,0.006410975506811958,0.05555555555555555,47.0,15.471076401868762
121,120,Patv_raw,trend_ma36,trend,36.0,train,38026,0.005866894357482856,0.05555555555555555,48.0,16.006330121487505
122,121,Patv_raw,trend_ma36,trend,36.0,train,37627,0.007701782403624352,0.05555555555555555,47.0,15.387702662545111
123,122,Patv_raw,trend_ma36,trend,36.0,train,36853,0.009881295871443463,0.05555555555555555,44.0,17.463269493935105
124,123,Patv_raw,trend_ma36,trend,36.0,train,37634,0.006972145603760037,0.05555555555555555,49.0,15.321612269099587
125,124,Patv_raw,trend_ma36,trend,36.0,train,37212,0.007617558516647979,0.05555555555555555,50.0,17.196371069503137
126,125,Patv_raw,trend_ma36,trend,36.0,train,37793,0.007567840200540953,0.05555555555555555,45.0,17.58034671819682
127,126,Patv_raw,trend_ma36,trend,36.0,train,38017,0.006973278678695986,0.05555555555555555,45.0,16.899263149275928
128,127,Patv_raw,trend_ma36,trend,36.0,train,37956,0.007526648167415374,0.05555555555555555,45.0,17.78806344591929
129,128,Patv_raw,trend_ma36,trend,36.0,train,38013,0.00690849414475614,0.05555555555555555,46.0,17.25082986998394
130,129,Patv_raw,trend_ma36,trend,36.0,train,37980,0.00767344828779964,0.05555555555555555,44.0,17.13626385799891
131,130,Patv_raw,trend_ma36,trend,36.0,train,37942,0.007393218128321857,0.05555555555555555,45.0,16.884325909431205
132,131,Patv_raw,trend_ma36,trend,36.0,train,38914,0.005177851355381545,0.05555555555555555,47.0,16.343561300798434
133,132,Patv_raw,trend_ma36,trend,36.0,train,37013,0.009302328087346828,0.05555555555555555,43.0,18.928949183221093
134,133,Patv_raw,trend_ma36,trend,36.0,train,38538,0.005483249784372901,0.05555555555555555,47.0,16.81828219282949
1,0,Patv_raw,local_residual_ma36,local_residual,36.0,train,29137,0.19406783974725794,0.05555555555555555,10.0,137.4315178069734
2,1,Patv_raw,local_residual_ma36,local_residual,36.0,train,28959,0.19990930832036805,0.05555555555555555,10.0,127.56904821098365
3,2,Patv_raw,local_residual_ma36,local_residual,36.0,train,29335,0.18803792197214556,0.05555555555555555,10.0,136.1597570847549
4,3,Patv_raw,local_residual_ma36,local_residual,36.0,train,29396,0.2011599365811308,0.05555555555555555,10.0,143.71301149985896
5,4,Patv_raw,local_residual_ma36,local_residual,36.0,train,30536,0.18392093775224957,0.05555555555555555,11.0,134.03333167634975
6,5,Patv_raw,local_residual_ma36,local_residual,36.0,train,29735,0.18376876735260952,0.05555555555555555,11.0,137.2321293648162
7,6,Patv_raw,local_residual_ma36,local_residual,36.0,train,29936,0.18878634349711748,0.05555555555555555,10.0,133.2568030423852
8,7,Patv_raw,local_residual_ma36,local_residual,36.0,train,30104,0.1866696435455487,0.05555555555555555,11.0,137.49299174661283
9,8,Patv_raw,local_residual_ma36,local_residual,36.0,train,29481,0.19353527585699948,0.05555555555555555,10.0,139.78826144420168
10,9,Patv_raw,local_residual_ma36,local_residual,36.0,train,29851,0.1891066720974818,0.05555555555555555,11.0,136.23208568020573
11,10,Patv_raw,local_residual_ma36,local_residual,36.0,train,29700,0.1961751261021945,0.05555555555555555,10.0,138.42536651265053
12,11,Patv_raw,local_residual_ma36,local_residual,36.0,train,29677,0.1862004562715964,0.05555555555555555,11.0,138.14564755086644
13,12,Patv_raw,local_residual_ma36,local_residual,36.0,train,29800,0.19877070367028984,0.05555555555555555,10.0,142.34068156991367
14,13,Patv_raw,local_residual_ma36,local_residual,36.0,train,30542,0.19649568744975213,0.05555555555555555,10.0,136.3340158147297
15,14,Patv_raw,local_residual_ma36,local_residual,36.0,train,29559,0.19695779301555652,0.05555555555555555,10.0,136.12311208252112
16,15,Patv_raw,local_residual_ma36,local_residual,36.0,train,29481,0.18979246856349918,0.05555555555555555,10.0,130.49606821472238
17,16,Patv_raw,local_residual_ma36,local_residual,36.0,train,29777,0.19398970160571827,0.05555555555555555,10.0,136.4551977011187
18,17,Patv_raw,local_residual_ma36,local_residual,36.0,train,30543,0.17614543444645628,0.05555555555555555,11.0,126.89130028754492
19,18,Patv_raw,local_residual_ma36,local_residual,36.0,train,29621,0.20923241493689562,0.05555555555555555,10.0,142.53081138901769
20,19,Patv_raw,local_residual_ma36,local_residual,36.0,train,29033,0.1965239289568999,0.05555555555555555,10.0,133.5193990384356
21,20,Patv_raw,local_residual_ma36,local_residual,36.0,train,29841,0.20203080972502105,0.05555555555555555,10.0,135.9048352144386
22,21,Patv_raw,local_residual_ma36,local_residual,36.0,train,28467,0.2064524154001991,0.05555555555555555,10.0,144.8931448680378
23,22,Patv_raw,local_residual_ma36,local_residual,36.0,train,29195,0.19901676679848,0.05555555555555555,10.0,143.16170825604453
24,23,Patv_raw,local_residual_ma36,local_residual,36.0,train,29488,0.20860643419982486,0.05555555555555555,10.0,138.04760164499325
25,24,Patv_raw,local_residual_ma36,local_residual,36.0,train,29298,0.19945179741808097,0.05555555555555555,10.0,143.660588473389
26,25,Patv_raw,local_residual_ma36,local_residual,36.0,train,30943,0.18756821264657575,0.05555555555555555,11.0,139.36566261269385
27,26,Patv_raw,local_residual_ma36,local_residual,36.0,train,30017,0.21543009690686793,0.05555555555555555,10.0,147.24016161809834
28,27,Patv_raw,local_residual_ma36,local_residual,36.0,train,31069,0.20769812807488197,0.05555555555555555,10.0,144.12043401008742
29,28,Patv_raw,local_residual_ma36,local_residual,36.0,train,29534,0.20739389960214902,0.05555555555555555,10.0,142.22687203084814
30,29,Patv_raw,local_residual_ma36,local_residual,36.0,train,30073,0.205027387975752,0.05555555555555555,10.0,137.31612605230913
31,30,Patv_raw,local_residual_ma36,local_residual,36.0,train,30171,0.20764717828589116,0.05555555555555555,10.0,142.85866701739934
32,31,Patv_raw,local_residual_ma36,local_residual,36.0,train,29140,0.21371944156667647,0.05555555555555555,10.0,146.22808979267234
33,32,Patv_raw,local_residual_ma36,local_residual,36.0,train,29659,0.2020832479782198,0.05555555555555555,10.0,136.70145145387337
34,33,Patv_raw,local_residual_ma36,local_residual,36.0,train,29059,0.22100171103302105,0.05555555555555555,10.0,145.68238948457258
35,34,Patv_raw,local_residual_ma36,local_residual,36.0,train,28819,0.21665323405209852,0.05555555555555555,10.0,142.17568913750478
36,35,Patv_raw,local_residual_ma36,local_residual,36.0,train,29510,0.21505935206699542,0.05555555555555555,10.0,142.8590756888302
37,36,Patv_raw,local_residual_ma36,local_residual,36.0,train,29533,0.19191278168884723,0.05555555555555555,11.0,135.2215966150226
38,37,Patv_raw,local_residual_ma36,local_residual,36.0,train,30005,0.20052776648767898,0.05555555555555555,10.0,136.3167534479815
39,38,Patv_raw,local_residual_ma36,local_residual,36.0,train,29545,0.2206076208323038,0.05555555555555555,10.0,146.56112626883908
40,39,Patv_raw,local_residual_ma36,local_residual,36.0,train,29947,0.1950454789170394,0.05555555555555555,10.0,138.02061030739677
41,40,Patv_raw,local_residual_ma36,local_residual,36.0,train,28512,0.19965481018704262,0.05555555555555555,10.0,138.6833701864606
42,41,Patv_raw,local_residual_ma36,local_residual,36.0,train,29301,0.20459968104530984,0.05555555555555555,10.0,137.2127541190972
43,42,Patv_raw,local_residual_ma36,local_residual,36.0,train,29753,0.19447525120521472,0.05555555555555555,11.0,133.31426524336453
44,43,Patv_raw,local_residual_ma36,local_residual,36.0,train,28396,0.21674409015998464,0.05555555555555555,10.0,148.61344974448988
45,44,Patv_raw,local_residual_ma36,local_residual,36.0,train,29212,0.20730850581298396,0.05555555555555555,10.0,141.68387770023367
46,45,Patv_raw,local_residual_ma36,local_residual,36.0,train,28542,0.20239745330607298,0.05555555555555555,10.0,136.46697020258998
47,46,Patv_raw,local_residual_ma36,local_residual,36.0,train,28798,0.20639104517537243,0.05555555555555555,10.0,141.72728243101707
48,47,Patv_raw,local_residual_ma36,local_residual,36.0,train,29555,0.20039581883247257,0.05555555555555555,10.0,137.07947281052674
49,48,Patv_raw,local_residual_ma36,local_residual,36.0,train,31101,0.19173585021490988,0.05555555555555555,11.0,136.81782096428947
50,49,Patv_raw,local_residual_ma36,local_residual,36.0,train,29291,0.20279159095859567,0.05555555555555555,10.0,141.01058640527262
51,50,Patv_raw,local_residual_ma36,local_residual,36.0,train,30083,0.18834613501217817,0.05555555555555555,11.0,132.37035982310874
52,51,Patv_raw,local_residual_ma36,local_residual,36.0,train,27691,0.20411605737205546,0.05555555555555555,10.0,142.31405554724228
53,52,Patv_raw,local_residual_ma36,local_residual,36.0,train,30346,0.19832383503595807,0.05555555555555555,11.0,133.02271534792604
54,53,Patv_raw,local_residual_ma36,local_residual,36.0,train,30243,0.19879967860677847,0.05555555555555555,11.0,134.83686872036245
55,54,Patv_raw,local_residual_ma36,local_residual,36.0,train,29423,0.19814672811684794,0.05555555555555555,11.0,136.13976821144047
56,55,Patv_raw,local_residual_ma36,local_residual,36.0,train,28283,0.2130694417060498,0.05555555555555555,10.0,140.37644010952977
57,56,Patv_raw,local_residual_ma36,local_residual,36.0,train,30441,0.2024683670811735,0.05555555555555555,10.0,137.13632047133797
58,57,Patv_raw,local_residual_ma36,local_residual,36.0,train,31990,0.1904614494547785,0.05555555555555555,11.0,137.18525041855355
59,58,Patv_raw,local_residual_ma36,local_residual,36.0,train,28560,0.21628582270152016,0.05555555555555555,10.0,139.12135695206413
60,59,Patv_raw,local_residual_ma36,local_residual,36.0,train,29008,0.2179928580784303,0.05555555555555555,10.0,141.64220935778573
61,60,Patv_raw,local_residual_ma36,local_residual,36.0,train,28492,0.21439552500859402,0.05555555555555555,10.0,142.7067911836292
62,61,Patv_raw,local_residual_ma36,local_residual,36.0,train,30820,0.19741200704010828,0.05555555555555555,10.0,132.38085964819777
63,62,Patv_raw,local_residual_ma36,local_residual,36.0,train,29572,0.19932487455700068,0.05555555555555555,10.0,136.6508412679475
64,63,Patv_raw,local_residual_ma36,local_residual,36.0,train,28577,0.20348477322701514,0.05555555555555555,10.0,133.4376326983028
65,64,Patv_raw,local_residual_ma36,local_residual,36.0,train,29216,0.21010878855275222,0.05555555555555555,10.0,136.9322118355382
66,65,Patv_raw,local_residual_ma36,local_residual,36.0,train,29658,0.20030630133999244,0.05555555555555555,10.0,136.87660168136054
67,66,Patv_raw,local_residual_ma36,local_residual,36.0,train,30453,0.19987830316375105,0.05555555555555555,10.0,132.91985880316753
68,67,Patv_raw,local_residual_ma36,local_residual,36.0,train,30091,0.20059566876733,0.05555555555555555,10.0,131.81270246064793
69,68,Patv_raw,local_residual_ma36,local_residual,36.0,train,29268,0.1928862505145924,0.05555555555555555,10.0,135.4303311931475
70,69,Patv_raw,local_residual_ma36,local_residual,36.0,train,29360,0.19235092671653192,0.05555555555555555,11.0,135.01466822544126
71,70,Patv_raw,local_residual_ma36,local_residual,36.0,train,32019,0.1848005503858963,0.05555555555555555,11.0,135.07362798594966
72,71,Patv_raw,local_residual_ma36,local_residual,36.0,train,29021,0.2004153161132551,0.05555555555555555,10.0,138.82987224603602
73,72,Patv_raw,local_residual_ma36,local_residual,36.0,train,30895,0.18428961377593056,0.05555555555555555,11.0,129.91659122799965
74,73,Patv_raw,local_residual_ma36,local_residual,36.0,train,29713,0.19642895907785368,0.05555555555555555,11.0,135.82179415735632
75,74,Patv_raw,local_residual_ma36,local_residual,36.0,train,29099,0.20067129950126567,0.05555555555555555,10.0,137.1388660305779
76,75,Patv_raw,local_residual_ma36,local_residual,36.0,train,29453,0.19497439459451818,0.05555555555555555,11.0,123.93100312274825
77,76,Patv_raw,local_residual_ma36,local_residual,36.0,train,29305,0.19383744189825497,0.05555555555555555,11.0,129.63869370250842
78,77,Patv_raw,local_residual_ma36,local_residual,36.0,train,28411,0.20878385774183394,0.05555555555555555,10.0,131.83803280019222
79,78,Patv_raw,local_residual_ma36,local_residual,36.0,train,28399,0.20906871860211257,0.05555555555555555,10.0,132.88635056233298
80,79,Patv_raw,local_residual_ma36,local_residual,36.0,train,29395,0.20163828543068463,0.05555555555555555,10.0,132.63638819363794
81,80,Patv_raw,local_residual_ma36,local_residual,36.0,train,29368,0.19844460928745938,0.05555555555555555,11.0,129.20076858031015
82,81,Patv_raw,local_residual_ma36,local_residual,36.0,train,28024,0.20570890903822922,0.05555555555555555,10.0,133.0220886057307
83,82,Patv_raw,local_residual_ma36,local_residual,36.0,train,28687,0.18686694511857205,0.05555555555555555,12.0,136.28894548357954
84,83,Patv_raw,local_residual_ma36,local_residual,36.0,train,32127,0.19115195850293445,0.05555555555555555,11.0,129.31816207130365
85,84,Patv_raw,local_residual_ma36,local_residual,36.0,train,28514,0.20174014710619192,0.05555555555555555,10.0,128.4078941711931
86,85,Patv_raw,local_residual_ma36,local_residual,36.0,train,29675,0.2018697433662875,0.05555555555555555,10.0,133.28404373535938
87,86,Patv_raw,local_residual_ma36,local_residual,36.0,train,31877,0.20654070616354045,0.05555555555555555,10.0,130.10541541687047
88,87,Patv_raw,local_residual_ma36,local_residual,36.0,train,28834,0.23037545113596408,0.05555555555555555,9.0,148.41819124257705
89,88,Patv_raw,local_residual_ma36,local_residual,36.0,train,29227,0.20031860229959872,0.05555555555555555,10.0,129.96393695275137
90,89,Patv_raw,local_residual_ma36,local_residual,36.0,train,29488,0.19881626164591548,0.05555555555555555,10.0,133.47920871113809
91,90,Patv_raw,local_residual_ma36,local_residual,36.0,train,29272,0.20234565017064068,0.05555555555555555,10.0,133.87867098398016
92,91,Patv_raw,local_residual_ma36,local_residual,36.0,train,28380,0.21607338990277555,0.05555555555555555,10.0,124.09875503716648
93,92,Patv_raw,local_residual_ma36,local_residual,36.0,train,27380,0.21231527945514908,0.05555555555555555,10.0,120.23393253202244
94,93,Patv_raw,local_residual_ma36,local_residual,36.0,train,28730,0.2109040531424707,0.05555555555555555,10.0,114.54057394106475
95,94,Patv_raw,local_residual_ma36,local_residual,36.0,train,28019,0.21111909609263546,0.05555555555555555,10.0,135.703451554581
96,95,Patv_raw,local_residual_ma36,local_residual,36.0,train,26682,0.21252599065274722,0.05555555555555555,10.0,125.28737680755692
97,96,Patv_raw,local_residual_ma36,local_residual,36.0,train,27208,0.2144584633248504,0.05555555555555555,10.0,120.61474430102135
98,97,Patv_raw,local_residual_ma36,local_residual,36.0,train,30107,0.199592038354471,0.05555555555555555,11.0,128.55339310683672
99,98,Patv_raw,local_residual_ma36,local_residual,36.0,train,30803,0.1988211219439275,0.05555555555555555,11.0,115.31212086962712
100,99,Patv_raw,local_residual_ma36,local_residual,36.0,train,28128,0.2026077213665746,0.05555555555555555,11.0,117.73644288208227
101,100,Patv_raw,local_residual_ma36,local_residual,36.0,train,28966,0.20909449939591368,0.05555555555555555,10.0,134.86210478147785
102,101,Patv_raw,local_residual_ma36,local_residual,36.0,train,27847,0.21564741144069635,0.05555555555555555,10.0,133.58960009998881
103,102,Patv_raw,local_residual_ma36,local_residual,36.0,train,30432,0.20130510392298265,0.05555555555555555,11.0,131.2757011915546
104,103,Patv_raw,local_residual_ma36,local_residual,36.0,train,28811,0.21003706311063028,0.05555555555555555,10.0,136.0239670407919
105,104,Patv_raw,local_residual_ma36,local_residual,36.0,train,29004,0.21273352104782292,0.05555555555555555,10.0,139.75733651080284
106,105,Patv_raw,local_residual_ma36,local_residual,36.0,train,28170,0.20315090716331827,0.05555555555555555,10.0,134.1597247139293
107,106,Patv_raw,local_residual_ma36,local_residual,36.0,train,30096,0.20331449374250748,0.05555555555555555,10.0,132.08956551773662
108,107,Patv_raw,local_residual_ma36,local_residual,36.0,train,27816,0.215859119105655,0.05555555555555555,10.0,138.68026119348335
109,108,Patv_raw,local_residual_ma36,local_residual,36.0,train,29527,0.22046989270932027,0.05555555555555555,10.0,148.09357300591444
110,109,Patv_raw,local_residual_ma36,local_residual,36.0,train,29542,0.20468441962005837,0.05555555555555555,10.0,134.80396690078555
111,110,Patv_raw,local_residual_ma36,local_residual,36.0,train,29449,0.21812023990223306,0.05555555555555555,10.0,137.5619394132698
112,111,Patv_raw,local_residual_ma36,local_residual,36.0,train,28507,0.2212546182720749,0.05555555555555555,10.0,134.24397294230013
113,112,Patv_raw,local_residual_ma36,local_residual,36.0,train,29010,0.2059624867899987,0.05555555555555555,10.0,132.32930460883796
114,113,Patv_raw,local_residual_ma36,local_residual,36.0,train,28280,0.1957315452340214,0.05555555555555555,10.0,135.13690151181004
115,114,Patv_raw,local_residual_ma36,local_residual,36.0,train,26760,0.21322718363298487,0.05555555555555555,10.0,121.72110722867048
116,115,Patv_raw,local_residual_ma36,local_residual,36.0,train,27587,0.21108654087186618,0.05555555555555555,10.0,126.38029554825212
117,116,Patv_raw,local_residual_ma36,local_residual,36.0,train,27684,0.21804670787831457,0.05555555555555555,10.0,127.23432652668676
118,117,Patv_raw,local_residual_ma36,local_residual,36.0,train,28352,0.21600517561410082,0.05555555555555555,10.0,143.81759604788323
119,118,Patv_raw,local_residual_ma36,local_residual,36.0,train,29879,0.19678106578141394,0.05555555555555555,11.0,134.33072643573087
120,119,Patv_raw,local_residual_ma36,local_residual,36.0,train,29177,0.2070003800202516,0.05555555555555555,10.0,130.03500587626885
121,120,Patv_raw,local_residual_ma36,local_residual,36.0,train,29494,0.2045843880337251,0.05555555555555555,10.0,133.95577572714717
122,121,Patv_raw,local_residual_ma36,local_residual,36.0,train,27445,0.22428362078184955,0.05555555555555555,10.0,131.07183258791684
123,122,Patv_raw,local_residual_ma36,local_residual,36.0,train,27744,0.21213819567923903,0.05555555555555555,10.0,143.37018769375746
124,123,Patv_raw,local_residual_ma36,local_residual,36.0,train,27455,0.21230423345962443,0.05555555555555555,10.0,121.40148791618678
125,124,Patv_raw,local_residual_ma36,local_residual,36.0,train,28149,0.20776747923195796,0.05555555555555555,10.0,135.12374811683839
126,125,Patv_raw,local_residual_ma36,local_residual,36.0,train,28447,0.21381282559773168,0.05555555555555555,10.0,135.70826790600088
127,126,Patv_raw,local_residual_ma36,local_residual,36.0,train,29221,0.20198869909299935,0.05555555555555555,10.0,137.41225609144382
128,127,Patv_raw,local_residual_ma36,local_residual,36.0,train,29371,0.19914173284789774,0.05555555555555555,10.0,131.0172222738709
129,128,Patv_raw,local_residual_ma36,local_residual,36.0,train,29885,0.20790760328741958,0.05555555555555555,10.0,138.57574386528722
130,129,Patv_raw,local_residual_ma36,local_residual,36.0,train,29185,0.20727261356465446,0.05555555555555555,10.0,137.05238392508676
131,130,Patv_raw,local_residual_ma36,local_residual,36.0,train,29465,0.194634072481071,0.05555555555555555,10.0,135.11893169633868
132,131,Patv_raw,local_residual_ma36,local_residual,36.0,train,30826,0.19951896337397693,0.05555555555555555,10.0,137.65950811856328
133,132,Patv_raw,local_residual_ma36,local_residual,36.0,train,27968,0.22147957386492884,0.05555555555555555,10.0,143.3637706918499
134,133,Patv_raw,local_residual_ma36,local_residual,36.0,train,30469,0.2122675677338164,0.05555555555555555,10.0,141.9780510081026
1,0,Wspd,raw,raw,,train,42047,0.03691124300067455,0.05555555555555555,49.0,0.7860522192096073
2,1,Wspd,raw,raw,,train,42047,0.036105879270636757,0.05555555555555555,49.0,0.7810926420120805
3,2,Wspd,raw,raw,,train,42047,0.03595080528684814,0.05555555555555555,50.0,0.7586755082450518
4,3,Wspd,raw,raw,,train,42047,0.03743031718420657,0.05555555555555555,49.0,0.7622464268853403
5,4,Wspd,raw,raw,,train,42047,0.03660414649184062,0.05555555555555555,50.0,0.7787028591356379
6,5,Wspd,raw,raw,,train,42047,0.0346528759603203,0.05555555555555555,51.0,0.7484729829361721
7,6,Wspd,raw,raw,,train,42047,0.03754258284033365,0.05555555555555555,49.0,0.8736193425823217
8,7,Wspd,raw,raw,,train,42047,0.036744106700004886,0.05555555555555555,49.0,0.8091244809221689
9,8,Wspd,raw,raw,,train,42047,0.03612689177924899,0.05555555555555555,49.0,0.7590637994053235
10,9,Wspd,raw,raw,,train,42047,0.03683737532118851,0.05555555555555555,49.0,0.7903732924741412
11,10,Wspd,raw,raw,,train,42047,0.03744592121801765,0.05555555555555555,49.0,0.7551050562691751
12,11,Wspd,raw,raw,,train,42047,0.03544590635085801,0.05555555555555555,50.0,0.7440767740090392
13,12,Wspd,raw,raw,,train,42047,0.038122535416763886,0.05555555555555555,49.0,0.7764796192108175
14,13,Wspd,raw,raw,,train,42047,0.03802293618801987,0.05555555555555555,49.0,0.7912226520742788
15,14,Wspd,raw,raw,,train,42047,0.038270939001853056,0.05555555555555555,48.0,0.7699912977449336
16,15,Wspd,raw,raw,,train,42047,0.03915015047749098,0.05555555555555555,48.0,0.7473307932725373
17,16,Wspd,raw,raw,,train,42047,0.039397213080120376,0.05555555555555555,47.0,0.7723246138474172
18,17,Wspd,raw,raw,,train,42047,0.038936850848907814,0.05555555555555555,49.0,0.7393956437130992
19,18,Wspd,raw,raw,,train,42047,0.03951298414265926,0.05555555555555555,48.0,0.7948045603992595
20,19,Wspd,raw,raw,,train,42047,0.04177573069644369,0.05555555555555555,47.0,0.7699296708300549
21,20,Wspd,raw,raw,,train,42047,0.04265428306610037,0.05555555555555555,47.0,0.8011806932892814
22,21,Wspd,raw,raw,,train,42047,0.040443789399655074,0.05555555555555555,48.0,0.7950295624023936
23,22,Wspd,raw,raw,,train,42047,0.040735590147672515,0.05555555555555555,48.0,0.829833069989014
24,23,Wspd,raw,raw,,train,42047,0.040056530273687704,0.05555555555555555,49.0,0.8442058710564256
25,24,Wspd,raw,raw,,train,42047,0.04181735228735933,0.05555555555555555,48.0,0.8236189384500492
26,25,Wspd,raw,raw,,train,42047,0.04102433466428995,0.05555555555555555,48.0,0.8183899999039679
27,26,Wspd,raw,raw,,train,42047,0.04396448770070441,0.05555555555555555,47.0,0.903358626050406
28,27,Wspd,raw,raw,,train,42047,0.04226041014599199,0.05555555555555555,48.0,0.8146067531956961
29,28,Wspd,raw,raw,,train,42047,0.04382122021229027,0.05555555555555555,47.0,0.8312026607069103
30,29,Wspd,raw,raw,,train,42047,0.04018203928940529,0.05555555555555555,47.0,0.7894303661289142
31,30,Wspd,raw,raw,,train,42047,0.04285147319102325,0.05555555555555555,47.0,0.8776960724918084
32,31,Wspd,raw,raw,,train,42047,0.04311038398478002,0.05555555555555555,48.0,0.8012478257346037
33,32,Wspd,raw,raw,,train,42047,0.04174967292398979,0.05555555555555555,49.0,0.7927800541368962
34,33,Wspd,raw,raw,,train,42047,0.043980075072514974,0.05555555555555555,47.0,0.7870468973362131
35,34,Wspd,raw,raw,,train,42047,0.04537541283482585,0.05555555555555555,47.0,0.8118937627658896
36,35,Wspd,raw,raw,,train,42047,0.04342337844018009,0.05555555555555555,47.0,0.803020323817307
37,36,Wspd,raw,raw,,train,42047,0.04077856924185104,0.05555555555555555,47.0,0.7560919263257155
38,37,Wspd,raw,raw,,train,42047,0.038564281411717485,0.05555555555555555,49.0,0.8222392144207559
39,38,Wspd,raw,raw,,train,42047,0.040633232342234045,0.05555555555555555,47.0,0.8276847308450341
40,39,Wspd,raw,raw,,train,42047,0.04320061156370463,0.05555555555555555,46.0,0.8764066438949067
41,40,Wspd,raw,raw,,train,42047,0.04296650495729197,0.05555555555555555,46.0,0.7637597874807552
42,41,Wspd,raw,raw,,train,42047,0.04516820405910467,0.05555555555555555,46.0,0.8272837350049276
43,42,Wspd,raw,raw,,train,42047,0.04266497419714542,0.05555555555555555,47.0,0.7936964941693627
44,43,Wspd,raw,raw,,train,42047,0.03823454205565323,0.05555555555555555,48.0,0.7307590402876388
45,44,Wspd,raw,raw,,train,42047,0.04119020608063887,0.05555555555555555,46.0,0.8238200545513431
46,45,Wspd,raw,raw,,train,42047,0.04234810157739455,0.05555555555555555,49.0,0.8031097553472796
47,46,Wspd,raw,raw,,train,42047,0.04040105284855493,0.05555555555555555,46.0,0.7852334599387847
48,47,Wspd,raw,raw,,train,42047,0.040955063742567174,0.05555555555555555,46.0,0.863153642397181
49,48,Wspd,raw,raw,,train,42047,0.04154805108660453,0.05555555555555555,46.0,0.8051055122944484
50,49,Wspd,raw,raw,,train,42047,0.04151668525903825,0.05555555555555555,48.0,0.792998058319724
51,50,Wspd,raw,raw,,train,42047,0.04142116145437369,0.05555555555555555,47.0,0.7698572858912399
52,51,Wspd,raw,raw,,train,42047,0.041505128880897475,0.05555555555555555,47.0,0.8471828674695314
53,52,Wspd,raw,raw,,train,42047,0.04281473159848232,0.05555555555555555,48.0,0.8018356300297441
54,53,Wspd,raw,raw,,train,42047,0.04503846753204815,0.05555555555555555,47.0,0.7941313791121721
55,54,Wspd,raw,raw,,train,42047,0.042232810754791565,0.05555555555555555,48.0,0.8044677174049459
56,55,Wspd,raw,raw,,train,42047,0.04482153165794066,0.05555555555555555,47.0,0.7891137093049386
57,56,Wspd,raw,raw,,train,42047,0.042375436323386875,0.05555555555555555,47.0,0.8045859886107918
58,57,Wspd,raw,raw,,train,42047,0.0423840661690904,0.05555555555555555,48.0,0.8019819135499481
59,58,Wspd,raw,raw,,train,42047,0.04317590903931898,0.05555555555555555,47.0,0.7806837648764735
60,59,Wspd,raw,raw,,train,42047,0.04723026800816735,0.05555555555555555,46.0,0.8339068479119387
61,60,Wspd,raw,raw,,train,42047,0.044107838941897806,0.05555555555555555,46.0,0.794571953191495
62,61,Wspd,raw,raw,,train,42047,0.04207083481955656,0.05555555555555555,46.0,0.8328615872741367
63,62,Wspd,raw,raw,,train,42047,0.041969960377337086,0.05555555555555555,47.0,0.7977637280709904
64,63,Wspd,raw,raw,,train,42047,0.04171213691443658,0.05555555555555555,47.0,0.7225877226229122
65,64,Wspd,raw,raw,,train,42047,0.042211132371289845,0.05555555555555555,46.0,0.7528729321775504
66,65,Wspd,raw,raw,,train,42047,0.043665766201135395,0.05555555555555555,45.0,0.8429428684154815
67,66,Wspd,raw,raw,,train,42047,0.048351552321967285,0.05555555555555555,43.0,0.8767561701888837
68,67,Wspd,raw,raw,,train,42047,0.04111794683157152,0.05555555555555555,46.0,0.7873261348383213
69,68,Wspd,raw,raw,,train,42047,0.0380414576447358,0.05555555555555555,46.0,0.7868174322565541
70,69,Wspd,raw,raw,,train,42047,0.03805077346038487,0.05555555555555555,45.0,0.7912989105193704
71,70,Wspd,raw,raw,,train,42047,0.036929951286926714,0.05555555555555555,47.0,0.7635974172762159
72,71,Wspd,raw,raw,,train,42047,0.03902881399213644,0.05555555555555555,46.0,0.7936004074854931
73,72,Wspd,raw,raw,,train,42047,0.03771500985779556,0.05555555555555555,47.0,0.7490780247581781
74,73,Wspd,raw,raw,,train,42047,0.03829881572657435,0.05555555555555555,48.0,0.7656965502204914
75,74,Wspd,raw,raw,,train,42047,0.03819174062387701,0.05555555555555555,47.0,0.7625268994297875
76,75,Wspd,raw,raw,,train,42047,0.04028446433377412,0.05555555555555555,48.0,0.7656776826204718
77,76,Wspd,raw,raw,,train,42047,0.03846381843371878,0.05555555555555555,48.0,0.7531666673498687
78,77,Wspd,raw,raw,,train,42047,0.0406344154357509,0.05555555555555555,48.0,0.7676534728594181
79,78,Wspd,raw,raw,,train,42047,0.04081979081173532,0.05555555555555555,47.0,0.8338514947330818
80,79,Wspd,raw,raw,,train,42047,0.04197226079103521,0.05555555555555555,48.0,0.7968724292762911
81,80,Wspd,raw,raw,,train,42047,0.042482387084248,0.05555555555555555,48.0,0.8058317558790747
82,81,Wspd,raw,raw,,train,42047,0.04136417781682176,0.05555555555555555,48.0,0.781678688310718
83,82,Wspd,raw,raw,,train,42047,0.0415566072535424,0.05555555555555555,47.0,0.7642988444771415
84,83,Wspd,raw,raw,,train,42047,0.041238722189590855,0.05555555555555555,48.0,0.8601221828753365
85,84,Wspd,raw,raw,,train,42047,0.040609008343017367,0.05555555555555555,48.0,0.7773453608927217
86,85,Wspd,raw,raw,,train,42047,0.04431269867623255,0.05555555555555555,46.0,0.8026868435377948
87,86,Wspd,raw,raw,,train,42047,0.040907706859495144,0.05555555555555555,47.0,0.766358353226905
88,87,Wspd,raw,raw,,train,42047,0.04120515647492613,0.05555555555555555,46.0,0.7665369564431236
89,88,Wspd,raw,raw,,train,42047,0.04182337245582081,0.05555555555555555,46.0,0.8027313010766585
90,89,Wspd,raw,raw,,train,42047,0.040354058606153334,0.05555555555555555,47.0,0.8018062084259779
91,90,Wspd,raw,raw,,train,42047,0.037141798532876205,0.05555555555555555,46.0,0.7938066783104594
92,91,Wspd,raw,raw,,train,42047,0.03820431511559966,0.05555555555555555,46.0,0.8003676320274642
93,92,Wspd,raw,raw,,train,42047,0.03995473252902304,0.05555555555555555,47.0,0.7418618237888075
94,93,Wspd,raw,raw,,train,42047,0.03861649320381739,0.05555555555555555,46.0,0.7469767334194818
95,94,Wspd,raw,raw,,train,42047,0.0405806088750627,0.05555555555555555,49.0,0.8431294072549279
96,95,Wspd,raw,raw,,train,42047,0.04210739060703192,0.05555555555555555,48.0,0.7840939318533041
97,96,Wspd,raw,raw,,train,42047,0.04218086029395335,0.05555555555555555,47.0,0.8094925174905131
98,97,Wspd,raw,raw,,train,42047,0.04209515847207212,0.05555555555555555,45.0,0.7798701327914126
99,98,Wspd,raw,raw,,train,42047,0.04089003617836051,0.05555555555555555,45.0,0.7728779242536488
100,99,Wspd,raw,raw,,train,42047,0.04062739600239803,0.05555555555555555,47.0,0.7694730640605091
101,100,Wspd,raw,raw,,train,42047,0.04281381628224118,0.05555555555555555,46.0,0.7921214485874076
102,101,Wspd,raw,raw,,train,42047,0.04243517114367281,0.05555555555555555,48.0,0.8348669167579793
103,102,Wspd,raw,raw,,train,42047,0.0434632438659418,0.05555555555555555,47.0,0.8007217424746483
104,103,Wspd,raw,raw,,train,42047,0.04549575640192087,0.05555555555555555,46.0,0.7805372262924075
105,104,Wspd,raw,raw,,train,42047,0.04347122145664368,0.05555555555555555,46.0,0.8052964266691663
106,105,Wspd,raw,raw,,train,42047,0.046783158217218186,0.05555555555555555,47.0,0.781366107865791
107,106,Wspd,raw,raw,,train,42047,0.04300864597086009,0.05555555555555555,47.0,0.8205670736590415
108,107,Wspd,raw,raw,,train,42047,0.043687249457029766,0.05555555555555555,47.0,0.8184456075700117
109,108,Wspd,raw,raw,,train,42047,0.047732040841644674,0.05555555555555555,45.0,0.8804222449333037
110,109,Wspd,raw,raw,,train,42047,0.04397960916268862,0.05555555555555555,46.0,0.8583677873886997
111,110,Wspd,raw,raw,,train,42047,0.04228489043241947,0.05555555555555555,46.0,0.8018424144944474
112,111,Wspd,raw,raw,,train,42047,0.04129952168979259,0.05555555555555555,47.0,0.856278902846109
113,112,Wspd,raw,raw,,train,42047,0.04007477459908544,0.05555555555555555,46.0,0.8395796126158062
114,113,Wspd,raw,raw,,train,42047,0.040445927835310924,0.05555555555555555,45.0,0.8155004336365592
115,114,Wspd,raw,raw,,train,42047,0.03842831253132912,0.05555555555555555,46.0,0.7198163645988818
116,115,Wspd,raw,raw,,train,42047,0.04852532437665072,0.05555555555555555,44.0,0.8027793865022168
117,116,Wspd,raw,raw,,train,42047,0.04320903155381837,0.05555555555555555,45.0,0.8716594590176341
118,117,Wspd,raw,raw,,train,42047,0.04122401534413706,0.05555555555555555,44.0,0.7627966615928281
119,118,Wspd,raw,raw,,train,42047,0.04446296681796877,0.05555555555555555,45.0,0.779818025585093
120,119,Wspd,raw,raw,,train,42047,0.042007275504110514,0.05555555555555555,46.0,0.8175839986553869
121,120,Wspd,raw,raw,,train,42047,0.044250332218789545,0.05555555555555555,44.0,0.8031165902765759
122,121,Wspd,raw,raw,,train,42047,0.04396430952659416,0.05555555555555555,44.0,0.79449545870436
123,122,Wspd,raw,raw,,train,42047,0.04509287518073023,0.05555555555555555,45.0,0.7887635168339548
124,123,Wspd,raw,raw,,train,42047,0.04181173783853165,0.05555555555555555,45.0,0.7761184626067
125,124,Wspd,raw,raw,,train,42047,0.047940175916023446,0.05555555555555555,46.0,0.8125300695632613
126,125,Wspd,raw,raw,,train,42047,0.04416894125083565,0.05555555555555555,44.0,0.8037933908211234
127,126,Wspd,raw,raw,,train,42047,0.04415329412872283,0.05555555555555555,44.0,0.7577114481477704
128,127,Wspd,raw,raw,,train,42047,0.04706632064082043,0.05555555555555555,43.0,0.793368359819993
129,128,Wspd,raw,raw,,train,42047,0.044257299663172295,0.05555555555555555,44.0,0.7901383415448237
130,129,Wspd,raw,raw,,train,42047,0.043255504960535436,0.05555555555555555,44.0,0.7964777876755197
131,130,Wspd,raw,raw,,train,42047,0.04545711080961578,0.05555555555555555,44.0,0.8677260302363757
132,131,Wspd,raw,raw,,train,42047,0.043824676382048414,0.05555555555555555,44.0,0.8826156119037162
133,132,Wspd,raw,raw,,train,42047,0.0430782474488753,0.05555555555555555,46.0,0.7455515966060744
134,133,Wspd,raw,raw,,train,42047,0.04267496601898282,0.05555555555555555,47.0,0.7946529543556259
1,0,Wspd,trend_ma6,trend,6.0,train,42047,0.00945025327665353,0.05555555555555555,50.0,0.28589649555925783
2,1,Wspd,trend_ma6,trend,6.0,train,42047,0.009247261539330325,0.05555555555555555,51.0,0.2854986574822064
3,2,Wspd,trend_ma6,trend,6.0,train,42047,0.008893723941101316,0.05555555555555555,52.0,0.2698760386603308
4,3,Wspd,trend_ma6,trend,6.0,train,42047,0.009203522340692655,0.05555555555555555,51.0,0.26856813896836434
5,4,Wspd,trend_ma6,trend,6.0,train,42047,0.009169425954726059,0.05555555555555555,52.0,0.27897136359697355
6,5,Wspd,trend_ma6,trend,6.0,train,42047,0.008729820200798797,0.05555555555555555,53.0,0.2702764609915918
7,6,Wspd,trend_ma6,trend,6.0,train,42047,0.00941485107042935,0.05555555555555555,51.0,0.3144736236627698
8,7,Wspd,trend_ma6,trend,6.0,train,42047,0.00911821627042125,0.05555555555555555,51.0,0.28790763795726054
9,8,Wspd,trend_ma6,trend,6.0,train,42047,0.008754295517058629,0.05555555555555555,51.0,0.2676158564255405
10,9,Wspd,trend_ma6,trend,6.0,train,42047,0.009096741111144427,0.05555555555555555,51.0,0.2819688427473024
11,10,Wspd,trend_ma6,trend,6.0,train,42047,0.00902076359645645,0.05555555555555555,51.0,0.26447439187164146
12,11,Wspd,trend_ma6,trend,6.0,train,42047,0.008557707306806913,0.05555555555555555,52.0,0.26031609831584895
13,12,Wspd,trend_ma6,trend,6.0,train,42047,0.009361144223629355,0.05555555555555555,50.0,0.27148504336951634
14,13,Wspd,trend_ma6,trend,6.0,train,42047,0.00937324494417517,0.05555555555555555,51.0,0.27841607424231934
15,14,Wspd,trend_ma6,trend,6.0,train,42047,0.009298932759155049,0.05555555555555555,50.0,0.2686947880765307
16,15,Wspd,trend_ma6,trend,6.0,train,42047,0.009379370933525952,0.05555555555555555,50.0,0.2588696436983706
17,16,Wspd,trend_ma6,trend,6.0,train,42047,0.009469582586173968,0.05555555555555555,49.0,0.2683466092162849
18,17,Wspd,trend_ma6,trend,6.0,train,42047,0.009209507737597175,0.05555555555555555,51.0,0.25511463146246866
19,18,Wspd,trend_ma6,trend,6.0,train,42047,0.009333797985769181,0.05555555555555555,50.0,0.2731979477107141
20,19,Wspd,trend_ma6,trend,6.0,train,42047,0.009656167254126812,0.05555555555555555,49.0,0.25899453511338255
21,20,Wspd,trend_ma6,trend,6.0,train,42047,0.01012744269207255,0.05555555555555555,49.0,0.27138709568929675
22,21,Wspd,trend_ma6,trend,6.0,train,42047,0.009760203915337674,0.05555555555555555,50.0,0.2761252718023056
23,22,Wspd,trend_ma6,trend,6.0,train,42047,0.009999937983464921,0.05555555555555555,50.0,0.2912711439477734
24,23,Wspd,trend_ma6,trend,6.0,train,42047,0.009925894877734974,0.05555555555555555,51.0,0.2977592170312529
25,24,Wspd,trend_ma6,trend,6.0,train,42047,0.010142435876991516,0.05555555555555555,50.0,0.2837769747645479
26,25,Wspd,trend_ma6,trend,6.0,train,42047,0.009822077459496118,0.05555555555555555,50.0,0.2809577984846618
27,26,Wspd,trend_ma6,trend,6.0,train,42047,0.010721933029838138,0.05555555555555555,48.0,0.31104099765300114
28,27,Wspd,trend_ma6,trend,6.0,train,42047,0.010199921805220832,0.05555555555555555,49.0,0.2807428314302357
29,28,Wspd,trend_ma6,trend,6.0,train,42047,0.010363414131643156,0.05555555555555555,49.0,0.2827057396292564
30,29,Wspd,trend_ma6,trend,6.0,train,42047,0.00957109982791984,0.05555555555555555,49.0,0.270396865214738
31,30,Wspd,trend_ma6,trend,6.0,train,42047,0.010303843123568072,0.05555555555555555,49.0,0.3009961681681967
32,31,Wspd,trend_ma6,trend,6.0,train,42047,0.010309472700981495,0.05555555555555555,50.0,0.27104908953397333
33,32,Wspd,trend_ma6,trend,6.0,train,42047,0.010165183634130546,0.05555555555555555,51.0,0.27204209707715676
34,33,Wspd,trend_ma6,trend,6.0,train,42047,0.010808949349819024,0.05555555555555555,49.0,0.26979468929117345
35,34,Wspd,trend_ma6,trend,6.0,train,42047,0.010959697825034575,0.05555555555555555,49.0,0.2741386497220409
36,35,Wspd,trend_ma6,trend,6.0,train,42047,0.010529531209800366,0.05555555555555555,48.0,0.2761897328453881
37,36,Wspd,trend_ma6,trend,6.0,train,42047,0.00981020702387382,0.05555555555555555,49.0,0.2587601997640111
38,37,Wspd,trend_ma6,trend,6.0,train,42047,0.009467321135703739,0.05555555555555555,51.0,0.2870382543381594
39,38,Wspd,trend_ma6,trend,6.0,train,42047,0.00969386828557944,0.05555555555555555,49.0,0.28638902033979924
40,39,Wspd,trend_ma6,trend,6.0,train,42047,0.010053468236955186,0.05555555555555555,47.0,0.29709586922519704
41,40,Wspd,trend_ma6,trend,6.0,train,42047,0.009872392995981645,0.05555555555555555,48.0,0.25613204148461016
42,41,Wspd,trend_ma6,trend,6.0,train,42047,0.010502399857245564,0.05555555555555555,48.0,0.2804001416088251
43,42,Wspd,trend_ma6,trend,6.0,train,42047,0.010037972933999594,0.05555555555555555,49.0,0.2707055779469119
44,43,Wspd,trend_ma6,trend,6.0,train,42047,0.009072099935512213,0.05555555555555555,50.0,0.25500122528047975
45,44,Wspd,trend_ma6,trend,6.0,train,42047,0.010039208514168436,0.05555555555555555,48.0,0.28638599762587225
46,45,Wspd,trend_ma6,trend,6.0,train,42047,0.010546432165333417,0.05555555555555555,51.0,0.28031846316417197
47,46,Wspd,trend_ma6,trend,6.0,train,42047,0.009520907003166254,0.05555555555555555,48.0,0.2684129119586968
48,47,Wspd,trend_ma6,trend,6.0,train,42047,0.009806444134953591,0.05555555555555555,48.0,0.2954142822549274
49,48,Wspd,trend_ma6,trend,6.0,train,42047,0.010007081570684568,0.05555555555555555,48.0,0.27803989413848146
50,49,Wspd,trend_ma6,trend,6.0,train,42047,0.00999993981120939,0.05555555555555555,50.0,0.27156585281531137
51,50,Wspd,trend_ma6,trend,6.0,train,42047,0.00981540014541732,0.05555555555555555,49.0,0.26082847613348425
52,51,Wspd,trend_ma6,trend,6.0,train,42047,0.009918752574015298,0.05555555555555555,49.0,0.2896831212624762
53,52,Wspd,trend_ma6,trend,6.0,train,42047,0.01015300741431656,0.05555555555555555,50.0,0.270787753649922
54,53,Wspd,trend_ma6,trend,6.0,train,42047,0.010760949156081154,0.05555555555555555,49.0,0.2658516286249301
55,54,Wspd,trend_ma6,trend,6.0,train,42047,0.009888134345004178,0.05555555555555555,49.0,0.27143135331972923
56,55,Wspd,trend_ma6,trend,6.0,train,42047,0.010681417826858795,0.05555555555555555,49.0,0.26655976203665277
57,56,Wspd,trend_ma6,trend,6.0,train,42047,0.01001349963995418,0.05555555555555555,49.0,0.2716993268073756
58,57,Wspd,trend_ma6,trend,6.0,train,42047,0.010107131033193103,0.05555555555555555,49.0,0.27125858543211084
59,58,Wspd,trend_ma6,trend,6.0,train,42047,0.01028398671492914,0.05555555555555555,48.0,0.2649535665023987
60,59,Wspd,trend_ma6,trend,6.0,train,42047,0.011666780997157448,0.05555555555555555,48.0,0.2880846922452955
61,60,Wspd,trend_ma6,trend,6.0,train,42047,0.010460494158712329,0.05555555555555555,48.0,0.267469713242193
62,61,Wspd,trend_ma6,trend,6.0,train,42047,0.010080871313755678,0.05555555555555555,48.0,0.28542795962586487
63,62,Wspd,trend_ma6,trend,6.0,train,42047,0.010131584698044083,0.05555555555555555,49.0,0.27404756362692584
64,63,Wspd,trend_ma6,trend,6.0,train,42047,0.009736784965182101,0.05555555555555555,49.0,0.24344354600279938
65,64,Wspd,trend_ma6,trend,6.0,train,42047,0.009713143432543642,0.05555555555555555,48.0,0.25463068238688347
66,65,Wspd,trend_ma6,trend,6.0,train,42047,0.009947908863397794,0.05555555555555555,47.0,0.281806062224892
67,66,Wspd,trend_ma6,trend,6.0,train,42047,0.011106682960049033,0.05555555555555555,45.0,0.28968846009889127
68,67,Wspd,trend_ma6,trend,6.0,train,42047,0.009428865446595925,0.05555555555555555,48.0,0.2684270860070881
69,68,Wspd,trend_ma6,trend,6.0,train,42047,0.009319166753158595,0.05555555555555555,47.0,0.27990121561585696
70,69,Wspd,trend_ma6,trend,6.0,train,42047,0.009218659658923677,0.05555555555555555,47.0,0.2780926802732091
71,70,Wspd,trend_ma6,trend,6.0,train,42047,0.008737433545688405,0.05555555555555555,48.0,0.2641877705795406
72,71,Wspd,trend_ma6,trend,6.0,train,42047,0.009089331208597451,0.05555555555555555,48.0,0.2695905978454177
73,72,Wspd,trend_ma6,trend,6.0,train,42047,0.008704200709080253,0.05555555555555555,49.0,0.2541225578947456
74,73,Wspd,trend_ma6,trend,6.0,train,42047,0.00901535710615862,0.05555555555555555,50.0,0.26193977780253636
75,74,Wspd,trend_ma6,trend,6.0,train,42047,0.008959495493327566,0.05555555555555555,49.0,0.2611411181581233
76,75,Wspd,trend_ma6,trend,6.0,train,42047,0.009591272339821924,0.05555555555555555,49.0,0.2597504786445923
77,76,Wspd,trend_ma6,trend,6.0,train,42047,0.00913807259147246,0.05555555555555555,50.0,0.2571169209430883
78,77,Wspd,trend_ma6,trend,6.0,train,42047,0.009614647795473602,0.05555555555555555,50.0,0.25902766231041247
79,78,Wspd,trend_ma6,trend,6.0,train,42047,0.009677960579236793,0.05555555555555555,49.0,0.28208146793976785
80,79,Wspd,trend_ma6,trend,6.0,train,42047,0.00992835880128194,0.05555555555555555,49.0,0.2671885879245704
81,80,Wspd,trend_ma6,trend,6.0,train,42047,0.010093757331904662,0.05555555555555555,50.0,0.27085792221325405
82,81,Wspd,trend_ma6,trend,6.0,train,42047,0.009696659159963133,0.05555555555555555,50.0,0.26164224843093625
83,82,Wspd,trend_ma6,trend,6.0,train,42047,0.009928509821829364,0.05555555555555555,49.0,0.2580781398374437
84,83,Wspd,trend_ma6,trend,6.0,train,42047,0.0097841946590042,0.05555555555555555,50.0,0.2910612279153703
85,84,Wspd,trend_ma6,trend,6.0,train,42047,0.009589776476193025,0.05555555555555555,49.0,0.2643666290504439
86,85,Wspd,trend_ma6,trend,6.0,train,42047,0.010644446883588895,0.05555555555555555,48.0,0.27212393964667575
87,86,Wspd,trend_ma6,trend,6.0,train,42047,0.009656230807227982,0.05555555555555555,48.0,0.25914190403390724
88,87,Wspd,trend_ma6,trend,6.0,train,42047,0.009600117327240042,0.05555555555555555,48.0,0.2586080765906903
89,88,Wspd,trend_ma6,trend,6.0,train,42047,0.00973540438115854,0.05555555555555555,48.0,0.27157028903914354
90,89,Wspd,trend_ma6,trend,6.0,train,42047,0.00944865710569643,0.05555555555555555,49.0,0.27228265783477934
91,90,Wspd,trend_ma6,trend,6.0,train,42047,0.009012176450803678,0.05555555555555555,48.0,0.2797709372880175
92,91,Wspd,trend_ma6,trend,6.0,train,42047,0.009024955884329871,0.05555555555555555,48.0,0.2768643191863691
93,92,Wspd,trend_ma6,trend,6.0,train,42047,0.009334895127094272,0.05555555555555555,49.0,0.25117827302556345
94,93,Wspd,trend_ma6,trend,6.0,train,42047,0.008864912558606526,0.05555555555555555,48.0,0.25216696399649957
95,94,Wspd,trend_ma6,trend,6.0,train,42047,0.009428426311270558,0.05555555555555555,51.0,0.2825342838971172
96,95,Wspd,trend_ma6,trend,6.0,train,42047,0.00987986284117665,0.05555555555555555,50.0,0.2613874123553
97,96,Wspd,trend_ma6,trend,6.0,train,42047,0.009791638933054325,0.05555555555555555,49.0,0.27017196031509594
98,97,Wspd,trend_ma6,trend,6.0,train,42047,0.009881407251823786,0.05555555555555555,47.0,0.26385074088466604
99,98,Wspd,trend_ma6,trend,6.0,train,42047,0.009452655858389312,0.05555555555555555,47.0,0.26017881570681306
100,99,Wspd,trend_ma6,trend,6.0,train,42047,0.009410341509274747,0.05555555555555555,49.0,0.25715487597975173
101,100,Wspd,trend_ma6,trend,6.0,train,42047,0.009999813783107249,0.05555555555555555,48.0,0.26558102650499393
102,101,Wspd,trend_ma6,trend,6.0,train,42047,0.01005871001128214,0.05555555555555555,50.0,0.2818620730184394
103,102,Wspd,trend_ma6,trend,6.0,train,42047,0.010255113435804592,0.05555555555555555,48.0,0.2708091835671889
104,103,Wspd,trend_ma6,trend,6.0,train,42047,0.010565989727122969,0.05555555555555555,48.0,0.26049996106679674
105,104,Wspd,trend_ma6,trend,6.0,train,42047,0.010157408961283268,0.05555555555555555,48.0,0.26943565820905163
106,105,Wspd,trend_ma6,trend,6.0,train,42047,0.010791347077692229,0.05555555555555555,49.0,0.2561877163832657
107,106,Wspd,trend_ma6,trend,6.0,train,42047,0.009836680016052195,0.05555555555555555,49.0,0.27404099344048244
108,107,Wspd,trend_ma6,trend,6.0,train,42047,0.01000708037345867,0.05555555555555555,49.0,0.2705852680380177
109,108,Wspd,trend_ma6,trend,6.0,train,42047,0.011242595459538651,0.05555555555555555,47.0,0.2973698279389991
110,109,Wspd,trend_ma6,trend,6.0,train,42047,0.010324464352683155,0.05555555555555555,48.0,0.2921976298051351
111,110,Wspd,trend_ma6,trend,6.0,train,42047,0.009824849606106835,0.05555555555555555,48.0,0.27250421037069283
112,111,Wspd,trend_ma6,trend,6.0,train,42047,0.0098167189158254,0.05555555555555555,49.0,0.2971383951252551
113,112,Wspd,trend_ma6,trend,6.0,train,42047,0.009669607971017326,0.05555555555555555,48.0,0.29428865016232825
114,113,Wspd,trend_ma6,trend,6.0,train,42047,0.00953442540741972,0.05555555555555555,47.0,0.2811192188364707
115,114,Wspd,trend_ma6,trend,6.0,train,42047,0.009007938992452103,0.05555555555555555,47.0,0.24808674695710883
116,115,Wspd,trend_ma6,trend,6.0,train,42047,0.011654961494969923,0.05555555555555555,46.0,0.27463756798414296
117,116,Wspd,trend_ma6,trend,6.0,train,42047,0.010561490398636878,0.05555555555555555,47.0,0.30197980517153994
118,117,Wspd,trend_ma6,trend,6.0,train,42047,0.009744092391847209,0.05555555555555555,46.0,0.26093427195089697
119,118,Wspd,trend_ma6,trend,6.0,train,42047,0.010870062286290911,0.05555555555555555,47.0,0.26929455192094987
120,119,Wspd,trend_ma6,trend,6.0,train,42047,0.010013254915570879,0.05555555555555555,47.0,0.2786031031293437
121,120,Wspd,trend_ma6,trend,6.0,train,42047,0.010448134523526756,0.05555555555555555,46.0,0.2718707283361897
122,121,Wspd,trend_ma6,trend,6.0,train,42047,0.01032184607251583,0.05555555555555555,45.0,0.2680945721907667
123,122,Wspd,trend_ma6,trend,6.0,train,42047,0.010233666671450727,0.05555555555555555,47.0,0.2589655335424998
124,123,Wspd,trend_ma6,trend,6.0,train,42047,0.009885974227119588,0.05555555555555555,47.0,0.26508373211679426
125,124,Wspd,trend_ma6,trend,6.0,train,42047,0.01146268574812,0.05555555555555555,48.0,0.2714643799148037
126,125,Wspd,trend_ma6,trend,6.0,train,42047,0.010523739872337757,0.05555555555555555,45.0,0.2741430962514836
127,126,Wspd,trend_ma6,trend,6.0,train,42047,0.010261407638538415,0.05555555555555555,46.0,0.25450760551894486
128,127,Wspd,trend_ma6,trend,6.0,train,42047,0.011497879986411294,0.05555555555555555,45.0,0.27100984353059704
129,128,Wspd,trend_ma6,trend,6.0,train,42047,0.010611173720201244,0.05555555555555555,45.0,0.2718761988333083
130,129,Wspd,trend_ma6,trend,6.0,train,42047,0.010270527165674741,0.05555555555555555,45.0,0.27383625643334203
131,130,Wspd,trend_ma6,trend,6.0,train,42047,0.01226434548453147,0.05555555555555555,46.0,0.3238364373664957
132,131,Wspd,trend_ma6,trend,6.0,train,42047,0.010377523973982708,0.05555555555555555,46.0,0.302094009649427
133,132,Wspd,trend_ma6,trend,6.0,train,42047,0.010157516453330588,0.05555555555555555,48.0,0.25243394308144856
134,133,Wspd,trend_ma6,trend,6.0,train,42047,0.01010022736328313,0.05555555555555555,49.0,0.2712802737974933
1,0,Wspd,local_residual_ma6,local_residual,6.0,train,42047,0.6261693309417306,0.05555555555555555,3.0,0.7219994993028742
2,1,Wspd,local_residual_ma6,local_residual,6.0,train,42047,0.625755505667135,0.05555555555555555,3.0,0.7177228274664499
3,2,Wspd,local_residual_ma6,local_residual,6.0,train,42047,0.6299795558221174,0.05555555555555555,3.0,0.6980002849373581
4,3,Wspd,local_residual_ma6,local_residual,6.0,train,42047,0.642900852542941,0.05555555555555555,3.0,0.7029495331164071
5,4,Wspd,local_residual_ma6,local_residual,6.0,train,42047,0.6373698527456433,0.05555555555555555,3.0,0.7172717155306595
6,5,Wspd,local_residual_ma6,local_residual,6.0,train,42047,0.6276828228761745,0.05555555555555555,3.0,0.6885099989385501
7,6,Wspd,local_residual_ma6,local_residual,6.0,train,42047,0.6375830152658909,0.05555555555555555,3.0,0.8049645253472125
8,7,Wspd,local_residual_ma6,local_residual,6.0,train,42047,0.6383878210327544,0.05555555555555555,3.0,0.7448121236965518
9,8,Wspd,local_residual_ma6,local_residual,6.0,train,42047,0.6394110751990958,0.05555555555555555,3.0,0.6986867126980826
10,9,Wspd,local_residual_ma6,local_residual,6.0,train,42047,0.6418006915185228,0.05555555555555555,3.0,0.7286762907228429
11,10,Wspd,local_residual_ma6,local_residual,6.0,train,42047,0.6496248315330503,0.05555555555555555,3.0,0.6974682588605993
12,11,Wspd,local_residual_ma6,local_residual,6.0,train,42047,0.6448212490050746,0.05555555555555555,3.0,0.6857646742085868
13,12,Wspd,local_residual_ma6,local_residual,6.0,train,42047,0.6512108121085279,0.05555555555555555,3.0,0.7160032462996977
14,13,Wspd,local_residual_ma6,local_residual,6.0,train,42047,0.6501391819552835,0.05555555555555555,3.0,0.7293653766670936
15,14,Wspd,local_residual_ma6,local_residual,6.0,train,42047,0.6452823350834814,0.05555555555555555,3.0,0.7096644779985151
16,15,Wspd,local_residual_ma6,local_residual,6.0,train,42047,0.6476342275039805,0.05555555555555555,3.0,0.6897037561457068
17,16,Wspd,local_residual_ma6,local_residual,6.0,train,42047,0.6446302996040062,0.05555555555555555,3.0,0.7125179222749589
18,17,Wspd,local_residual_ma6,local_residual,6.0,train,42047,0.6500204074126136,0.05555555555555555,3.0,0.6810391911759257
19,18,Wspd,local_residual_ma6,local_residual,6.0,train,42047,0.6511022402521023,0.05555555555555555,3.0,0.7332661505307294
20,19,Wspd,local_residual_ma6,local_residual,6.0,train,42047,0.6559137097641405,0.05555555555555555,2.0,0.711012000036445
21,20,Wspd,local_residual_ma6,local_residual,6.0,train,42047,0.6616647465839889,0.05555555555555555,2.0,0.7398679581823387
22,21,Wspd,local_residual_ma6,local_residual,6.0,train,42047,0.6494828196775587,0.05555555555555555,3.0,0.7323574482037511
23,22,Wspd,local_residual_ma6,local_residual,6.0,train,42047,0.6515338208166473,0.05555555555555555,3.0,0.7659298415145559
24,23,Wspd,local_residual_ma6,local_residual,6.0,train,42047,0.6513106577286853,0.05555555555555555,3.0,0.7789198264384211
25,24,Wspd,local_residual_ma6,local_residual,6.0,train,42047,0.6630898086454231,0.05555555555555555,2.0,0.761052087535085
26,25,Wspd,local_residual_ma6,local_residual,6.0,train,42047,0.6602315622675045,0.05555555555555555,2.0,0.7562113843869154
27,26,Wspd,local_residual_ma6,local_residual,6.0,train,42047,0.6644553177993412,0.05555555555555555,2.0,0.8354344169831535
28,27,Wspd,local_residual_ma6,local_residual,6.0,train,42047,0.662780241701987,0.05555555555555555,2.0,0.7531118858928132
29,28,Wspd,local_residual_ma6,local_residual,6.0,train,42047,0.6706557976069492,0.05555555555555555,2.0,0.7690948189306913
30,29,Wspd,local_residual_ma6,local_residual,6.0,train,42047,0.6628109235026626,0.05555555555555555,2.0,0.7290847484001741
31,30,Wspd,local_residual_ma6,local_residual,6.0,train,42047,0.6679686700966859,0.05555555555555555,2.0,0.812023552482032
32,31,Wspd,local_residual_ma6,local_residual,6.0,train,42047,0.6752344693597111,0.05555555555555555,2.0,0.7418530342195937
33,32,Wspd,local_residual_ma6,local_residual,6.0,train,42047,0.6713858036319493,0.05555555555555555,2.0,0.7327920517204816
34,33,Wspd,local_residual_ma6,local_residual,6.0,train,42047,0.6721958313631565,0.05555555555555555,2.0,0.7281069565199604
35,34,Wspd,local_residual_ma6,local_residual,6.0,train,42047,0.6760253145235992,0.05555555555555555,2.0,0.7506597401490153
36,35,Wspd,local_residual_ma6,local_residual,6.0,train,42047,0.6657332214667806,0.05555555555555555,2.0,0.7421964324092913
37,36,Wspd,local_residual_ma6,local_residual,6.0,train,42047,0.6631765309147478,0.05555555555555555,2.0,0.6982938585500305
38,37,Wspd,local_residual_ma6,local_residual,6.0,train,42047,0.6500809189606214,0.05555555555555555,3.0,0.758534045610056
39,38,Wspd,local_residual_ma6,local_residual,6.0,train,42047,0.65136886989491,0.05555555555555555,3.0,0.7636676987400949
40,39,Wspd,local_residual_ma6,local_residual,6.0,train,42047,0.6621471639933858,0.05555555555555555,2.0,0.8102325192511106
41,40,Wspd,local_residual_ma6,local_residual,6.0,train,42047,0.6655458736273038,0.05555555555555555,2.0,0.7058268085569297
42,41,Wspd,local_residual_ma6,local_residual,6.0,train,42047,0.6623041415815195,0.05555555555555555,2.0,0.7648529605022037
43,42,Wspd,local_residual_ma6,local_residual,6.0,train,42047,0.6611372501448607,0.05555555555555555,2.0,0.7334718166141807
44,43,Wspd,local_residual_ma6,local_residual,6.0,train,42047,0.6446910728904384,0.05555555555555555,3.0,0.6733339332072577
45,44,Wspd,local_residual_ma6,local_residual,6.0,train,42047,0.6513887036413468,0.05555555555555555,3.0,0.7591354335207486
46,45,Wspd,local_residual_ma6,local_residual,6.0,train,42047,0.6590039384602222,0.05555555555555555,3.0,0.7413575856573662
47,46,Wspd,local_residual_ma6,local_residual,6.0,train,42047,0.6550177659380536,0.05555555555555555,2.0,0.7244781734606917
48,47,Wspd,local_residual_ma6,local_residual,6.0,train,42047,0.6568034063262199,0.05555555555555555,2.0,0.7960287395117829
49,48,Wspd,local_residual_ma6,local_residual,6.0,train,42047,0.6585810864438673,0.05555555555555555,2.0,0.7433476309934595
50,49,Wspd,local_residual_ma6,local_residual,6.0,train,42047,0.6627452995041292,0.05555555555555555,2.0,0.7320693360324552
51,50,Wspd,local_residual_ma6,local_residual,6.0,train,42047,0.6661355228743654,0.05555555555555555,2.0,0.7110701989859952
52,51,Wspd,local_residual_ma6,local_residual,6.0,train,42047,0.6657610832421244,0.05555555555555555,2.0,0.7830764431408391
53,52,Wspd,local_residual_ma6,local_residual,6.0,train,42047,0.6741147910491204,0.05555555555555555,2.0,0.7418645596190176
54,53,Wspd,local_residual_ma6,local_residual,6.0,train,42047,0.6826250302990937,0.05555555555555555,2.0,0.7359088185324139
55,54,Wspd,local_residual_ma6,local_residual,6.0,train,42047,0.6705173212726163,0.05555555555555555,2.0,0.7438344961523348
56,55,Wspd,local_residual_ma6,local_residual,6.0,train,42047,0.6785730000269665,0.05555555555555555,2.0,0.7313985699184693
57,56,Wspd,local_residual_ma6,local_residual,6.0,train,42047,0.6685770868080358,0.05555555555555555,2.0,0.7429198457837775
58,57,Wspd,local_residual_ma6,local_residual,6.0,train,42047,0.6686522124858234,0.05555555555555555,2.0,0.7409144915401938
59,58,Wspd,local_residual_ma6,local_residual,6.0,train,42047,0.6677776873043803,0.05555555555555555,2.0,0.7219737350001098
60,59,Wspd,local_residual_ma6,local_residual,6.0,train,42047,0.6703824638024731,0.05555555555555555,2.0,0.7714766930616628
61,60,Wspd,local_residual_ma6,local_residual,6.0,train,42047,0.6675580862504207,0.05555555555555555,2.0,0.7348626014764702
62,61,Wspd,local_residual_ma6,local_residual,6.0,train,42047,0.6598751941507744,0.05555555555555555,2.0,0.7701206217425942
63,62,Wspd,local_residual_ma6,local_residual,6.0,train,42047,0.6586294434051516,0.05555555555555555,2.0,0.7366567665554196
64,63,Wspd,local_residual_ma6,local_residual,6.0,train,42047,0.6598513306387996,0.05555555555555555,2.0,0.6667422795496898
65,64,Wspd,local_residual_ma6,local_residual,6.0,train,42047,0.6568865955143671,0.05555555555555555,2.0,0.6944991935567562
66,65,Wspd,local_residual_ma6,local_residual,6.0,train,42047,0.6651543537095119,0.05555555555555555,2.0,0.7785583879520594
67,66,Wspd,local_residual_ma6,local_residual,6.0,train,42047,0.6704363751564842,0.05555555555555555,2.0,0.810833593861565
68,67,Wspd,local_residual_ma6,local_residual,6.0,train,42047,0.6498962977397985,0.05555555555555555,2.0,0.7259340860634198
69,68,Wspd,local_residual_ma6,local_residual,6.0,train,42047,0.6322172973611205,0.05555555555555555,3.0,0.7233769972741918
70,69,Wspd,local_residual_ma6,local_residual,6.0,train,42047,0.6347828476406246,0.05555555555555555,3.0,0.727925641443964
71,70,Wspd,local_residual_ma6,local_residual,6.0,train,42047,0.6413360868177972,0.05555555555555555,3.0,0.7031975096026901
72,71,Wspd,local_residual_ma6,local_residual,6.0,train,42047,0.651255936010531,0.05555555555555555,3.0,0.7319418910875451
73,72,Wspd,local_residual_ma6,local_residual,6.0,train,42047,0.6518596797608882,0.05555555555555555,2.0,0.6910986220386887
74,73,Wspd,local_residual_ma6,local_residual,6.0,train,42047,0.6514792332311923,0.05555555555555555,2.0,0.7058881276247013
75,74,Wspd,local_residual_ma6,local_residual,6.0,train,42047,0.651273681859465,0.05555555555555555,3.0,0.7030521017397021
76,75,Wspd,local_residual_ma6,local_residual,6.0,train,42047,0.6653933321753633,0.05555555555555555,2.0,0.7071390325012122
77,76,Wspd,local_residual_ma6,local_residual,6.0,train,42047,0.6586393529212484,0.05555555555555555,2.0,0.6956726454957985
78,77,Wspd,local_residual_ma6,local_residual,6.0,train,42047,0.6694324026589528,0.05555555555555555,2.0,0.7096045644895
79,78,Wspd,local_residual_ma6,local_residual,6.0,train,42047,0.6657507478319155,0.05555555555555555,2.0,0.7709891325584116
80,79,Wspd,local_residual_ma6,local_residual,6.0,train,42047,0.6718877040392474,0.05555555555555555,2.0,0.7361718243270408
81,80,Wspd,local_residual_ma6,local_residual,6.0,train,42047,0.6760025172814208,0.05555555555555555,2.0,0.7457792444544051
82,81,Wspd,local_residual_ma6,local_residual,6.0,train,42047,0.6722235809475693,0.05555555555555555,2.0,0.7223113747027403
83,82,Wspd,local_residual_ma6,local_residual,6.0,train,42047,0.6650429430843163,0.05555555555555555,2.0,0.7057132493769877
84,83,Wspd,local_residual_ma6,local_residual,6.0,train,42047,0.6650335885076258,0.05555555555555555,2.0,0.794386964265615
85,84,Wspd,local_residual_ma6,local_residual,6.0,train,42047,0.6614253167255089,0.05555555555555555,2.0,0.7178286622850709
86,85,Wspd,local_residual_ma6,local_residual,6.0,train,42047,0.6678714216775272,0.05555555555555555,2.0,0.7418629607404563
87,86,Wspd,local_residual_ma6,local_residual,6.0,train,42047,0.6564862712278792,0.05555555555555555,2.0,0.7070250275466162
88,87,Wspd,local_residual_ma6,local_residual,6.0,train,42047,0.6564379245038702,0.05555555555555555,2.0,0.7072313354573607
89,88,Wspd,local_residual_ma6,local_residual,6.0,train,42047,0.6578625971442601,0.05555555555555555,2.0,0.7411420332883583
90,89,Wspd,local_residual_ma6,local_residual,6.0,train,42047,0.6488732710013254,0.05555555555555555,3.0,0.7381008527832935
91,90,Wspd,local_residual_ma6,local_residual,6.0,train,42047,0.6341891441890976,0.05555555555555555,3.0,0.72981590417427
92,91,Wspd,local_residual_ma6,local_residual,6.0,train,42047,0.6462073712046507,0.05555555555555555,3.0,0.7377373629122461
93,92,Wspd,local_residual_ma6,local_residual,6.0,train,42047,0.660966105124261,0.05555555555555555,2.0,0.685267567618819
94,93,Wspd,local_residual_ma6,local_residual,6.0,train,42047,0.6555598433610943,0.05555555555555555,2.0,0.6892151087769698
95,94,Wspd,local_residual_ma6,local_residual,6.0,train,42047,0.6674501239136955,0.05555555555555555,2.0,0.7785197287873876
96,95,Wspd,local_residual_ma6,local_residual,6.0,train,42047,0.6709390750329605,0.05555555555555555,2.0,0.723688689726526
97,96,Wspd,local_residual_ma6,local_residual,6.0,train,42047,0.6725567440472064,0.05555555555555555,2.0,0.748499777629568
98,97,Wspd,local_residual_ma6,local_residual,6.0,train,42047,0.6609947315025133,0.05555555555555555,2.0,0.719266615217003
99,98,Wspd,local_residual_ma6,local_residual,6.0,train,42047,0.6614850564227752,0.05555555555555555,2.0,0.7136994711843611
100,99,Wspd,local_residual_ma6,local_residual,6.0,train,42047,0.6647270056873856,0.05555555555555555,2.0,0.7093696688377453
101,100,Wspd,local_residual_ma6,local_residual,6.0,train,42047,0.6690008283913182,0.05555555555555555,2.0,0.7303749206413727
102,101,Wspd,local_residual_ma6,local_residual,6.0,train,42047,0.6678155043486568,0.05555555555555555,2.0,0.7708884769714066
103,102,Wspd,local_residual_ma6,local_residual,6.0,train,42047,0.6713827816164093,0.05555555555555555,2.0,0.7403572445782803
104,103,Wspd,local_residual_ma6,local_residual,6.0,train,42047,0.6768653030248565,0.05555555555555555,2.0,0.7228476310536494
105,104,Wspd,local_residual_ma6,local_residual,6.0,train,42047,0.666511109707852,0.05555555555555555,2.0,0.7440107321835182
106,105,Wspd,local_residual_ma6,local_residual,6.0,train,42047,0.6837273581769981,0.05555555555555555,2.0,0.7231756412901014
107,106,Wspd,local_residual_ma6,local_residual,6.0,train,42047,0.6652200622033838,0.05555555555555555,2.0,0.7587735891883146
108,107,Wspd,local_residual_ma6,local_residual,6.0,train,42047,0.6666057461390177,0.05555555555555555,2.0,0.7561088258211701
109,108,Wspd,local_residual_ma6,local_residual,6.0,train,42047,0.6680919928558536,0.05555555555555555,2.0,0.8143892987288901
110,109,Wspd,local_residual_ma6,local_residual,6.0,train,42047,0.6582410810733099,0.05555555555555555,2.0,0.7917684822835948
111,110,Wspd,local_residual_ma6,local_residual,6.0,train,42047,0.6532313972043812,0.05555555555555555,2.0,0.7380428536299545
112,111,Wspd,local_residual_ma6,local_residual,6.0,train,42047,0.6464255881255875,0.05555555555555555,3.0,0.7894141711806284
113,112,Wspd,local_residual_ma6,local_residual,6.0,train,42047,0.6417205529739967,0.05555555555555555,3.0,0.7737051279412653
114,113,Wspd,local_residual_ma6,local_residual,6.0,train,42047,0.6469256309404603,0.05555555555555555,3.0,0.7515185274413368
115,114,Wspd,local_residual_ma6,local_residual,6.0,train,42047,0.645913717631449,0.05555555555555555,3.0,0.66327424868301
116,115,Wspd,local_residual_ma6,local_residual,6.0,train,42047,0.6568950530627518,0.05555555555555555,2.0,0.7402883736691481
117,116,Wspd,local_residual_ma6,local_residual,6.0,train,42047,0.6595634603121036,0.05555555555555555,3.0,0.8042693994720815
118,117,Wspd,local_residual_ma6,local_residual,6.0,train,42047,0.6559677490956654,0.05555555555555555,2.0,0.7032137474528664
119,118,Wspd,local_residual_ma6,local_residual,6.0,train,42047,0.6685942633905261,0.05555555555555555,2.0,0.7213911927369424
120,119,Wspd,local_residual_ma6,local_residual,6.0,train,42047,0.6541481575410626,0.05555555555555555,2.0,0.753374640045262
121,120,Wspd,local_residual_ma6,local_residual,6.0,train,42047,0.6580965075461935,0.05555555555555555,2.0,0.7400993273304328
122,121,Wspd,local_residual_ma6,local_residual,6.0,train,42047,0.6643632008100611,0.05555555555555555,2.0,0.7335707310752588
123,122,Wspd,local_residual_ma6,local_residual,6.0,train,42047,0.6726445604102662,0.05555555555555555,2.0,0.7279297553417675
124,123,Wspd,local_residual_ma6,local_residual,6.0,train,42047,0.6544220154009155,0.05555555555555555,2.0,0.715185675148356
125,124,Wspd,local_residual_ma6,local_residual,6.0,train,42047,0.6737717817327162,0.05555555555555555,2.0,0.7507982709309188
126,125,Wspd,local_residual_ma6,local_residual,6.0,train,42047,0.6568689259759304,0.05555555555555555,2.0,0.7417017156870532
127,126,Wspd,local_residual_ma6,local_residual,6.0,train,42047,0.6612886489104804,0.05555555555555555,2.0,0.7000660659923854
128,127,Wspd,local_residual_ma6,local_residual,6.0,train,42047,0.6713099951103064,0.05555555555555555,2.0,0.7332796103673906
129,128,Wspd,local_residual_ma6,local_residual,6.0,train,42047,0.6540051346922953,0.05555555555555555,2.0,0.7286501266698749
130,129,Wspd,local_residual_ma6,local_residual,6.0,train,42047,0.6493530181231871,0.05555555555555555,2.0,0.734066607034973
131,130,Wspd,local_residual_ma6,local_residual,6.0,train,42047,0.6153718223388084,0.05555555555555555,3.0,0.7985307424572549
132,131,Wspd,local_residual_ma6,local_residual,6.0,train,42047,0.6515960259058192,0.05555555555555555,2.0,0.8134256704280911
133,132,Wspd,local_residual_ma6,local_residual,6.0,train,42047,0.6585889886527584,0.05555555555555555,2.0,0.6878804646094405
134,133,Wspd,local_residual_ma6,local_residual,6.0,train,42047,0.6548947438125596,0.05555555555555555,2.0,0.7326664747343244
1,0,Wspd,trend_ma18,trend,18.0,train,42047,0.00062994240883778,0.05555555555555555,54.0,0.1560812394984718
2,1,Wspd,trend_ma18,trend,18.0,train,42047,0.000603201748920297,0.05555555555555555,55.0,0.1563995199617758
3,2,Wspd,trend_ma18,trend,18.0,train,42047,0.0005912522324140414,0.05555555555555555,56.0,0.14843469370504994
4,3,Wspd,trend_ma18,trend,18.0,train,42047,0.0006020715371592712,0.05555555555555555,55.0,0.14704028958448803
5,4,Wspd,trend_ma18,trend,18.0,train,42047,0.0006023669983971306,0.05555555555555555,56.0,0.15231707856521
6,5,Wspd,trend_ma18,trend,18.0,train,42047,0.0005677722176048951,0.05555555555555555,56.0,0.14952216536313948
7,6,Wspd,trend_ma18,trend,18.0,train,42047,0.0006110603934309003,0.05555555555555555,55.0,0.17223466780758118
8,7,Wspd,trend_ma18,trend,18.0,train,42047,0.0006063585702755543,0.05555555555555555,55.0,0.15746057235939917
9,8,Wspd,trend_ma18,trend,18.0,train,42047,0.0005684092509688756,0.05555555555555555,54.0,0.14738606911750804
10,9,Wspd,trend_ma18,trend,18.0,train,42047,0.0005908389687534051,0.05555555555555555,54.0,0.1542177492725705
11,10,Wspd,trend_ma18,trend,18.0,train,42047,0.0005865129301994656,0.05555555555555555,54.0,0.14510106894994815
12,11,Wspd,trend_ma18,trend,18.0,train,42047,0.000551251112669817,0.05555555555555555,56.0,0.14378474419177142
13,12,Wspd,trend_ma18,trend,18.0,train,42047,0.0005940345265146558,0.05555555555555555,54.0,0.1480566341965278
14,13,Wspd,trend_ma18,trend,18.0,train,42047,0.000598910217305636,0.05555555555555555,55.0,0.1511676629069552
15,14,Wspd,trend_ma18,trend,18.0,train,42047,0.0005900099070315215,0.05555555555555555,54.0,0.14643338553276022
16,15,Wspd,trend_ma18,trend,18.0,train,42047,0.0005808808962324546,0.05555555555555555,53.0,0.14105183925944842
17,16,Wspd,trend_ma18,trend,18.0,train,42047,0.0005898513608114623,0.05555555555555555,52.0,0.14647275323277606
18,17,Wspd,trend_ma18,trend,18.0,train,42047,0.000578773471812896,0.05555555555555555,54.0,0.13895421743598552
19,18,Wspd,trend_ma18,trend,18.0,train,42047,0.0005803526163611259,0.05555555555555555,54.0,0.14916946697319255
20,19,Wspd,trend_ma18,trend,18.0,train,42047,0.0006113874376832206,0.05555555555555555,53.0,0.14082670340820236
21,20,Wspd,trend_ma18,trend,18.0,train,42047,0.0006230965431937755,0.05555555555555555,53.0,0.14594590950449007
22,21,Wspd,trend_ma18,trend,18.0,train,42047,0.0006636828033575935,0.05555555555555555,54.0,0.1499291059280629
23,22,Wspd,trend_ma18,trend,18.0,train,42047,0.0006831745186599731,0.05555555555555555,54.0,0.15651345578236137
24,23,Wspd,trend_ma18,trend,18.0,train,42047,0.0006755426736511129,0.05555555555555555,55.0,0.16054077287552423
25,24,Wspd,trend_ma18,trend,18.0,train,42047,0.0006750844140027314,0.05555555555555555,54.0,0.1525385983201818
26,25,Wspd,trend_ma18,trend,18.0,train,42047,0.0006515284750564137,0.05555555555555555,54.0,0.15105727183517165
27,26,Wspd,trend_ma18,trend,18.0,train,42047,0.000713394568882805,0.05555555555555555,52.0,0.16545701465126045
28,27,Wspd,trend_ma18,trend,18.0,train,42047,0.0006691820136609843,0.05555555555555555,53.0,0.15042966879578484
29,28,Wspd,trend_ma18,trend,18.0,train,42047,0.0006751988291824958,0.05555555555555555,53.0,0.15067644715321715
30,29,Wspd,trend_ma18,trend,18.0,train,42047,0.0006421101103107034,0.05555555555555555,53.0,0.14672367006755407
31,30,Wspd,trend_ma18,trend,18.0,train,42047,0.0006584430156222846,0.05555555555555555,53.0,0.1607108733011476
32,31,Wspd,trend_ma18,trend,18.0,train,42047,0.0006635208492896395,0.05555555555555555,54.0,0.1443106626296497
33,32,Wspd,trend_ma18,trend,18.0,train,42047,0.0006543676563997054,0.05555555555555555,54.0,0.14552003729965315
34,33,Wspd,trend_ma18,trend,18.0,train,42047,0.000673181623297024,0.05555555555555555,53.0,0.14291866976924678
35,34,Wspd,trend_ma18,trend,18.0,train,42047,0.000695506908614474,0.05555555555555555,53.0,0.14519095017995115
36,35,Wspd,trend_ma18,trend,18.0,train,42047,0.0006626229846807302,0.05555555555555555,52.0,0.14734960789865695
37,36,Wspd,trend_ma18,trend,18.0,train,42047,0.0006196052093449742,0.05555555555555555,52.0,0.14011298609643988
38,37,Wspd,trend_ma18,trend,18.0,train,42047,0.0005885828512980363,0.05555555555555555,54.0,0.1560311698924735
39,38,Wspd,trend_ma18,trend,18.0,train,42047,0.0006120099429360003,0.05555555555555555,52.0,0.1555295266835469
40,39,Wspd,trend_ma18,trend,18.0,train,42047,0.0006324046478587892,0.05555555555555555,51.0,0.1601982085184185
41,40,Wspd,trend_ma18,trend,18.0,train,42047,0.0006176706383022673,0.05555555555555555,52.0,0.13851167523129826
42,41,Wspd,trend_ma18,trend,18.0,train,42047,0.0006585891983106911,0.05555555555555555,51.0,0.1502189872544472
43,42,Wspd,trend_ma18,trend,18.0,train,42047,0.0006360875630428849,0.05555555555555555,52.0,0.1458150266617613
44,43,Wspd,trend_ma18,trend,18.0,train,42047,0.0005667931692530226,0.05555555555555555,53.0,0.139372707955898
45,44,Wspd,trend_ma18,trend,18.0,train,42047,0.0006793730157943508,0.05555555555555555,51.0,0.15518852430070396
46,45,Wspd,trend_ma18,trend,18.0,train,42047,0.0006840067418796697,0.05555555555555555,55.0,0.1487070409182624
47,46,Wspd,trend_ma18,trend,18.0,train,42047,0.0006324058517203934,0.05555555555555555,51.0,0.14680300759747125
48,47,Wspd,trend_ma18,trend,18.0,train,42047,0.0006281930663495684,0.05555555555555555,51.0,0.16053068632671283
49,48,Wspd,trend_ma18,trend,18.0,train,42047,0.0006537229688470591,0.05555555555555555,51.0,0.15040223128713756
50,49,Wspd,trend_ma18,trend,18.0,train,42047,0.0006494299650760127,0.05555555555555555,53.0,0.14587258937750605
51,50,Wspd,trend_ma18,trend,18.0,train,42047,0.0006311307936856754,0.05555555555555555,52.0,0.14097884396718544
52,51,Wspd,trend_ma18,trend,18.0,train,42047,0.000631257893258363,0.05555555555555555,52.0,0.15638354121215461
53,52,Wspd,trend_ma18,trend,18.0,train,42047,0.0006352989455062567,0.05555555555555555,53.0,0.14465993839769173
54,53,Wspd,trend_ma18,trend,18.0,train,42047,0.0006797389938880729,0.05555555555555555,53.0,0.1402888659537726
55,54,Wspd,trend_ma18,trend,18.0,train,42047,0.0006207858671902271,0.05555555555555555,53.0,0.1458389772874883
56,55,Wspd,trend_ma18,trend,18.0,train,42047,0.0006655834500422933,0.05555555555555555,52.0,0.1412330072178246
57,56,Wspd,trend_ma18,trend,18.0,train,42047,0.0006214638221474854,0.05555555555555555,52.0,0.14602484608045652
58,57,Wspd,trend_ma18,trend,18.0,train,42047,0.0006257187679295656,0.05555555555555555,53.0,0.14528389427944388
59,58,Wspd,trend_ma18,trend,18.0,train,42047,0.0006409440539607439,0.05555555555555555,52.0,0.14223355695996123
60,59,Wspd,trend_ma18,trend,18.0,train,42047,0.0007218159653517799,0.05555555555555555,52.0,0.15098196793848803
61,60,Wspd,trend_ma18,trend,18.0,train,42047,0.0006387737281891167,0.05555555555555555,52.0,0.14282090686505886
62,61,Wspd,trend_ma18,trend,18.0,train,42047,0.0006205326922925846,0.05555555555555555,52.0,0.1541708650907056
63,62,Wspd,trend_ma18,trend,18.0,train,42047,0.0006202652064871886,0.05555555555555555,53.0,0.14746219557300563
64,63,Wspd,trend_ma18,trend,18.0,train,42047,0.0006018293117671004,0.05555555555555555,52.0,0.1321258901607616
65,64,Wspd,trend_ma18,trend,18.0,train,42047,0.0006176606121604739,0.05555555555555555,52.0,0.13786595299096005
66,65,Wspd,trend_ma18,trend,18.0,train,42047,0.0006311130043494069,0.05555555555555555,50.0,0.15247570004019795
67,66,Wspd,trend_ma18,trend,18.0,train,42047,0.0007251398233705781,0.05555555555555555,49.0,0.1538974224886224
68,67,Wspd,trend_ma18,trend,18.0,train,42047,0.0006057425833175915,0.05555555555555555,51.0,0.1457865455844723
69,68,Wspd,trend_ma18,trend,18.0,train,42047,0.0005927597293203244,0.05555555555555555,51.0,0.15419235558877806
70,69,Wspd,trend_ma18,trend,18.0,train,42047,0.0005985734704018322,0.05555555555555555,50.0,0.15327131974838554
71,70,Wspd,trend_ma18,trend,18.0,train,42047,0.0005789488546179808,0.05555555555555555,51.0,0.14648700583166063
72,71,Wspd,trend_ma18,trend,18.0,train,42047,0.0005840571244150344,0.05555555555555555,51.0,0.1484860210825695
73,72,Wspd,trend_ma18,trend,18.0,train,42047,0.0005564497452648018,0.05555555555555555,52.0,0.1404487620796805
74,73,Wspd,trend_ma18,trend,18.0,train,42047,0.0005756918895937006,0.05555555555555555,53.0,0.1434556671204964
75,74,Wspd,trend_ma18,trend,18.0,train,42047,0.0005614989231032707,0.05555555555555555,52.0,0.14334940329198348
76,75,Wspd,trend_ma18,trend,18.0,train,42047,0.0006021632341175701,0.05555555555555555,53.0,0.14073390899187546
77,76,Wspd,trend_ma18,trend,18.0,train,42047,0.0005621062448485072,0.05555555555555555,53.0,0.140723489219272
78,77,Wspd,trend_ma18,trend,18.0,train,42047,0.0005942595614936399,0.05555555555555555,53.0,0.14056041259811708
79,78,Wspd,trend_ma18,trend,18.0,train,42047,0.0005935383655299682,0.05555555555555555,52.0,0.15335782106051046
80,79,Wspd,trend_ma18,trend,18.0,train,42047,0.0006096716861676922,0.05555555555555555,53.0,0.14408354627872183
81,80,Wspd,trend_ma18,trend,18.0,train,42047,0.0006235186062053848,0.05555555555555555,54.0,0.14494442184375997
82,81,Wspd,trend_ma18,trend,18.0,train,42047,0.0005985183777410275,0.05555555555555555,54.0,0.14156093431931338
83,82,Wspd,trend_ma18,trend,18.0,train,42047,0.0005894348236500486,0.05555555555555555,53.0,0.13943521240475565
84,83,Wspd,trend_ma18,trend,18.0,train,42047,0.0005993177226383035,0.05555555555555555,53.0,0.1573066256191536
85,84,Wspd,trend_ma18,trend,18.0,train,42047,0.0005896025433767934,0.05555555555555555,53.0,0.14319148877785604
86,85,Wspd,trend_ma18,trend,18.0,train,42047,0.0006532620559739896,0.05555555555555555,52.0,0.14458885273248262
87,86,Wspd,trend_ma18,trend,18.0,train,42047,0.0005869025785537147,0.05555555555555555,52.0,0.1405968659024598
88,87,Wspd,trend_ma18,trend,18.0,train,42047,0.0005932622675925341,0.05555555555555555,52.0,0.14075151233999478
89,88,Wspd,trend_ma18,trend,18.0,train,42047,0.0006088326946525,0.05555555555555555,51.0,0.14739737965925587
90,89,Wspd,trend_ma18,trend,18.0,train,42047,0.0005889453759247345,0.05555555555555555,53.0,0.14827758529813378
91,90,Wspd,trend_ma18,trend,18.0,train,42047,0.0005774460600071164,0.05555555555555555,51.0,0.15421930731269373
92,91,Wspd,trend_ma18,trend,18.0,train,42047,0.0005838117589594626,0.05555555555555555,51.0,0.152395865948933
93,92,Wspd,trend_ma18,trend,18.0,train,42047,0.0005868975738745528,0.05555555555555555,52.0,0.13735410484254584
94,93,Wspd,trend_ma18,trend,18.0,train,42047,0.0005569709526675458,0.05555555555555555,51.0,0.13933268981136965
95,94,Wspd,trend_ma18,trend,18.0,train,42047,0.0006007025576645951,0.05555555555555555,54.0,0.15298559364832554
96,95,Wspd,trend_ma18,trend,18.0,train,42047,0.0006068671258176113,0.05555555555555555,54.0,0.14060114615922253
97,96,Wspd,trend_ma18,trend,18.0,train,42047,0.0006090075596957978,0.05555555555555555,52.0,0.14592542560598026
98,97,Wspd,trend_ma18,trend,18.0,train,42047,0.0006058817437513278,0.05555555555555555,50.0,0.14349394031224352
99,98,Wspd,trend_ma18,trend,18.0,train,42047,0.0005792486527876538,0.05555555555555555,50.0,0.14225313168577608
100,99,Wspd,trend_ma18,trend,18.0,train,42047,0.0005786573909554283,0.05555555555555555,52.0,0.13955558339025337
101,100,Wspd,trend_ma18,trend,18.0,train,42047,0.0006088763118326868,0.05555555555555555,51.0,0.14323002693456388
102,101,Wspd,trend_ma18,trend,18.0,train,42047,0.0006176319279847326,0.05555555555555555,54.0,0.1504672170717547
103,102,Wspd,trend_ma18,trend,18.0,train,42047,0.000626575307756694,0.05555555555555555,52.0,0.1454661115284238
104,103,Wspd,trend_ma18,trend,18.0,train,42047,0.0006520942670731756,0.05555555555555555,51.0,0.13900344529539152
105,104,Wspd,trend_ma18,trend,18.0,train,42047,0.0006086211204829762,0.05555555555555555,51.0,0.14520500964309585
106,105,Wspd,trend_ma18,trend,18.0,train,42047,0.0006673127866299213,0.05555555555555555,52.0,0.1351775916790428
107,106,Wspd,trend_ma18,trend,18.0,train,42047,0.0006130440171197689,0.05555555555555555,52.0,0.14766436876761366
108,107,Wspd,trend_ma18,trend,18.0,train,42047,0.0006090901523000763,0.05555555555555555,52.0,0.14523435493838857
109,108,Wspd,trend_ma18,trend,18.0,train,42047,0.0006941451889648474,0.05555555555555555,50.0,0.1574729673688252
110,109,Wspd,trend_ma18,trend,18.0,train,42047,0.0006423606132561581,0.05555555555555555,52.0,0.15645023498053495
111,110,Wspd,trend_ma18,trend,18.0,train,42047,0.0006140630784939698,0.05555555555555555,52.0,0.14694680079980518
112,111,Wspd,trend_ma18,trend,18.0,train,42047,0.000613278075980609,0.05555555555555555,53.0,0.16017848006840524
113,112,Wspd,trend_ma18,trend,18.0,train,42047,0.0006044726345814541,0.05555555555555555,51.0,0.16124505224015337
114,113,Wspd,trend_ma18,trend,18.0,train,42047,0.0006018661627002633,0.05555555555555555,51.0,0.15428761940897587
115,114,Wspd,trend_ma18,trend,18.0,train,42047,0.0005554859402997588,0.05555555555555555,50.0,0.13793737249683335
116,115,Wspd,trend_ma18,trend,18.0,train,42047,0.0007233152252205329,0.05555555555555555,49.0,0.1455880488631661
117,116,Wspd,trend_ma18,trend,18.0,train,42047,0.0006640840917424471,0.05555555555555555,50.0,0.16306116604084905
118,117,Wspd,trend_ma18,trend,18.0,train,42047,0.0006051541589923194,0.05555555555555555,49.0,0.1425857866737861
119,118,Wspd,trend_ma18,trend,18.0,train,42047,0.0006648336390675192,0.05555555555555555,50.0,0.14414488510624718
120,119,Wspd,trend_ma18,trend,18.0,train,42047,0.0006055719365264016,0.05555555555555555,51.0,0.1504989908366145
121,120,Wspd,trend_ma18,trend,18.0,train,42047,0.0006246858879203227,0.05555555555555555,49.0,0.14603191241448063
122,121,Wspd,trend_ma18,trend,18.0,train,42047,0.0006332667534270165,0.05555555555555555,49.0,0.14504010046221605
123,122,Wspd,trend_ma18,trend,18.0,train,42047,0.000623128249633534,0.05555555555555555,50.0,0.13858792575016823
124,123,Wspd,trend_ma18,trend,18.0,train,42047,0.0005999914044602419,0.05555555555555555,50.0,0.14392794481391663
125,124,Wspd,trend_ma18,trend,18.0,train,42047,0.0006959839220525121,0.05555555555555555,52.0,0.1418619231477198
126,125,Wspd,trend_ma18,trend,18.0,train,42047,0.0006424430290134625,0.05555555555555555,48.0,0.14832676666149633
127,126,Wspd,trend_ma18,trend,18.0,train,42047,0.0006231185413973334,0.05555555555555555,49.0,0.1374468585334255
128,127,Wspd,trend_ma18,trend,18.0,train,42047,0.0007098738706564807,0.05555555555555555,48.0,0.14420752601263354
129,128,Wspd,trend_ma18,trend,18.0,train,42047,0.0006510223627988958,0.05555555555555555,49.0,0.14618272970032825
130,129,Wspd,trend_ma18,trend,18.0,train,42047,0.0006320293192996561,0.05555555555555555,49.0,0.1477789130641366
131,130,Wspd,trend_ma18,trend,18.0,train,42047,0.000714218312390825,0.05555555555555555,49.0,0.16605728475658368
132,131,Wspd,trend_ma18,trend,18.0,train,42047,0.0006443572469839888,0.05555555555555555,49.0,0.16255018814945052
133,132,Wspd,trend_ma18,trend,18.0,train,42047,0.000627414806407619,0.05555555555555555,51.0,0.1354414400090527
134,133,Wspd,trend_ma18,trend,18.0,train,42047,0.0006329677809536363,0.05555555555555555,52.0,0.14516234771366146
1,0,Wspd,local_residual_ma18,local_residual,18.0,train,42047,0.18785727626247567,0.05555555555555555,8.0,0.7655906540419009
2,1,Wspd,local_residual_ma18,local_residual,18.0,train,42047,0.18661132022575116,0.05555555555555555,8.0,0.7600340813091694
3,2,Wspd,local_residual_ma18,local_residual,18.0,train,42047,0.18842350459819124,0.05555555555555555,8.0,0.7381310539695968
4,3,Wspd,local_residual_ma18,local_residual,18.0,train,42047,0.19604993549002128,0.05555555555555555,8.0,0.7415646539464361
5,4,Wspd,local_residual_ma18,local_residual,18.0,train,42047,0.19345180971452294,0.05555555555555555,8.0,0.7578209144647589
6,5,Wspd,local_residual_ma18,local_residual,18.0,train,42047,0.18584413328739496,0.05555555555555555,8.0,0.7281734163242631
7,6,Wspd,local_residual_ma18,local_residual,18.0,train,42047,0.19297006177853152,0.05555555555555555,8.0,0.850296551422404
8,7,Wspd,local_residual_ma18,local_residual,18.0,train,42047,0.19418423255711195,0.05555555555555555,8.0,0.7875926275922153
9,8,Wspd,local_residual_ma18,local_residual,18.0,train,42047,0.19339405280823374,0.05555555555555555,8.0,0.7383706245658093
10,9,Wspd,local_residual_ma18,local_residual,18.0,train,42047,0.1958318253039415,0.05555555555555555,8.0,0.7690831132775736
11,10,Wspd,local_residual_ma18,local_residual,18.0,train,42047,0.19947434341329154,0.05555555555555555,8.0,0.7343262607128025
12,11,Wspd,local_residual_ma18,local_residual,18.0,train,42047,0.195424431964558,0.05555555555555555,8.0,0.7232431986579353
13,12,Wspd,local_residual_ma18,local_residual,18.0,train,42047,0.20150559352083516,0.05555555555555555,8.0,0.7550817552230505
14,13,Wspd,local_residual_ma18,local_residual,18.0,train,42047,0.20168842334331866,0.05555555555555555,8.0,0.7694957231466776
15,14,Wspd,local_residual_ma18,local_residual,18.0,train,42047,0.19858666086118645,0.05555555555555555,8.0,0.749086354104244
16,15,Wspd,local_residual_ma18,local_residual,18.0,train,42047,0.20080650140152936,0.05555555555555555,8.0,0.7278109854645508
17,16,Wspd,local_residual_ma18,local_residual,18.0,train,42047,0.1984094625591651,0.05555555555555555,8.0,0.7522086349209102
18,17,Wspd,local_residual_ma18,local_residual,18.0,train,42047,0.20196234623577275,0.05555555555555555,8.0,0.7200947302518642
19,18,Wspd,local_residual_ma18,local_residual,18.0,train,42047,0.20241818158192285,0.05555555555555555,8.0,0.7737730322789995
20,19,Wspd,local_residual_ma18,local_residual,18.0,train,42047,0.20713791381439414,0.05555555555555555,8.0,0.7498699607274839
21,20,Wspd,local_residual_ma18,local_residual,18.0,train,42047,0.21200566032172663,0.05555555555555555,7.0,0.7800650364069637
22,21,Wspd,local_residual_ma18,local_residual,18.0,train,42047,0.20216545262625593,0.05555555555555555,8.0,0.7735979575300143
23,22,Wspd,local_residual_ma18,local_residual,18.0,train,42047,0.2058731164382533,0.05555555555555555,7.0,0.8077667927015106
24,23,Wspd,local_residual_ma18,local_residual,18.0,train,42047,0.20427776651102308,0.05555555555555555,8.0,0.82164355163334
25,24,Wspd,local_residual_ma18,local_residual,18.0,train,42047,0.2119906974680144,0.05555555555555555,8.0,0.8014269829403028
26,25,Wspd,local_residual_ma18,local_residual,18.0,train,42047,0.21063841023544988,0.05555555555555555,8.0,0.7964742023943926
27,26,Wspd,local_residual_ma18,local_residual,18.0,train,42047,0.21546047385978936,0.05555555555555555,7.0,0.8795639999086847
28,27,Wspd,local_residual_ma18,local_residual,18.0,train,42047,0.21283668933491368,0.05555555555555555,7.0,0.7928715190316243
29,28,Wspd,local_residual_ma18,local_residual,18.0,train,42047,0.218951477262926,0.05555555555555555,7.0,0.8091682586975205
30,29,Wspd,local_residual_ma18,local_residual,18.0,train,42047,0.21044217513541183,0.05555555555555555,8.0,0.7679741841926991
31,30,Wspd,local_residual_ma18,local_residual,18.0,train,42047,0.21693442846790847,0.05555555555555555,7.0,0.8542053442113129
32,31,Wspd,local_residual_ma18,local_residual,18.0,train,42047,0.22204248010918418,0.05555555555555555,7.0,0.7793357018335807
33,32,Wspd,local_residual_ma18,local_residual,18.0,train,42047,0.2180717638524994,0.05555555555555555,8.0,0.770962516984435
34,33,Wspd,local_residual_ma18,local_residual,18.0,train,42047,0.22098617438939408,0.05555555555555555,7.0,0.7658270608982078
35,34,Wspd,local_residual_ma18,local_residual,18.0,train,42047,0.2234849391204405,0.05555555555555555,7.0,0.7900218582011926
36,35,Wspd,local_residual_ma18,local_residual,18.0,train,42047,0.2152819063456896,0.05555555555555555,7.0,0.7816557356808306
37,36,Wspd,local_residual_ma18,local_residual,18.0,train,42047,0.2105370213459322,0.05555555555555555,8.0,0.7355022506733293
38,37,Wspd,local_residual_ma18,local_residual,18.0,train,42047,0.20241693058145632,0.05555555555555555,8.0,0.8002354566904603
39,38,Wspd,local_residual_ma18,local_residual,18.0,train,42047,0.20374174623225746,0.05555555555555555,8.0,0.8060634010927634
40,39,Wspd,local_residual_ma18,local_residual,18.0,train,42047,0.21185804327699712,0.05555555555555555,8.0,0.8536302769555395
41,40,Wspd,local_residual_ma18,local_residual,18.0,train,42047,0.21349886220161846,0.05555555555555555,8.0,0.743424611689882
42,41,Wspd,local_residual_ma18,local_residual,18.0,train,42047,0.21392565893394344,0.05555555555555555,7.0,0.806268959445319
43,42,Wspd,local_residual_ma18,local_residual,18.0,train,42047,0.21110703012186474,0.05555555555555555,8.0,0.7730141686178507
44,43,Wspd,local_residual_ma18,local_residual,18.0,train,42047,0.1985671632893197,0.05555555555555555,8.0,0.7116157338707373
45,44,Wspd,local_residual_ma18,local_residual,18.0,train,42047,0.20360139196241822,0.05555555555555555,8.0,0.8015808151717381
46,45,Wspd,local_residual_ma18,local_residual,18.0,train,42047,0.21276560651616155,0.05555555555555555,7.0,0.781871965157829
47,46,Wspd,local_residual_ma18,local_residual,18.0,train,42047,0.20418233690785415,0.05555555555555555,8.0,0.7636434269217833
48,47,Wspd,local_residual_ma18,local_residual,18.0,train,42047,0.20646494430043105,0.05555555555555555,8.0,0.8396281599466935
49,48,Wspd,local_residual_ma18,local_residual,18.0,train,42047,0.20795539609034838,0.05555555555555555,8.0,0.7830547236110735
50,49,Wspd,local_residual_ma18,local_residual,18.0,train,42047,0.21233792216897648,0.05555555555555555,8.0,0.7717929851083619
51,50,Wspd,local_residual_ma18,local_residual,18.0,train,42047,0.2132887660142252,0.05555555555555555,8.0,0.7489821905079654
52,51,Wspd,local_residual_ma18,local_residual,18.0,train,42047,0.21313363020235995,0.05555555555555555,8.0,0.823882998770594
53,52,Wspd,local_residual_ma18,local_residual,18.0,train,42047,0.22060156963067623,0.05555555555555555,8.0,0.7802283464101716
54,53,Wspd,local_residual_ma18,local_residual,18.0,train,42047,0.22896027348597547,0.05555555555555555,7.0,0.7726733616273458
55,54,Wspd,local_residual_ma18,local_residual,18.0,train,42047,0.21727918942666408,0.05555555555555555,8.0,0.782586514221377
56,55,Wspd,local_residual_ma18,local_residual,18.0,train,42047,0.22584933601199936,0.05555555555555555,7.0,0.7680172510107063
57,56,Wspd,local_residual_ma18,local_residual,18.0,train,42047,0.21637121920089916,0.05555555555555555,8.0,0.7826917873782184
58,57,Wspd,local_residual_ma18,local_residual,18.0,train,42047,0.2170418558997927,0.05555555555555555,8.0,0.7801136409477917
59,58,Wspd,local_residual_ma18,local_residual,18.0,train,42047,0.21570220918758434,0.05555555555555555,8.0,0.7599523467125884
60,59,Wspd,local_residual_ma18,local_residual,18.0,train,42047,0.22193838627949666,0.05555555555555555,7.0,0.8122926753118727
61,60,Wspd,local_residual_ma18,local_residual,18.0,train,42047,0.2172834441260496,0.05555555555555555,7.0,0.7737561565061749
62,61,Wspd,local_residual_ma18,local_residual,18.0,train,42047,0.20961275185106165,0.05555555555555555,8.0,0.8111768730181569
63,62,Wspd,local_residual_ma18,local_residual,18.0,train,42047,0.21024770615672486,0.05555555555555555,7.0,0.7767928211815964
64,63,Wspd,local_residual_ma18,local_residual,18.0,train,42047,0.20879667342212305,0.05555555555555555,8.0,0.7034645615407886
65,64,Wspd,local_residual_ma18,local_residual,18.0,train,42047,0.20857858678368857,0.05555555555555555,8.0,0.7331253468925746
66,65,Wspd,local_residual_ma18,local_residual,18.0,train,42047,0.21366269784983935,0.05555555555555555,8.0,0.8207483995124567
67,66,Wspd,local_residual_ma18,local_residual,18.0,train,42047,0.22101942955918744,0.05555555555555555,7.0,0.8543269750128659
68,67,Wspd,local_residual_ma18,local_residual,18.0,train,42047,0.20357449054192223,0.05555555555555555,8.0,0.7670824753552191
69,68,Wspd,local_residual_ma18,local_residual,18.0,train,42047,0.18962207469322076,0.05555555555555555,8.0,0.7656112639291026
70,69,Wspd,local_residual_ma18,local_residual,18.0,train,42047,0.19150624455316403,0.05555555555555555,8.0,0.7696575801890705
71,70,Wspd,local_residual_ma18,local_residual,18.0,train,42047,0.19373110112738862,0.05555555555555555,8.0,0.7423720450892103
72,71,Wspd,local_residual_ma18,local_residual,18.0,train,42047,0.2007116545865838,0.05555555555555555,8.0,0.7719243811831366
73,72,Wspd,local_residual_ma18,local_residual,18.0,train,42047,0.20055898698158733,0.05555555555555555,8.0,0.7284074601674149
74,73,Wspd,local_residual_ma18,local_residual,18.0,train,42047,0.2023571277228957,0.05555555555555555,8.0,0.7447420138710481
75,74,Wspd,local_residual_ma18,local_residual,18.0,train,42047,0.2015141990329229,0.05555555555555555,8.0,0.7416730066523719
76,75,Wspd,local_residual_ma18,local_residual,18.0,train,42047,0.21201690853166857,0.05555555555555555,8.0,0.7445187549710294
77,76,Wspd,local_residual_ma18,local_residual,18.0,train,42047,0.20586223815501137,0.05555555555555555,8.0,0.7323637672424723
78,77,Wspd,local_residual_ma18,local_residual,18.0,train,42047,0.21400744233396435,0.05555555555555555,8.0,0.7461910189363603
79,78,Wspd,local_residual_ma18,local_residual,18.0,train,42047,0.21150977980101474,0.05555555555555555,8.0,0.8105305055224915
80,79,Wspd,local_residual_ma18,local_residual,18.0,train,42047,0.21781332930462893,0.05555555555555555,8.0,0.7750298106071807
81,80,Wspd,local_residual_ma18,local_residual,18.0,train,42047,0.22148854939654422,0.05555555555555555,8.0,0.7837654675830298
82,81,Wspd,local_residual_ma18,local_residual,18.0,train,42047,0.21734209058067339,0.05555555555555555,8.0,0.7605519281078108
83,82,Wspd,local_residual_ma18,local_residual,18.0,train,42047,0.21336715239550433,0.05555555555555555,8.0,0.7436747032416325
84,83,Wspd,local_residual_ma18,local_residual,18.0,train,42047,0.21289932005965584,0.05555555555555555,8.0,0.8368340059352596
85,84,Wspd,local_residual_ma18,local_residual,18.0,train,42047,0.21028549061227572,0.05555555555555555,8.0,0.7566240989365518
86,85,Wspd,local_residual_ma18,local_residual,18.0,train,42047,0.2188621321455707,0.05555555555555555,7.0,0.7816666672008239
87,86,Wspd,local_residual_ma18,local_residual,18.0,train,42047,0.2077737566441367,0.05555555555555555,8.0,0.7458508502827222
88,87,Wspd,local_residual_ma18,local_residual,18.0,train,42047,0.2067347767148395,0.05555555555555555,8.0,0.7459903330210452
89,88,Wspd,local_residual_ma18,local_residual,18.0,train,42047,0.20803178376678658,0.05555555555555555,8.0,0.7813778773488947
90,89,Wspd,local_residual_ma18,local_residual,18.0,train,42047,0.20263396073403042,0.05555555555555555,8.0,0.7807537561039464
91,90,Wspd,local_residual_ma18,local_residual,18.0,train,42047,0.1914361850855437,0.05555555555555555,8.0,0.7721955481565547
92,91,Wspd,local_residual_ma18,local_residual,18.0,train,42047,0.1982684832951582,0.05555555555555555,8.0,0.7787493673991779
93,92,Wspd,local_residual_ma18,local_residual,18.0,train,42047,0.20766268642587973,0.05555555555555555,8.0,0.7215358447673768
94,93,Wspd,local_residual_ma18,local_residual,18.0,train,42047,0.20318140808139043,0.05555555555555555,8.0,0.7266503204131166
95,94,Wspd,local_residual_ma18,local_residual,18.0,train,42047,0.2140320965286521,0.05555555555555555,8.0,0.8201909756666403
96,95,Wspd,local_residual_ma18,local_residual,18.0,train,42047,0.21794643358310128,0.05555555555555555,8.0,0.762889849962839
97,96,Wspd,local_residual_ma18,local_residual,18.0,train,42047,0.2180151302505429,0.05555555555555555,8.0,0.7874077685382367
98,97,Wspd,local_residual_ma18,local_residual,18.0,train,42047,0.2095433033166053,0.05555555555555555,8.0,0.7585358915955627
99,98,Wspd,local_residual_ma18,local_residual,18.0,train,42047,0.2086587311539877,0.05555555555555555,8.0,0.7516295841081695
100,99,Wspd,local_residual_ma18,local_residual,18.0,train,42047,0.21268083709468746,0.05555555555555555,8.0,0.7485218667230927
101,100,Wspd,local_residual_ma18,local_residual,18.0,train,42047,0.21590751473048952,0.05555555555555555,8.0,0.7703926317130272
102,101,Wspd,local_residual_ma18,local_residual,18.0,train,42047,0.21785348092204995,0.05555555555555555,7.0,0.8126194466748259
103,102,Wspd,local_residual_ma18,local_residual,18.0,train,42047,0.2182139221568436,0.05555555555555555,8.0,0.7792286643562216
104,103,Wspd,local_residual_ma18,local_residual,18.0,train,42047,0.2236088062226149,0.05555555555555555,7.0,0.7596443295148406
105,104,Wspd,local_residual_ma18,local_residual,18.0,train,42047,0.21519295787261822,0.05555555555555555,8.0,0.7840480587253418
106,105,Wspd,local_residual_ma18,local_residual,18.0,train,42047,0.22995373661350269,0.05555555555555555,7.0,0.7610520216972441
107,106,Wspd,local_residual_ma18,local_residual,18.0,train,42047,0.21496813206970705,0.05555555555555555,8.0,0.7990809835788405
108,107,Wspd,local_residual_ma18,local_residual,18.0,train,42047,0.21637742115115155,0.05555555555555555,8.0,0.7971544230276386
109,108,Wspd,local_residual_ma18,local_residual,18.0,train,42047,0.21953859371638154,0.05555555555555555,7.0,0.8579817258636314
110,109,Wspd,local_residual_ma18,local_residual,18.0,train,42047,0.21154222561679506,0.05555555555555555,7.0,0.836328214690594
111,110,Wspd,local_residual_ma18,local_residual,18.0,train,42047,0.20749476641747,0.05555555555555555,8.0,0.7809856220347106
112,111,Wspd,local_residual_ma18,local_residual,18.0,train,42047,0.20293489706386572,0.05555555555555555,7.0,0.8341926288143424
113,112,Wspd,local_residual_ma18,local_residual,18.0,train,42047,0.1962423375801397,0.05555555555555555,8.0,0.8168943301441498
114,113,Wspd,local_residual_ma18,local_residual,18.0,train,42047,0.19932734559289428,0.05555555555555555,8.0,0.7937866513458012
115,114,Wspd,local_residual_ma18,local_residual,18.0,train,42047,0.19577732156966737,0.05555555555555555,8.0,0.700191184284799
116,115,Wspd,local_residual_ma18,local_residual,18.0,train,42047,0.21336213178976715,0.05555555555555555,7.0,0.7821299951159384
117,116,Wspd,local_residual_ma18,local_residual,18.0,train,42047,0.20903358763869018,0.05555555555555555,8.0,0.8483266818372294
118,117,Wspd,local_residual_ma18,local_residual,18.0,train,42047,0.20514664144071074,0.05555555555555555,8.0,0.7420155249251171
119,118,Wspd,local_residual_ma18,local_residual,18.0,train,42047,0.21607701522272896,0.05555555555555555,8.0,0.7591130813929431
120,119,Wspd,local_residual_ma18,local_residual,18.0,train,42047,0.20712086461271523,0.05555555555555555,8.0,0.7957561148946002
121,120,Wspd,local_residual_ma18,local_residual,18.0,train,42047,0.21056835149684003,0.05555555555555555,8.0,0.7819087613013963
122,121,Wspd,local_residual_ma18,local_residual,18.0,train,42047,0.2124656512610407,0.05555555555555555,8.0,0.7730221464590235
123,122,Wspd,local_residual_ma18,local_residual,18.0,train,42047,0.2213190065134501,0.05555555555555555,8.0,0.7676924986169537
124,123,Wspd,local_residual_ma18,local_residual,18.0,train,42047,0.20621872069059607,0.05555555555555555,8.0,0.755352400188739
125,124,Wspd,local_residual_ma18,local_residual,18.0,train,42047,0.22655543080887286,0.05555555555555555,7.0,0.7917369908715587
126,125,Wspd,local_residual_ma18,local_residual,18.0,train,42047,0.208243267145904,0.05555555555555555,8.0,0.7824467189774056
127,126,Wspd,local_residual_ma18,local_residual,18.0,train,42047,0.21184495363880845,0.05555555555555555,8.0,0.7376482335410594
128,127,Wspd,local_residual_ma18,local_residual,18.0,train,42047,0.2185759938050007,0.05555555555555555,7.0,0.7721291130206935
129,128,Wspd,local_residual_ma18,local_residual,18.0,train,42047,0.2078646517215106,0.05555555555555555,7.0,0.769737095903806
130,129,Wspd,local_residual_ma18,local_residual,18.0,train,42047,0.204799385658682,0.05555555555555555,8.0,0.7758852173585077
131,130,Wspd,local_residual_ma18,local_residual,18.0,train,42047,0.1978438037941632,0.05555555555555555,7.0,0.8466126753319899
132,131,Wspd,local_residual_ma18,local_residual,18.0,train,42047,0.20725527067724414,0.05555555555555555,7.0,0.8597652643494411
133,132,Wspd,local_residual_ma18,local_residual,18.0,train,42047,0.21162145500920085,0.05555555555555555,7.0,0.7260960154506213
134,133,Wspd,local_residual_ma18,local_residual,18.0,train,42047,0.20941344161040001,0.05555555555555555,7.0,0.773965149864283
1,0,Wspd,trend_ma36,trend,36.0,train,42047,0.0002519097279513786,0.05555555555555555,62.0,0.10474001399539744
2,1,Wspd,trend_ma36,trend,36.0,train,42047,0.00023326278358404165,0.05555555555555555,63.0,0.1049998256402296
3,2,Wspd,trend_ma36,trend,36.0,train,42047,0.0002271248054088312,0.05555555555555555,64.0,0.0998554964859362
4,3,Wspd,trend_ma36,trend,36.0,train,42047,0.0002224234272856513,0.05555555555555555,62.0,0.09906324295997646
5,4,Wspd,trend_ma36,trend,36.0,train,42047,0.00022388657782163016,0.05555555555555555,64.0,0.10289905931395359
6,5,Wspd,trend_ma36,trend,36.0,train,42047,0.0002118090105621416,0.05555555555555555,64.0,0.10097332838221518
7,6,Wspd,trend_ma36,trend,36.0,train,42047,0.00022195725654290053,0.05555555555555555,62.0,0.11563405737826316
8,7,Wspd,trend_ma36,trend,36.0,train,42047,0.000222973911783969,0.05555555555555555,63.0,0.10630838697994205
9,8,Wspd,trend_ma36,trend,36.0,train,42047,0.0002007711538477075,0.05555555555555555,61.0,0.10010540503228524
10,9,Wspd,trend_ma36,trend,36.0,train,42047,0.00020554083019485846,0.05555555555555555,62.0,0.10448573674472902
11,10,Wspd,trend_ma36,trend,36.0,train,42047,0.00020196148892742392,0.05555555555555555,61.0,0.09844307440255028
12,11,Wspd,trend_ma36,trend,36.0,train,42047,0.0001842318262016716,0.05555555555555555,63.0,0.09778911721402403
13,12,Wspd,trend_ma36,trend,36.0,train,42047,0.0002017812278566351,0.05555555555555555,61.0,0.1003316784288429
14,13,Wspd,trend_ma36,trend,36.0,train,42047,0.00019774164578554145,0.05555555555555555,62.0,0.10217449657590709
15,14,Wspd,trend_ma36,trend,36.0,train,42047,0.00019487267766599023,0.05555555555555555,61.0,0.09863372387076376
16,15,Wspd,trend_ma36,trend,36.0,train,42047,0.00018247483758628344,0.05555555555555555,60.0,0.09495289854292206
17,16,Wspd,trend_ma36,trend,36.0,train,42047,0.00018654874798645682,0.05555555555555555,59.0,0.0983396268306672
18,17,Wspd,trend_ma36,trend,36.0,train,42047,0.00018469622026098722,0.05555555555555555,61.0,0.09346837334204693
19,18,Wspd,trend_ma36,trend,36.0,train,42047,0.00018090798750141404,0.05555555555555555,61.0,0.09991669355373944
20,19,Wspd,trend_ma36,trend,36.0,train,42047,0.00019574676903746224,0.05555555555555555,60.0,0.09387984378360052
21,20,Wspd,trend_ma36,trend,36.0,train,42047,0.00020109861716551903,0.05555555555555555,59.0,0.09774507807566775
22,21,Wspd,trend_ma36,trend,36.0,train,42047,0.00024369774467446477,0.05555555555555555,61.0,0.10019604211353822
23,22,Wspd,trend_ma36,trend,36.0,train,42047,0.00025724603582025067,0.05555555555555555,62.0,0.10489843654942398
24,23,Wspd,trend_ma36,trend,36.0,train,42047,0.0002499341960611156,0.05555555555555555,63.0,0.10752956863386848
25,24,Wspd,trend_ma36,trend,36.0,train,42047,0.0002389585636181385,0.05555555555555555,61.0,0.10259649138207101
26,25,Wspd,trend_ma36,trend,36.0,train,42047,0.0002337934236982048,0.05555555555555555,61.0,0.10178536750148484
27,26,Wspd,trend_ma36,trend,36.0,train,42047,0.0002535192037160645,0.05555555555555555,59.0,0.11114008816395682
28,27,Wspd,trend_ma36,trend,36.0,train,42047,0.00023585038077823217,0.05555555555555555,60.0,0.10105674943988896
29,28,Wspd,trend_ma36,trend,36.0,train,42047,0.00023386481557821515,0.05555555555555555,60.0,0.10113994430772005
30,29,Wspd,trend_ma36,trend,36.0,train,42047,0.00023127037703281767,0.05555555555555555,59.0,0.09983633339898347
31,30,Wspd,trend_ma36,trend,36.0,train,42047,0.0002264834083995429,0.05555555555555555,60.0,0.108256741420819
32,31,Wspd,trend_ma36,trend,36.0,train,42047,0.00022327561800060538,0.05555555555555555,61.0,0.09744288157526368
33,32,Wspd,trend_ma36,trend,36.0,train,42047,0.0002199678433277,0.05555555555555555,62.0,0.09841145532862404
34,33,Wspd,trend_ma36,trend,36.0,train,42047,0.00022687951738998105,0.05555555555555555,60.0,0.09609931762468052
35,34,Wspd,trend_ma36,trend,36.0,train,42047,0.00023976167904343757,0.05555555555555555,60.0,0.09709464613661777
36,35,Wspd,trend_ma36,trend,36.0,train,42047,0.00022448292711158403,0.05555555555555555,59.0,0.0989661676587998
37,36,Wspd,trend_ma36,trend,36.0,train,42047,0.00020512206549731888,0.05555555555555555,59.0,0.0950204464844701
38,37,Wspd,trend_ma36,trend,36.0,train,42047,0.00018926326614878284,0.05555555555555555,61.0,0.10522679821001565
39,38,Wspd,trend_ma36,trend,36.0,train,42047,0.00019753079556606215,0.05555555555555555,59.0,0.10415701403168885
40,39,Wspd,trend_ma36,trend,36.0,train,42047,0.00019909751605080034,0.05555555555555555,58.0,0.10739020597813599
41,40,Wspd,trend_ma36,trend,36.0,train,42047,0.00019363289229112177,0.05555555555555555,58.0,0.09284520357530399
42,41,Wspd,trend_ma36,trend,36.0,train,42047,0.00020878025817554536,0.05555555555555555,58.0,0.09952700668251219
43,42,Wspd,trend_ma36,trend,36.0,train,42047,0.00019947078313493303,0.05555555555555555,59.0,0.09747789375622502
44,43,Wspd,trend_ma36,trend,36.0,train,42047,0.00018018501223161134,0.05555555555555555,60.0,0.09403135679418013
45,44,Wspd,trend_ma36,trend,36.0,train,42047,0.0002556692965268648,0.05555555555555555,58.0,0.10446836892692814
46,45,Wspd,trend_ma36,trend,36.0,train,42047,0.00024886017937063255,0.05555555555555555,62.0,0.09985469129070466
47,46,Wspd,trend_ma36,trend,36.0,train,42047,0.00022377804631369162,0.05555555555555555,58.0,0.09925241782036007
48,47,Wspd,trend_ma36,trend,36.0,train,42047,0.00022184583491388442,0.05555555555555555,58.0,0.1086973034719117
49,48,Wspd,trend_ma36,trend,36.0,train,42047,0.00023371013864329895,0.05555555555555555,58.0,0.10181556202860724
50,49,Wspd,trend_ma36,trend,36.0,train,42047,0.00022458414952488168,0.05555555555555555,60.0,0.09846859687733801
51,50,Wspd,trend_ma36,trend,36.0,train,42047,0.0002166012263710638,0.05555555555555555,59.0,0.0954011772913568
52,51,Wspd,trend_ma36,trend,36.0,train,42047,0.00021329753129869247,0.05555555555555555,59.0,0.10596815974154439
53,52,Wspd,trend_ma36,trend,36.0,train,42047,0.00021196014820735616,0.05555555555555555,60.0,0.09801390685985706
54,53,Wspd,trend_ma36,trend,36.0,train,42047,0.00022715919528326045,0.05555555555555555,59.0,0.09487440355903388
55,54,Wspd,trend_ma36,trend,36.0,train,42047,0.000207980307359625,0.05555555555555555,60.0,0.09853206919553023
56,55,Wspd,trend_ma36,trend,36.0,train,42047,0.00022333829169312954,0.05555555555555555,59.0,0.0953372835114309
57,56,Wspd,trend_ma36,trend,36.0,train,42047,0.0002068125637812174,0.05555555555555555,59.0,0.0987037743940491
58,57,Wspd,trend_ma36,trend,36.0,train,42047,0.0002027622705308005,0.05555555555555555,60.0,0.09809371012394123
59,58,Wspd,trend_ma36,trend,36.0,train,42047,0.0002088404065837672,0.05555555555555555,59.0,0.09558869201752439
60,59,Wspd,trend_ma36,trend,36.0,train,42047,0.00023566644253737512,0.05555555555555555,59.0,0.10001858318749475
61,60,Wspd,trend_ma36,trend,36.0,train,42047,0.00020783777613461393,0.05555555555555555,59.0,0.09586707825855258
62,61,Wspd,trend_ma36,trend,36.0,train,42047,0.0001978173307622856,0.05555555555555555,59.0,0.10374506975198619
63,62,Wspd,trend_ma36,trend,36.0,train,42047,0.00019441334631417907,0.05555555555555555,60.0,0.09876482421040185
64,63,Wspd,trend_ma36,trend,36.0,train,42047,0.000187877910179675,0.05555555555555555,59.0,0.08848466676598211
65,64,Wspd,trend_ma36,trend,36.0,train,42047,0.00019558184808694012,0.05555555555555555,58.0,0.09231689551934105
66,65,Wspd,trend_ma36,trend,36.0,train,42047,0.00020245242560988045,0.05555555555555555,57.0,0.1024593059679493
67,66,Wspd,trend_ma36,trend,36.0,train,42047,0.00022818337786409754,0.05555555555555555,55.0,0.1021964981260858
68,67,Wspd,trend_ma36,trend,36.0,train,42047,0.00019053849930156098,0.05555555555555555,58.0,0.0976756387390166
69,68,Wspd,trend_ma36,trend,36.0,train,42047,0.00020566551864971067,0.05555555555555555,57.0,0.10397257385525648
70,69,Wspd,trend_ma36,trend,36.0,train,42047,0.0002117047183476113,0.05555555555555555,56.0,0.10421016949015699
71,70,Wspd,trend_ma36,trend,36.0,train,42047,0.00020690142007062355,0.05555555555555555,58.0,0.0999302900124807
72,71,Wspd,trend_ma36,trend,36.0,train,42047,0.0001969585287578642,0.05555555555555555,58.0,0.10102649238262493
73,72,Wspd,trend_ma36,trend,36.0,train,42047,0.00018677821413249477,0.05555555555555555,59.0,0.09593881772176606
74,73,Wspd,trend_ma36,trend,36.0,train,42047,0.00019447318488851383,0.05555555555555555,60.0,0.09754026212055636
75,74,Wspd,trend_ma36,trend,36.0,train,42047,0.0001855610034252384,0.05555555555555555,58.0,0.09792615880636002
76,75,Wspd,trend_ma36,trend,36.0,train,42047,0.00019838960921148488,0.05555555555555555,59.0,0.09581347796751477
77,76,Wspd,trend_ma36,trend,36.0,train,42047,0.00018701960051519567,0.05555555555555555,60.0,0.09592419540395129
78,77,Wspd,trend_ma36,trend,36.0,train,42047,0.00019761196195112622,0.05555555555555555,60.0,0.09553842499330105
79,78,Wspd,trend_ma36,trend,36.0,train,42047,0.00019734101063462477,0.05555555555555555,59.0,0.1040866772059688
80,79,Wspd,trend_ma36,trend,36.0,train,42047,0.00019946257072068688,0.05555555555555555,60.0,0.09769359224924512
81,80,Wspd,trend_ma36,trend,36.0,train,42047,0.00020656317398938417,0.05555555555555555,61.0,0.09830826045982731
82,81,Wspd,trend_ma36,trend,36.0,train,42047,0.00019036720782214452,0.05555555555555555,61.0,0.095930651672549
83,82,Wspd,trend_ma36,trend,36.0,train,42047,0.0001950375724130531,0.05555555555555555,59.0,0.09448657497870423
84,83,Wspd,trend_ma36,trend,36.0,train,42047,0.00019362436704165625,0.05555555555555555,60.0,0.10634383145966839
85,84,Wspd,trend_ma36,trend,36.0,train,42047,0.0001905302666669174,0.05555555555555555,60.0,0.09681361826818184
86,85,Wspd,trend_ma36,trend,36.0,train,42047,0.00021128491880180442,0.05555555555555555,59.0,0.09730296729695305
87,86,Wspd,trend_ma36,trend,36.0,train,42047,0.00018691108928070466,0.05555555555555555,59.0,0.09489023484189438
88,87,Wspd,trend_ma36,trend,36.0,train,42047,0.00018811177370331298,0.05555555555555555,58.0,0.09469341301018737
89,88,Wspd,trend_ma36,trend,36.0,train,42047,0.00019107836525150533,0.05555555555555555,58.0,0.0989079212532209
90,89,Wspd,trend_ma36,trend,36.0,train,42047,0.00018328166378902167,0.05555555555555555,59.0,0.09925518839171724
91,90,Wspd,trend_ma36,trend,36.0,train,42047,0.00020095879747247862,0.05555555555555555,58.0,0.10509436378965055
92,91,Wspd,trend_ma36,trend,36.0,train,42047,0.0002029609002962175,0.05555555555555555,58.0,0.1037532537405946
93,92,Wspd,trend_ma36,trend,36.0,train,42047,0.0001973852175472629,0.05555555555555555,59.0,0.09339796671115239
94,93,Wspd,trend_ma36,trend,36.0,train,42047,0.0001824376340537764,0.05555555555555555,58.0,0.09511633257252852
95,94,Wspd,trend_ma36,trend,36.0,train,42047,0.00020113059014273976,0.05555555555555555,61.0,0.10372286241010027
96,95,Wspd,trend_ma36,trend,36.0,train,42047,0.00020568157417148264,0.05555555555555555,61.0,0.09502734556360586
97,96,Wspd,trend_ma36,trend,36.0,train,42047,0.0002005029797816238,0.05555555555555555,59.0,0.098884061554433
98,97,Wspd,trend_ma36,trend,36.0,train,42047,0.00020141771526524722,0.05555555555555555,57.0,0.0970848828809565
99,98,Wspd,trend_ma36,trend,36.0,train,42047,0.00019263495462548818,0.05555555555555555,57.0,0.09674831674308229
100,99,Wspd,trend_ma36,trend,36.0,train,42047,0.00019284375188661525,0.05555555555555555,59.0,0.09483293284673933
101,100,Wspd,trend_ma36,trend,36.0,train,42047,0.00019843578076036771,0.05555555555555555,58.0,0.09673218406448804
102,101,Wspd,trend_ma36,trend,36.0,train,42047,0.00020059742718204403,0.05555555555555555,61.0,0.10149737283851892
103,102,Wspd,trend_ma36,trend,36.0,train,42047,0.00020243360037887698,0.05555555555555555,59.0,0.09802382026786055
104,103,Wspd,trend_ma36,trend,36.0,train,42047,0.00021049954136643031,0.05555555555555555,58.0,0.09333962504968402
105,104,Wspd,trend_ma36,trend,36.0,train,42047,0.0001974360474351017,0.05555555555555555,58.0,0.09774397652275348
106,105,Wspd,trend_ma36,trend,36.0,train,42047,0.00021336137199001352,0.05555555555555555,59.0,0.09056495495059737
107,106,Wspd,trend_ma36,trend,36.0,train,42047,0.0001926275700281373,0.05555555555555555,59.0,0.09913393450051602
108,107,Wspd,trend_ma36,trend,36.0,train,42047,0.00019854238257185572,0.05555555555555555,59.0,0.09734712512952962
109,108,Wspd,trend_ma36,trend,36.0,train,42047,0.00022807207492783467,0.05555555555555555,57.0,0.10434472315344459
110,109,Wspd,trend_ma36,trend,36.0,train,42047,0.00020720359270094801,0.05555555555555555,59.0,0.10408068212257995
111,110,Wspd,trend_ma36,trend,36.0,train,42047,0.00019381318295964674,0.05555555555555555,58.0,0.09820699111172156
112,111,Wspd,trend_ma36,trend,36.0,train,42047,0.0001995610420034839,0.05555555555555555,60.0,0.10671917322171132
113,112,Wspd,trend_ma36,trend,36.0,train,42047,0.0002097317850821036,0.05555555555555555,58.0,0.10795245746495023
114,113,Wspd,trend_ma36,trend,36.0,train,42047,0.00020179351711908564,0.05555555555555555,57.0,0.10368989172394825
115,114,Wspd,trend_ma36,trend,36.0,train,42047,0.00018058940686232168,0.05555555555555555,57.0,0.0933242269721646
116,115,Wspd,trend_ma36,trend,36.0,train,42047,0.00024229035360068203,0.05555555555555555,56.0,0.09540702060166217
117,116,Wspd,trend_ma36,trend,36.0,train,42047,0.00021999149048108465,0.05555555555555555,57.0,0.10939910974602743
118,117,Wspd,trend_ma36,trend,36.0,train,42047,0.00019509118328570545,0.05555555555555555,55.0,0.09671152262278977
119,118,Wspd,trend_ma36,trend,36.0,train,42047,0.00022041007356241073,0.05555555555555555,57.0,0.09671343881618728
120,119,Wspd,trend_ma36,trend,36.0,train,42047,0.00020248826022900468,0.05555555555555555,57.0,0.10109736325336897
121,120,Wspd,trend_ma36,trend,36.0,train,42047,0.00020674823494535381,0.05555555555555555,56.0,0.09775579640807773
122,121,Wspd,trend_ma36,trend,36.0,train,42047,0.00020721212046198877,0.05555555555555555,55.0,0.09782855244117089
123,122,Wspd,trend_ma36,trend,36.0,train,42047,0.00020275243168655524,0.05555555555555555,57.0,0.09338422187225084
124,123,Wspd,trend_ma36,trend,36.0,train,42047,0.00019291633685767653,0.05555555555555555,57.0,0.09677885907377158
125,124,Wspd,trend_ma36,trend,36.0,train,42047,0.000225392174832673,0.05555555555555555,59.0,0.09438751504218544
126,125,Wspd,trend_ma36,trend,36.0,train,42047,0.00021173740946968725,0.05555555555555555,55.0,0.09933628314569255
127,126,Wspd,trend_ma36,trend,36.0,train,42047,0.00020388006643963364,0.05555555555555555,56.0,0.09222296425790383
128,127,Wspd,trend_ma36,trend,36.0,train,42047,0.00022898821265446637,0.05555555555555555,55.0,0.09648905740331222
129,128,Wspd,trend_ma36,trend,36.0,train,42047,0.00021520478474184554,0.05555555555555555,55.0,0.09793422061424988
130,129,Wspd,trend_ma36,trend,36.0,train,42047,0.00020659799895582302,0.05555555555555555,55.0,0.09913690239592317
131,130,Wspd,trend_ma36,trend,36.0,train,42047,0.00025310835966616403,0.05555555555555555,54.0,0.11004218781323039
132,131,Wspd,trend_ma36,trend,36.0,train,42047,0.00021900434353352733,0.05555555555555555,56.0,0.10882552035490894
133,132,Wspd,trend_ma36,trend,36.0,train,42047,0.0002115872554857315,0.05555555555555555,58.0,0.09097957422310948
134,133,Wspd,trend_ma36,trend,36.0,train,42047,0.00021172019100106464,0.05555555555555555,59.0,0.09687504296278353
1,0,Wspd,local_residual_ma36,local_residual,36.0,train,42047,0.102378815812519,0.05555555555555555,14.0,0.7766019961002137
2,1,Wspd,local_residual_ma36,local_residual,36.0,train,42047,0.10141572909197065,0.05555555555555555,14.0,0.7717505356760793
3,2,Wspd,local_residual_ma36,local_residual,36.0,train,42047,0.10178138647146862,0.05555555555555555,14.0,0.7494637756608732
4,3,Wspd,local_residual_ma36,local_residual,36.0,train,42047,0.10546508400149675,0.05555555555555555,14.0,0.7529476891033604
5,4,Wspd,local_residual_ma36,local_residual,36.0,train,42047,0.10440278890866461,0.05555555555555555,14.0,0.7692239877844543
6,5,Wspd,local_residual_ma36,local_residual,36.0,train,42047,0.09958251903005225,0.05555555555555555,14.0,0.7394487866819242
7,6,Wspd,local_residual_ma36,local_residual,36.0,train,42047,0.10431249592483496,0.05555555555555555,14.0,0.8631922802872986
8,7,Wspd,local_residual_ma36,local_residual,36.0,train,42047,0.10445360135225105,0.05555555555555555,14.0,0.7991827392022922
9,8,Wspd,local_residual_ma36,local_residual,36.0,train,42047,0.10290429891209961,0.05555555555555555,15.0,0.749774740870109
10,9,Wspd,local_residual_ma36,local_residual,36.0,train,42047,0.10500228244055348,0.05555555555555555,14.0,0.7806587813147763
11,10,Wspd,local_residual_ma36,local_residual,36.0,train,42047,0.10632357887048811,0.05555555555555555,15.0,0.7457706990297455
12,11,Wspd,local_residual_ma36,local_residual,36.0,train,42047,0.10357818377635726,0.05555555555555555,15.0,0.7347559479982259
13,12,Wspd,local_residual_ma36,local_residual,36.0,train,42047,0.10785549163159557,0.05555555555555555,14.0,0.7667632811080961
14,13,Wspd,local_residual_ma36,local_residual,36.0,train,42047,0.1088867117024718,0.05555555555555555,14.0,0.7813793303914587
15,14,Wspd,local_residual_ma36,local_residual,36.0,train,42047,0.10747874896647196,0.05555555555555555,14.0,0.7605071484447232
16,15,Wspd,local_residual_ma36,local_residual,36.0,train,42047,0.10879186783532088,0.05555555555555555,14.0,0.7381431714315764
17,16,Wspd,local_residual_ma36,local_residual,36.0,train,42047,0.10794576445451902,0.05555555555555555,14.0,0.7628438818351299
18,17,Wspd,local_residual_ma36,local_residual,36.0,train,42047,0.10960562076398474,0.05555555555555555,14.0,0.7302605325095041
19,18,Wspd,local_residual_ma36,local_residual,36.0,train,42047,0.11031213244636291,0.05555555555555555,14.0,0.7850418232090925
20,19,Wspd,local_residual_ma36,local_residual,36.0,train,42047,0.11364744973360234,0.05555555555555555,14.0,0.7603998739564908
21,20,Wspd,local_residual_ma36,local_residual,36.0,train,42047,0.11669869005337918,0.05555555555555555,14.0,0.79100784339298
22,21,Wspd,local_residual_ma36,local_residual,36.0,train,42047,0.11051541137068815,0.05555555555555555,14.0,0.7855565630680654
23,22,Wspd,local_residual_ma36,local_residual,36.0,train,42047,0.11280382587370359,0.05555555555555555,14.0,0.8197855960754477
24,23,Wspd,local_residual_ma36,local_residual,36.0,train,42047,0.1116944421339803,0.05555555555555555,14.0,0.8339732869999158
25,24,Wspd,local_residual_ma36,local_residual,36.0,train,42047,0.11512275932033796,0.05555555555555555,14.0,0.8134756501623399
26,25,Wspd,local_residual_ma36,local_residual,36.0,train,42047,0.11446595121314587,0.05555555555555555,14.0,0.8081813925031491
27,26,Wspd,local_residual_ma36,local_residual,36.0,train,42047,0.11858009381189923,0.05555555555555555,14.0,0.892157499696569
28,27,Wspd,local_residual_ma36,local_residual,36.0,train,42047,0.11639553035509832,0.05555555555555555,14.0,0.8045169246344487
29,28,Wspd,local_residual_ma36,local_residual,36.0,train,42047,0.12010714434323747,0.05555555555555555,14.0,0.8208265109997773
30,29,Wspd,local_residual_ma36,local_residual,36.0,train,42047,0.11220850358409568,0.05555555555555555,15.0,0.7795047056781919
31,30,Wspd,local_residual_ma36,local_residual,36.0,train,42047,0.11850707874106518,0.05555555555555555,14.0,0.8667650072649596
32,31,Wspd,local_residual_ma36,local_residual,36.0,train,42047,0.12092822396681172,0.05555555555555555,14.0,0.7912267234445158
33,32,Wspd,local_residual_ma36,local_residual,36.0,train,42047,0.11796230441579811,0.05555555555555555,14.0,0.7829520080796518
34,33,Wspd,local_residual_ma36,local_residual,36.0,train,42047,0.12127163817487399,0.05555555555555555,14.0,0.7771743476167781
35,34,Wspd,local_residual_ma36,local_residual,36.0,train,42047,0.12331801527160736,0.05555555555555555,14.0,0.8017641568223179
36,35,Wspd,local_residual_ma36,local_residual,36.0,train,42047,0.11795330283877813,0.05555555555555555,14.0,0.793062747545462
37,36,Wspd,local_residual_ma36,local_residual,36.0,train,42047,0.11305340088487832,0.05555555555555555,15.0,0.7467320427948837
38,37,Wspd,local_residual_ma36,local_residual,36.0,train,42047,0.10953805425375975,0.05555555555555555,14.0,0.8121832144987199
39,38,Wspd,local_residual_ma36,local_residual,36.0,train,42047,0.11087144860821563,0.05555555555555555,14.0,0.8176610506094029
40,39,Wspd,local_residual_ma36,local_residual,36.0,train,42047,0.11583648629009477,0.05555555555555555,14.0,0.8657590603507905
41,40,Wspd,local_residual_ma36,local_residual,36.0,train,42047,0.11635414746967294,0.05555555555555555,14.0,0.7543421718854861
42,41,Wspd,local_residual_ma36,local_residual,36.0,train,42047,0.11927365057773356,0.05555555555555555,14.0,0.8170192923817962
43,42,Wspd,local_residual_ma36,local_residual,36.0,train,42047,0.11612402486604646,0.05555555555555555,14.0,0.7837678473617758
44,43,Wspd,local_residual_ma36,local_residual,36.0,train,42047,0.10742951929374032,0.05555555555555555,14.0,0.7215098599467648
45,44,Wspd,local_residual_ma36,local_residual,36.0,train,42047,0.1104399893758874,0.05555555555555555,14.0,0.8137879821663283
46,45,Wspd,local_residual_ma36,local_residual,36.0,train,42047,0.11676583261871414,0.05555555555555555,14.0,0.7933250401159214
47,46,Wspd,local_residual_ma36,local_residual,36.0,train,42047,0.10932559125621165,0.05555555555555555,14.0,0.775586156362549
48,47,Wspd,local_residual_ma36,local_residual,36.0,train,42047,0.11070638898011743,0.05555555555555555,14.0,0.8524020343060682
49,48,Wspd,local_residual_ma36,local_residual,36.0,train,42047,0.11191554157702675,0.05555555555555555,14.0,0.7951388228204392
50,49,Wspd,local_residual_ma36,local_residual,36.0,train,42047,0.11502326830733345,0.05555555555555555,14.0,0.7831088944659547
51,50,Wspd,local_residual_ma36,local_residual,36.0,train,42047,0.11444731891016027,0.05555555555555555,14.0,0.7602640924439842
52,51,Wspd,local_residual_ma36,local_residual,36.0,train,42047,0.11458808302328384,0.05555555555555555,14.0,0.8367329869422536
53,52,Wspd,local_residual_ma36,local_residual,36.0,train,42047,0.11920930215889883,0.05555555555555555,14.0,0.7919461416338629
54,53,Wspd,local_residual_ma36,local_residual,36.0,train,42047,0.12504917155540726,0.05555555555555555,14.0,0.7841293175676979
55,54,Wspd,local_residual_ma36,local_residual,36.0,train,42047,0.11772968300094155,0.05555555555555555,14.0,0.7944663720604371
56,55,Wspd,local_residual_ma36,local_residual,36.0,train,42047,0.12326961372939775,0.05555555555555555,14.0,0.7793192701842496
57,56,Wspd,local_residual_ma36,local_residual,36.0,train,42047,0.11712671532169247,0.05555555555555555,14.0,0.7945046702437657
58,57,Wspd,local_residual_ma36,local_residual,36.0,train,42047,0.1181019428975069,0.05555555555555555,14.0,0.7921151301253869
59,58,Wspd,local_residual_ma36,local_residual,36.0,train,42047,0.11780049407627056,0.05555555555555555,14.0,0.7708856701405875
60,59,Wspd,local_residual_ma36,local_residual,36.0,train,42047,0.1252897674699381,0.05555555555555555,14.0,0.8236688479412946
61,60,Wspd,local_residual_ma36,local_residual,36.0,train,42047,0.11955168245807248,0.05555555555555555,14.0,0.7846764073244691
62,61,Wspd,local_residual_ma36,local_residual,36.0,train,42047,0.11405777361476697,0.05555555555555555,14.0,0.8225336645042951
63,62,Wspd,local_residual_ma36,local_residual,36.0,train,42047,0.1154951116669316,0.05555555555555555,14.0,0.7879134517387243
64,63,Wspd,local_residual_ma36,local_residual,36.0,train,42047,0.1138365111777219,0.05555555555555555,14.0,0.7137681165672995
65,64,Wspd,local_residual_ma36,local_residual,36.0,train,42047,0.11427639166727263,0.05555555555555555,14.0,0.7436568318980177
66,65,Wspd,local_residual_ma36,local_residual,36.0,train,42047,0.11627911429049274,0.05555555555555555,14.0,0.8324370528981112
67,66,Wspd,local_residual_ma36,local_residual,36.0,train,42047,0.12341371918410773,0.05555555555555555,14.0,0.8658777329171472
68,67,Wspd,local_residual_ma36,local_residual,36.0,train,42047,0.11132716768586391,0.05555555555555555,14.0,0.7775337569195421
69,68,Wspd,local_residual_ma36,local_residual,36.0,train,42047,0.10204212915933839,0.05555555555555555,14.0,0.7776167848243178
70,69,Wspd,local_residual_ma36,local_residual,36.0,train,42047,0.10165695618610843,0.05555555555555555,14.0,0.7818449992064348
71,70,Wspd,local_residual_ma36,local_residual,36.0,train,42047,0.10197026850958105,0.05555555555555555,15.0,0.7541878971026652
72,71,Wspd,local_residual_ma36,local_residual,36.0,train,42047,0.10614226887675934,0.05555555555555555,15.0,0.7839569430428132
73,72,Wspd,local_residual_ma36,local_residual,36.0,train,42047,0.10539553165693039,0.05555555555555555,15.0,0.7397320433863559
74,73,Wspd,local_residual_ma36,local_residual,36.0,train,42047,0.10772515174481131,0.05555555555555555,15.0,0.7562867100340162
75,74,Wspd,local_residual_ma36,local_residual,36.0,train,42047,0.10637077909516748,0.05555555555555555,15.0,0.7532267893194693
76,75,Wspd,local_residual_ma36,local_residual,36.0,train,42047,0.11304484817831935,0.05555555555555555,15.0,0.7561689752926593
77,76,Wspd,local_residual_ma36,local_residual,36.0,train,42047,0.10915476760849581,0.05555555555555555,15.0,0.7438609788902306
78,77,Wspd,local_residual_ma36,local_residual,36.0,train,42047,0.11438793852095455,0.05555555555555555,15.0,0.7580572933007313
79,78,Wspd,local_residual_ma36,local_residual,36.0,train,42047,0.1133614620509878,0.05555555555555555,15.0,0.8235855611724014
80,79,Wspd,local_residual_ma36,local_residual,36.0,train,42047,0.1172245573008159,0.05555555555555555,15.0,0.7869641357602684
81,80,Wspd,local_residual_ma36,local_residual,36.0,train,42047,0.11974160450873383,0.05555555555555555,14.0,0.7957872142462704
82,81,Wspd,local_residual_ma36,local_residual,36.0,train,42047,0.11678515434173681,0.05555555555555555,15.0,0.7718265627755356
83,82,Wspd,local_residual_ma36,local_residual,36.0,train,42047,0.11494477283504112,0.05555555555555555,14.0,0.7547493228322212
84,83,Wspd,local_residual_ma36,local_residual,36.0,train,42047,0.115327730561346,0.05555555555555555,14.0,0.8493577826210205
85,84,Wspd,local_residual_ma36,local_residual,36.0,train,42047,0.11375654095054404,0.05555555555555555,14.0,0.7676656802422711
86,85,Wspd,local_residual_ma36,local_residual,36.0,train,42047,0.12053855897266824,0.05555555555555555,14.0,0.7927527543770471
87,86,Wspd,local_residual_ma36,local_residual,36.0,train,42047,0.11263671318639827,0.05555555555555555,14.0,0.7568364466280325
88,87,Wspd,local_residual_ma36,local_residual,36.0,train,42047,0.11207530574627382,0.05555555555555555,14.0,0.7572597481135189
89,88,Wspd,local_residual_ma36,local_residual,36.0,train,42047,0.11321348834374136,0.05555555555555555,14.0,0.792905719623409
90,89,Wspd,local_residual_ma36,local_residual,36.0,train,42047,0.1107940488178078,0.05555555555555555,14.0,0.792124046681688
91,90,Wspd,local_residual_ma36,local_residual,36.0,train,42047,0.10147563467954629,0.05555555555555555,15.0,0.7840433424865599
92,91,Wspd,local_residual_ma36,local_residual,36.0,train,42047,0.1051586064246042,0.05555555555555555,15.0,0.7905243699101691
93,92,Wspd,local_residual_ma36,local_residual,36.0,train,42047,0.11037101936192276,0.05555555555555555,15.0,0.7327802249472003
94,93,Wspd,local_residual_ma36,local_residual,36.0,train,42047,0.10681054455226363,0.05555555555555555,15.0,0.7377669164970353
95,94,Wspd,local_residual_ma36,local_residual,36.0,train,42047,0.11481846824989787,0.05555555555555555,14.0,0.8328052337710381
96,95,Wspd,local_residual_ma36,local_residual,36.0,train,42047,0.11778889805362225,0.05555555555555555,14.0,0.7744650122997954
97,96,Wspd,local_residual_ma36,local_residual,36.0,train,42047,0.11718531077699831,0.05555555555555555,15.0,0.799523095578687
98,97,Wspd,local_residual_ma36,local_residual,36.0,train,42047,0.11270994896073802,0.05555555555555555,14.0,0.7702560364876404
99,98,Wspd,local_residual_ma36,local_residual,36.0,train,42047,0.11107178249128073,0.05555555555555555,15.0,0.7631902266744979
100,99,Wspd,local_residual_ma36,local_residual,36.0,train,42047,0.11389326153995705,0.05555555555555555,15.0,0.7598553740564051
101,100,Wspd,local_residual_ma36,local_residual,36.0,train,42047,0.11712436313052192,0.05555555555555555,14.0,0.7822071876933221
102,101,Wspd,local_residual_ma36,local_residual,36.0,train,42047,0.11933830014091647,0.05555555555555555,14.0,0.8243959514862713
103,102,Wspd,local_residual_ma36,local_residual,36.0,train,42047,0.11876313210253338,0.05555555555555555,14.0,0.7907010558378148
104,103,Wspd,local_residual_ma36,local_residual,36.0,train,42047,0.12266370168525903,0.05555555555555555,14.0,0.770824357292535
105,104,Wspd,local_residual_ma36,local_residual,36.0,train,42047,0.11702281966121202,0.05555555555555555,14.0,0.7953858516022337
106,105,Wspd,local_residual_ma36,local_residual,36.0,train,42047,0.1268116431800947,0.05555555555555555,14.0,0.7715135209815055
107,106,Wspd,local_residual_ma36,local_residual,36.0,train,42047,0.11735386404467155,0.05555555555555555,14.0,0.8104560754581522
108,107,Wspd,local_residual_ma36,local_residual,36.0,train,42047,0.11870559502779796,0.05555555555555555,14.0,0.8081528008346821
109,108,Wspd,local_residual_ma36,local_residual,36.0,train,42047,0.12314444100521597,0.05555555555555555,14.0,0.869705013906457
110,109,Wspd,local_residual_ma36,local_residual,36.0,train,42047,0.11751126151041294,0.05555555555555555,14.0,0.8480561841359214
111,110,Wspd,local_residual_ma36,local_residual,36.0,train,42047,0.11425302906821211,0.05555555555555555,14.0,0.792091495218605
112,111,Wspd,local_residual_ma36,local_residual,36.0,train,42047,0.11246854765681707,0.05555555555555555,14.0,0.8458920796075543
113,112,Wspd,local_residual_ma36,local_residual,36.0,train,42047,0.1064211879684446,0.05555555555555555,14.0,0.8297188635639788
114,113,Wspd,local_residual_ma36,local_residual,36.0,train,42047,0.10719756088208646,0.05555555555555555,14.0,0.8057618842035724
115,114,Wspd,local_residual_ma36,local_residual,36.0,train,42047,0.10395257049305776,0.05555555555555555,14.0,0.7112616929006127
116,115,Wspd,local_residual_ma36,local_residual,36.0,train,42047,0.12166255966826069,0.05555555555555555,13.0,0.7933259357892598
117,116,Wspd,local_residual_ma36,local_residual,36.0,train,42047,0.11399842197557183,0.05555555555555555,14.0,0.8613014955755328
118,117,Wspd,local_residual_ma36,local_residual,36.0,train,42047,0.1097140389516951,0.05555555555555555,15.0,0.7534070483595383
119,118,Wspd,local_residual_ma36,local_residual,36.0,train,42047,0.11814084676018527,0.05555555555555555,14.0,0.770499004199627
120,119,Wspd,local_residual_ma36,local_residual,36.0,train,42047,0.11310307233632226,0.05555555555555555,14.0,0.8075358049631466
121,120,Wspd,local_residual_ma36,local_residual,36.0,train,42047,0.11597566630778311,0.05555555555555555,14.0,0.7932434327715226
122,121,Wspd,local_residual_ma36,local_residual,36.0,train,42047,0.11517030713059358,0.05555555555555555,14.0,0.7846744384209055
123,122,Wspd,local_residual_ma36,local_residual,36.0,train,42047,0.12074003315718411,0.05555555555555555,14.0,0.7789659246945883
124,123,Wspd,local_residual_ma36,local_residual,36.0,train,42047,0.11209195421360241,0.05555555555555555,14.0,0.7664571638252496
125,124,Wspd,local_residual_ma36,local_residual,36.0,train,42047,0.12747581419358586,0.05555555555555555,14.0,0.8024462062900206
126,125,Wspd,local_residual_ma36,local_residual,36.0,train,42047,0.11389473325554009,0.05555555555555555,14.0,0.7939449442625917
127,126,Wspd,local_residual_ma36,local_residual,36.0,train,42047,0.11562984182747665,0.05555555555555555,14.0,0.7484891250986432
128,127,Wspd,local_residual_ma36,local_residual,36.0,train,42047,0.12066906264399585,0.05555555555555555,14.0,0.7836404085579591
129,128,Wspd,local_residual_ma36,local_residual,36.0,train,42047,0.1145187741944393,0.05555555555555555,14.0,0.7804525966851847
130,129,Wspd,local_residual_ma36,local_residual,36.0,train,42047,0.1124308304153645,0.05555555555555555,14.0,0.7867851017311205
131,130,Wspd,local_residual_ma36,local_residual,36.0,train,42047,0.11526221739127437,0.05555555555555555,13.0,0.8573898544517891
132,131,Wspd,local_residual_ma36,local_residual,36.0,train,42047,0.11408030710315202,0.05555555555555555,14.0,0.8719411295620237
133,132,Wspd,local_residual_ma36,local_residual,36.0,train,42047,0.116354025241241,0.05555555555555555,14.0,0.7364044603103111
134,133,Wspd,local_residual_ma36,local_residual,36.0,train,42047,0.11617712543537492,0.05555555555555555,14.0,0.7849205187071249
