TurbID,representation,curve_type,x,y,x_unit,y_unit
6,raw,spectrum,0.0006944444444444445,0.0005973717544784239,cycles_per_10min_step,share_of_non_dc_energy
6,raw,spectrum,0.001388888888888889,0.001146868398347973,cycles_per_10min_step,share_of_non_dc_energy
6,raw,spectrum,0.0020833333333333333,0.0010125108129456228,cycles_per_10min_step,share_of_non_dc_energy
6,raw,spectrum,0.002777777777777778,0.001186486636088008,cycles_per_10min_step,share_of_non_dc_energy
6,raw,spectrum,0.0034722222222222225,0.0011130527315291168,cycles_per_10min_step,share_of_non_dc_energy
6,raw,spectrum,0.004166666666666667,0.001997137089797033,cycles_per_10min_step,share_of_non_dc_energy
6,raw,spectrum,0.004861111111111111,0.002722884577376814,cycles_per_10min_step,share_of_non_dc_energy
6,raw,spectrum,0.005555555555555556,0.0031361652238565893,cycles_per_10min_step,share_of_non_dc_energy
6,raw,spectrum,0.00625,0.004333900334759894,cycles_per_10min_step,share_of_non_dc_energy
6,raw,spectrum,0.006944444444444445,0.007397158825816872,cycles_per_10min_step,share_of_non_dc_energy
6,raw,spectrum,0.0076388888888888895,0.0185213012487083,cycles_per_10min_step,share_of_non_dc_energy
6,raw,spectrum,0.008333333333333333,0.10322143763216117,cycles_per_10min_step,share_of_non_dc_energy
6,raw,spectrum,0.009027777777777779,0.7640179556878489,cycles_per_10min_step,share_of_non_dc_energy
6,raw,spectrum,0.009722222222222222,0.033532354968656045,cycles_per_10min_step,share_of_non_dc_energy
6,raw,spectrum,0.010416666666666668,0.011137824038875387,cycles_per_10min_step,share_of_non_dc_energy
6,raw,spectrum,0.011111111111111112,0.004815857262045418,cycles_per_10min_step,share_of_non_dc_energy
6,raw,spectrum,0.011805555555555555,0.0026530585394264976,cycles_per_10min_step,share_of_non_dc_energy
6,raw,spectrum,0.0125,0.0021185542543492412,cycles_per_10min_step,share_of_non_dc_energy
6,raw,spectrum,0.013194444444444444,0.001499747558471182,cycles_per_10min_step,share_of_non_dc_energy
6,raw,spectrum,0.01388888888888889,0.0008832613218751707,cycles_per_10min_step,share_of_non_dc_energy
6,raw,spectrum,0.014583333333333334,0.0005061151906711179,cycles_per_10min_step,share_of_non_dc_energy
6,raw,spectrum,0.015277777777777779,0.00035752791912632866,cycles_per_10min_step,share_of_non_dc_energy
6,raw,spectrum,0.015972222222222224,0.0005157132667494908,cycles_per_10min_step,share_of_non_dc_energy
6,raw,spectrum,0.016666666666666666,0.000551199093121926,cycles_per_10min_step,share_of_non_dc_energy
6,raw,spectrum,0.017361111111111112,0.0002999828627803448,cycles_per_10min_step,share_of_non_dc_energy
6,raw,spectrum,0.018055555555555557,0.00042178280317533635,cycles_per_10min_step,share_of_non_dc_energy
6,raw,spectrum,0.01875,0.0001453419233235886,cycles_per_10min_step,share_of_non_dc_energy
6,raw,spectrum,0.019444444444444445,0.00020362187063873796,cycles_per_10min_step,share_of_non_dc_energy
6,raw,spectrum,0.02013888888888889,0.0005153070975397006,cycles_per_10min_step,share_of_non_dc_energy
6,raw,spectrum,0.020833333333333336,0.00021493779011327055,cycles_per_10min_step,share_of_non_dc_energy
6,raw,spectrum,0.021527777777777778,0.00010395407681334675,cycles_per_10min_step,share_of_non_dc_energy
6,raw,spectrum,0.022222222222222223,0.00013886918644345672,cycles_per_10min_step,share_of_non_dc_energy
6,raw,spectrum,0.02291666666666667,0.00019926233238685363,cycles_per_10min_step,share_of_non_dc_energy
6,raw,spectrum,0.02361111111111111,0.0001712796070808504,cycles_per_10min_step,share_of_non_dc_energy
6,raw,spectrum,0.024305555555555556,4.672703657195774e-05,cycles_per_10min_step,share_of_non_dc_energy
6,raw,spectrum,0.025,0.00019685670894538344,cycles_per_10min_step,share_of_non_dc_energy
6,raw,spectrum,0.025694444444444447,0.000246112911571511,cycles_per_10min_step,share_of_non_dc_energy
6,raw,spectrum,0.02638888888888889,0.000306782880777272,cycles_per_10min_step,share_of_non_dc_energy
6,raw,spectrum,0.027083333333333334,8.955616475504536e-05,cycles_per_10min_step,share_of_non_dc_energy
6,raw,spectrum,0.02777777777777778,7.752622788428932e-05,cycles_per_10min_step,share_of_non_dc_energy
6,raw,spectrum,0.02847222222222222,1.6662390184498346e-05,cycles_per_10min_step,share_of_non_dc_energy
6,raw,spectrum,0.029166666666666667,0.00025925412691372806,cycles_per_10min_step,share_of_non_dc_energy
6,raw,spectrum,0.029861111111111113,0.0001261313813591121,cycles_per_10min_step,share_of_non_dc_energy
6,raw,spectrum,0.030555555555555558,0.00012050604469220247,cycles_per_10min_step,share_of_non_dc_energy
6,raw,spectrum,0.03125,6.765709186312677e-05,cycles_per_10min_step,share_of_non_dc_energy
6,raw,spectrum,0.03194444444444445,0.0001017650547227477,cycles_per_10min_step,share_of_non_dc_energy
6,raw,spectrum,0.03263888888888889,6.663304553930206e-05,cycles_per_10min_step,share_of_non_dc_energy
6,raw,spectrum,0.03333333333333333,6.679142664945404e-05,cycles_per_10min_step,share_of_non_dc_energy
6,raw,spectrum,0.03402777777777778,2.9567156037627057e-05,cycles_per_10min_step,share_of_non_dc_energy
6,raw,spectrum,0.034722222222222224,7.267925602506881e-05,cycles_per_10min_step,share_of_non_dc_energy
6,raw,spectrum,0.035416666666666666,0.0001742950549785603,cycles_per_10min_step,share_of_non_dc_energy
6,raw,spectrum,0.036111111111111115,1.8393271889905973e-05,cycles_per_10min_step,share_of_non_dc_energy
6,raw,spectrum,0.03680555555555556,0.00013251546184520036,cycles_per_10min_step,share_of_non_dc_energy
6,raw,spectrum,0.0375,9.788026365271773e-05,cycles_per_10min_step,share_of_non_dc_energy
6,raw,spectrum,0.03819444444444445,6.746217040401505e-05,cycles_per_10min_step,share_of_non_dc_energy
6,raw,spectrum,0.03888888888888889,1.7968535591393943e-05,cycles_per_10min_step,share_of_non_dc_energy
6,raw,spectrum,0.03958333333333333,0.0001117604574466955,cycles_per_10min_step,share_of_non_dc_energy
6,raw,spectrum,0.04027777777777778,1.7011727879019858e-05,cycles_per_10min_step,share_of_non_dc_energy
6,raw,spectrum,0.04097222222222222,0.00010903427172237602,cycles_per_10min_step,share_of_non_dc_energy
6,raw,spectrum,0.04166666666666667,0.00010682662308064269,cycles_per_10min_step,share_of_non_dc_energy
6,raw,spectrum,0.04236111111111111,5.465465868456953e-05,cycles_per_10min_step,share_of_non_dc_energy
6,raw,spectrum,0.043055555555555555,0.00017985000483812505,cycles_per_10min_step,share_of_non_dc_energy
6,raw,spectrum,0.043750000000000004,4.0461161376550785e-05,cycles_per_10min_step,share_of_non_dc_energy
6,raw,spectrum,0.044444444444444446,1.5611004017784373e-05,cycles_per_10min_step,share_of_non_dc_energy
6,raw,spectrum,0.04513888888888889,6.34373042426207e-05,cycles_per_10min_step,share_of_non_dc_energy
6,raw,spectrum,0.04583333333333334,2.2503884382172663e-05,cycles_per_10min_step,share_of_non_dc_energy
6,raw,spectrum,0.04652777777777778,7.081446728837426e-05,cycles_per_10min_step,share_of_non_dc_energy
6,raw,spectrum,0.04722222222222222,2.4389216135285565e-05,cycles_per_10min_step,share_of_non_dc_energy
6,raw,spectrum,0.04791666666666667,9.013710191490126e-05,cycles_per_10min_step,share_of_non_dc_energy
6,raw,spectrum,0.04861111111111111,1.2597455842046606e-05,cycles_per_10min_step,share_of_non_dc_energy
6,raw,spectrum,0.04930555555555556,4.526509377976046e-05,cycles_per_10min_step,share_of_non_dc_energy
6,raw,spectrum,0.05,0.00011990112535592225,cycles_per_10min_step,share_of_non_dc_energy
6,raw,spectrum,0.050694444444444445,8.879004885951523e-06,cycles_per_10min_step,share_of_non_dc_energy
6,raw,spectrum,0.051388888888888894,1.7974451022707203e-05,cycles_per_10min_step,share_of_non_dc_energy
6,raw,spectrum,0.052083333333333336,4.674430655866813e-05,cycles_per_10min_step,share_of_non_dc_energy
6,raw,spectrum,0.05277777777777778,3.38432053898501e-05,cycles_per_10min_step,share_of_non_dc_energy
6,raw,spectrum,0.05347222222222223,4.420664918188511e-05,cycles_per_10min_step,share_of_non_dc_energy
6,raw,spectrum,0.05416666666666667,1.9966266884596425e-05,cycles_per_10min_step,share_of_non_dc_energy
6,raw,spectrum,0.05486111111111111,6.658670918438708e-05,cycles_per_10min_step,share_of_non_dc_energy
6,raw,spectrum,0.05555555555555556,3.202004481193035e-05,cycles_per_10min_step,share_of_non_dc_energy
6,raw,spectrum,0.05625,3.161309503948938e-05,cycles_per_10min_step,share_of_non_dc_energy
6,raw,spectrum,0.05694444444444444,0.00016018899971569187,cycles_per_10min_step,share_of_non_dc_energy
6,raw,spectrum,0.05763888888888889,6.4034817095687735e-06,cycles_per_10min_step,share_of_non_dc_energy
6,raw,spectrum,0.058333333333333334,5.668424293421236e-05,cycles_per_10min_step,share_of_non_dc_energy
6,raw,spectrum,0.05902777777777778,3.607538042669686e-05,cycles_per_10min_step,share_of_non_dc_energy
6,raw,spectrum,0.059722222222222225,7.798825938383902e-05,cycles_per_10min_step,share_of_non_dc_energy
6,raw,spectrum,0.06041666666666667,4.793061281894809e-06,cycles_per_10min_step,share_of_non_dc_energy
6,raw,spectrum,0.061111111111111116,2.2499154985457254e-05,cycles_per_10min_step,share_of_non_dc_energy
6,raw,spectrum,0.06180555555555556,1.0942471233013137e-05,cycles_per_10min_step,share_of_non_dc_energy
6,raw,spectrum,0.0625,2.6237991526314876e-05,cycles_per_10min_step,share_of_non_dc_energy
6,raw,spectrum,0.06319444444444444,4.152024376449893e-05,cycles_per_10min_step,share_of_non_dc_energy
6,raw,spectrum,0.0638888888888889,5.655496963434581e-05,cycles_per_10min_step,share_of_non_dc_energy
6,raw,spectrum,0.06458333333333334,1.9141331431944435e-05,cycles_per_10min_step,share_of_non_dc_energy
6,raw,spectrum,0.06527777777777778,1.7975009019898113e-05,cycles_per_10min_step,share_of_non_dc_energy
6,raw,spectrum,0.06597222222222222,1.3328625160191847e-05,cycles_per_10min_step,share_of_non_dc_energy
6,raw,spectrum,0.06666666666666667,9.054599691020535e-05,cycles_per_10min_step,share_of_non_dc_energy
6,raw,spectrum,0.06736111111111111,3.878765398256125e-05,cycles_per_10min_step,share_of_non_dc_energy
6,raw,spectrum,0.06805555555555556,9.842905913237699e-05,cycles_per_10min_step,share_of_non_dc_energy
6,raw,spectrum,0.06875,8.134769124542021e-06,cycles_per_10min_step,share_of_non_dc_energy
6,raw,spectrum,0.06944444444444445,7.5760003235283e-05,cycles_per_10min_step,share_of_non_dc_energy
6,raw,spectrum,0.07013888888888889,0.00018038284680540152,cycles_per_10min_step,share_of_non_dc_energy
6,raw,spectrum,0.07083333333333333,5.310667419617678e-05,cycles_per_10min_step,share_of_non_dc_energy
6,raw,spectrum,0.07152777777777779,5.916256663149824e-05,cycles_per_10min_step,share_of_non_dc_energy
6,raw,spectrum,0.07222222222222223,6.553016091206525e-05,cycles_per_10min_step,share_of_non_dc_energy
6,raw,spectrum,0.07291666666666667,1.3793821727314765e-05,cycles_per_10min_step,share_of_non_dc_energy
6,raw,spectrum,0.07361111111111111,3.572245396078367e-05,cycles_per_10min_step,share_of_non_dc_energy
6,raw,spectrum,0.07430555555555556,6.145380704718958e-05,cycles_per_10min_step,share_of_non_dc_energy
6,raw,spectrum,0.075,5.379069725288307e-06,cycles_per_10min_step,share_of_non_dc_energy
6,raw,spectrum,0.07569444444444445,1.9227413679801956e-05,cycles_per_10min_step,share_of_non_dc_energy
6,raw,spectrum,0.0763888888888889,6.641621433775865e-05,cycles_per_10min_step,share_of_non_dc_energy
6,raw,spectrum,0.07708333333333334,2.3664341522996253e-05,cycles_per_10min_step,share_of_non_dc_energy
6,raw,spectrum,0.07777777777777778,8.215099284276894e-05,cycles_per_10min_step,share_of_non_dc_energy
6,raw,spectrum,0.07847222222222222,7.234063131355002e-06,cycles_per_10min_step,share_of_non_dc_energy
6,raw,spectrum,0.07916666666666666,2.0979518352317595e-05,cycles_per_10min_step,share_of_non_dc_energy
6,raw,spectrum,0.07986111111111112,0.00011320384331427294,cycles_per_10min_step,share_of_non_dc_energy
6,raw,spectrum,0.08055555555555556,4.215125893175044e-05,cycles_per_10min_step,share_of_non_dc_energy
6,raw,spectrum,0.08125,3.5898036145928936e-05,cycles_per_10min_step,share_of_non_dc_energy
6,raw,spectrum,0.08194444444444444,4.385642096363829e-05,cycles_per_10min_step,share_of_non_dc_energy
6,raw,spectrum,0.08263888888888889,5.5871487114204774e-05,cycles_per_10min_step,share_of_non_dc_energy
6,raw,spectrum,0.08333333333333334,4.398441801913998e-05,cycles_per_10min_step,share_of_non_dc_energy
6,raw,spectrum,0.08402777777777778,4.751428235309282e-05,cycles_per_10min_step,share_of_non_dc_energy
6,raw,spectrum,0.08472222222222223,1.7481567838057358e-05,cycles_per_10min_step,share_of_non_dc_energy
6,raw,spectrum,0.08541666666666667,4.025892833952472e-05,cycles_per_10min_step,share_of_non_dc_energy
6,raw,spectrum,0.08611111111111111,5.9781143176773466e-05,cycles_per_10min_step,share_of_non_dc_energy
6,raw,spectrum,0.08680555555555555,1.6029490307013108e-06,cycles_per_10min_step,share_of_non_dc_energy
6,raw,spectrum,0.08750000000000001,6.995375894940196e-06,cycles_per_10min_step,share_of_non_dc_energy
6,raw,spectrum,0.08819444444444445,1.3001355464927583e-05,cycles_per_10min_step,share_of_non_dc_energy
6,raw,spectrum,0.08888888888888889,6.7744524892840635e-06,cycles_per_10min_step,share_of_non_dc_energy
6,raw,spectrum,0.08958333333333333,2.2172586090954337e-05,cycles_per_10min_step,share_of_non_dc_energy
6,raw,spectrum,0.09027777777777778,7.103003182777962e-05,cycles_per_10min_step,share_of_non_dc_energy
6,raw,spectrum,0.09097222222222223,8.190195094797852e-06,cycles_per_10min_step,share_of_non_dc_energy
6,raw,spectrum,0.09166666666666667,8.388600752463574e-05,cycles_per_10min_step,share_of_non_dc_energy
6,raw,spectrum,0.09236111111111112,0.00011659780124184191,cycles_per_10min_step,share_of_non_dc_energy
6,raw,spectrum,0.09305555555555556,1.8287293649797007e-05,cycles_per_10min_step,share_of_non_dc_energy
6,raw,spectrum,0.09375,6.902185261366019e-06,cycles_per_10min_step,share_of_non_dc_energy
6,raw,spectrum,0.09444444444444444,1.1474420934102365e-05,cycles_per_10min_step,share_of_non_dc_energy
6,raw,spectrum,0.0951388888888889,5.3552292437207355e-05,cycles_per_10min_step,share_of_non_dc_energy
6,raw,spectrum,0.09583333333333334,2.2001359515949134e-05,cycles_per_10min_step,share_of_non_dc_energy
6,raw,spectrum,0.09652777777777778,0.0002683637288502624,cycles_per_10min_step,share_of_non_dc_energy
6,raw,spectrum,0.09722222222222222,2.4685763876538162e-06,cycles_per_10min_step,share_of_non_dc_energy
6,raw,spectrum,0.09791666666666667,0.00023668240766321275,cycles_per_10min_step,share_of_non_dc_energy
6,raw,spectrum,0.09861111111111112,6.212243474701297e-05,cycles_per_10min_step,share_of_non_dc_energy
6,raw,spectrum,0.09930555555555556,2.166241486469687e-05,cycles_per_10min_step,share_of_non_dc_energy
6,raw,spectrum,0.1,3.8064176608218305e-05,cycles_per_10min_step,share_of_non_dc_energy
6,raw,spectrum,0.10069444444444445,6.48469568512202e-05,cycles_per_10min_step,share_of_non_dc_energy
6,raw,spectrum,0.10138888888888889,2.6050383629146724e-06,cycles_per_10min_step,share_of_non_dc_energy
6,raw,spectrum,0.10208333333333333,6.0275128532815984e-05,cycles_per_10min_step,share_of_non_dc_energy
6,raw,spectrum,0.10277777777777779,7.53792170785215e-06,cycles_per_10min_step,share_of_non_dc_energy
6,raw,spectrum,0.10347222222222223,3.9701570805818625e-05,cycles_per_10min_step,share_of_non_dc_energy
6,raw,spectrum,0.10416666666666667,9.01792703932346e-06,cycles_per_10min_step,share_of_non_dc_energy
6,raw,spectrum,0.10486111111111111,0.00013237172148590303,cycles_per_10min_step,share_of_non_dc_energy
6,raw,spectrum,0.10555555555555556,0.00013982139880725812,cycles_per_10min_step,share_of_non_dc_energy
6,raw,spectrum,0.10625,2.57300499457365e-07,cycles_per_10min_step,share_of_non_dc_energy
6,raw,spectrum,0.10694444444444445,3.628208910135624e-05,cycles_per_10min_step,share_of_non_dc_energy
6,raw,spectrum,0.1076388888888889,7.566248363022449e-05,cycles_per_10min_step,share_of_non_dc_energy
6,raw,spectrum,0.10833333333333334,1.287388694716771e-05,cycles_per_10min_step,share_of_non_dc_energy
6,raw,spectrum,0.10902777777777778,1.1254496644773522e-05,cycles_per_10min_step,share_of_non_dc_energy
6,raw,spectrum,0.10972222222222222,0.00014996716343953131,cycles_per_10min_step,share_of_non_dc_energy
6,raw,spectrum,0.11041666666666668,1.4521142287572306e-05,cycles_per_10min_step,share_of_non_dc_energy
6,raw,spectrum,0.11111111111111112,8.478424563592312e-05,cycles_per_10min_step,share_of_non_dc_energy
6,raw,spectrum,0.11180555555555556,1.3507674005776302e-05,cycles_per_10min_step,share_of_non_dc_energy
6,raw,spectrum,0.1125,0.0001314430528742803,cycles_per_10min_step,share_of_non_dc_energy
6,raw,spectrum,0.11319444444444444,3.897593062400845e-05,cycles_per_10min_step,share_of_non_dc_energy
6,raw,spectrum,0.11388888888888889,1.2125059367935967e-05,cycles_per_10min_step,share_of_non_dc_energy
6,raw,spectrum,0.11458333333333334,1.3170648770759794e-05,cycles_per_10min_step,share_of_non_dc_energy
6,raw,spectrum,0.11527777777777778,1.9406648153164522e-05,cycles_per_10min_step,share_of_non_dc_energy
6,raw,spectrum,0.11597222222222223,4.302529787049839e-05,cycles_per_10min_step,share_of_non_dc_energy
6,raw,spectrum,0.11666666666666667,6.761431843457685e-05,cycles_per_10min_step,share_of_non_dc_energy
6,raw,spectrum,0.11736111111111111,6.036708745438832e-05,cycles_per_10min_step,share_of_non_dc_energy
6,raw,spectrum,0.11805555555555557,1.981403210512604e-05,cycles_per_10min_step,share_of_non_dc_energy
6,raw,spectrum,0.11875000000000001,2.30648330427089e-05,cycles_per_10min_step,share_of_non_dc_energy
6,raw,spectrum,0.11944444444444445,7.9727575281728e-06,cycles_per_10min_step,share_of_non_dc_energy
6,raw,spectrum,0.12013888888888889,1.4891856575792642e-05,cycles_per_10min_step,share_of_non_dc_energy
6,raw,spectrum,0.12083333333333333,0.0001317295356639511,cycles_per_10min_step,share_of_non_dc_energy
6,raw,spectrum,0.12152777777777778,3.516544713530808e-05,cycles_per_10min_step,share_of_non_dc_energy
6,raw,spectrum,0.12222222222222223,2.0774043617698942e-05,cycles_per_10min_step,share_of_non_dc_energy
6,raw,spectrum,0.12291666666666667,4.0308402841428944e-05,cycles_per_10min_step,share_of_non_dc_energy
6,raw,spectrum,0.12361111111111112,2.1897666774660693e-05,cycles_per_10min_step,share_of_non_dc_energy
6,raw,spectrum,0.12430555555555556,5.016292888073118e-05,cycles_per_10min_step,share_of_non_dc_energy
6,raw,spectrum,0.125,1.894669052533727e-05,cycles_per_10min_step,share_of_non_dc_energy
6,raw,spectrum,0.12569444444444444,5.790637774330155e-05,cycles_per_10min_step,share_of_non_dc_energy
6,raw,spectrum,0.12638888888888888,2.8640552118359445e-06,cycles_per_10min_step,share_of_non_dc_energy
6,raw,spectrum,0.12708333333333333,6.274448331989078e-05,cycles_per_10min_step,share_of_non_dc_energy
6,raw,spectrum,0.1277777777777778,1.3518250357853167e-05,cycles_per_10min_step,share_of_non_dc_energy
6,raw,spectrum,0.12847222222222224,2.751870648736774e-06,cycles_per_10min_step,share_of_non_dc_energy
6,raw,spectrum,0.12916666666666668,3.951560934817988e-05,cycles_per_10min_step,share_of_non_dc_energy
6,raw,spectrum,0.12986111111111112,1.5913058466926012e-06,cycles_per_10min_step,share_of_non_dc_energy
6,raw,spectrum,0.13055555555555556,0.00013416021266505628,cycles_per_10min_step,share_of_non_dc_energy
6,raw,spectrum,0.13125,3.3677775517882405e-05,cycles_per_10min_step,share_of_non_dc_energy
6,raw,spectrum,0.13194444444444445,7.56730593042552e-05,cycles_per_10min_step,share_of_non_dc_energy
6,raw,spectrum,0.1326388888888889,1.6392254274589884e-05,cycles_per_10min_step,share_of_non_dc_energy
6,raw,spectrum,0.13333333333333333,5.105663701722687e-05,cycles_per_10min_step,share_of_non_dc_energy
6,raw,spectrum,0.13402777777777777,1.1184763900361424e-05,cycles_per_10min_step,share_of_non_dc_energy
6,raw,spectrum,0.13472222222222222,0.00011027162762190536,cycles_per_10min_step,share_of_non_dc_energy
6,raw,spectrum,0.13541666666666669,2.760252305060346e-05,cycles_per_10min_step,share_of_non_dc_energy
6,raw,spectrum,0.13611111111111113,1.1485183871011977e-05,cycles_per_10min_step,share_of_non_dc_energy
6,raw,spectrum,0.13680555555555557,6.8087419332831835e-06,cycles_per_10min_step,share_of_non_dc_energy
6,raw,spectrum,0.1375,1.1292698278586227e-06,cycles_per_10min_step,share_of_non_dc_energy
6,raw,spectrum,0.13819444444444445,4.458213808717986e-05,cycles_per_10min_step,share_of_non_dc_energy
6,raw,spectrum,0.1388888888888889,5.2791735317511785e-05,cycles_per_10min_step,share_of_non_dc_energy
6,raw,spectrum,0.13958333333333334,7.423226037673447e-06,cycles_per_10min_step,share_of_non_dc_energy
6,raw,spectrum,0.14027777777777778,6.397875051798247e-05,cycles_per_10min_step,share_of_non_dc_energy
6,raw,spectrum,0.14097222222222222,0.00010677673052490542,cycles_per_10min_step,share_of_non_dc_energy
6,raw,spectrum,0.14166666666666666,4.934551154078967e-05,cycles_per_10min_step,share_of_non_dc_energy
6,raw,spectrum,0.1423611111111111,4.2831029232757664e-05,cycles_per_10min_step,share_of_non_dc_energy
6,raw,spectrum,0.14305555555555557,1.0622430844726875e-05,cycles_per_10min_step,share_of_non_dc_energy
6,raw,spectrum,0.14375000000000002,5.833748230319528e-05,cycles_per_10min_step,share_of_non_dc_energy
6,raw,spectrum,0.14444444444444446,9.1371139279969e-05,cycles_per_10min_step,share_of_non_dc_energy
6,raw,spectrum,0.1451388888888889,4.677406883068242e-05,cycles_per_10min_step,share_of_non_dc_energy
6,raw,spectrum,0.14583333333333334,1.7827810285461135e-05,cycles_per_10min_step,share_of_non_dc_energy
6,raw,spectrum,0.14652777777777778,2.5595939179643555e-05,cycles_per_10min_step,share_of_non_dc_energy
6,raw,spectrum,0.14722222222222223,2.0925253140124402e-05,cycles_per_10min_step,share_of_non_dc_energy
6,raw,spectrum,0.14791666666666667,3.103997266228978e-05,cycles_per_10min_step,share_of_non_dc_energy
6,raw,spectrum,0.1486111111111111,5.7099209269036445e-06,cycles_per_10min_step,share_of_non_dc_energy
6,raw,spectrum,0.14930555555555555,1.6145945730715883e-05,cycles_per_10min_step,share_of_non_dc_energy
6,raw,spectrum,0.15,4.483541373327147e-05,cycles_per_10min_step,share_of_non_dc_energy
6,raw,spectrum,0.15069444444444444,4.62967159942664e-05,cycles_per_10min_step,share_of_non_dc_energy
6,raw,spectrum,0.1513888888888889,3.6693667077101656e-06,cycles_per_10min_step,share_of_non_dc_energy
6,raw,spectrum,0.15208333333333335,4.63207621043634e-05,cycles_per_10min_step,share_of_non_dc_energy
6,raw,spectrum,0.1527777777777778,3.332858651048998e-05,cycles_per_10min_step,share_of_non_dc_energy
6,raw,spectrum,0.15347222222222223,3.682800170775425e-05,cycles_per_10min_step,share_of_non_dc_energy
6,raw,spectrum,0.15416666666666667,2.3974665378967656e-06,cycles_per_10min_step,share_of_non_dc_energy
6,raw,spectrum,0.15486111111111112,1.802717530056881e-05,cycles_per_10min_step,share_of_non_dc_energy
6,raw,spectrum,0.15555555555555556,3.416562947903199e-05,cycles_per_10min_step,share_of_non_dc_energy
6,raw,spectrum,0.15625,2.4522365238093243e-06,cycles_per_10min_step,share_of_non_dc_energy
6,raw,spectrum,0.15694444444444444,0.00013961826674445618,cycles_per_10min_step,share_of_non_dc_energy
6,raw,spectrum,0.15763888888888888,2.5268159975169836e-05,cycles_per_10min_step,share_of_non_dc_energy
6,raw,spectrum,0.15833333333333333,1.5129880012315364e-05,cycles_per_10min_step,share_of_non_dc_energy
6,raw,spectrum,0.1590277777777778,8.458256807265201e-05,cycles_per_10min_step,share_of_non_dc_energy
6,raw,spectrum,0.15972222222222224,1.6250228469025723e-05,cycles_per_10min_step,share_of_non_dc_energy
6,raw,spectrum,0.16041666666666668,4.717427037297843e-05,cycles_per_10min_step,share_of_non_dc_energy
6,raw,spectrum,0.16111111111111112,6.109609104893827e-05,cycles_per_10min_step,share_of_non_dc_energy
6,raw,spectrum,0.16180555555555556,6.2969217924492215e-06,cycles_per_10min_step,share_of_non_dc_energy
6,raw,spectrum,0.1625,1.892560048615537e-05,cycles_per_10min_step,share_of_non_dc_energy
6,raw,spectrum,0.16319444444444445,5.862523213651908e-05,cycles_per_10min_step,share_of_non_dc_energy
6,raw,spectrum,0.1638888888888889,4.566944810542887e-05,cycles_per_10min_step,share_of_non_dc_energy
6,raw,spectrum,0.16458333333333333,1.6028683141034484e-05,cycles_per_10min_step,share_of_non_dc_energy
6,raw,spectrum,0.16527777777777777,0.00014937823518803886,cycles_per_10min_step,share_of_non_dc_energy
6,raw,spectrum,0.16597222222222222,2.4909996252257714e-05,cycles_per_10min_step,share_of_non_dc_energy
6,raw,spectrum,0.16666666666666669,5.868231171440481e-06,cycles_per_10min_step,share_of_non_dc_energy
6,raw,spectrum,0.16736111111111113,4.3720022916913455e-06,cycles_per_10min_step,share_of_non_dc_energy
6,raw,spectrum,0.16805555555555557,3.16947341772632e-05,cycles_per_10min_step,share_of_non_dc_energy
6,raw,spectrum,0.16875,1.2882336500228669e-05,cycles_per_10min_step,share_of_non_dc_energy
6,raw,spectrum,0.16944444444444445,1.082540344878504e-05,cycles_per_10min_step,share_of_non_dc_energy
6,raw,spectrum,0.1701388888888889,7.589969935631556e-06,cycles_per_10min_step,share_of_non_dc_energy
6,raw,spectrum,0.17083333333333334,6.008402209293207e-05,cycles_per_10min_step,share_of_non_dc_energy
6,raw,spectrum,0.17152777777777778,3.1729744752785965e-05,cycles_per_10min_step,share_of_non_dc_energy
6,raw,spectrum,0.17222222222222222,7.846670187421531e-05,cycles_per_10min_step,share_of_non_dc_energy
6,raw,spectrum,0.17291666666666666,4.500471328498618e-05,cycles_per_10min_step,share_of_non_dc_energy
6,raw,spectrum,0.1736111111111111,3.872674776939343e-05,cycles_per_10min_step,share_of_non_dc_energy
6,raw,spectrum,0.17430555555555557,4.588649769615749e-05,cycles_per_10min_step,share_of_non_dc_energy
6,raw,spectrum,0.17500000000000002,1.837663525583605e-05,cycles_per_10min_step,share_of_non_dc_energy
6,raw,spectrum,0.17569444444444446,6.872291152115388e-05,cycles_per_10min_step,share_of_non_dc_energy
6,raw,spectrum,0.1763888888888889,2.4086570994498902e-05,cycles_per_10min_step,share_of_non_dc_energy
6,raw,spectrum,0.17708333333333334,5.784928999132053e-07,cycles_per_10min_step,share_of_non_dc_energy
6,raw,spectrum,0.17777777777777778,3.738732056306637e-05,cycles_per_10min_step,share_of_non_dc_energy
6,raw,acf,0.0,1.0,10min_steps,autocorrelation
6,raw,acf,1.0,0.9714534302511006,10min_steps,autocorrelation
6,raw,acf,2.0,0.9661999824802647,10min_steps,autocorrelation
6,raw,acf,3.0,0.9581155356379121,10min_steps,autocorrelation
6,raw,acf,4.0,0.9454355520378162,10min_steps,autocorrelation
6,raw,acf,5.0,0.9321191831308159,10min_steps,autocorrelation
6,raw,acf,6.0,0.9145423607360242,10min_steps,autocorrelation
6,raw,acf,7.0,0.8953334512721303,10min_steps,autocorrelation
6,raw,acf,8.0,0.8722894669521752,10min_steps,autocorrelation
6,raw,acf,9.0,0.8463164696653044,10min_steps,autocorrelation
6,raw,acf,10.0,0.8202759897820187,10min_steps,autocorrelation
6,raw,acf,11.0,0.7873480201135533,10min_steps,autocorrelation
6,raw,acf,12.0,0.7550007322758359,10min_steps,autocorrelation
6,raw,acf,13.0,0.7180999193201627,10min_steps,autocorrelation
6,raw,acf,14.0,0.6808649019510528,10min_steps,autocorrelation
6,raw,acf,15.0,0.6417824119606942,10min_steps,autocorrelation
6,raw,acf,16.0,0.5986603900956029,10min_steps,autocorrelation
6,raw,acf,17.0,0.5559543598096819,10min_steps,autocorrelation
6,raw,acf,18.0,0.5106811749686373,10min_steps,autocorrelation
6,raw,acf,19.0,0.46438179749105585,10min_steps,autocorrelation
6,raw,acf,20.0,0.41543765804576327,10min_steps,autocorrelation
6,raw,acf,21.0,0.36706224370214413,10min_steps,autocorrelation
6,raw,acf,22.0,0.3154926524455236,10min_steps,autocorrelation
6,raw,acf,23.0,0.26366479071748244,10min_steps,autocorrelation
6,raw,acf,24.0,0.2117577739347661,10min_steps,autocorrelation
6,raw,acf,25.0,0.15954502133513848,10min_steps,autocorrelation
6,raw,acf,26.0,0.10572134572077199,10min_steps,autocorrelation
6,raw,acf,27.0,0.05264184393905326,10min_steps,autocorrelation
6,raw,acf,28.0,-0.00025915936349235976,10min_steps,autocorrelation
6,raw,acf,29.0,-0.05399675976730218,10min_steps,autocorrelation
6,raw,acf,30.0,-0.10710122526684658,10min_steps,autocorrelation
6,raw,acf,31.0,-0.1596509695975467,10min_steps,autocorrelation
6,raw,acf,32.0,-0.21339923371991945,10min_steps,autocorrelation
6,raw,acf,33.0,-0.2642782824694093,10min_steps,autocorrelation
6,raw,acf,34.0,-0.3160822903498722,10min_steps,autocorrelation
6,raw,acf,35.0,-0.3648813406365938,10min_steps,autocorrelation
6,raw,acf,36.0,-0.41215985204431266,10min_steps,autocorrelation
6,raw,acf,37.0,-0.46055475079437697,10min_steps,autocorrelation
6,raw,acf,38.0,-0.5049088733829985,10min_steps,autocorrelation
6,raw,acf,39.0,-0.5489761051100063,10min_steps,autocorrelation
6,raw,acf,40.0,-0.5899672994048031,10min_steps,autocorrelation
6,raw,acf,41.0,-0.6306067465323609,10min_steps,autocorrelation
6,raw,acf,42.0,-0.6686012384617184,10min_steps,autocorrelation
6,raw,acf,43.0,-0.7036971939862824,10min_steps,autocorrelation
6,raw,acf,44.0,-0.7383388668456002,10min_steps,autocorrelation
6,raw,acf,45.0,-0.7685314302613026,10min_steps,autocorrelation
6,raw,acf,46.0,-0.798005038059017,10min_steps,autocorrelation
6,raw,acf,47.0,-0.8248089225583844,10min_steps,autocorrelation
6,raw,acf,48.0,-0.8475652360438142,10min_steps,autocorrelation
6,raw,acf,49.0,-0.8671035058064712,10min_steps,autocorrelation
6,raw,acf,50.0,-0.8864604117281242,10min_steps,autocorrelation
6,raw,acf,51.0,-0.9003039226879466,10min_steps,autocorrelation
6,raw,acf,52.0,-0.9127614124877674,10min_steps,autocorrelation
6,raw,acf,53.0,-0.9225719855382877,10min_steps,autocorrelation
6,raw,acf,54.0,-0.9292739041654189,10min_steps,autocorrelation
6,raw,acf,55.0,-0.9317460375286717,10min_steps,autocorrelation
6,raw,acf,56.0,-0.932324237518034,10min_steps,autocorrelation
6,raw,acf,57.0,-0.9306330814618697,10min_steps,autocorrelation
6,raw,acf,58.0,-0.9250270041727573,10min_steps,autocorrelation
6,raw,acf,59.0,-0.9163466474427066,10min_steps,autocorrelation
6,raw,acf,60.0,-0.9062978714892298,10min_steps,autocorrelation
6,raw,acf,61.0,-0.8899825886377402,10min_steps,autocorrelation
6,raw,acf,62.0,-0.8729031507724406,10min_steps,autocorrelation
6,raw,acf,63.0,-0.8552400887374237,10min_steps,autocorrelation
6,raw,acf,64.0,-0.8315176679502547,10min_steps,autocorrelation
6,raw,acf,65.0,-0.8071882165783641,10min_steps,autocorrelation
6,raw,acf,66.0,-0.7796769295450254,10min_steps,autocorrelation
6,raw,acf,67.0,-0.75016977249839,10min_steps,autocorrelation
6,raw,acf,68.0,-0.717203917058681,10min_steps,autocorrelation
6,raw,acf,69.0,-0.6823483591327727,10min_steps,autocorrelation
6,raw,acf,70.0,-0.6464198271337136,10min_steps,autocorrelation
6,raw,acf,71.0,-0.6055817826767278,10min_steps,autocorrelation
6,raw,acf,72.0,-0.566479865132141,10min_steps,autocorrelation
6,raw,acf,73.0,-0.523787733958064,10min_steps,autocorrelation
6,raw,acf,74.0,-0.4804121019565289,10min_steps,autocorrelation
6,raw,acf,75.0,-0.4363357770843364,10min_steps,autocorrelation
6,raw,acf,76.0,-0.38766412941476186,10min_steps,autocorrelation
6,raw,acf,77.0,-0.3416419531111534,10min_steps,autocorrelation
6,raw,acf,78.0,-0.2943456710773366,10min_steps,autocorrelation
6,raw,acf,79.0,-0.24336865194380194,10min_steps,autocorrelation
6,raw,acf,80.0,-0.19481206591252737,10min_steps,autocorrelation
6,raw,acf,81.0,-0.1415154888224729,10min_steps,autocorrelation
6,raw,acf,82.0,-0.09151648074114643,10min_steps,autocorrelation
6,raw,acf,83.0,-0.03826721355341399,10min_steps,autocorrelation
6,raw,acf,84.0,0.011965711839992905,10min_steps,autocorrelation
6,raw,acf,85.0,0.06271910637280431,10min_steps,autocorrelation
6,raw,acf,86.0,0.11439188615839617,10min_steps,autocorrelation
6,raw,acf,87.0,0.16428988731171648,10min_steps,autocorrelation
6,raw,acf,88.0,0.21534943324964678,10min_steps,autocorrelation
6,raw,acf,89.0,0.26309727684188394,10min_steps,autocorrelation
6,raw,acf,90.0,0.3113302753731808,10min_steps,autocorrelation
6,raw,acf,91.0,0.35949323102743846,10min_steps,autocorrelation
6,raw,acf,92.0,0.40525082985548644,10min_steps,autocorrelation
6,raw,acf,93.0,0.45083454582023635,10min_steps,autocorrelation
6,raw,acf,94.0,0.49298165610323474,10min_steps,autocorrelation
6,raw,acf,95.0,0.5325235501320049,10min_steps,autocorrelation
6,raw,acf,96.0,0.5728283738737175,10min_steps,autocorrelation
6,raw,acf,97.0,0.6131873466800364,10min_steps,autocorrelation
6,raw,acf,98.0,0.6496305490878336,10min_steps,autocorrelation
6,raw,acf,99.0,0.6806856411988702,10min_steps,autocorrelation
6,raw,acf,100.0,0.7134869404671912,10min_steps,autocorrelation
6,raw,acf,101.0,0.7421262755592244,10min_steps,autocorrelation
6,raw,acf,102.0,0.7701419995724309,10min_steps,autocorrelation
6,raw,acf,103.0,0.7936213248421746,10min_steps,autocorrelation
6,raw,acf,104.0,0.8156962156146862,10min_steps,autocorrelation
6,raw,acf,105.0,0.8349182802001113,10min_steps,autocorrelation
6,raw,acf,106.0,0.8497145196876201,10min_steps,autocorrelation
6,raw,acf,107.0,0.8643323497398339,10min_steps,autocorrelation
6,raw,acf,108.0,0.8757438959005556,10min_steps,autocorrelation
6,raw,acf,109.0,0.8828467697611118,10min_steps,autocorrelation
6,raw,acf,110.0,0.8882114428350331,10min_steps,autocorrelation
6,raw,acf,111.0,0.8906621442452675,10min_steps,autocorrelation
6,raw,acf,112.0,0.8914886095911931,10min_steps,autocorrelation
6,raw,acf,113.0,0.8872547290635449,10min_steps,autocorrelation
6,raw,acf,114.0,0.8825904269025121,10min_steps,autocorrelation
6,raw,acf,115.0,0.8725304432376854,10min_steps,autocorrelation
6,raw,acf,116.0,0.8607527873037154,10min_steps,autocorrelation
6,raw,acf,117.0,0.8460905381017251,10min_steps,autocorrelation
6,raw,acf,118.0,0.8289758486097829,10min_steps,autocorrelation
6,raw,acf,119.0,0.8099017322089651,10min_steps,autocorrelation
6,raw,acf,120.0,0.7865822355113922,10min_steps,autocorrelation
6,raw,acf,121.0,0.7633840989610827,10min_steps,autocorrelation
6,raw,acf,122.0,0.7376331641271786,10min_steps,autocorrelation
6,raw,acf,123.0,0.7060653787012923,10min_steps,autocorrelation
6,raw,acf,124.0,0.6735998674215395,10min_steps,autocorrelation
6,raw,acf,125.0,0.6417645582463888,10min_steps,autocorrelation
6,raw,acf,126.0,0.6060380520907742,10min_steps,autocorrelation
6,raw,acf,127.0,0.5678937159020165,10min_steps,autocorrelation
6,raw,acf,128.0,0.5278447211820411,10min_steps,autocorrelation
6,raw,acf,129.0,0.4873543169356979,10min_steps,autocorrelation
6,raw,acf,130.0,0.4449678060366418,10min_steps,autocorrelation
6,raw,acf,131.0,0.4012654208487777,10min_steps,autocorrelation
6,raw,acf,132.0,0.3571919994000805,10min_steps,autocorrelation
6,raw,acf,133.0,0.31139748790611255,10min_steps,autocorrelation
6,raw,acf,134.0,0.2639237187433962,10min_steps,autocorrelation
6,raw,acf,135.0,0.2163636676522615,10min_steps,autocorrelation
6,raw,acf,136.0,0.1674427246252174,10min_steps,autocorrelation
6,raw,acf,137.0,0.11895124503486933,10min_steps,autocorrelation
6,raw,acf,138.0,0.06988344272161212,10min_steps,autocorrelation
6,raw,acf,139.0,0.02092807416744588,10min_steps,autocorrelation
6,raw,acf,140.0,-0.0284666124555618,10min_steps,autocorrelation
6,raw,acf,141.0,-0.07676682070482518,10min_steps,autocorrelation
6,raw,acf,142.0,-0.12443234876739999,10min_steps,autocorrelation
6,raw,acf,143.0,-0.17391980528801043,10min_steps,autocorrelation
6,raw,acf,144.0,-0.22127528198539856,10min_steps,autocorrelation
6,trend_ma36,spectrum,0.0006944444444444445,0.0030735973972598617,cycles_per_10min_step,share_of_non_dc_energy
6,trend_ma36,spectrum,0.001388888888888889,0.0044144284593468685,cycles_per_10min_step,share_of_non_dc_energy
6,trend_ma36,spectrum,0.0020833333333333333,0.004085814710733887,cycles_per_10min_step,share_of_non_dc_energy
6,trend_ma36,spectrum,0.002777777777777778,0.004405545428399956,cycles_per_10min_step,share_of_non_dc_energy
6,trend_ma36,spectrum,0.0034722222222222225,0.004162738065344096,cycles_per_10min_step,share_of_non_dc_energy
6,trend_ma36,spectrum,0.004166666666666667,0.0058401435731207626,cycles_per_10min_step,share_of_non_dc_energy
6,trend_ma36,spectrum,0.004861111111111111,0.007137916324213916,cycles_per_10min_step,share_of_non_dc_energy
6,trend_ma36,spectrum,0.005555555555555556,0.0075661419394876745,cycles_per_10min_step,share_of_non_dc_energy
6,trend_ma36,spectrum,0.00625,0.009025831137966378,cycles_per_10min_step,share_of_non_dc_energy
6,trend_ma36,spectrum,0.006944444444444445,0.013230122723416353,cycles_per_10min_step,share_of_non_dc_energy
6,trend_ma36,spectrum,0.0076388888888888895,0.027538099445389177,cycles_per_10min_step,share_of_non_dc_energy
6,trend_ma36,spectrum,0.008333333333333333,0.12494523278923543,cycles_per_10min_step,share_of_non_dc_energy
6,trend_ma36,spectrum,0.009027777777777779,0.744460842685676,cycles_per_10min_step,share_of_non_dc_energy
6,trend_ma36,spectrum,0.009722222222222222,0.026043153388233528,cycles_per_10min_step,share_of_non_dc_energy
6,trend_ma36,spectrum,0.010416666666666668,0.006756508566077959,cycles_per_10min_step,share_of_non_dc_energy
6,trend_ma36,spectrum,0.011111111111111112,0.0022420406625258964,cycles_per_10min_step,share_of_non_dc_energy
6,trend_ma36,spectrum,0.011805555555555555,0.0009370760361922627,cycles_per_10min_step,share_of_non_dc_energy
6,trend_ma36,spectrum,0.0125,0.0007077819211172328,cycles_per_10min_step,share_of_non_dc_energy
6,trend_ma36,spectrum,0.013194444444444444,0.0003755051979047223,cycles_per_10min_step,share_of_non_dc_energy
6,trend_ma36,spectrum,0.01388888888888889,0.0002295580076052165,cycles_per_10min_step,share_of_non_dc_energy
6,trend_ma36,spectrum,0.014583333333333334,0.00021956762280733407,cycles_per_10min_step,share_of_non_dc_energy
6,trend_ma36,spectrum,0.015277777777777779,0.00011080956350198195,cycles_per_10min_step,share_of_non_dc_energy
6,trend_ma36,spectrum,0.015972222222222224,0.00011798876564569499,cycles_per_10min_step,share_of_non_dc_energy
6,trend_ma36,spectrum,0.016666666666666666,0.00023572829421117183,cycles_per_10min_step,share_of_non_dc_energy
6,trend_ma36,spectrum,0.017361111111111112,0.000121659702257343,cycles_per_10min_step,share_of_non_dc_energy
6,trend_ma36,spectrum,0.018055555555555557,0.00010463870321791834,cycles_per_10min_step,share_of_non_dc_energy
6,trend_ma36,spectrum,0.01875,0.00012003173022723442,cycles_per_10min_step,share_of_non_dc_energy
6,trend_ma36,spectrum,0.019444444444444445,9.125727650951447e-05,cycles_per_10min_step,share_of_non_dc_energy
6,trend_ma36,spectrum,0.02013888888888889,0.00015008333142112678,cycles_per_10min_step,share_of_non_dc_energy
6,trend_ma36,spectrum,0.020833333333333336,0.00010514499868739864,cycles_per_10min_step,share_of_non_dc_energy
6,trend_ma36,spectrum,0.021527777777777778,9.36375164583543e-05,cycles_per_10min_step,share_of_non_dc_energy
6,trend_ma36,spectrum,0.022222222222222223,7.899948730836169e-05,cycles_per_10min_step,share_of_non_dc_energy
6,trend_ma36,spectrum,0.02291666666666667,5.94488230104693e-05,cycles_per_10min_step,share_of_non_dc_energy
6,trend_ma36,spectrum,0.02361111111111111,7.75642160678382e-05,cycles_per_10min_step,share_of_non_dc_energy
6,trend_ma36,spectrum,0.024305555555555556,0.00010329412974562375,cycles_per_10min_step,share_of_non_dc_energy
6,trend_ma36,spectrum,0.025,5.7895390560964375e-05,cycles_per_10min_step,share_of_non_dc_energy
6,trend_ma36,spectrum,0.025694444444444447,5.551399239203912e-05,cycles_per_10min_step,share_of_non_dc_energy
6,trend_ma36,spectrum,0.02638888888888889,4.596471636283561e-05,cycles_per_10min_step,share_of_non_dc_energy
6,trend_ma36,spectrum,0.027083333333333334,5.040432957917918e-05,cycles_per_10min_step,share_of_non_dc_energy
6,trend_ma36,spectrum,0.02777777777777778,4.437458777179171e-05,cycles_per_10min_step,share_of_non_dc_energy
6,trend_ma36,spectrum,0.02847222222222222,3.8274576089424516e-05,cycles_per_10min_step,share_of_non_dc_energy
6,trend_ma36,spectrum,0.029166666666666667,4.109394323202731e-05,cycles_per_10min_step,share_of_non_dc_energy
6,trend_ma36,spectrum,0.029861111111111113,3.2285753559367934e-05,cycles_per_10min_step,share_of_non_dc_energy
6,trend_ma36,spectrum,0.030555555555555558,3.0055348676619654e-05,cycles_per_10min_step,share_of_non_dc_energy
6,trend_ma36,spectrum,0.03125,2.4774853886966594e-05,cycles_per_10min_step,share_of_non_dc_energy
6,trend_ma36,spectrum,0.03194444444444445,2.159867857085914e-05,cycles_per_10min_step,share_of_non_dc_energy
6,trend_ma36,spectrum,0.03263888888888889,1.9020813589039578e-05,cycles_per_10min_step,share_of_non_dc_energy
6,trend_ma36,spectrum,0.03333333333333333,1.6907573936314577e-05,cycles_per_10min_step,share_of_non_dc_energy
6,trend_ma36,spectrum,0.03402777777777778,1.25880397625545e-06,cycles_per_10min_step,share_of_non_dc_energy
6,trend_ma36,spectrum,0.034722222222222224,1.4010402813072008e-05,cycles_per_10min_step,share_of_non_dc_energy
6,trend_ma36,spectrum,0.035416666666666666,2.1406172797082715e-05,cycles_per_10min_step,share_of_non_dc_energy
6,trend_ma36,spectrum,0.036111111111111115,5.1555092067393934e-06,cycles_per_10min_step,share_of_non_dc_energy
6,trend_ma36,spectrum,0.03680555555555556,1.7332616365082928e-05,cycles_per_10min_step,share_of_non_dc_energy
6,trend_ma36,spectrum,0.0375,1.286632375885363e-05,cycles_per_10min_step,share_of_non_dc_energy
6,trend_ma36,spectrum,0.03819444444444445,1.3468991755725707e-05,cycles_per_10min_step,share_of_non_dc_energy
6,trend_ma36,spectrum,0.03888888888888889,7.752860609839138e-06,cycles_per_10min_step,share_of_non_dc_energy
6,trend_ma36,spectrum,0.03958333333333333,9.41064772751952e-06,cycles_per_10min_step,share_of_non_dc_energy
6,trend_ma36,spectrum,0.04027777777777778,6.951939692087179e-06,cycles_per_10min_step,share_of_non_dc_energy
6,trend_ma36,spectrum,0.04097222222222222,1.3555826836977464e-05,cycles_per_10min_step,share_of_non_dc_energy
6,trend_ma36,spectrum,0.04166666666666667,4.334683664081035e-06,cycles_per_10min_step,share_of_non_dc_energy
6,trend_ma36,spectrum,0.04236111111111111,1.4043771855950542e-05,cycles_per_10min_step,share_of_non_dc_energy
6,trend_ma36,spectrum,0.043055555555555555,6.754698616559644e-06,cycles_per_10min_step,share_of_non_dc_energy
6,trend_ma36,spectrum,0.043750000000000004,1.0423637501223397e-05,cycles_per_10min_step,share_of_non_dc_energy
6,trend_ma36,spectrum,0.044444444444444446,9.12676240578855e-06,cycles_per_10min_step,share_of_non_dc_energy
6,trend_ma36,spectrum,0.04513888888888889,6.230923393910351e-06,cycles_per_10min_step,share_of_non_dc_energy
6,trend_ma36,spectrum,0.04583333333333334,7.631547055033728e-06,cycles_per_10min_step,share_of_non_dc_energy
6,trend_ma36,spectrum,0.04652777777777778,2.8100234409729907e-06,cycles_per_10min_step,share_of_non_dc_energy
6,trend_ma36,spectrum,0.04722222222222222,8.112475650155501e-06,cycles_per_10min_step,share_of_non_dc_energy
6,trend_ma36,spectrum,0.04791666666666667,8.19083495798609e-06,cycles_per_10min_step,share_of_non_dc_energy
6,trend_ma36,spectrum,0.04861111111111111,1.222895977555715e-05,cycles_per_10min_step,share_of_non_dc_energy
6,trend_ma36,spectrum,0.04930555555555556,6.407763837152037e-06,cycles_per_10min_step,share_of_non_dc_energy
6,trend_ma36,spectrum,0.05,7.17232111265928e-06,cycles_per_10min_step,share_of_non_dc_energy
6,trend_ma36,spectrum,0.050694444444444445,6.859094366263629e-06,cycles_per_10min_step,share_of_non_dc_energy
6,trend_ma36,spectrum,0.051388888888888894,7.094928838298106e-06,cycles_per_10min_step,share_of_non_dc_energy
6,trend_ma36,spectrum,0.052083333333333336,5.962267061461293e-06,cycles_per_10min_step,share_of_non_dc_energy
6,trend_ma36,spectrum,0.05277777777777778,5.699452766229847e-06,cycles_per_10min_step,share_of_non_dc_energy
6,trend_ma36,spectrum,0.05347222222222223,6.816486181258362e-06,cycles_per_10min_step,share_of_non_dc_energy
6,trend_ma36,spectrum,0.05416666666666667,6.0671041345236754e-06,cycles_per_10min_step,share_of_non_dc_energy
6,trend_ma36,spectrum,0.05486111111111111,5.017818418982655e-06,cycles_per_10min_step,share_of_non_dc_energy
6,trend_ma36,spectrum,0.05555555555555556,5.053519233880346e-06,cycles_per_10min_step,share_of_non_dc_energy
6,trend_ma36,spectrum,0.05625,4.382222762166867e-06,cycles_per_10min_step,share_of_non_dc_energy
6,trend_ma36,spectrum,0.05694444444444444,5.561281048710562e-06,cycles_per_10min_step,share_of_non_dc_energy
6,trend_ma36,spectrum,0.05763888888888889,3.974413331841111e-06,cycles_per_10min_step,share_of_non_dc_energy
6,trend_ma36,spectrum,0.058333333333333334,2.8753880359299913e-06,cycles_per_10min_step,share_of_non_dc_energy
6,trend_ma36,spectrum,0.05902777777777778,2.1745450049714446e-06,cycles_per_10min_step,share_of_non_dc_energy
6,trend_ma36,spectrum,0.059722222222222225,5.031293118822728e-06,cycles_per_10min_step,share_of_non_dc_energy
6,trend_ma36,spectrum,0.06041666666666667,2.5259828697593033e-06,cycles_per_10min_step,share_of_non_dc_energy
6,trend_ma36,spectrum,0.061111111111111116,7.528023854232662e-07,cycles_per_10min_step,share_of_non_dc_energy
6,trend_ma36,spectrum,0.06180555555555556,1.6042163010535725e-06,cycles_per_10min_step,share_of_non_dc_energy
6,trend_ma36,spectrum,0.0625,3.1129569912985885e-06,cycles_per_10min_step,share_of_non_dc_energy
6,trend_ma36,spectrum,0.06319444444444444,3.6362785202055603e-06,cycles_per_10min_step,share_of_non_dc_energy
6,trend_ma36,spectrum,0.0638888888888889,2.276678158036444e-06,cycles_per_10min_step,share_of_non_dc_energy
6,trend_ma36,spectrum,0.06458333333333334,1.4201562916886186e-06,cycles_per_10min_step,share_of_non_dc_energy
6,trend_ma36,spectrum,0.06527777777777778,2.6686819479983658e-06,cycles_per_10min_step,share_of_non_dc_energy
6,trend_ma36,spectrum,0.06597222222222222,2.459410154643256e-06,cycles_per_10min_step,share_of_non_dc_energy
6,trend_ma36,spectrum,0.06666666666666667,4.929192381832143e-06,cycles_per_10min_step,share_of_non_dc_energy
6,trend_ma36,spectrum,0.06736111111111111,2.771449240967213e-06,cycles_per_10min_step,share_of_non_dc_energy
6,trend_ma36,spectrum,0.06805555555555556,3.441358865063873e-06,cycles_per_10min_step,share_of_non_dc_energy
6,trend_ma36,spectrum,0.06875,2.709488994033128e-06,cycles_per_10min_step,share_of_non_dc_energy
6,trend_ma36,spectrum,0.06944444444444445,5.795790676652653e-06,cycles_per_10min_step,share_of_non_dc_energy
6,trend_ma36,spectrum,0.07013888888888889,4.367889986930346e-06,cycles_per_10min_step,share_of_non_dc_energy
6,trend_ma36,spectrum,0.07083333333333333,1.0797318184933556e-07,cycles_per_10min_step,share_of_non_dc_energy
6,trend_ma36,spectrum,0.07152777777777779,5.786186326661607e-06,cycles_per_10min_step,share_of_non_dc_energy
6,trend_ma36,spectrum,0.07222222222222223,2.966178844511027e-06,cycles_per_10min_step,share_of_non_dc_energy
6,trend_ma36,spectrum,0.07291666666666667,3.6610401175655532e-06,cycles_per_10min_step,share_of_non_dc_energy
6,trend_ma36,spectrum,0.07361111111111111,7.651229240401867e-07,cycles_per_10min_step,share_of_non_dc_energy
6,trend_ma36,spectrum,0.07430555555555556,2.694651399100453e-06,cycles_per_10min_step,share_of_non_dc_energy
6,trend_ma36,spectrum,0.075,1.7577148142695154e-06,cycles_per_10min_step,share_of_non_dc_energy
6,trend_ma36,spectrum,0.07569444444444445,1.7463206023619337e-06,cycles_per_10min_step,share_of_non_dc_energy
6,trend_ma36,spectrum,0.0763888888888889,5.886589638569257e-06,cycles_per_10min_step,share_of_non_dc_energy
6,trend_ma36,spectrum,0.07708333333333334,4.0114717887699625e-06,cycles_per_10min_step,share_of_non_dc_energy
6,trend_ma36,spectrum,0.07777777777777778,1.4987972379435475e-06,cycles_per_10min_step,share_of_non_dc_energy
6,trend_ma36,spectrum,0.07847222222222222,2.4480564230293e-06,cycles_per_10min_step,share_of_non_dc_energy
6,trend_ma36,spectrum,0.07916666666666666,3.0103111854595395e-06,cycles_per_10min_step,share_of_non_dc_energy
6,trend_ma36,spectrum,0.07986111111111112,2.7090745270803238e-06,cycles_per_10min_step,share_of_non_dc_energy
6,trend_ma36,spectrum,0.08055555555555556,1.8879054804740311e-06,cycles_per_10min_step,share_of_non_dc_energy
6,trend_ma36,spectrum,0.08125,2.8400409124095193e-06,cycles_per_10min_step,share_of_non_dc_energy
6,trend_ma36,spectrum,0.08194444444444444,1.800317550639997e-06,cycles_per_10min_step,share_of_non_dc_energy
6,trend_ma36,spectrum,0.08263888888888889,2.0703486717454376e-06,cycles_per_10min_step,share_of_non_dc_energy
6,trend_ma36,spectrum,0.08333333333333334,1.934168426673762e-06,cycles_per_10min_step,share_of_non_dc_energy
6,trend_ma36,spectrum,0.08402777777777778,1.8130957724499784e-06,cycles_per_10min_step,share_of_non_dc_energy
6,trend_ma36,spectrum,0.08472222222222223,1.848443536116046e-06,cycles_per_10min_step,share_of_non_dc_energy
6,trend_ma36,spectrum,0.08541666666666667,1.562337826359869e-06,cycles_per_10min_step,share_of_non_dc_energy
6,trend_ma36,spectrum,0.08611111111111111,1.9240662141448375e-06,cycles_per_10min_step,share_of_non_dc_energy
6,trend_ma36,spectrum,0.08680555555555555,1.1668675015082295e-06,cycles_per_10min_step,share_of_non_dc_energy
6,trend_ma36,spectrum,0.08750000000000001,1.4808152089207083e-06,cycles_per_10min_step,share_of_non_dc_energy
6,trend_ma36,spectrum,0.08819444444444445,1.160937448680917e-06,cycles_per_10min_step,share_of_non_dc_energy
6,trend_ma36,spectrum,0.08888888888888889,1.1954445004253608e-06,cycles_per_10min_step,share_of_non_dc_energy
6,trend_ma36,spectrum,0.08958333333333333,3.1703909163258874e-07,cycles_per_10min_step,share_of_non_dc_energy
6,trend_ma36,spectrum,0.09027777777777778,4.6529685439378444e-07,cycles_per_10min_step,share_of_non_dc_energy
6,trend_ma36,spectrum,0.09097222222222223,9.951777570406905e-07,cycles_per_10min_step,share_of_non_dc_energy
6,trend_ma36,spectrum,0.09166666666666667,2.4914599176194974e-06,cycles_per_10min_step,share_of_non_dc_energy
6,trend_ma36,spectrum,0.09236111111111112,3.50656956713224e-06,cycles_per_10min_step,share_of_non_dc_energy
6,trend_ma36,spectrum,0.09305555555555556,1.3513672731910594e-06,cycles_per_10min_step,share_of_non_dc_energy
6,trend_ma36,spectrum,0.09375,1.0714465072640715e-06,cycles_per_10min_step,share_of_non_dc_energy
6,trend_ma36,spectrum,0.09444444444444444,1.2678152323210763e-06,cycles_per_10min_step,share_of_non_dc_energy
6,trend_ma36,spectrum,0.0951388888888889,2.390452942483192e-06,cycles_per_10min_step,share_of_non_dc_energy
6,trend_ma36,spectrum,0.09583333333333334,1.3381822483604427e-06,cycles_per_10min_step,share_of_non_dc_energy
6,trend_ma36,spectrum,0.09652777777777778,5.922330468848578e-06,cycles_per_10min_step,share_of_non_dc_energy
6,trend_ma36,spectrum,0.09722222222222222,4.2798176572928065e-07,cycles_per_10min_step,share_of_non_dc_energy
6,trend_ma36,spectrum,0.09791666666666667,1.137580905342162e-06,cycles_per_10min_step,share_of_non_dc_energy
6,trend_ma36,spectrum,0.09861111111111112,7.678882756859839e-07,cycles_per_10min_step,share_of_non_dc_energy
6,trend_ma36,spectrum,0.09930555555555556,1.61211408576834e-06,cycles_per_10min_step,share_of_non_dc_energy
6,trend_ma36,spectrum,0.1,2.2344603973092604e-06,cycles_per_10min_step,share_of_non_dc_energy
6,trend_ma36,spectrum,0.10069444444444445,5.136006212793249e-07,cycles_per_10min_step,share_of_non_dc_energy
6,trend_ma36,spectrum,0.10138888888888889,7.849644407758877e-07,cycles_per_10min_step,share_of_non_dc_energy
6,trend_ma36,spectrum,0.10208333333333333,6.067928192312089e-07,cycles_per_10min_step,share_of_non_dc_energy
6,trend_ma36,spectrum,0.10277777777777779,6.3219360028146e-07,cycles_per_10min_step,share_of_non_dc_energy
6,trend_ma36,spectrum,0.10347222222222223,6.427011946172637e-07,cycles_per_10min_step,share_of_non_dc_energy
6,trend_ma36,spectrum,0.10416666666666667,4.903086590039661e-07,cycles_per_10min_step,share_of_non_dc_energy
6,trend_ma36,spectrum,0.10486111111111111,1.1248199268398485e-06,cycles_per_10min_step,share_of_non_dc_energy
6,trend_ma36,spectrum,0.10555555555555556,1.6474134694530721e-06,cycles_per_10min_step,share_of_non_dc_energy
6,trend_ma36,spectrum,0.10625,7.766857466531089e-07,cycles_per_10min_step,share_of_non_dc_energy
6,trend_ma36,spectrum,0.10694444444444445,5.029618058849247e-07,cycles_per_10min_step,share_of_non_dc_energy
6,trend_ma36,spectrum,0.1076388888888889,4.1856637730072153e-07,cycles_per_10min_step,share_of_non_dc_energy
6,trend_ma36,spectrum,0.10833333333333334,6.446593348865954e-07,cycles_per_10min_step,share_of_non_dc_energy
6,trend_ma36,spectrum,0.10902777777777778,8.586442751234862e-07,cycles_per_10min_step,share_of_non_dc_energy
6,trend_ma36,spectrum,0.10972222222222222,4.068063792783396e-07,cycles_per_10min_step,share_of_non_dc_energy
6,trend_ma36,spectrum,0.11041666666666668,6.911406039258715e-07,cycles_per_10min_step,share_of_non_dc_energy
6,trend_ma36,spectrum,0.11111111111111112,6.048674567246134e-07,cycles_per_10min_step,share_of_non_dc_energy
6,trend_ma36,spectrum,0.11180555555555556,5.960232771812575e-07,cycles_per_10min_step,share_of_non_dc_energy
6,trend_ma36,spectrum,0.1125,5.377858398589938e-07,cycles_per_10min_step,share_of_non_dc_energy
6,trend_ma36,spectrum,0.11319444444444444,6.146123520626871e-07,cycles_per_10min_step,share_of_non_dc_energy
6,trend_ma36,spectrum,0.11388888888888889,3.2299261527610947e-07,cycles_per_10min_step,share_of_non_dc_energy
6,trend_ma36,spectrum,0.11458333333333334,3.877920747156779e-07,cycles_per_10min_step,share_of_non_dc_energy
6,trend_ma36,spectrum,0.11527777777777778,4.5935262058101624e-07,cycles_per_10min_step,share_of_non_dc_energy
6,trend_ma36,spectrum,0.11597222222222223,7.592938939615618e-07,cycles_per_10min_step,share_of_non_dc_energy
6,trend_ma36,spectrum,0.11666666666666667,8.055074107613101e-07,cycles_per_10min_step,share_of_non_dc_energy
6,trend_ma36,spectrum,0.11736111111111111,1.0187756837483152e-06,cycles_per_10min_step,share_of_non_dc_energy
6,trend_ma36,spectrum,0.11805555555555557,5.733825489673496e-08,cycles_per_10min_step,share_of_non_dc_energy
6,trend_ma36,spectrum,0.11875000000000001,5.112643616459431e-07,cycles_per_10min_step,share_of_non_dc_energy
6,trend_ma36,spectrum,0.11944444444444445,4.3834207579673725e-07,cycles_per_10min_step,share_of_non_dc_energy
6,trend_ma36,spectrum,0.12013888888888889,1.945539480748563e-07,cycles_per_10min_step,share_of_non_dc_energy
6,trend_ma36,spectrum,0.12083333333333333,5.017092452546889e-07,cycles_per_10min_step,share_of_non_dc_energy
6,trend_ma36,spectrum,0.12152777777777778,8.67412156184373e-09,cycles_per_10min_step,share_of_non_dc_energy
6,trend_ma36,spectrum,0.12222222222222223,4.22665560122795e-07,cycles_per_10min_step,share_of_non_dc_energy
6,trend_ma36,spectrum,0.12291666666666667,4.4115761503059233e-07,cycles_per_10min_step,share_of_non_dc_energy
6,trend_ma36,spectrum,0.12361111111111112,6.865798748067852e-08,cycles_per_10min_step,share_of_non_dc_energy
6,trend_ma36,spectrum,0.12430555555555556,9.008321642838277e-07,cycles_per_10min_step,share_of_non_dc_energy
6,trend_ma36,spectrum,0.125,2.8044732756968e-07,cycles_per_10min_step,share_of_non_dc_energy
6,trend_ma36,spectrum,0.12569444444444444,1.0336413730604292e-06,cycles_per_10min_step,share_of_non_dc_energy
6,trend_ma36,spectrum,0.12638888888888888,6.25879821234167e-07,cycles_per_10min_step,share_of_non_dc_energy
6,trend_ma36,spectrum,0.12708333333333333,3.9548525451029954e-07,cycles_per_10min_step,share_of_non_dc_energy
6,trend_ma36,spectrum,0.1277777777777778,8.917216162252051e-07,cycles_per_10min_step,share_of_non_dc_energy
6,trend_ma36,spectrum,0.12847222222222224,4.096135898778638e-07,cycles_per_10min_step,share_of_non_dc_energy
6,trend_ma36,spectrum,0.12916666666666668,1.446345469996623e-06,cycles_per_10min_step,share_of_non_dc_energy
6,trend_ma36,spectrum,0.12986111111111112,6.140485316128073e-07,cycles_per_10min_step,share_of_non_dc_energy
6,trend_ma36,spectrum,0.13055555555555556,2.200696842098717e-06,cycles_per_10min_step,share_of_non_dc_energy
6,trend_ma36,spectrum,0.13125,5.905293918424552e-07,cycles_per_10min_step,share_of_non_dc_energy
6,trend_ma36,spectrum,0.13194444444444445,2.7671613434025897e-07,cycles_per_10min_step,share_of_non_dc_energy
6,trend_ma36,spectrum,0.1326388888888889,6.932258111083767e-07,cycles_per_10min_step,share_of_non_dc_energy
6,trend_ma36,spectrum,0.13333333333333333,7.192153176188706e-07,cycles_per_10min_step,share_of_non_dc_energy
6,trend_ma36,spectrum,0.13402777777777777,6.440659084061359e-07,cycles_per_10min_step,share_of_non_dc_energy
6,trend_ma36,spectrum,0.13472222222222222,5.019996812960469e-07,cycles_per_10min_step,share_of_non_dc_energy
6,trend_ma36,spectrum,0.13541666666666669,7.30477513509187e-07,cycles_per_10min_step,share_of_non_dc_energy
6,trend_ma36,spectrum,0.13611111111111113,5.444653815603304e-07,cycles_per_10min_step,share_of_non_dc_energy
6,trend_ma36,spectrum,0.13680555555555557,5.684661733412856e-07,cycles_per_10min_step,share_of_non_dc_energy
6,trend_ma36,spectrum,0.1375,6.305064295378486e-07,cycles_per_10min_step,share_of_non_dc_energy
6,trend_ma36,spectrum,0.13819444444444445,6.385204229827766e-07,cycles_per_10min_step,share_of_non_dc_energy
6,trend_ma36,spectrum,0.1388888888888889,5.693007307372314e-07,cycles_per_10min_step,share_of_non_dc_energy
6,trend_ma36,spectrum,0.13958333333333334,5.699674572100218e-07,cycles_per_10min_step,share_of_non_dc_energy
6,trend_ma36,spectrum,0.14027777777777778,6.469394335868033e-07,cycles_per_10min_step,share_of_non_dc_energy
6,trend_ma36,spectrum,0.14097222222222222,4.1817992623529215e-07,cycles_per_10min_step,share_of_non_dc_energy
6,trend_ma36,spectrum,0.14166666666666666,3.4210996166839195e-07,cycles_per_10min_step,share_of_non_dc_energy
6,trend_ma36,spectrum,0.1423611111111111,5.590865064606091e-07,cycles_per_10min_step,share_of_non_dc_energy
6,trend_ma36,spectrum,0.14305555555555557,5.695222635250245e-07,cycles_per_10min_step,share_of_non_dc_energy
6,trend_ma36,spectrum,0.14375000000000002,8.686556845804405e-07,cycles_per_10min_step,share_of_non_dc_energy
6,trend_ma36,spectrum,0.14444444444444446,1.0370647915427733e-06,cycles_per_10min_step,share_of_non_dc_energy
6,trend_ma36,spectrum,0.1451388888888889,4.83326539036303e-07,cycles_per_10min_step,share_of_non_dc_energy
6,trend_ma36,spectrum,0.14583333333333334,5.261307862205997e-07,cycles_per_10min_step,share_of_non_dc_energy
6,trend_ma36,spectrum,0.14652777777777778,5.365708519648668e-07,cycles_per_10min_step,share_of_non_dc_energy
6,trend_ma36,spectrum,0.14722222222222223,6.196394773865316e-07,cycles_per_10min_step,share_of_non_dc_energy
6,trend_ma36,spectrum,0.14791666666666667,7.453039368517993e-07,cycles_per_10min_step,share_of_non_dc_energy
6,trend_ma36,spectrum,0.1486111111111111,4.390380534306366e-07,cycles_per_10min_step,share_of_non_dc_energy
6,trend_ma36,spectrum,0.14930555555555555,2.3160636604763729e-07,cycles_per_10min_step,share_of_non_dc_energy
6,trend_ma36,spectrum,0.15,5.6751793821969144e-08,cycles_per_10min_step,share_of_non_dc_energy
6,trend_ma36,spectrum,0.15069444444444444,1.0463282456402844e-06,cycles_per_10min_step,share_of_non_dc_energy
6,trend_ma36,spectrum,0.1513888888888889,2.500357634518512e-07,cycles_per_10min_step,share_of_non_dc_energy
6,trend_ma36,spectrum,0.15208333333333335,1.0497011613602208e-06,cycles_per_10min_step,share_of_non_dc_energy
6,trend_ma36,spectrum,0.1527777777777778,2.2431580953723695e-07,cycles_per_10min_step,share_of_non_dc_energy
6,trend_ma36,spectrum,0.15347222222222223,6.125153095201233e-08,cycles_per_10min_step,share_of_non_dc_energy
6,trend_ma36,spectrum,0.15416666666666667,4.118463151799468e-07,cycles_per_10min_step,share_of_non_dc_energy
6,trend_ma36,spectrum,0.15486111111111112,4.449174997210997e-07,cycles_per_10min_step,share_of_non_dc_energy
6,trend_ma36,spectrum,0.15555555555555556,2.1726521683230548e-07,cycles_per_10min_step,share_of_non_dc_energy
6,trend_ma36,spectrum,0.15625,4.524922883697385e-07,cycles_per_10min_step,share_of_non_dc_energy
6,trend_ma36,spectrum,0.15694444444444444,1.3711748231342466e-06,cycles_per_10min_step,share_of_non_dc_energy
6,trend_ma36,spectrum,0.15763888888888888,8.043458415746855e-07,cycles_per_10min_step,share_of_non_dc_energy
6,trend_ma36,spectrum,0.15833333333333333,5.562093126714475e-07,cycles_per_10min_step,share_of_non_dc_energy
6,trend_ma36,spectrum,0.1590277777777778,4.6056045531483336e-07,cycles_per_10min_step,share_of_non_dc_energy
6,trend_ma36,spectrum,0.15972222222222224,1.8752545809670647e-07,cycles_per_10min_step,share_of_non_dc_energy
6,trend_ma36,spectrum,0.16041666666666668,1.19395564847443e-07,cycles_per_10min_step,share_of_non_dc_energy
6,trend_ma36,spectrum,0.16111111111111112,4.4503389025726427e-07,cycles_per_10min_step,share_of_non_dc_energy
6,trend_ma36,spectrum,0.16180555555555556,3.3726598404319867e-07,cycles_per_10min_step,share_of_non_dc_energy
6,trend_ma36,spectrum,0.1625,2.802513338859479e-07,cycles_per_10min_step,share_of_non_dc_energy
6,trend_ma36,spectrum,0.16319444444444445,1.8730625918936698e-07,cycles_per_10min_step,share_of_non_dc_energy
6,trend_ma36,spectrum,0.1638888888888889,2.3903421304592224e-07,cycles_per_10min_step,share_of_non_dc_energy
6,trend_ma36,spectrum,0.16458333333333333,3.8969150990390037e-07,cycles_per_10min_step,share_of_non_dc_energy
6,trend_ma36,spectrum,0.16527777777777777,4.642659223701542e-07,cycles_per_10min_step,share_of_non_dc_energy
6,trend_ma36,spectrum,0.16597222222222222,3.5985062818485037e-07,cycles_per_10min_step,share_of_non_dc_energy
6,trend_ma36,spectrum,0.16666666666666669,3.338122731429923e-07,cycles_per_10min_step,share_of_non_dc_energy
6,trend_ma36,spectrum,0.16736111111111113,3.184542119719389e-07,cycles_per_10min_step,share_of_non_dc_energy
6,trend_ma36,spectrum,0.16805555555555557,2.4191545177342933e-07,cycles_per_10min_step,share_of_non_dc_energy
6,trend_ma36,spectrum,0.16875,3.1833951023137144e-07,cycles_per_10min_step,share_of_non_dc_energy
6,trend_ma36,spectrum,0.16944444444444445,3.3970565484240886e-07,cycles_per_10min_step,share_of_non_dc_energy
6,trend_ma36,spectrum,0.1701388888888889,2.950909661096692e-07,cycles_per_10min_step,share_of_non_dc_energy
6,trend_ma36,spectrum,0.17083333333333334,5.073667141705536e-07,cycles_per_10min_step,share_of_non_dc_energy
6,trend_ma36,spectrum,0.17152777777777778,3.7393079122235867e-07,cycles_per_10min_step,share_of_non_dc_energy
6,trend_ma36,spectrum,0.17222222222222222,5.217574411860845e-07,cycles_per_10min_step,share_of_non_dc_energy
6,trend_ma36,spectrum,0.17291666666666666,3.3011753747396825e-07,cycles_per_10min_step,share_of_non_dc_energy
6,trend_ma36,spectrum,0.1736111111111111,2.9669158157007563e-07,cycles_per_10min_step,share_of_non_dc_energy
6,trend_ma36,spectrum,0.17430555555555557,3.9005196946715066e-07,cycles_per_10min_step,share_of_non_dc_energy
6,trend_ma36,spectrum,0.17500000000000002,3.4172977031303526e-07,cycles_per_10min_step,share_of_non_dc_energy
6,trend_ma36,spectrum,0.17569444444444446,6.204640458168708e-07,cycles_per_10min_step,share_of_non_dc_energy
6,trend_ma36,spectrum,0.1763888888888889,3.930077193032565e-07,cycles_per_10min_step,share_of_non_dc_energy
6,trend_ma36,spectrum,0.17708333333333334,1.1834562767129635e-07,cycles_per_10min_step,share_of_non_dc_energy
6,trend_ma36,spectrum,0.17777777777777778,5.277973065822366e-07,cycles_per_10min_step,share_of_non_dc_energy
6,trend_ma36,acf,0.0,1.0,10min_steps,autocorrelation
6,trend_ma36,acf,1.0,0.9983469898526669,10min_steps,autocorrelation
6,trend_ma36,acf,2.0,0.9936364566810437,10min_steps,autocorrelation
6,trend_ma36,acf,3.0,0.9858908837752269,10min_steps,autocorrelation
6,trend_ma36,acf,4.0,0.975147417493176,10min_steps,autocorrelation
6,trend_ma36,acf,5.0,0.961460325789202,10min_steps,autocorrelation
6,trend_ma36,acf,6.0,0.9448623170790359,10min_steps,autocorrelation
6,trend_ma36,acf,7.0,0.9254059796508154,10min_steps,autocorrelation
6,trend_ma36,acf,8.0,0.9031760071111994,10min_steps,autocorrelation
6,trend_ma36,acf,9.0,0.8782340632534246,10min_steps,autocorrelation
6,trend_ma36,acf,10.0,0.8506643606179769,10min_steps,autocorrelation
6,trend_ma36,acf,11.0,0.8205532612077686,10min_steps,autocorrelation
6,trend_ma36,acf,12.0,0.7879973867443726,10min_steps,autocorrelation
6,trend_ma36,acf,13.0,0.7530915178720153,10min_steps,autocorrelation
6,trend_ma36,acf,14.0,0.7159509818621981,10min_steps,autocorrelation
6,trend_ma36,acf,15.0,0.6766959219329901,10min_steps,autocorrelation
6,trend_ma36,acf,16.0,0.6354442981402222,10min_steps,autocorrelation
6,trend_ma36,acf,17.0,0.5923441134611043,10min_steps,autocorrelation
6,trend_ma36,acf,18.0,0.5475297547735931,10min_steps,autocorrelation
6,trend_ma36,acf,19.0,0.5011366709059062,10min_steps,autocorrelation
6,trend_ma36,acf,20.0,0.4533164643859628,10min_steps,autocorrelation
6,trend_ma36,acf,21.0,0.4042138043842532,10min_steps,autocorrelation
6,trend_ma36,acf,22.0,0.35397025355091705,10min_steps,autocorrelation
6,trend_ma36,acf,23.0,0.302751607404503,10min_steps,autocorrelation
6,trend_ma36,acf,24.0,0.2507165417143866,10min_steps,autocorrelation
6,trend_ma36,acf,25.0,0.198025261909165,10min_steps,autocorrelation
6,trend_ma36,acf,26.0,0.14484599364876038,10min_steps,autocorrelation
6,trend_ma36,acf,27.0,0.09135203181948388,10min_steps,autocorrelation
6,trend_ma36,acf,28.0,0.03770096378867532,10min_steps,autocorrelation
6,trend_ma36,acf,29.0,-0.015944926719783984,10min_steps,autocorrelation
6,trend_ma36,acf,30.0,-0.06941959310500372,10min_steps,autocorrelation
6,trend_ma36,acf,31.0,-0.12255634813682896,10min_steps,autocorrelation
6,trend_ma36,acf,32.0,-0.17519059504298243,10min_steps,autocorrelation
6,trend_ma36,acf,33.0,-0.22715462493894936,10min_steps,autocorrelation
6,trend_ma36,acf,34.0,-0.27829418395406247,10min_steps,autocorrelation
6,trend_ma36,acf,35.0,-0.3284531916506945,10min_steps,autocorrelation
6,trend_ma36,acf,36.0,-0.37747421671381615,10min_steps,autocorrelation
6,trend_ma36,acf,37.0,-0.4251913840324137,10min_steps,autocorrelation
6,trend_ma36,acf,38.0,-0.4714811413711107,10min_steps,autocorrelation
6,trend_ma36,acf,39.0,-0.5162080284155016,10min_steps,autocorrelation
6,trend_ma36,acf,40.0,-0.5592299895200944,10min_steps,autocorrelation
6,trend_ma36,acf,41.0,-0.6004127959643306,10min_steps,autocorrelation
6,trend_ma36,acf,42.0,-0.6396320871285498,10min_steps,autocorrelation
6,trend_ma36,acf,43.0,-0.6767639724119863,10min_steps,autocorrelation
6,trend_ma36,acf,44.0,-0.7117028683655284,10min_steps,autocorrelation
6,trend_ma36,acf,45.0,-0.7443329220554106,10min_steps,autocorrelation
6,trend_ma36,acf,46.0,-0.7745544099936192,10min_steps,autocorrelation
6,trend_ma36,acf,47.0,-0.8022777332142957,10min_steps,autocorrelation
6,trend_ma36,acf,48.0,-0.8274127394646756,10min_steps,autocorrelation
6,trend_ma36,acf,49.0,-0.8498874766160837,10min_steps,autocorrelation
6,trend_ma36,acf,50.0,-0.8696374589178785,10min_steps,autocorrelation
6,trend_ma36,acf,51.0,-0.8866007466245392,10min_steps,autocorrelation
6,trend_ma36,acf,52.0,-0.9007302155431874,10min_steps,autocorrelation
6,trend_ma36,acf,53.0,-0.9119940912255519,10min_steps,autocorrelation
6,trend_ma36,acf,54.0,-0.920363290624162,10min_steps,autocorrelation
6,trend_ma36,acf,55.0,-0.9258055980839262,10min_steps,autocorrelation
6,trend_ma36,acf,56.0,-0.9283138386093013,10min_steps,autocorrelation
6,trend_ma36,acf,57.0,-0.9278862295464809,10min_steps,autocorrelation
6,trend_ma36,acf,58.0,-0.924516228966439,10min_steps,autocorrelation
6,trend_ma36,acf,59.0,-0.9182274998769134,10min_steps,autocorrelation
6,trend_ma36,acf,60.0,-0.9090443509162632,10min_steps,autocorrelation
6,trend_ma36,acf,61.0,-0.8970015505153801,10min_steps,autocorrelation
6,trend_ma36,acf,62.0,-0.882142894789706,10min_steps,autocorrelation
6,trend_ma36,acf,63.0,-0.8645257081012344,10min_steps,autocorrelation
6,trend_ma36,acf,64.0,-0.8442080323061637,10min_steps,autocorrelation
6,trend_ma36,acf,65.0,-0.8212525267841954,10min_steps,autocorrelation
6,trend_ma36,acf,66.0,-0.795737246511974,10min_steps,autocorrelation
6,trend_ma36,acf,67.0,-0.7677441470950388,10min_steps,autocorrelation
6,trend_ma36,acf,68.0,-0.7373637606133838,10min_steps,autocorrelation
6,trend_ma36,acf,69.0,-0.7046987623196239,10min_steps,autocorrelation
6,trend_ma36,acf,70.0,-0.6698601498462715,10min_steps,autocorrelation
6,trend_ma36,acf,71.0,-0.6329668513754548,10min_steps,autocorrelation
6,trend_ma36,acf,72.0,-0.5941410936457754,10min_steps,autocorrelation
6,trend_ma36,acf,73.0,-0.5535027746952275,10min_steps,autocorrelation
6,trend_ma36,acf,74.0,-0.5111866914324721,10min_steps,autocorrelation
6,trend_ma36,acf,75.0,-0.4673304298218772,10min_steps,autocorrelation
6,trend_ma36,acf,76.0,-0.4220722988882001,10min_steps,autocorrelation
6,trend_ma36,acf,77.0,-0.3755679674986698,10min_steps,autocorrelation
6,trend_ma36,acf,78.0,-0.3279644944341069,10min_steps,autocorrelation
6,trend_ma36,acf,79.0,-0.27940321396049084,10min_steps,autocorrelation
6,trend_ma36,acf,80.0,-0.23003998338786794,10min_steps,autocorrelation
6,trend_ma36,acf,81.0,-0.18003180702365276,10min_steps,autocorrelation
6,trend_ma36,acf,82.0,-0.12954300806863076,10min_steps,autocorrelation
6,trend_ma36,acf,83.0,-0.07873444896816881,10min_steps,autocorrelation
6,trend_ma36,acf,84.0,-0.02777318766960068,10min_steps,autocorrelation
6,trend_ma36,acf,85.0,0.023179173834561605,10min_steps,autocorrelation
6,trend_ma36,acf,86.0,0.0739665419189671,10min_steps,autocorrelation
6,trend_ma36,acf,87.0,0.12442585916785402,10min_steps,autocorrelation
6,trend_ma36,acf,88.0,0.17439315121472895,10min_steps,autocorrelation
6,trend_ma36,acf,89.0,0.22371387187001834,10min_steps,autocorrelation
6,trend_ma36,acf,90.0,0.2722402462435139,10min_steps,autocorrelation
6,trend_ma36,acf,91.0,0.3198099164052293,10min_steps,autocorrelation
6,trend_ma36,acf,92.0,0.3662830349208742,10min_steps,autocorrelation
6,trend_ma36,acf,93.0,0.41150302997029914,10min_steps,autocorrelation
6,trend_ma36,acf,94.0,0.45533064543428514,10min_steps,autocorrelation
6,trend_ma36,acf,95.0,0.4976261615160444,10min_steps,autocorrelation
6,trend_ma36,acf,96.0,0.5382625280325221,10min_steps,autocorrelation
6,trend_ma36,acf,97.0,0.5771119028197537,10min_steps,autocorrelation
6,trend_ma36,acf,98.0,0.6140561507956734,10min_steps,autocorrelation
6,trend_ma36,acf,99.0,0.6489763458922904,10min_steps,autocorrelation
6,trend_ma36,acf,100.0,0.6817712124303428,10min_steps,autocorrelation
6,trend_ma36,acf,101.0,0.7123338241155868,10min_steps,autocorrelation
6,trend_ma36,acf,102.0,0.7405739755241315,10min_steps,autocorrelation
6,trend_ma36,acf,103.0,0.7664013546037286,10min_steps,autocorrelation
6,trend_ma36,acf,104.0,0.7897331208984024,10min_steps,autocorrelation
6,trend_ma36,acf,105.0,0.8104993967502667,10min_steps,autocorrelation
6,trend_ma36,acf,106.0,0.8286443854714366,10min_steps,autocorrelation
6,trend_ma36,acf,107.0,0.8441235955731231,10min_steps,autocorrelation
6,trend_ma36,acf,108.0,0.8568810721245028,10min_steps,autocorrelation
6,trend_ma36,acf,109.0,0.8668805776158827,10min_steps,autocorrelation
6,trend_ma36,acf,110.0,0.8740956979151051,10min_steps,autocorrelation
6,trend_ma36,acf,111.0,0.8785170935377065,10min_steps,autocorrelation
6,trend_ma36,acf,112.0,0.8801261610819204,10min_steps,autocorrelation
6,trend_ma36,acf,113.0,0.8789301721067565,10min_steps,autocorrelation
6,trend_ma36,acf,114.0,0.8749334454326533,10min_steps,autocorrelation
6,trend_ma36,acf,115.0,0.8681449992010736,10min_steps,autocorrelation
6,trend_ma36,acf,116.0,0.8585957376471798,10min_steps,autocorrelation
6,trend_ma36,acf,117.0,0.846320189061216,10min_steps,autocorrelation
6,trend_ma36,acf,118.0,0.8313640366320166,10min_steps,autocorrelation
6,trend_ma36,acf,119.0,0.8137799800358327,10min_steps,autocorrelation
6,trend_ma36,acf,120.0,0.7936270212067382,10min_steps,autocorrelation
6,trend_ma36,acf,121.0,0.7709755131012525,10min_steps,autocorrelation
6,trend_ma36,acf,122.0,0.7458956533544483,10min_steps,autocorrelation
6,trend_ma36,acf,123.0,0.7184744710882739,10min_steps,autocorrelation
6,trend_ma36,acf,124.0,0.68880394316225,10min_steps,autocorrelation
6,trend_ma36,acf,125.0,0.6569925235327457,10min_steps,autocorrelation
6,trend_ma36,acf,126.0,0.6231279192534774,10min_steps,autocorrelation
6,trend_ma36,acf,127.0,0.5873231703321111,10min_steps,autocorrelation
6,trend_ma36,acf,128.0,0.54969305203093,10min_steps,autocorrelation
6,trend_ma36,acf,129.0,0.5103757114276832,10min_steps,autocorrelation
6,trend_ma36,acf,130.0,0.4694874585134326,10min_steps,autocorrelation
6,trend_ma36,acf,131.0,0.4271622333359915,10min_steps,autocorrelation
6,trend_ma36,acf,132.0,0.38353022753858007,10min_steps,autocorrelation
6,trend_ma36,acf,133.0,0.33873891680846585,10min_steps,autocorrelation
6,trend_ma36,acf,134.0,0.2929325840678321,10min_steps,autocorrelation
6,trend_ma36,acf,135.0,0.24626653259980344,10min_steps,autocorrelation
6,trend_ma36,acf,136.0,0.1988806997931931,10min_steps,autocorrelation
6,trend_ma36,acf,137.0,0.15093083636859922,10min_steps,autocorrelation
6,trend_ma36,acf,138.0,0.10256725859053403,10min_steps,autocorrelation
6,trend_ma36,acf,139.0,0.05395149639055595,10min_steps,autocorrelation
6,trend_ma36,acf,140.0,0.005227647963365448,10min_steps,autocorrelation
6,trend_ma36,acf,141.0,-0.04344285397590091,10min_steps,autocorrelation
6,trend_ma36,acf,142.0,-0.09190652242153237,10min_steps,autocorrelation
6,trend_ma36,acf,143.0,-0.14001413789796874,10min_steps,autocorrelation
6,trend_ma36,acf,144.0,-0.1875991824841487,10min_steps,autocorrelation
6,local_residual_ma6,spectrum,0.0006944444444444445,0.00031579081162048575,cycles_per_10min_step,share_of_non_dc_energy
6,local_residual_ma6,spectrum,0.001388888888888889,0.00034897211057786,cycles_per_10min_step,share_of_non_dc_energy
6,local_residual_ma6,spectrum,0.0020833333333333333,0.00036001444730476205,cycles_per_10min_step,share_of_non_dc_energy
6,local_residual_ma6,spectrum,0.002777777777777778,0.0004285419608992819,cycles_per_10min_step,share_of_non_dc_energy
6,local_residual_ma6,spectrum,0.0034722222222222225,0.0004753924594582119,cycles_per_10min_step,share_of_non_dc_energy
6,local_residual_ma6,spectrum,0.004166666666666667,0.0007191523760431145,cycles_per_10min_step,share_of_non_dc_energy
6,local_residual_ma6,spectrum,0.004861111111111111,0.0009279969741762547,cycles_per_10min_step,share_of_non_dc_energy
6,local_residual_ma6,spectrum,0.005555555555555556,0.0012662798074061588,cycles_per_10min_step,share_of_non_dc_energy
6,local_residual_ma6,spectrum,0.00625,0.0019949775460985438,cycles_per_10min_step,share_of_non_dc_energy
6,local_residual_ma6,spectrum,0.006944444444444445,0.0034397507388858654,cycles_per_10min_step,share_of_non_dc_energy
6,local_residual_ma6,spectrum,0.0076388888888888895,0.008491189025192141,cycles_per_10min_step,share_of_non_dc_energy
6,local_residual_ma6,spectrum,0.008333333333333333,0.048031426557945636,cycles_per_10min_step,share_of_non_dc_energy
6,local_residual_ma6,spectrum,0.009027777777777779,0.3608086473481371,cycles_per_10min_step,share_of_non_dc_energy
6,local_residual_ma6,spectrum,0.009722222222222222,0.01601647749749935,cycles_per_10min_step,share_of_non_dc_energy
6,local_residual_ma6,spectrum,0.010416666666666668,0.005585454946806635,cycles_per_10min_step,share_of_non_dc_energy
6,local_residual_ma6,spectrum,0.011111111111111112,0.0024095592683480685,cycles_per_10min_step,share_of_non_dc_energy
6,local_residual_ma6,spectrum,0.011805555555555555,0.0013495483779077228,cycles_per_10min_step,share_of_non_dc_energy
6,local_residual_ma6,spectrum,0.0125,0.0010838772080568999,cycles_per_10min_step,share_of_non_dc_energy
6,local_residual_ma6,spectrum,0.013194444444444444,0.0008393208535890708,cycles_per_10min_step,share_of_non_dc_energy
6,local_residual_ma6,spectrum,0.01388888888888889,0.0004359681285987344,cycles_per_10min_step,share_of_non_dc_energy
6,local_residual_ma6,spectrum,0.014583333333333334,0.0001714057888197521,cycles_per_10min_step,share_of_non_dc_energy
6,local_residual_ma6,spectrum,0.015277777777777779,0.00023044720921817403,cycles_per_10min_step,share_of_non_dc_energy
6,local_residual_ma6,spectrum,0.015972222222222224,0.0003236224639677151,cycles_per_10min_step,share_of_non_dc_energy
6,local_residual_ma6,spectrum,0.016666666666666666,0.00021335718109041289,cycles_per_10min_step,share_of_non_dc_energy
6,local_residual_ma6,spectrum,0.017361111111111112,0.00017307643318139135,cycles_per_10min_step,share_of_non_dc_energy
6,local_residual_ma6,spectrum,0.018055555555555557,0.00029484791793064576,cycles_per_10min_step,share_of_non_dc_energy
6,local_residual_ma6,spectrum,0.01875,0.00012534882163371905,cycles_per_10min_step,share_of_non_dc_energy
6,local_residual_ma6,spectrum,0.019444444444444445,0.00020900161302344223,cycles_per_10min_step,share_of_non_dc_energy
6,local_residual_ma6,spectrum,0.02013888888888889,0.00033841932543562996,cycles_per_10min_step,share_of_non_dc_energy
6,local_residual_ma6,spectrum,0.020833333333333336,0.00010807581985533476,cycles_per_10min_step,share_of_non_dc_energy
6,local_residual_ma6,spectrum,0.021527777777777778,0.0001546899554063656,cycles_per_10min_step,share_of_non_dc_energy
6,local_residual_ma6,spectrum,0.022222222222222223,0.0002051639096503473,cycles_per_10min_step,share_of_non_dc_energy
6,local_residual_ma6,spectrum,0.02291666666666667,0.0005795883677827746,cycles_per_10min_step,share_of_non_dc_energy
6,local_residual_ma6,spectrum,0.02361111111111111,9.446544387891348e-05,cycles_per_10min_step,share_of_non_dc_energy
6,local_residual_ma6,spectrum,0.024305555555555556,0.00011687284193939646,cycles_per_10min_step,share_of_non_dc_energy
6,local_residual_ma6,spectrum,0.025,0.0002524320603354356,cycles_per_10min_step,share_of_non_dc_energy
6,local_residual_ma6,spectrum,0.025694444444444447,0.0002535179134215431,cycles_per_10min_step,share_of_non_dc_energy
6,local_residual_ma6,spectrum,0.02638888888888889,0.0008975846064512008,cycles_per_10min_step,share_of_non_dc_energy
6,local_residual_ma6,spectrum,0.027083333333333334,8.734558848211812e-06,cycles_per_10min_step,share_of_non_dc_energy
6,local_residual_ma6,spectrum,0.02777777777777778,2.84147568350071e-06,cycles_per_10min_step,share_of_non_dc_energy
6,local_residual_ma6,spectrum,0.02847222222222222,0.00013794828705052987,cycles_per_10min_step,share_of_non_dc_energy
6,local_residual_ma6,spectrum,0.029166666666666667,0.0006790365281203945,cycles_per_10min_step,share_of_non_dc_energy
6,local_residual_ma6,spectrum,0.029861111111111113,8.142290714252808e-05,cycles_per_10min_step,share_of_non_dc_energy
6,local_residual_ma6,spectrum,0.030555555555555558,0.00011754628849315218,cycles_per_10min_step,share_of_non_dc_energy
6,local_residual_ma6,spectrum,0.03125,0.0002785344770322989,cycles_per_10min_step,share_of_non_dc_energy
6,local_residual_ma6,spectrum,0.03194444444444445,5.4131034503390224e-05,cycles_per_10min_step,share_of_non_dc_energy
6,local_residual_ma6,spectrum,0.03263888888888889,7.198230063974457e-05,cycles_per_10min_step,share_of_non_dc_energy
6,local_residual_ma6,spectrum,0.03333333333333333,8.226533614977593e-05,cycles_per_10min_step,share_of_non_dc_energy
6,local_residual_ma6,spectrum,0.03402777777777778,0.0008733430568206655,cycles_per_10min_step,share_of_non_dc_energy
6,local_residual_ma6,spectrum,0.034722222222222224,8.603316641898747e-05,cycles_per_10min_step,share_of_non_dc_energy
6,local_residual_ma6,spectrum,0.035416666666666666,0.0004096537586818566,cycles_per_10min_step,share_of_non_dc_energy
6,local_residual_ma6,spectrum,0.036111111111111115,0.0001237589189125851,cycles_per_10min_step,share_of_non_dc_energy
6,local_residual_ma6,spectrum,0.03680555555555556,0.00021790095632656819,cycles_per_10min_step,share_of_non_dc_energy
6,local_residual_ma6,spectrum,0.0375,0.0001350964336839202,cycles_per_10min_step,share_of_non_dc_energy
6,local_residual_ma6,spectrum,0.03819444444444445,0.00036616190610238604,cycles_per_10min_step,share_of_non_dc_energy
6,local_residual_ma6,spectrum,0.03888888888888889,0.000218334078592891,cycles_per_10min_step,share_of_non_dc_energy
6,local_residual_ma6,spectrum,0.03958333333333333,0.00031469044844051645,cycles_per_10min_step,share_of_non_dc_energy
6,local_residual_ma6,spectrum,0.04027777777777778,3.0569602075406605e-05,cycles_per_10min_step,share_of_non_dc_energy
6,local_residual_ma6,spectrum,0.04097222222222222,0.00022174769550212353,cycles_per_10min_step,share_of_non_dc_energy
6,local_residual_ma6,spectrum,0.04166666666666667,0.0004974814248436688,cycles_per_10min_step,share_of_non_dc_energy
6,local_residual_ma6,spectrum,0.04236111111111111,0.00015869112995469198,cycles_per_10min_step,share_of_non_dc_energy
6,local_residual_ma6,spectrum,0.043055555555555555,0.0008914937711564588,cycles_per_10min_step,share_of_non_dc_energy
6,local_residual_ma6,spectrum,0.043750000000000004,3.706174988702705e-05,cycles_per_10min_step,share_of_non_dc_energy
6,local_residual_ma6,spectrum,0.044444444444444446,3.23088299352062e-05,cycles_per_10min_step,share_of_non_dc_energy
6,local_residual_ma6,spectrum,0.04513888888888889,0.00012961183901324992,cycles_per_10min_step,share_of_non_dc_energy
6,local_residual_ma6,spectrum,0.04583333333333334,1.2533437657190602e-06,cycles_per_10min_step,share_of_non_dc_energy
6,local_residual_ma6,spectrum,0.04652777777777778,0.00041359048192321366,cycles_per_10min_step,share_of_non_dc_energy
6,local_residual_ma6,spectrum,0.04722222222222222,6.440777124332431e-07,cycles_per_10min_step,share_of_non_dc_energy
6,local_residual_ma6,spectrum,0.04791666666666667,0.000273258662729105,cycles_per_10min_step,share_of_non_dc_energy
6,local_residual_ma6,spectrum,0.04861111111111111,0.00039161714704688815,cycles_per_10min_step,share_of_non_dc_energy
6,local_residual_ma6,spectrum,0.04930555555555556,7.042541515200556e-05,cycles_per_10min_step,share_of_non_dc_energy
6,local_residual_ma6,spectrum,0.05,0.000532993403764217,cycles_per_10min_step,share_of_non_dc_energy
6,local_residual_ma6,spectrum,0.050694444444444445,0.0003984406544861127,cycles_per_10min_step,share_of_non_dc_energy
6,local_residual_ma6,spectrum,0.051388888888888894,1.5578386263827738e-06,cycles_per_10min_step,share_of_non_dc_energy
6,local_residual_ma6,spectrum,0.052083333333333336,9.053506532934703e-05,cycles_per_10min_step,share_of_non_dc_energy
6,local_residual_ma6,spectrum,0.05277777777777778,6.336351981381218e-05,cycles_per_10min_step,share_of_non_dc_energy
6,local_residual_ma6,spectrum,0.05347222222222223,0.0002844547614628473,cycles_per_10min_step,share_of_non_dc_energy
6,local_residual_ma6,spectrum,0.05416666666666667,0.00010016671350819388,cycles_per_10min_step,share_of_non_dc_energy
6,local_residual_ma6,spectrum,0.05486111111111111,0.0004348129041488013,cycles_per_10min_step,share_of_non_dc_energy
6,local_residual_ma6,spectrum,0.05555555555555556,0.00017236920046974206,cycles_per_10min_step,share_of_non_dc_energy
6,local_residual_ma6,spectrum,0.05625,0.0005495004423838589,cycles_per_10min_step,share_of_non_dc_energy
6,local_residual_ma6,spectrum,0.05694444444444444,0.0012683514703375589,cycles_per_10min_step,share_of_non_dc_energy
6,local_residual_ma6,spectrum,0.05763888888888889,9.575935470656585e-05,cycles_per_10min_step,share_of_non_dc_energy
6,local_residual_ma6,spectrum,0.058333333333333334,0.0018876384921590495,cycles_per_10min_step,share_of_non_dc_energy
6,local_residual_ma6,spectrum,0.05902777777777778,0.0008847363711370734,cycles_per_10min_step,share_of_non_dc_energy
6,local_residual_ma6,spectrum,0.059722222222222225,0.0005433193803654391,cycles_per_10min_step,share_of_non_dc_energy
6,local_residual_ma6,spectrum,0.06041666666666667,4.953706979572605e-05,cycles_per_10min_step,share_of_non_dc_energy
6,local_residual_ma6,spectrum,0.061111111111111116,0.001252297418706903,cycles_per_10min_step,share_of_non_dc_energy
6,local_residual_ma6,spectrum,0.06180555555555556,0.0004829194182972514,cycles_per_10min_step,share_of_non_dc_energy
6,local_residual_ma6,spectrum,0.0625,4.2267236575614324e-05,cycles_per_10min_step,share_of_non_dc_energy
6,local_residual_ma6,spectrum,0.06319444444444444,0.00015237068622634211,cycles_per_10min_step,share_of_non_dc_energy
6,local_residual_ma6,spectrum,0.0638888888888889,0.0009020284759959421,cycles_per_10min_step,share_of_non_dc_energy
6,local_residual_ma6,spectrum,0.06458333333333334,0.0003212508112019767,cycles_per_10min_step,share_of_non_dc_energy
6,local_residual_ma6,spectrum,0.06527777777777778,0.00018484884765673142,cycles_per_10min_step,share_of_non_dc_energy
6,local_residual_ma6,spectrum,0.06597222222222222,7.462513482192809e-05,cycles_per_10min_step,share_of_non_dc_energy
6,local_residual_ma6,spectrum,0.06666666666666667,0.0007534853936556522,cycles_per_10min_step,share_of_non_dc_energy
6,local_residual_ma6,spectrum,0.06736111111111111,0.00018413977685297043,cycles_per_10min_step,share_of_non_dc_energy
6,local_residual_ma6,spectrum,0.06805555555555556,0.0010402869256418079,cycles_per_10min_step,share_of_non_dc_energy
6,local_residual_ma6,spectrum,0.06875,0.0002692717638013578,cycles_per_10min_step,share_of_non_dc_energy
6,local_residual_ma6,spectrum,0.06944444444444445,0.000836099526175981,cycles_per_10min_step,share_of_non_dc_energy
6,local_residual_ma6,spectrum,0.07013888888888889,0.002390071003777456,cycles_per_10min_step,share_of_non_dc_energy
6,local_residual_ma6,spectrum,0.07083333333333333,0.0015678966446789763,cycles_per_10min_step,share_of_non_dc_energy
6,local_residual_ma6,spectrum,0.07152777777777779,0.0008925138556172746,cycles_per_10min_step,share_of_non_dc_energy
6,local_residual_ma6,spectrum,0.07222222222222223,0.000551660756497215,cycles_per_10min_step,share_of_non_dc_energy
6,local_residual_ma6,spectrum,0.07291666666666667,0.00024710214261728194,cycles_per_10min_step,share_of_non_dc_energy
6,local_residual_ma6,spectrum,0.07361111111111111,0.0011986352092384829,cycles_per_10min_step,share_of_non_dc_energy
6,local_residual_ma6,spectrum,0.07430555555555556,0.0005325238025704073,cycles_per_10min_step,share_of_non_dc_energy
6,local_residual_ma6,spectrum,0.075,0.0002871774089475349,cycles_per_10min_step,share_of_non_dc_energy
6,local_residual_ma6,spectrum,0.07569444444444445,0.00010216365000795873,cycles_per_10min_step,share_of_non_dc_energy
6,local_residual_ma6,spectrum,0.0763888888888889,0.0020705904293481987,cycles_per_10min_step,share_of_non_dc_energy
6,local_residual_ma6,spectrum,0.07708333333333334,0.0006669765944784621,cycles_per_10min_step,share_of_non_dc_energy
6,local_residual_ma6,spectrum,0.07777777777777778,0.000984115235227644,cycles_per_10min_step,share_of_non_dc_energy
6,local_residual_ma6,spectrum,0.07847222222222222,1.0367604752385159e-05,cycles_per_10min_step,share_of_non_dc_energy
6,local_residual_ma6,spectrum,0.07916666666666666,0.0003773026073163213,cycles_per_10min_step,share_of_non_dc_energy
6,local_residual_ma6,spectrum,0.07986111111111112,0.0017751613651136248,cycles_per_10min_step,share_of_non_dc_energy
6,local_residual_ma6,spectrum,0.08055555555555556,0.00035188077745495404,cycles_per_10min_step,share_of_non_dc_energy
6,local_residual_ma6,spectrum,0.08125,0.0013568515877273304,cycles_per_10min_step,share_of_non_dc_energy
6,local_residual_ma6,spectrum,0.08194444444444444,0.000807716151310395,cycles_per_10min_step,share_of_non_dc_energy
6,local_residual_ma6,spectrum,0.08263888888888889,0.0009143303615056121,cycles_per_10min_step,share_of_non_dc_energy
6,local_residual_ma6,spectrum,0.08333333333333334,0.0006847943480179136,cycles_per_10min_step,share_of_non_dc_energy
6,local_residual_ma6,spectrum,0.08402777777777778,0.0008140631072036311,cycles_per_10min_step,share_of_non_dc_energy
6,local_residual_ma6,spectrum,0.08472222222222223,6.120561921640182e-05,cycles_per_10min_step,share_of_non_dc_energy
6,local_residual_ma6,spectrum,0.08541666666666667,0.0017977062613867782,cycles_per_10min_step,share_of_non_dc_energy
6,local_residual_ma6,spectrum,0.08611111111111111,0.0008094029416823974,cycles_per_10min_step,share_of_non_dc_energy
6,local_residual_ma6,spectrum,0.08680555555555555,0.00041504642684722046,cycles_per_10min_step,share_of_non_dc_energy
6,local_residual_ma6,spectrum,0.08750000000000001,0.00011156230154273677,cycles_per_10min_step,share_of_non_dc_energy
6,local_residual_ma6,spectrum,0.08819444444444445,0.0006446649474077307,cycles_per_10min_step,share_of_non_dc_energy
6,local_residual_ma6,spectrum,0.08888888888888889,0.00010520204766559344,cycles_per_10min_step,share_of_non_dc_energy
6,local_residual_ma6,spectrum,0.08958333333333333,0.001480269753054786,cycles_per_10min_step,share_of_non_dc_energy
6,local_residual_ma6,spectrum,0.09027777777777778,0.003031423312959876,cycles_per_10min_step,share_of_non_dc_energy
6,local_residual_ma6,spectrum,0.09097222222222223,0.0002576363576687618,cycles_per_10min_step,share_of_non_dc_energy
6,local_residual_ma6,spectrum,0.09166666666666667,0.0014946234125397509,cycles_per_10min_step,share_of_non_dc_energy
6,local_residual_ma6,spectrum,0.09236111111111112,0.0020649637791673504,cycles_per_10min_step,share_of_non_dc_energy
6,local_residual_ma6,spectrum,0.09305555555555556,0.00041695806440507745,cycles_per_10min_step,share_of_non_dc_energy
6,local_residual_ma6,spectrum,0.09375,1.09966638088648e-05,cycles_per_10min_step,share_of_non_dc_energy
6,local_residual_ma6,spectrum,0.09444444444444444,8.689566271729651e-05,cycles_per_10min_step,share_of_non_dc_energy
6,local_residual_ma6,spectrum,0.0951388888888889,0.0008174416931544911,cycles_per_10min_step,share_of_non_dc_energy
6,local_residual_ma6,spectrum,0.09583333333333334,0.0001629219838740428,cycles_per_10min_step,share_of_non_dc_energy
6,local_residual_ma6,spectrum,0.09652777777777778,0.0059873817149839244,cycles_per_10min_step,share_of_non_dc_energy
6,local_residual_ma6,spectrum,0.09722222222222222,0.00021138542479109395,cycles_per_10min_step,share_of_non_dc_energy
6,local_residual_ma6,spectrum,0.09791666666666667,0.0071158053960302566,cycles_per_10min_step,share_of_non_dc_energy
6,local_residual_ma6,spectrum,0.09861111111111112,0.0012641070886881794,cycles_per_10min_step,share_of_non_dc_energy
6,local_residual_ma6,spectrum,0.09930555555555556,0.0003294758683773074,cycles_per_10min_step,share_of_non_dc_energy
6,local_residual_ma6,spectrum,0.1,0.0012926822339776457,cycles_per_10min_step,share_of_non_dc_energy
6,local_residual_ma6,spectrum,0.10069444444444445,0.0013466011094096294,cycles_per_10min_step,share_of_non_dc_energy
6,local_residual_ma6,spectrum,0.10138888888888889,0.00046178059320898173,cycles_per_10min_step,share_of_non_dc_energy
6,local_residual_ma6,spectrum,0.10208333333333333,0.0010983936670551809,cycles_per_10min_step,share_of_non_dc_energy
6,local_residual_ma6,spectrum,0.10277777777777779,5.341712805888991e-05,cycles_per_10min_step,share_of_non_dc_energy
6,local_residual_ma6,spectrum,0.10347222222222223,0.0005743090984203674,cycles_per_10min_step,share_of_non_dc_energy
6,local_residual_ma6,spectrum,0.10416666666666667,0.0002731962170772779,cycles_per_10min_step,share_of_non_dc_energy
6,local_residual_ma6,spectrum,0.10486111111111111,0.005713201446195814,cycles_per_10min_step,share_of_non_dc_energy
6,local_residual_ma6,spectrum,0.10555555555555556,0.0032569808968531794,cycles_per_10min_step,share_of_non_dc_energy
6,local_residual_ma6,spectrum,0.10625,0.00012295950883299214,cycles_per_10min_step,share_of_non_dc_energy
6,local_residual_ma6,spectrum,0.10694444444444445,0.001493566192997015,cycles_per_10min_step,share_of_non_dc_energy
6,local_residual_ma6,spectrum,0.1076388888888889,0.0027049878083609032,cycles_per_10min_step,share_of_non_dc_energy
6,local_residual_ma6,spectrum,0.10833333333333334,7.419209221023781e-05,cycles_per_10min_step,share_of_non_dc_energy
6,local_residual_ma6,spectrum,0.10902777777777778,0.000835755213496895,cycles_per_10min_step,share_of_non_dc_energy
6,local_residual_ma6,spectrum,0.10972222222222222,0.003987860232941608,cycles_per_10min_step,share_of_non_dc_energy
6,local_residual_ma6,spectrum,0.11041666666666668,0.0007982104160728332,cycles_per_10min_step,share_of_non_dc_energy
6,local_residual_ma6,spectrum,0.11111111111111112,0.003527317783520209,cycles_per_10min_step,share_of_non_dc_energy
6,local_residual_ma6,spectrum,0.11180555555555556,8.788646663577931e-05,cycles_per_10min_step,share_of_non_dc_energy
6,local_residual_ma6,spectrum,0.1125,0.005336867316450739,cycles_per_10min_step,share_of_non_dc_energy
6,local_residual_ma6,spectrum,0.11319444444444444,0.0006490519256853756,cycles_per_10min_step,share_of_non_dc_energy
6,local_residual_ma6,spectrum,0.11388888888888889,0.0008297202856772014,cycles_per_10min_step,share_of_non_dc_energy
6,local_residual_ma6,spectrum,0.11458333333333334,0.0008056080882921177,cycles_per_10min_step,share_of_non_dc_energy
6,local_residual_ma6,spectrum,0.11527777777777778,0.0007755029339392517,cycles_per_10min_step,share_of_non_dc_energy
6,local_residual_ma6,spectrum,0.11597222222222223,0.0009070764714434083,cycles_per_10min_step,share_of_non_dc_energy
6,local_residual_ma6,spectrum,0.11666666666666667,0.001693604523787126,cycles_per_10min_step,share_of_non_dc_energy
6,local_residual_ma6,spectrum,0.11736111111111111,0.0011242979025720243,cycles_per_10min_step,share_of_non_dc_energy
6,local_residual_ma6,spectrum,0.11805555555555557,0.0013041876574219516,cycles_per_10min_step,share_of_non_dc_energy
6,local_residual_ma6,spectrum,0.11875000000000001,0.00048671269282328695,cycles_per_10min_step,share_of_non_dc_energy
6,local_residual_ma6,spectrum,0.11944444444444445,6.42839970519366e-05,cycles_per_10min_step,share_of_non_dc_energy
6,local_residual_ma6,spectrum,0.12013888888888889,0.0005888490008302154,cycles_per_10min_step,share_of_non_dc_energy
6,local_residual_ma6,spectrum,0.12083333333333333,0.005824775108530134,cycles_per_10min_step,share_of_non_dc_energy
6,local_residual_ma6,spectrum,0.12152777777777778,0.0016615607165125323,cycles_per_10min_step,share_of_non_dc_energy
6,local_residual_ma6,spectrum,0.12222222222222223,0.0003642402915075527,cycles_per_10min_step,share_of_non_dc_energy
6,local_residual_ma6,spectrum,0.12291666666666667,0.0021763084580282564,cycles_per_10min_step,share_of_non_dc_energy
6,local_residual_ma6,spectrum,0.12361111111111112,0.0012374825494780265,cycles_per_10min_step,share_of_non_dc_energy
6,local_residual_ma6,spectrum,0.12430555555555556,0.0009085253250014318,cycles_per_10min_step,share_of_non_dc_energy
6,local_residual_ma6,spectrum,0.125,0.0003694938726517128,cycles_per_10min_step,share_of_non_dc_energy
6,local_residual_ma6,spectrum,0.12569444444444444,0.0010975360307660092,cycles_per_10min_step,share_of_non_dc_energy
6,local_residual_ma6,spectrum,0.12638888888888888,5.887753411220665e-05,cycles_per_10min_step,share_of_non_dc_energy
6,local_residual_ma6,spectrum,0.12708333333333333,0.0013944667353974172,cycles_per_10min_step,share_of_non_dc_energy
6,local_residual_ma6,spectrum,0.1277777777777778,0.0008723701252726229,cycles_per_10min_step,share_of_non_dc_energy
6,local_residual_ma6,spectrum,0.12847222222222224,0.0002886795167946988,cycles_per_10min_step,share_of_non_dc_energy
6,local_residual_ma6,spectrum,0.12916666666666668,0.0017931697968829772,cycles_per_10min_step,share_of_non_dc_energy
6,local_residual_ma6,spectrum,0.12986111111111112,0.0002897994836736996,cycles_per_10min_step,share_of_non_dc_energy
6,local_residual_ma6,spectrum,0.13055555555555556,0.005475836438635891,cycles_per_10min_step,share_of_non_dc_energy
6,local_residual_ma6,spectrum,0.13125,0.0005328716802059678,cycles_per_10min_step,share_of_non_dc_energy
6,local_residual_ma6,spectrum,0.13194444444444445,0.0016691296402387057,cycles_per_10min_step,share_of_non_dc_energy
6,local_residual_ma6,spectrum,0.1326388888888889,0.0010091381143521275,cycles_per_10min_step,share_of_non_dc_energy
6,local_residual_ma6,spectrum,0.13333333333333333,0.0009979925299139576,cycles_per_10min_step,share_of_non_dc_energy
6,local_residual_ma6,spectrum,0.13402777777777777,0.0007163341124061208,cycles_per_10min_step,share_of_non_dc_energy
6,local_residual_ma6,spectrum,0.13472222222222222,0.002463657834669659,cycles_per_10min_step,share_of_non_dc_energy
6,local_residual_ma6,spectrum,0.13541666666666669,0.0005838603258879319,cycles_per_10min_step,share_of_non_dc_energy
6,local_residual_ma6,spectrum,0.13611111111111113,0.0001010239679241012,cycles_per_10min_step,share_of_non_dc_energy
6,local_residual_ma6,spectrum,0.13680555555555557,3.4257841197603816e-05,cycles_per_10min_step,share_of_non_dc_energy
6,local_residual_ma6,spectrum,0.1375,0.0001526224179501071,cycles_per_10min_step,share_of_non_dc_energy
6,local_residual_ma6,spectrum,0.13819444444444445,0.0015079429276879065,cycles_per_10min_step,share_of_non_dc_energy
6,local_residual_ma6,spectrum,0.1388888888888889,0.0014966761369963916,cycles_per_10min_step,share_of_non_dc_energy
6,local_residual_ma6,spectrum,0.13958333333333334,6.277993447061163e-05,cycles_per_10min_step,share_of_non_dc_energy
6,local_residual_ma6,spectrum,0.14027777777777778,0.0012547610011685488,cycles_per_10min_step,share_of_non_dc_energy
6,local_residual_ma6,spectrum,0.14097222222222222,0.0032991437742657358,cycles_per_10min_step,share_of_non_dc_energy
6,local_residual_ma6,spectrum,0.14166666666666666,0.0022050532968257703,cycles_per_10min_step,share_of_non_dc_energy
6,local_residual_ma6,spectrum,0.1423611111111111,0.0009907146206391106,cycles_per_10min_step,share_of_non_dc_energy
6,local_residual_ma6,spectrum,0.14305555555555557,0.0001375228603326844,cycles_per_10min_step,share_of_non_dc_energy
6,local_residual_ma6,spectrum,0.14375000000000002,0.0011423691145076153,cycles_per_10min_step,share_of_non_dc_energy
6,local_residual_ma6,spectrum,0.14444444444444446,0.001952756989850365,cycles_per_10min_step,share_of_non_dc_energy
6,local_residual_ma6,spectrum,0.1451388888888889,0.0014221724805089167,cycles_per_10min_step,share_of_non_dc_energy
6,local_residual_ma6,spectrum,0.14583333333333334,0.00036955921913918747,cycles_per_10min_step,share_of_non_dc_energy
6,local_residual_ma6,spectrum,0.14652777777777778,0.0005744789140228906,cycles_per_10min_step,share_of_non_dc_energy
6,local_residual_ma6,spectrum,0.14722222222222223,0.0004442345390820867,cycles_per_10min_step,share_of_non_dc_energy
6,local_residual_ma6,spectrum,0.14791666666666667,0.0004923740199862372,cycles_per_10min_step,share_of_non_dc_energy
6,local_residual_ma6,spectrum,0.1486111111111111,0.0001598044381861271,cycles_per_10min_step,share_of_non_dc_energy
6,local_residual_ma6,spectrum,0.14930555555555555,0.0008302404132832022,cycles_per_10min_step,share_of_non_dc_energy
6,local_residual_ma6,spectrum,0.15,0.0019222742941610628,cycles_per_10min_step,share_of_non_dc_energy
6,local_residual_ma6,spectrum,0.15069444444444444,0.0009897390253714345,cycles_per_10min_step,share_of_non_dc_energy
6,local_residual_ma6,spectrum,0.1513888888888889,0.000100352648822851,cycles_per_10min_step,share_of_non_dc_energy
6,local_residual_ma6,spectrum,0.15208333333333335,0.0008944659820225637,cycles_per_10min_step,share_of_non_dc_energy
6,local_residual_ma6,spectrum,0.1527777777777778,0.0007938846744418736,cycles_per_10min_step,share_of_non_dc_energy
6,local_residual_ma6,spectrum,0.15347222222222223,0.001098739625344352,cycles_per_10min_step,share_of_non_dc_energy
6,local_residual_ma6,spectrum,0.15416666666666667,4.481945902453598e-06,cycles_per_10min_step,share_of_non_dc_energy
6,local_residual_ma6,spectrum,0.15486111111111112,0.00022451533248050908,cycles_per_10min_step,share_of_non_dc_energy
6,local_residual_ma6,spectrum,0.15555555555555556,0.0006998381703019292,cycles_per_10min_step,share_of_non_dc_energy
6,local_residual_ma6,spectrum,0.15625,0.00019875876651314026,cycles_per_10min_step,share_of_non_dc_energy
6,local_residual_ma6,spectrum,0.15694444444444444,0.003001313910227353,cycles_per_10min_step,share_of_non_dc_energy
6,local_residual_ma6,spectrum,0.15763888888888888,0.0008928497281463188,cycles_per_10min_step,share_of_non_dc_energy
6,local_residual_ma6,spectrum,0.15833333333333333,0.0001998165800999239,cycles_per_10min_step,share_of_non_dc_energy
6,local_residual_ma6,spectrum,0.1590277777777778,0.0029326177274189183,cycles_per_10min_step,share_of_non_dc_energy
6,local_residual_ma6,spectrum,0.15972222222222224,0.00046627206870717157,cycles_per_10min_step,share_of_non_dc_energy
6,local_residual_ma6,spectrum,0.16041666666666668,0.0010429078339983377,cycles_per_10min_step,share_of_non_dc_energy
6,local_residual_ma6,spectrum,0.16111111111111112,0.0010776887082671375,cycles_per_10min_step,share_of_non_dc_energy
6,local_residual_ma6,spectrum,0.16180555555555556,0.00030919753454447155,cycles_per_10min_step,share_of_non_dc_energy
6,local_residual_ma6,spectrum,0.1625,0.000266755421303648,cycles_per_10min_step,share_of_non_dc_energy
6,local_residual_ma6,spectrum,0.16319444444444445,0.001202783111626,cycles_per_10min_step,share_of_non_dc_energy
6,local_residual_ma6,spectrum,0.1638888888888889,0.0011432353832618286,cycles_per_10min_step,share_of_non_dc_energy
6,local_residual_ma6,spectrum,0.16458333333333333,0.0006999570872109752,cycles_per_10min_step,share_of_non_dc_energy
6,local_residual_ma6,spectrum,0.16527777777777777,0.003454873320581332,cycles_per_10min_step,share_of_non_dc_energy
6,local_residual_ma6,spectrum,0.16597222222222222,0.0009752305817774387,cycles_per_10min_step,share_of_non_dc_energy
6,local_residual_ma6,spectrum,0.16666666666666669,0.000213848244598187,cycles_per_10min_step,share_of_non_dc_energy
6,local_residual_ma6,spectrum,0.16736111111111113,5.087606747091026e-05,cycles_per_10min_step,share_of_non_dc_energy
6,local_residual_ma6,spectrum,0.16805555555555557,0.0011187012906489148,cycles_per_10min_step,share_of_non_dc_energy
6,local_residual_ma6,spectrum,0.16875,0.00013745280940466077,cycles_per_10min_step,share_of_non_dc_energy
6,local_residual_ma6,spectrum,0.16944444444444445,0.00015457736192668522,cycles_per_10min_step,share_of_non_dc_energy
6,local_residual_ma6,spectrum,0.1701388888888889,0.00020373193091795724,cycles_per_10min_step,share_of_non_dc_energy
6,local_residual_ma6,spectrum,0.17083333333333334,0.0010009675007191582,cycles_per_10min_step,share_of_non_dc_energy
6,local_residual_ma6,spectrum,0.17152777777777778,0.0004706049148597823,cycles_per_10min_step,share_of_non_dc_energy
6,local_residual_ma6,spectrum,0.17222222222222222,0.001391037026967673,cycles_per_10min_step,share_of_non_dc_energy
6,local_residual_ma6,spectrum,0.17291666666666666,0.0010465542631056587,cycles_per_10min_step,share_of_non_dc_energy
6,local_residual_ma6,spectrum,0.1736111111111111,0.0008083098481184492,cycles_per_10min_step,share_of_non_dc_energy
6,local_residual_ma6,spectrum,0.17430555555555557,0.0008895626590073399,cycles_per_10min_step,share_of_non_dc_energy
6,local_residual_ma6,spectrum,0.17500000000000002,0.00024131563320206487,cycles_per_10min_step,share_of_non_dc_energy
6,local_residual_ma6,spectrum,0.17569444444444446,0.0011464140780238915,cycles_per_10min_step,share_of_non_dc_energy
6,local_residual_ma6,spectrum,0.1763888888888889,0.00030249611126232403,cycles_per_10min_step,share_of_non_dc_energy
6,local_residual_ma6,spectrum,0.17708333333333334,8.070766573642681e-05,cycles_per_10min_step,share_of_non_dc_energy
6,local_residual_ma6,spectrum,0.17777777777777778,0.0005268063995407749,cycles_per_10min_step,share_of_non_dc_energy
6,local_residual_ma6,acf,0.0,1.0,10min_steps,autocorrelation
6,local_residual_ma6,acf,1.0,0.44259409466746685,10min_steps,autocorrelation
6,local_residual_ma6,acf,2.0,0.4193404365415209,10min_steps,autocorrelation
6,local_residual_ma6,acf,3.0,0.39965785513604446,10min_steps,autocorrelation
6,local_residual_ma6,acf,4.0,0.35254809266379866,10min_steps,autocorrelation
6,local_residual_ma6,acf,5.0,0.33699614924434335,10min_steps,autocorrelation
6,local_residual_ma6,acf,6.0,0.4191912569262427,10min_steps,autocorrelation
6,local_residual_ma6,acf,7.0,0.43086508986410305,10min_steps,autocorrelation
6,local_residual_ma6,acf,8.0,0.4243427505681736,10min_steps,autocorrelation
6,local_residual_ma6,acf,9.0,0.4071347786863791,10min_steps,autocorrelation
6,local_residual_ma6,acf,10.0,0.43190664403207857,10min_steps,autocorrelation
6,local_residual_ma6,acf,11.0,0.368107929280114,10min_steps,autocorrelation
6,local_residual_ma6,acf,12.0,0.3567633238252493,10min_steps,autocorrelation
6,local_residual_ma6,acf,13.0,0.3120014266268457,10min_steps,autocorrelation
6,local_residual_ma6,acf,14.0,0.308946601646936,10min_steps,autocorrelation
6,local_residual_ma6,acf,15.0,0.303805031467166,10min_steps,autocorrelation
6,local_residual_ma6,acf,16.0,0.26864254667426946,10min_steps,autocorrelation
6,local_residual_ma6,acf,17.0,0.2636378748691888,10min_steps,autocorrelation
6,local_residual_ma6,acf,18.0,0.24484373041326138,10min_steps,autocorrelation
6,local_residual_ma6,acf,19.0,0.23682049014723716,10min_steps,autocorrelation
6,local_residual_ma6,acf,20.0,0.18637584142806551,10min_steps,autocorrelation
6,local_residual_ma6,acf,21.0,0.1824816808509537,10min_steps,autocorrelation
6,local_residual_ma6,acf,22.0,0.13755197063458036,10min_steps,autocorrelation
6,local_residual_ma6,acf,23.0,0.10376942378220928,10min_steps,autocorrelation
6,local_residual_ma6,acf,24.0,0.08455789952491714,10min_steps,autocorrelation
6,local_residual_ma6,acf,25.0,0.08012493401361812,10min_steps,autocorrelation
6,local_residual_ma6,acf,26.0,0.04101305272560097,10min_steps,autocorrelation
6,local_residual_ma6,acf,27.0,0.022392317024424832,10min_steps,autocorrelation
6,local_residual_ma6,acf,28.0,0.006945273319061694,10min_steps,autocorrelation
6,local_residual_ma6,acf,29.0,-0.02296782220568622,10min_steps,autocorrelation
6,local_residual_ma6,acf,30.0,-0.03983152767489209,10min_steps,autocorrelation
6,local_residual_ma6,acf,31.0,-0.05762482095327464,10min_steps,autocorrelation
6,local_residual_ma6,acf,32.0,-0.10887598177976222,10min_steps,autocorrelation
6,local_residual_ma6,acf,33.0,-0.12494631301179424,10min_steps,autocorrelation
6,local_residual_ma6,acf,34.0,-0.1718816098818984,10min_steps,autocorrelation
6,local_residual_ma6,acf,35.0,-0.1795639957247214,10min_steps,autocorrelation
6,local_residual_ma6,acf,36.0,-0.17373301880275868,10min_steps,autocorrelation
6,local_residual_ma6,acf,37.0,-0.22304092822198085,10min_steps,autocorrelation
6,local_residual_ma6,acf,38.0,-0.23846361982711203,10min_steps,autocorrelation
6,local_residual_ma6,acf,39.0,-0.2659100709376665,10min_steps,autocorrelation
6,local_residual_ma6,acf,40.0,-0.2680247243006912,10min_steps,autocorrelation
6,local_residual_ma6,acf,41.0,-0.30582513539557726,10min_steps,autocorrelation
6,local_residual_ma6,acf,42.0,-0.3163063127017337,10min_steps,autocorrelation
6,local_residual_ma6,acf,43.0,-0.32234900031506364,10min_steps,autocorrelation
6,local_residual_ma6,acf,44.0,-0.36062529120010905,10min_steps,autocorrelation
6,local_residual_ma6,acf,45.0,-0.3528539917638005,10min_steps,autocorrelation
6,local_residual_ma6,acf,46.0,-0.3849174218153678,10min_steps,autocorrelation
6,local_residual_ma6,acf,47.0,-0.4035724380096852,10min_steps,autocorrelation
6,local_residual_ma6,acf,48.0,-0.4052534975332504,10min_steps,autocorrelation
6,local_residual_ma6,acf,49.0,-0.3912939274485994,10min_steps,autocorrelation
6,local_residual_ma6,acf,50.0,-0.43422923749808817,10min_steps,autocorrelation
6,local_residual_ma6,acf,51.0,-0.4121638468017856,10min_steps,autocorrelation
6,local_residual_ma6,acf,52.0,-0.42490433145188006,10min_steps,autocorrelation
6,local_residual_ma6,acf,53.0,-0.4386724743328005,10min_steps,autocorrelation
6,local_residual_ma6,acf,54.0,-0.44218309446076093,10min_steps,autocorrelation
6,local_residual_ma6,acf,55.0,-0.42035044205696254,10min_steps,autocorrelation
6,local_residual_ma6,acf,56.0,-0.4333264102718236,10min_steps,autocorrelation
6,local_residual_ma6,acf,57.0,-0.44895831977982326,10min_steps,autocorrelation
6,local_residual_ma6,acf,58.0,-0.44220516978519925,10min_steps,autocorrelation
6,local_residual_ma6,acf,59.0,-0.43786821754890576,10min_steps,autocorrelation
6,local_residual_ma6,acf,60.0,-0.46101822614427973,10min_steps,autocorrelation
6,local_residual_ma6,acf,61.0,-0.4049402304619499,10min_steps,autocorrelation
6,local_residual_ma6,acf,62.0,-0.390248733026848,10min_steps,autocorrelation
6,local_residual_ma6,acf,63.0,-0.4246071386313114,10min_steps,autocorrelation
6,local_residual_ma6,acf,64.0,-0.3812587926791734,10min_steps,autocorrelation
6,local_residual_ma6,acf,65.0,-0.3787651841245432,10min_steps,autocorrelation
6,local_residual_ma6,acf,66.0,-0.3729060263311661,10min_steps,autocorrelation
6,local_residual_ma6,acf,67.0,-0.3645461528765004,10min_steps,autocorrelation
6,local_residual_ma6,acf,68.0,-0.33526312811350295,10min_steps,autocorrelation
6,local_residual_ma6,acf,69.0,-0.319098131931051,10min_steps,autocorrelation
6,local_residual_ma6,acf,70.0,-0.3138445066319579,10min_steps,autocorrelation
6,local_residual_ma6,acf,71.0,-0.2577848352915089,10min_steps,autocorrelation
6,local_residual_ma6,acf,72.0,-0.2658477573068104,10min_steps,autocorrelation
6,local_residual_ma6,acf,73.0,-0.23407188099087844,10min_steps,autocorrelation
6,local_residual_ma6,acf,74.0,-0.22549331776173404,10min_steps,autocorrelation
6,local_residual_ma6,acf,75.0,-0.22059872797212807,10min_steps,autocorrelation
6,local_residual_ma6,acf,76.0,-0.16302371035236285,10min_steps,autocorrelation
6,local_residual_ma6,acf,77.0,-0.16181404633676835,10min_steps,autocorrelation
6,local_residual_ma6,acf,78.0,-0.17234500307561945,10min_steps,autocorrelation
6,local_residual_ma6,acf,79.0,-0.11337501123854836,10min_steps,autocorrelation
6,local_residual_ma6,acf,80.0,-0.11938463620273569,10min_steps,autocorrelation
6,local_residual_ma6,acf,81.0,-0.04942830571734907,10min_steps,autocorrelation
6,local_residual_ma6,acf,82.0,-0.04033829020823941,10min_steps,autocorrelation
6,local_residual_ma6,acf,83.0,0.021519158470124176,10min_steps,autocorrelation
6,local_residual_ma6,acf,84.0,0.015205604845511653,10min_steps,autocorrelation
6,local_residual_ma6,acf,85.0,0.0294788492979759,10min_steps,autocorrelation
6,local_residual_ma6,acf,86.0,0.058091034706383014,10min_steps,autocorrelation
6,local_residual_ma6,acf,87.0,0.06605291570130029,10min_steps,autocorrelation
6,local_residual_ma6,acf,88.0,0.10698015368768803,10min_steps,autocorrelation
6,local_residual_ma6,acf,89.0,0.11121192541841879,10min_steps,autocorrelation
6,local_residual_ma6,acf,90.0,0.1427196989283354,10min_steps,autocorrelation
6,local_residual_ma6,acf,91.0,0.1914351426126864,10min_steps,autocorrelation
6,local_residual_ma6,acf,92.0,0.2005713447943501,10min_steps,autocorrelation
6,local_residual_ma6,acf,93.0,0.2325469262396404,10min_steps,autocorrelation
6,local_residual_ma6,acf,94.0,0.23424333875386122,10min_steps,autocorrelation
6,local_residual_ma6,acf,95.0,0.20433670453146388,10min_steps,autocorrelation
6,local_residual_ma6,acf,96.0,0.23553603777804769,10min_steps,autocorrelation
6,local_residual_ma6,acf,97.0,0.30621980064431764,10min_steps,autocorrelation
6,local_residual_ma6,acf,98.0,0.3398499885835597,10min_steps,autocorrelation
6,local_residual_ma6,acf,99.0,0.31200176133428353,10min_steps,autocorrelation
6,local_residual_ma6,acf,100.0,0.35432823869195246,10min_steps,autocorrelation
6,local_residual_ma6,acf,101.0,0.35151258905752586,10min_steps,autocorrelation
6,local_residual_ma6,acf,102.0,0.38008749979703044,10min_steps,autocorrelation
6,local_residual_ma6,acf,103.0,0.3656099996379147,10min_steps,autocorrelation
6,local_residual_ma6,acf,104.0,0.38648063163800694,10min_steps,autocorrelation
6,local_residual_ma6,acf,105.0,0.3995392563656625,10min_steps,autocorrelation
6,local_residual_ma6,acf,106.0,0.38810058994330426,10min_steps,autocorrelation
6,local_residual_ma6,acf,107.0,0.4082272441021131,10min_steps,autocorrelation
6,local_residual_ma6,acf,108.0,0.4285761196922993,10min_steps,autocorrelation
6,local_residual_ma6,acf,109.0,0.40087301611179926,10min_steps,autocorrelation
6,local_residual_ma6,acf,110.0,0.40238612805323226,10min_steps,autocorrelation
6,local_residual_ma6,acf,111.0,0.4008599614062344,10min_steps,autocorrelation
6,local_residual_ma6,acf,112.0,0.4347707471206644,10min_steps,autocorrelation
6,local_residual_ma6,acf,113.0,0.4209581849928807,10min_steps,autocorrelation
6,local_residual_ma6,acf,114.0,0.4543317835330724,10min_steps,autocorrelation
6,local_residual_ma6,acf,115.0,0.42366042179609226,10min_steps,autocorrelation
6,local_residual_ma6,acf,116.0,0.4089831706380173,10min_steps,autocorrelation
6,local_residual_ma6,acf,117.0,0.37879439653779495,10min_steps,autocorrelation
6,local_residual_ma6,acf,118.0,0.3730067116106077,10min_steps,autocorrelation
6,local_residual_ma6,acf,119.0,0.37601972296610847,10min_steps,autocorrelation
6,local_residual_ma6,acf,120.0,0.35080880349856225,10min_steps,autocorrelation
6,local_residual_ma6,acf,121.0,0.3696794270927877,10min_steps,autocorrelation
6,local_residual_ma6,acf,122.0,0.39397289011239023,10min_steps,autocorrelation
6,local_residual_ma6,acf,123.0,0.33939651210577354,10min_steps,autocorrelation
6,local_residual_ma6,acf,124.0,0.3021019744232737,10min_steps,autocorrelation
6,local_residual_ma6,acf,125.0,0.31592173693231784,10min_steps,autocorrelation
6,local_residual_ma6,acf,126.0,0.2937385719654447,10min_steps,autocorrelation
6,local_residual_ma6,acf,127.0,0.2569416047042258,10min_steps,autocorrelation
6,local_residual_ma6,acf,128.0,0.22576895998234367,10min_steps,autocorrelation
6,local_residual_ma6,acf,129.0,0.21022416853121442,10min_steps,autocorrelation
6,local_residual_ma6,acf,130.0,0.19648349345542954,10min_steps,autocorrelation
6,local_residual_ma6,acf,131.0,0.18253713169211125,10min_steps,autocorrelation
6,local_residual_ma6,acf,132.0,0.19319683871101667,10min_steps,autocorrelation
6,local_residual_ma6,acf,133.0,0.17700493429073375,10min_steps,autocorrelation
6,local_residual_ma6,acf,134.0,0.13181200651626418,10min_steps,autocorrelation
6,local_residual_ma6,acf,135.0,0.10003704217225505,10min_steps,autocorrelation
6,local_residual_ma6,acf,136.0,0.06045539575587359,10min_steps,autocorrelation
6,local_residual_ma6,acf,137.0,0.03693281086969685,10min_steps,autocorrelation
6,local_residual_ma6,acf,138.0,0.020962423151410062,10min_steps,autocorrelation
6,local_residual_ma6,acf,139.0,0.0034009754244942727,10min_steps,autocorrelation
6,local_residual_ma6,acf,140.0,-0.02203933972531628,10min_steps,autocorrelation
6,local_residual_ma6,acf,141.0,-0.027873865482168372,10min_steps,autocorrelation
6,local_residual_ma6,acf,142.0,-0.03203268472695215,10min_steps,autocorrelation
6,local_residual_ma6,acf,143.0,-0.07847724325104255,10min_steps,autocorrelation
6,local_residual_ma6,acf,144.0,-0.09151884132344841,10min_steps,autocorrelation
