source_TurbID,target_TurbID,weight
1,1,0.5
1,2,0.9026064872741699
1,3,0.22061239182949066
1,4,0.37303632497787476
1,5,0.4215637147426605
1,6,0.5629909038543701
1,7,0.9183779954910278
1,8,0.37084659934043884
1,9,0.9301283359527588
1,10,0.9440146684646606
1,11,0.9148754477500916
1,12,0.9156194925308228
1,13,0.9158346056938171
1,14,0.9155135154724121
1,15,0.9243403673171997
1,16,0.41541770100593567
1,17,0.9525741338729858
1,18,0.8746199011802673
1,19,0.7534955143928528
1,20,0.9290561676025391
1,21,0.7783709764480591
1,22,0.9092571139335632
1,23,0.8854916095733643
1,24,0.36914119124412537
1,25,0.38455700874328613
1,26,0.9418650269508362
1,27,0.9437050223350525
1,28,0.3964814841747284
1,29,0.942733645439148
1,30,0.37736982107162476
1,31,0.3721104562282562
1,32,0.9274648427963257
1,33,0.923313319683075
1,34,0.9259606599807739
1,35,0.9194780588150024
1,36,0.9260908961296082
1,37,0.9220016598701477
1,38,0.912509024143219
1,39,0.9153891801834106
1,40,0.3771958351135254
1,41,0.9411755204200745
1,42,0.9385384917259216
1,43,0.7246358394622803
1,44,0.9025872349739075
1,45,0.7335212826728821
1,46,0.9275950789451599
1,47,0.949822723865509
1,48,0.9421988129615784
1,49,0.9069796800613403
1,50,0.915307343006134
1,51,0.4218003749847412
1,52,0.9287750720977783
1,53,0.9146468043327332
1,54,0.901700496673584
1,55,0.9140183329582214
1,56,0.9281632900238037
1,57,0.9263965487480164
1,58,0.9236294031143188
1,59,0.9308163523674011
1,60,0.941462516784668
1,61,0.9342673420906067
1,62,0.9234140515327454
1,63,0.9277724027633667
1,64,0.9471911191940308
1,65,0.9393433928489685
1,66,0.9295156002044678
1,67,0.8905406594276428
1,68,0.3773099482059479
1,69,0.3746774196624756
1,70,0.6842036843299866
1,71,0.9354026913642883
1,72,0.7583421468734741
1,73,0.7493991255760193
1,74,0.9128544330596924
1,75,0.9195654392242432
1,76,0.8428171277046204
1,77,0.9414529204368591
1,78,0.9416802525520325
1,79,0.7502809762954712
1,80,0.3704655170440674
1,81,0.9295814633369446
1,82,0.9359148144721985
1,83,0.5671159625053406
1,84,0.9152178764343262
1,85,0.9439778327941895
1,86,0.9300708174705505
1,87,0.9204385280609131
1,88,0.9323303699493408
1,89,0.37144964933395386
1,90,0.9185407161712646
1,91,0.8417015671730042
1,92,0.7478068470954895
1,93,0.8608638644218445
1,94,0.7759119868278503
1,95,0.7136780619621277
1,96,0.421053946018219
1,97,0.9194923639297485
1,98,0.9025166630744934
1,99,0.9148215651512146
1,100,0.9297743439674377
1,101,0.8196471929550171
1,102,0.9428245425224304
1,103,0.9005781412124634
1,104,0.9000590443611145
1,105,0.7692694664001465
1,106,0.7418555021286011
1,107,0.9321744441986084
1,108,0.9105596542358398
1,109,0.9145892262458801
1,110,0.3849567472934723
1,111,0.9015010595321655
1,112,0.8917251229286194
1,113,0.8936110734939575
1,114,0.9248324036598206
1,115,0.4651689827442169
1,116,0.38955768942832947
1,117,0.893639862537384
1,118,0.9256874322891235
1,119,0.8583337068557739
1,120,0.9245707392692566
1,121,0.8815053105354309
1,122,0.9192755222320557
1,123,0.924375593662262
1,124,0.9078270792961121
1,125,0.8885066509246826
1,126,0.7779247164726257
1,127,0.9208070039749146
1,128,0.827884316444397
1,129,0.9218990206718445
1,130,0.7839640378952026
1,131,0.0670829564332962
1,132,0.9097834229469299
1,133,0.7974964380264282
1,134,0.9302161931991577
2,1,0.09538868814706802
2,2,0.5
2,3,0.8413163423538208
2,4,0.05951318517327309
2,5,0.07819955050945282
2,6,0.12374447286128998
2,7,0.4664172828197479
2,8,0.06045495718717575
2,9,0.5145891308784485
2,10,0.5204692482948303
2,11,0.5314359664916992
2,12,0.5090594291687012
2,13,0.4843999743461609
2,14,0.5031864047050476
2,15,0.5067797303199768
2,16,0.07658254355192184
2,17,0.538948655128479
2,18,0.387085884809494
2,19,0.21225418150424957
2,20,0.5305497646331787
2,21,0.17476505041122437
2,22,0.5707430839538574
2,23,0.852436363697052
2,24,0.06355122476816177
2,25,0.06228407844901085
2,26,0.5953967571258545
2,27,0.5339627861976624
2,28,0.06245758384466171
2,29,0.520715057849884
2,30,0.055607154965400696
2,31,0.0608598068356514
2,32,0.5204843282699585
2,33,0.5272148251533508
2,34,0.519041121006012
2,35,0.49951815605163574
2,36,0.5626125335693359
2,37,0.5153198838233948
2,38,0.5020056366920471
2,39,0.4412304162979126
2,40,0.06199228763580322
2,41,0.5369678735733032
2,42,0.8146548271179199
2,43,0.1411808431148529
2,44,0.8693825602531433
2,45,0.15058307349681854
2,46,0.5034529566764832
2,47,0.6956881880760193
2,48,0.5167719125747681
2,49,0.5147518515586853
2,50,0.5097552537918091
2,51,0.09629316627979279
2,52,0.5212875604629517
2,53,0.5143467783927917
2,54,0.5293223857879639
2,55,0.5140550136566162
2,56,0.5127632021903992
2,57,0.5179907083511353
2,58,0.5153746604919434
2,59,0.5286743640899658
2,60,0.5796893239021301
2,61,0.521138608455658
2,62,0.5234321355819702
2,63,0.522631049156189
2,64,0.5430221557617188
2,65,0.5106966495513916
2,66,0.5120887160301208
2,67,0.5176295042037964
2,68,0.06724607944488525
2,69,0.06245579570531845
2,70,0.14289695024490356
2,71,0.4927082359790802
2,72,0.22520624101161957
2,73,0.19480407238006592
2,74,0.5256373286247253
2,75,0.5003820657730103
2,76,0.4110654294490814
2,77,0.5526476502418518
2,78,0.5622895956039429
2,79,0.1569550484418869
2,80,0.06316260248422623
2,81,0.5321807861328125
2,82,0.4828248620033264
2,83,0.23322907090187073
2,84,0.5216931104660034
2,85,0.518502414226532
2,86,0.5227743983268738
2,87,0.5051990747451782
2,88,0.5192360877990723
2,89,0.04742587357759476
2,90,0.5244110226631165
2,91,0.8663142919540405
2,92,0.206863135099411
2,93,0.5173730254173279
2,94,0.33276450634002686
2,95,0.24194875359535217
2,96,0.07914134860038757
2,97,0.513895571231842
2,98,0.5242511034011841
2,99,0.4386674165725708
2,100,0.5533832907676697
2,101,0.2518436014652252
2,102,0.5087894797325134
2,103,0.5154587030410767
2,104,0.5296498537063599
2,105,0.22094914317131042
2,106,0.2335578054189682
2,107,0.5187808275222778
2,108,0.515967845916748
2,109,0.5096359252929688
2,110,0.065805584192276
2,111,0.8500065803527832
2,112,0.4809935390949249
2,113,0.4705279469490051
2,114,0.5281863212585449
2,115,0.09169131517410278
2,116,0.0795101672410965
2,117,0.5215622782707214
2,118,0.49230387806892395
2,119,0.8697684407234192
2,120,0.5007249116897583
2,121,0.3558947741985321
2,122,0.524451732635498
2,123,0.5027773976325989
2,124,0.484466552734375
2,125,0.5259146690368652
2,126,0.2084442675113678
2,127,0.5128396153450012
2,128,0.4124913513660431
2,129,0.5187718868255615
2,130,0.2195025086402893
2,131,0.17134989798069
2,132,0.8682467937469482
2,133,0.362724632024765
2,134,0.5227131843566895
3,1,0.7565327882766724
3,2,0.1849587857723236
3,3,0.5
3,4,0.8377553224563599
3,5,0.789298415184021
3,6,0.6789321303367615
3,7,0.22242479026317596
3,8,0.8405690789222717
3,9,0.16740329563617706
3,10,0.161386638879776
3,11,0.15982620418071747
3,12,0.1717328280210495
3,13,0.18167363107204437
3,14,0.17583192884922028
3,15,0.16639649868011475
3,16,0.8138750791549683
3,17,0.15320828557014465
3,18,0.284939706325531
3,19,0.4539569020271301
3,20,0.17569799721240997
3,21,0.4803199768066406
3,22,0.21185089647769928
3,23,0.07011344283819199
3,24,0.8408870100975037
3,25,0.833986222743988
3,26,0.12808933854103088
3,27,0.16077174246311188
3,28,0.8240545392036438
3,29,0.16329394280910492
3,30,0.8361434936523438
3,31,0.8381324410438538
3,32,0.16287122666835785
3,33,0.16034755110740662
3,34,0.16265644133090973
3,35,0.18426354229450226
3,36,0.14237232506275177
3,37,0.16665060818195343
3,38,0.1726977527141571
3,39,0.21893814206123352
3,40,0.8340083956718445
3,41,0.15415716171264648
3,42,0.06956683099269867
3,43,0.5627590417861938
3,44,0.06385406106710434
3,45,0.5521798729896545
3,46,0.17064139246940613
3,47,0.08839059621095657
3,48,0.1629514992237091
3,49,0.16839824616909027
3,50,0.17505641281604767
3,51,0.7925487756729126
3,52,0.16169938445091248
3,53,0.17396992444992065
3,54,0.1657070815563202
3,55,0.16434721648693085
3,56,0.1670006960630417
3,57,0.17506927251815796
3,58,0.16414795815944672
3,59,0.16061675548553467
3,60,0.14089135825634003
3,61,0.16442447900772095
3,62,0.16576100885868073
3,63,0.16278831660747528
3,64,0.151092991232872
3,65,0.17141792178153992
3,66,0.19066110253334045
3,67,0.21392589807510376
3,68,0.8378502130508423
3,69,0.8365457653999329
3,70,0.6067520380020142
3,71,0.1769367754459381
3,72,0.4704207181930542
3,73,0.4601716995239258
3,74,0.1862468719482422
3,75,0.1726577877998352
3,76,0.30070093274116516
3,77,0.14675098657608032
3,78,0.1480647772550583
3,79,0.5345076322555542
3,80,0.8389297723770142
3,81,0.16146127879619598
3,82,0.19599667191505432
3,83,0.5915935039520264
3,84,0.16272340714931488
3,85,0.16454729437828064
3,86,0.1612665355205536
3,87,0.19369973242282867
3,88,0.16370652616024017
3,89,0.8399373292922974
3,90,0.16288043558597565
3,91,0.11805436760187149
3,92,0.5005612969398499
3,93,0.2367779165506363
3,94,0.4362814724445343
3,95,0.45219674706459045
3,96,0.8098031282424927
3,97,0.18196983635425568
3,98,0.18348972499370575
3,99,0.2149692177772522
3,100,0.14805832505226135
3,101,0.3913227319717407
3,102,0.16926780343055725
3,103,0.19250869750976562
3,104,0.16824917495250702
3,105,0.4378986954689026
3,106,0.4755174517631531
3,107,0.17067869007587433
3,108,0.21536919474601746
3,109,0.194357767701149
3,110,0.832146406173706
3,111,0.0721774771809578
3,112,0.19285593926906586
3,113,0.20782317221164703
3,114,0.16254904866218567
3,115,0.76301109790802
3,116,0.8300358057022095
3,117,0.1694263368844986
3,118,0.17760221660137177
3,119,0.0674491599202156
3,120,0.17262126505374908
3,121,0.2829793393611908
3,122,0.16559000313282013
3,123,0.16999828815460205
3,124,0.178694948554039
3,125,0.18424023687839508
3,126,0.49548977613449097
3,127,0.17073974013328552
3,128,0.2864481508731842
3,129,0.16146767139434814
3,130,0.4362536370754242
3,131,0.9525741338729858
3,132,0.05540110170841217
3,133,0.32293832302093506
3,134,0.1662093698978424
4,1,0.6261758208274841
4,2,0.9378616809844971
4,3,0.13996349275112152
4,4,0.5
4,5,0.5854179263114929
4,6,0.691763162612915
4,7,0.9247972369194031
4,8,0.4954540729522705
4,9,0.9514214992523193
4,10,0.9456025958061218
4,11,0.8973857760429382
4,12,0.9159873723983765
4,13,0.9286507368087769
4,14,0.8867607712745667
4,15,0.9477828741073608
4,16,0.545135498046875
4,17,0.9519839286804199
4,18,0.8789598345756531
4,19,0.8635274767875671
4,20,0.9348745942115784
4,21,0.8539568781852722
4,22,0.8729524612426758
4,23,0.8550689816474915
4,24,0.49546846747398376
4,25,0.5067645907402039
4,26,0.9205001592636108
4,27,0.9430808424949646
4,28,0.5273327827453613
4,29,0.9493765830993652
4,30,0.5035098195075989
4,31,0.49874040484428406
4,32,0.9393548369407654
4,33,0.91544508934021
4,34,0.9330317974090576
4,35,0.9058324098587036
4,36,0.9446276426315308
4,37,0.9353564977645874
4,38,0.9307076930999756
4,39,0.9294323325157166
4,40,0.5033681392669678
4,41,0.9525741338729858
4,42,0.9083172678947449
4,43,0.8203372359275818
4,44,0.8612934350967407
4,45,0.8278837203979492
4,46,0.9230466485023499
4,47,0.9295735955238342
4,48,0.9387297034263611
4,49,0.912178635597229
4,50,0.9303613901138306
4,51,0.577379584312439
4,52,0.9344135522842407
4,53,0.9169949293136597
4,54,0.9012740254402161
4,55,0.9254737496376038
4,56,0.9160171151161194
4,57,0.9148384928703308
4,58,0.9364901781082153
4,59,0.9449964761734009
4,60,0.9152389764785767
4,61,0.925603985786438
4,62,0.9083593487739563
4,63,0.9354858994483948
4,64,0.9360595345497131
4,65,0.9324070811271667
4,66,0.9217679500579834
4,67,0.8737345337867737
4,68,0.49922823905944824
4,69,0.5009801387786865
4,70,0.7915690541267395
4,71,0.9346873760223389
4,72,0.8480894565582275
4,73,0.8305636644363403
4,74,0.8721745610237122
4,75,0.9278584718704224
4,76,0.871708333492279
4,77,0.9320879578590393
4,78,0.9224051833152771
4,79,0.8388428688049316
4,80,0.4962794780731201
4,81,0.9060444235801697
4,82,0.9224235415458679
4,83,0.6666394472122192
4,84,0.903589129447937
4,85,0.9459413886070251
4,86,0.9480134844779968
4,87,0.9305534362792969
4,88,0.9349928498268127
4,89,0.4980261027812958
4,90,0.9205852746963501
4,91,0.8430692553520203
4,92,0.8393526673316956
4,93,0.8825051188468933
4,94,0.7949877977371216
4,95,0.8181805610656738
4,96,0.5059388279914856
4,97,0.9296558499336243
4,98,0.9116414189338684
4,99,0.9203052520751953
4,100,0.9282452464103699
4,101,0.8713826537132263
4,102,0.9476349949836731
4,103,0.9042714834213257
4,104,0.9248568415641785
4,105,0.8226295709609985
4,106,0.7483638525009155
4,107,0.9303495287895203
4,108,0.9100379347801208
4,109,0.9045867919921875
4,110,0.5086979269981384
4,111,0.8611302375793457
4,112,0.9331305027008057
4,113,0.8942829370498657
4,114,0.9091667532920837
4,115,0.536987841129303
4,116,0.5134466290473938
4,117,0.8893315196037292
4,118,0.9056380391120911
4,119,0.841431200504303
4,120,0.9252728819847107
4,121,0.8966012001037598
4,122,0.904816210269928
4,123,0.9203205704689026
4,124,0.9199692606925964
4,125,0.9158053994178772
4,126,0.8491164445877075
4,127,0.9314765930175781
4,128,0.8937674164772034
4,129,0.9243873357772827
4,130,0.8403973579406738
4,131,0.11552181094884872
4,132,0.8652236461639404
4,133,0.8903830051422119
4,134,0.9470381140708923
5,1,0.5795866250991821
5,2,0.922602653503418
5,3,0.18360210955142975
5,4,0.4127791225910187
5,5,0.5
5,6,0.6584400534629822
5,7,0.929932713508606
5,8,0.4081808626651764
5,9,0.945792555809021
5,10,0.9393803477287292
5,11,0.9120352268218994
5,12,0.9211605787277222
5,13,0.9268779754638672
5,14,0.9126347303390503
5,15,0.9372046589851379
5,16,0.49728503823280334
5,17,0.9490765929222107
5,18,0.862117350101471
5,19,0.8112938404083252
5,20,0.9269005060195923
5,21,0.8358395099639893
5,22,0.9044613838195801
5,23,0.8656657934188843
5,24,0.4099898636341095
5,25,0.4487338364124298
5,26,0.9366519451141357
5,27,0.9415582418441772
5,28,0.4810352325439453
5,29,0.9439278841018677
5,30,0.44632604718208313
5,31,0.4110054075717926
5,32,0.9393979907035828
5,33,0.9306265115737915
5,34,0.9391597509384155
5,35,0.9007049798965454
5,36,0.9400935769081116
5,37,0.9325690865516663
5,38,0.9357293844223022
5,39,0.9261693954467773
5,40,0.46277737617492676
5,41,0.941932201385498
5,42,0.9168756604194641
5,43,0.7952622771263123
5,44,0.8736142516136169
5,45,0.7747617363929749
5,46,0.9294629096984863
5,47,0.9525741338729858
5,48,0.9490067958831787
5,49,0.9159491658210754
5,50,0.9182924628257751
5,51,0.47512152791023254
5,52,0.9404748678207397
5,53,0.9255467653274536
5,54,0.917664110660553
5,55,0.931334912776947
5,56,0.920822262763977
5,57,0.9172512888908386
5,58,0.9281876087188721
5,59,0.937980055809021
5,60,0.928648054599762
5,61,0.9420714974403381
5,62,0.9178982377052307
5,63,0.9298703670501709
5,64,0.9443649649620056
5,65,0.9291563034057617
5,66,0.9229962229728699
5,67,0.8886410593986511
5,68,0.4177870452404022
5,69,0.4548838138580322
5,70,0.7500530481338501
5,71,0.9366787075996399
5,72,0.8376509547233582
5,73,0.7861961722373962
5,74,0.8921617269515991
5,75,0.9281986355781555
5,76,0.8473194241523743
5,77,0.9462924599647522
5,78,0.9402117729187012
5,79,0.7898582220077515
5,80,0.41484832763671875
5,81,0.9164877533912659
5,82,0.9289606809616089
5,83,0.5879964232444763
5,84,0.9199949502944946
5,85,0.943146824836731
5,86,0.9398364424705505
5,87,0.9301740527153015
5,88,0.9347469806671143
5,89,0.45155495405197144
5,90,0.9204469919204712
5,91,0.8498020768165588
5,92,0.7921389937400818
5,93,0.8794354200363159
5,94,0.7696515917778015
5,95,0.7859019041061401
5,96,0.4696081280708313
5,97,0.9360750913619995
5,98,0.9154298305511475
5,99,0.9069267511367798
5,100,0.9330297112464905
5,101,0.8575527667999268
5,102,0.9415851831436157
5,103,0.9114059805870056
5,104,0.9171034693717957
5,105,0.8144349455833435
5,106,0.7458436489105225
5,107,0.9288011789321899
5,108,0.9086304306983948
5,109,0.9164314270019531
5,110,0.46207669377326965
5,111,0.8922299146652222
5,112,0.9050173163414001
5,113,0.9064303040504456
5,114,0.9135897159576416
5,115,0.46316349506378174
5,116,0.4275580644607544
5,117,0.8855927586555481
5,118,0.9183914065361023
5,119,0.842805802822113
5,120,0.9304463863372803
5,121,0.9017578959465027
5,122,0.9137417674064636
5,123,0.9305452108383179
5,124,0.923294723033905
5,125,0.897759199142456
5,126,0.833886981010437
5,127,0.9266714453697205
5,128,0.873347282409668
5,129,0.9333444833755493
5,130,0.8319271802902222
5,131,0.09650229662656784
5,132,0.8836796879768372
5,133,0.8638842701911926
5,134,0.9491689205169678
6,1,0.4374663829803467
6,2,0.8724942207336426
6,3,0.30416950583457947
6,4,0.30838462710380554
6,5,0.34480398893356323
6,6,0.5
6,7,0.8668618202209473
6,8,0.30607181787490845
6,9,0.9055296182632446
6,10,0.9104713797569275
6,11,0.8906275629997253
6,12,0.9134190082550049
6,13,0.8716992139816284
6,14,0.8961127996444702
6,15,0.8785327672958374
6,16,0.3456619679927826
6,17,0.9219062924385071
6,18,0.8379455208778381
6,19,0.6559091210365295
6,20,0.8804652690887451
6,21,0.6928817629814148
6,22,0.8725511431694031
6,23,0.8872290849685669
6,24,0.30452606081962585
6,25,0.31419050693511963
6,26,0.901101291179657
6,27,0.9090589880943298
6,28,0.3314577341079712
6,29,0.912654459476471
6,30,0.31180375814437866
6,31,0.30967068672180176
6,32,0.8949404358863831
6,33,0.920295238494873
6,34,0.9043886661529541
6,35,0.8894249796867371
6,36,0.8688827753067017
6,37,0.8786974549293518
6,38,0.8960002660751343
6,39,0.8661134243011475
6,40,0.3148864209651947
6,41,0.8950119018554688
6,42,0.9174162149429321
6,43,0.6323271989822388
6,44,0.8899853229522705
6,45,0.6411302089691162
6,46,0.87736576795578
6,47,0.921088695526123
6,48,0.9002102017402649
6,49,0.8974126577377319
6,50,0.8582286834716797
6,51,0.3407422602176666
6,52,0.9059327244758606
6,53,0.9146571755409241
6,54,0.866240918636322
6,55,0.9084462523460388
6,56,0.8840118646621704
6,57,0.9227336049079895
6,58,0.9041007161140442
6,59,0.8941275477409363
6,60,0.9119628071784973
6,61,0.9025701880455017
6,62,0.8911625146865845
6,63,0.9015972018241882
6,64,0.9216503500938416
6,65,0.8981387615203857
6,66,0.9025717377662659
6,67,0.8478991389274597
6,68,0.3084574043750763
6,69,0.31042301654815674
6,70,0.5838502645492554
6,71,0.8933088779449463
6,72,0.6712351441383362
6,73,0.7238281965255737
6,74,0.8866580724716187
6,75,0.899236798286438
6,76,0.8328282237052917
6,77,0.9132636785507202
6,78,0.9163118004798889
6,79,0.6629106402397156
6,80,0.30895790457725525
6,81,0.9003406763076782
6,82,0.8951630592346191
6,83,0.5087863802909851
6,84,0.9201692342758179
6,85,0.9196664690971375
6,86,0.8925397396087646
6,87,0.8972209692001343
6,88,0.9055062532424927
6,89,0.30653223395347595
6,90,0.9090067744255066
6,91,0.8501331210136414
6,92,0.6888911128044128
6,93,0.8506168127059937
6,94,0.7445990443229675
6,95,0.6462025046348572
6,96,0.3552611172199249
6,97,0.8777152299880981
6,98,0.8909732103347778
6,99,0.8849756121635437
6,100,0.8895426988601685
6,101,0.7256616353988647
6,102,0.9048846364021301
6,103,0.8730921149253845
6,104,0.8403558135032654
6,105,0.7184141874313354
6,106,0.7135714292526245
6,107,0.8841865062713623
6,108,0.8815233707427979
6,109,0.8821238875389099
6,110,0.31790003180503845
6,111,0.9123874306678772
6,112,0.8523300290107727
6,113,0.8577117323875427
6,114,0.89791339635849
6,115,0.4295404851436615
6,116,0.32194405794143677
6,117,0.9135327935218811
6,118,0.8637794256210327
6,119,0.8710076212882996
6,120,0.8956963419914246
6,121,0.8501129150390625
6,122,0.9132552146911621
6,123,0.8834450244903564
6,124,0.8687010407447815
6,125,0.8462557792663574
6,126,0.6940118074417114
6,127,0.8839213252067566
6,128,0.779915988445282
6,129,0.8979240655899048
6,130,0.6724664568901062
6,131,0.04742587357759476
6,132,0.9207860827445984
6,133,0.7213889956474304
6,134,0.8935451507568359
7,1,0.07065872848033905
7,2,0.5353769063949585
7,3,0.8150435090065002
7,4,0.0636458769440651
7,5,0.06227156147360802
7,6,0.11825516819953918
7,7,0.5
7,8,0.04946398362517357
7,9,0.5624203681945801
7,10,0.5641787648200989
7,11,0.6145566701889038
7,12,0.5963125824928284
7,13,0.5326089262962341
7,14,0.5795775651931763
7,15,0.5599477887153625
7,16,0.07000231742858887
7,17,0.5835711359977722
7,18,0.37559306621551514
7,19,0.22051559388637543
7,20,0.5719435811042786
7,21,0.19971387088298798
7,22,0.5805099606513977
7,23,0.9121739268302917
7,24,0.055562060326337814
7,25,0.06283444166183472
7,26,0.6397767066955566
7,27,0.5867643356323242
7,28,0.04752548784017563
7,29,0.5651084780693054
7,30,0.05197911709547043
7,31,0.049660101532936096
7,32,0.5708944797515869
7,33,0.6060225963592529
7,34,0.5825279951095581
7,35,0.5432947874069214
7,36,0.6167468428611755
7,37,0.5610268712043762
7,38,0.5397427082061768
7,39,0.47361627221107483
7,40,0.05554414913058281
7,41,0.583078145980835
7,42,0.8443456888198853
7,43,0.14530912041664124
7,44,0.8966576457023621
7,45,0.13349182903766632
7,46,0.5510897040367126
7,47,0.7498980164527893
7,48,0.5649707913398743
7,49,0.5675201416015625
7,50,0.5308154821395874
7,51,0.10448382049798965
7,52,0.567031979560852
7,53,0.5408992171287537
7,54,0.5707046985626221
7,55,0.5531983375549316
7,56,0.556674063205719
7,57,0.5560382604598999
7,58,0.5573996305465698
7,59,0.5714948177337646
7,60,0.6258428692817688
7,61,0.5587425827980042
7,62,0.5396006107330322
7,63,0.5673240423202515
7,64,0.588988721370697
7,65,0.5560060739517212
7,66,0.5607030987739563
7,67,0.5484759211540222
7,68,0.05257803574204445
7,69,0.0514303520321846
7,70,0.14617399871349335
7,71,0.5368801951408386
7,72,0.22921207547187805
7,73,0.2293330878019333
7,74,0.5620476007461548
7,75,0.5621607899665833
7,76,0.39838749170303345
7,77,0.5900216698646545
7,78,0.6047492027282715
7,79,0.16168436408042908
7,80,0.05159936100244522
7,81,0.5695881247520447
7,82,0.5240364670753479
7,83,0.2822958528995514
7,84,0.6085915565490723
7,85,0.5699296593666077
7,86,0.5656884908676147
7,87,0.589920699596405
7,88,0.5580272078514099
7,89,0.04742587357759476
7,90,0.5731841921806335
7,91,0.8626834750175476
7,92,0.2109389454126358
7,93,0.5634962320327759
7,94,0.3895464241504669
7,95,0.2360849380493164
7,96,0.06095043942332268
7,97,0.5522768497467041
7,98,0.6063130497932434
7,99,0.46820375323295593
7,100,0.5889267325401306
7,101,0.2690757215023041
7,102,0.5562394857406616
7,103,0.5634511709213257
7,104,0.5722106695175171
7,105,0.23238886892795563
7,106,0.2854580879211426
7,107,0.5562604069709778
7,108,0.5608348250389099
7,109,0.554264485836029
7,110,0.0535409189760685
7,111,0.8870235085487366
7,112,0.5132960081100464
7,113,0.4848068952560425
7,114,0.5570244789123535
7,115,0.06789641082286835
7,116,0.07858506590127945
7,117,0.569767415523529
7,118,0.5203970074653625
7,119,0.8968957662582397
7,120,0.535355269908905
7,121,0.4050378203392029
7,122,0.5986030697822571
7,123,0.5511922240257263
7,124,0.5395162105560303
7,125,0.5639808773994446
7,126,0.16744118928909302
7,127,0.5525306463241577
7,128,0.42909902334213257
7,129,0.5725899934768677
7,130,0.2036653459072113
7,131,0.14838244020938873
7,132,0.8926613926887512
7,133,0.34188780188560486
7,134,0.5678219795227051
8,1,0.6213018894195557
8,2,0.9271211624145508
8,3,0.1501615345478058
8,4,0.5042855739593506
8,5,0.5848770141601562
8,6,0.6840236783027649
8,7,0.9309054613113403
8,8,0.5
8,9,0.9509552121162415
8,10,0.9402592778205872
8,11,0.9075702428817749
8,12,0.9173964262008667
8,13,0.9347723722457886
8,14,0.896847665309906
8,15,0.9476765394210815
8,16,0.5448101162910461
8,17,0.9496296644210815
8,18,0.879237949848175
8,19,0.8661331534385681
8,20,0.9363023638725281
8,21,0.8542065620422363
8,22,0.8816812634468079
8,23,0.84071946144104
8,24,0.49977871775627136
8,25,0.5106474161148071
8,26,0.9226540327072144
8,27,0.9456101655960083
8,28,0.5292935371398926
8,29,0.9497518539428711
8,30,0.5054206848144531
8,31,0.5032106637954712
8,32,0.939223051071167
8,33,0.9154711961746216
8,34,0.9333754181861877
8,35,0.9014748930931091
8,36,0.9474666118621826
8,37,0.933544933795929
8,38,0.9309940338134766
8,39,0.9342342615127563
8,40,0.5050237774848938
8,41,0.9525741338729858
8,42,0.897445023059845
8,43,0.7986360788345337
8,44,0.84627765417099
8,45,0.8114301562309265
8,46,0.9245697259902954
8,47,0.9312002062797546
8,48,0.9392417073249817
8,49,0.9028842449188232
8,50,0.933093249797821
8,51,0.5620397329330444
8,52,0.933368444442749
8,53,0.9160428047180176
8,54,0.9090021252632141
8,55,0.9290142059326172
8,56,0.9178577661514282
8,57,0.9093965291976929
8,58,0.9355655312538147
8,59,0.9378237128257751
8,60,0.9127135872840881
8,61,0.927353024482727
8,62,0.9112621545791626
8,63,0.9366315603256226
8,64,0.9353061318397522
8,65,0.9339990615844727
8,66,0.9154552221298218
8,67,0.876308262348175
8,68,0.5033878087997437
8,69,0.504688024520874
8,70,0.7811478972434998
8,71,0.9357028603553772
8,72,0.8505370616912842
8,73,0.8186131119728088
8,74,0.866906464099884
8,75,0.9264513850212097
8,76,0.8657324314117432
8,77,0.9324831366539001
8,78,0.9251201152801514
8,79,0.8252606987953186
8,80,0.5006555318832397
8,81,0.9110477566719055
8,82,0.9223878383636475
8,83,0.6599768400192261
8,84,0.9041088819503784
8,85,0.9449940323829651
8,86,0.9485411047935486
8,87,0.9311781525611877
8,88,0.9364389777183533
8,89,0.5019315481185913
8,90,0.92408287525177
8,91,0.8256407976150513
8,92,0.8263440132141113
8,93,0.8928312063217163
8,94,0.7906963229179382
8,95,0.8100957870483398
8,96,0.4937688410282135
8,97,0.9305937886238098
8,98,0.9123099446296692
8,99,0.9175782799720764
8,100,0.9280810356140137
8,101,0.8748347759246826
8,102,0.9471947550773621
8,103,0.9077276587486267
8,104,0.9270938038825989
8,105,0.8083337545394897
8,106,0.7427711486816406
8,107,0.9350146055221558
8,108,0.9039868116378784
8,109,0.9076384902000427
8,110,0.5093252062797546
8,111,0.8649210333824158
8,112,0.9256250262260437
8,113,0.8931137323379517
8,114,0.9097357392311096
8,115,0.5272501707077026
8,116,0.4992075562477112
8,117,0.88637775182724
8,118,0.9126026630401611
8,119,0.8261237144470215
8,120,0.926824688911438
8,121,0.8918094038963318
8,122,0.8965489864349365
8,123,0.9224529266357422
8,124,0.921704113483429
8,125,0.9203519821166992
8,126,0.827857255935669
8,127,0.9318339824676514
8,128,0.8823739290237427
8,129,0.9257164001464844
8,130,0.8256200551986694
8,131,0.1294361650943756
8,132,0.8535930514335632
8,133,0.8641518354415894
8,134,0.9456361532211304
9,1,0.07919012010097504
9,2,0.48631414771080017
9,3,0.8445421457290649
9,4,0.05531836673617363
9,5,0.0647682473063469
9,6,0.10358906537294388
9,7,0.4443652033805847
9,8,0.04742587357759476
9,9,0.5
9,10,0.5061635375022888
9,11,0.5114349722862244
9,12,0.49699002504348755
9,13,0.4745815098285675
9,14,0.48469680547714233
9,15,0.49627453088760376
9,16,0.06736033409833908
9,17,0.5229104161262512
9,18,0.35670819878578186
9,19,0.18568801879882812
9,20,0.5106911063194275
9,21,0.17232200503349304
9,22,0.5271314978599548
9,23,0.847177267074585
9,24,0.050445809960365295
9,25,0.05980885401368141
9,26,0.5790229439735413
9,27,0.5078381896018982
9,28,0.0522853285074234
9,29,0.5057224035263062
9,30,0.04979852959513664
9,31,0.05118752270936966
9,32,0.5074560642242432
9,33,0.5109675526618958
9,34,0.5079941153526306
9,35,0.47927126288414
9,36,0.5496804714202881
9,37,0.5014026165008545
9,38,0.4892102777957916
9,39,0.4326682686805725
9,40,0.05582813173532486
9,41,0.5218728184700012
9,42,0.7986847162246704
9,43,0.13335180282592773
9,44,0.8605311512947083
9,45,0.1319558471441269
9,46,0.49092957377433777
9,47,0.6788654327392578
9,48,0.5034263134002686
9,49,0.5007801651954651
9,50,0.49760234355926514
9,51,0.08443208038806915
9,52,0.5073279142379761
9,53,0.4953234791755676
9,54,0.5065110325813293
9,55,0.5024504065513611
9,56,0.4990578889846802
9,57,0.4955713748931885
9,58,0.5019932389259338
9,59,0.5088315606117249
9,60,0.5568346977233887
9,61,0.5067558288574219
9,62,0.5043668746948242
9,63,0.5081785917282104
9,64,0.5271608233451843
9,65,0.49423831701278687
9,66,0.49762028455734253
9,67,0.5014241933822632
9,68,0.05341728776693344
9,69,0.052215076982975006
9,70,0.131327822804451
9,71,0.4787029027938843
9,72,0.20899011194705963
9,73,0.18970535695552826
9,74,0.5041623115539551
9,75,0.4922497868537903
9,76,0.3891479969024658
9,77,0.5363081693649292
9,78,0.535117506980896
9,79,0.13827134668827057
9,80,0.04877906292676926
9,81,0.5078874826431274
9,82,0.46144720911979675
9,83,0.22292625904083252
9,84,0.5087780356407166
9,85,0.5025470852851868
9,86,0.5096190571784973
9,87,0.4964197278022766
9,88,0.5037339329719543
9,89,0.04971818998456001
9,90,0.5099518895149231
9,91,0.8512492179870605
9,92,0.1759483516216278
9,93,0.47857150435447693
9,94,0.30144309997558594
9,95,0.2170315980911255
9,96,0.05532695725560188
9,97,0.5003622770309448
9,98,0.5128684639930725
9,99,0.42240774631500244
9,100,0.5386154651641846
9,101,0.23025798797607422
9,102,0.49519410729408264
9,103,0.5057353973388672
9,104,0.5094314217567444
9,105,0.2035110592842102
9,106,0.2317163497209549
9,107,0.4935513436794281
9,108,0.5034196972846985
9,109,0.49080583453178406
9,110,0.059385232627391815
9,111,0.84018474817276
9,112,0.45851123332977295
9,113,0.432010680437088
9,114,0.5083414316177368
9,115,0.07058639824390411
9,116,0.07114272564649582
9,117,0.49924007058143616
9,118,0.480692982673645
9,119,0.8597459197044373
9,120,0.4849281907081604
9,121,0.33279019594192505
9,122,0.502181351184845
9,123,0.49097543954849243
9,124,0.4769395887851715
9,125,0.5046391487121582
9,126,0.173087477684021
9,127,0.49980613589286804
9,128,0.3955869972705841
9,129,0.5085242390632629
9,130,0.20256200432777405
9,131,0.18640533089637756
9,132,0.8552614450454712
9,133,0.3468085527420044
9,134,0.5094342231750488
10,1,0.05867547169327736
10,2,0.48009660840034485
10,3,0.8584115505218506
10,4,0.05606760457158089
10,5,0.0658208429813385
10,6,0.09150699526071548
10,7,0.4407235085964203
10,8,0.052608709782361984
10,9,0.49361130595207214
10,10,0.5
10,11,0.5037274360656738
10,12,0.4884134829044342
10,13,0.4670351445674896
10,14,0.47566601634025574
10,15,0.48978811502456665
10,16,0.07540316134691238
10,17,0.5161490440368652
10,18,0.3521149456501007
10,19,0.18579989671707153
10,20,0.5027522444725037
10,21,0.1669110208749771
10,22,0.473849892616272
10,23,0.8710547089576721
10,24,0.04781948775053024
10,25,0.07139834761619568
10,26,0.5734915733337402
10,27,0.49937230348587036
10,28,0.05630020424723625
10,29,0.4975258409976959
10,30,0.05023461580276489
10,31,0.05720726400613785
10,32,0.5013453960418701
10,33,0.5036132335662842
10,34,0.49848777055740356
10,35,0.463700532913208
10,36,0.5438304543495178
10,37,0.4952843487262726
10,38,0.48106899857521057
10,39,0.42119985818862915
10,40,0.05201779678463936
10,41,0.5146934390068054
10,42,0.8022961616516113
10,43,0.12319642305374146
10,44,0.8680378794670105
10,45,0.1433190256357193
10,46,0.4829919934272766
10,47,0.6799324154853821
10,48,0.4954671263694763
10,49,0.49628716707229614
10,50,0.49156588315963745
10,51,0.09176383912563324
10,52,0.4993000328540802
10,53,0.48252397775650024
10,54,0.49859312176704407
10,55,0.49470216035842896
10,56,0.4907349646091461
10,57,0.4819917678833008
10,58,0.4949076175689697
10,59,0.50068598985672
10,60,0.551102340221405
10,61,0.5005641579627991
10,62,0.4972667098045349
10,63,0.5018333792686462
10,64,0.5200067758560181
10,65,0.48639965057373047
10,66,0.49339213967323303
10,67,0.4916563332080841
10,68,0.05092225596308708
10,69,0.054811179637908936
10,70,0.1295461654663086
10,71,0.4696062207221985
10,72,0.20938684046268463
10,73,0.1669883131980896
10,74,0.497134268283844
10,75,0.4851149618625641
10,76,0.39367395639419556
10,77,0.5305153131484985
10,78,0.5285901427268982
10,79,0.14386731386184692
10,80,0.04742587357759476
10,81,0.49933961033821106
10,82,0.452144980430603
10,83,0.17925089597702026
10,84,0.5002068877220154
10,85,0.4942345917224884
10,86,0.5024791359901428
10,87,0.4882446825504303
10,88,0.4964084029197693
10,89,0.05158298462629318
10,90,0.5029450058937073
10,91,0.8516684174537659
10,92,0.15852464735507965
10,93,0.45625004172325134
10,94,0.2735799551010132
10,95,0.21896864473819733
10,96,0.06291428953409195
10,97,0.49327319860458374
10,98,0.505487859249115
10,99,0.409647673368454
10,100,0.530681312084198
10,101,0.2142348736524582
10,102,0.48699864745140076
10,103,0.498944491147995
10,104,0.5018513798713684
10,105,0.19677245616912842
10,106,0.20676539838314056
10,107,0.487224817276001
10,108,0.49572810530662537
10,109,0.48386701941490173
10,110,0.055505163967609406
10,111,0.8470345139503479
10,112,0.4538511037826538
10,113,0.42202433943748474
10,114,0.5005292892456055
10,115,0.06761956959962845
10,116,0.06687014549970627
10,117,0.48897963762283325
10,118,0.47042524814605713
10,119,0.8642915487289429
10,120,0.47672080993652344
10,121,0.3341580629348755
10,122,0.4939778745174408
10,123,0.4838196337223053
10,124,0.4702136516571045
10,125,0.49777713418006897
10,126,0.18116377294063568
10,127,0.49355557560920715
10,128,0.3858703374862671
10,129,0.49962738156318665
10,130,0.19381096959114075
10,131,0.18182769417762756
10,132,0.86125648021698
10,133,0.33184024691581726
10,134,0.5024788975715637
11,1,0.056005895137786865
11,2,0.4630085229873657
11,3,0.9000195860862732
11,4,0.0693788081407547
11,5,0.060594964772462845
11,6,0.07495111227035522
11,7,0.3725508749485016
11,8,0.05209917947649956
11,9,0.48564958572387695
11,10,0.4954867660999298
11,11,0.5
11,12,0.4809499680995941
11,13,0.45494914054870605
11,14,0.46593770384788513
11,15,0.48362135887145996
11,16,0.07537412643432617
11,17,0.5149586796760559
11,18,0.3863074481487274
11,19,0.1511348932981491
11,20,0.4986289441585541
11,21,0.11632557958364487
11,22,0.45737186074256897
11,23,0.9075596928596497
11,24,0.05713559687137604
11,25,0.06566096842288971
11,26,0.581009566783905
11,27,0.4939650297164917
11,28,0.05435394495725632
11,29,0.4897514581680298
11,30,0.05584422126412392
11,31,0.049865465611219406
11,32,0.4955785870552063
11,33,0.5000103712081909
11,34,0.49393728375434875
11,35,0.45697659254074097
11,36,0.5483828186988831
11,37,0.48960110545158386
11,38,0.4748150110244751
11,39,0.3740697205066681
11,40,0.06239446997642517
11,41,0.5120194554328918
11,42,0.8393393754959106
11,43,0.08639714121818542
11,44,0.9021372199058533
11,45,0.09590649604797363
11,46,0.4749056398868561
11,47,0.7086023688316345
11,48,0.4896024763584137
11,49,0.4928448796272278
11,50,0.47984322905540466
11,51,0.11761624366044998
11,52,0.4936980903148651
11,53,0.4761447608470917
11,54,0.49578753113746643
11,55,0.48902902007102966
11,56,0.48209455609321594
11,57,0.4742603600025177
11,58,0.4891400933265686
11,59,0.4951569736003876
11,60,0.5561549663543701
11,61,0.49644342064857483
11,62,0.48336678743362427
11,63,0.4987809658050537
11,64,0.5183075666427612
11,65,0.47890985012054443
11,66,0.4925641715526581
11,67,0.445597767829895
11,68,0.05664147064089775
11,69,0.05794857442378998
11,70,0.09233143925666809
11,71,0.4587318003177643
11,72,0.164136603474617
11,73,0.15570585429668427
11,74,0.5004478693008423
11,75,0.4731169641017914
11,76,0.36982712149620056
11,77,0.532227098941803
11,78,0.5293058156967163
11,79,0.10180474817752838
11,80,0.05604369565844536
11,81,0.49096038937568665
11,82,0.4448361396789551
11,83,0.30180054903030396
11,84,0.49200502038002014
11,85,0.48660022020339966
11,86,0.49767932295799255
11,87,0.4818057417869568
11,88,0.49041521549224854
11,89,0.04742587357759476
11,90,0.49551868438720703
11,91,0.8799902200698853
11,92,0.15913230180740356
11,93,0.4693238437175751
11,94,0.37584322690963745
11,95,0.18701831996440887
11,96,0.07261285930871964
11,97,0.4863418936729431
11,98,0.49553701281547546
11,99,0.3880864381790161
11,100,0.5309550166130066
11,101,0.18497827649116516
11,102,0.4785858690738678
11,103,0.4863490164279938
11,104,0.4964388310909271
11,105,0.16029487550258636
11,106,0.2321605533361435
11,107,0.4816395938396454
11,108,0.49007728695869446
11,109,0.4745149314403534
11,110,0.05908004194498062
11,111,0.8836432099342346
11,112,0.44937846064567566
11,113,0.439830482006073
11,114,0.49005913734436035
11,115,0.07418766617774963
11,116,0.08822786062955856
11,117,0.47710949182510376
11,118,0.4583715498447418
11,119,0.8945476412773132
11,120,0.46693331003189087
11,121,0.29512274265289307
11,122,0.4861788749694824
11,123,0.4756390452384949
11,124,0.4608815908432007
11,125,0.4906217157840729
11,126,0.1473054140806198
11,127,0.4859391450881958
11,128,0.36309126019477844
11,129,0.49546435475349426
11,130,0.15609070658683777
11,131,0.14589732885360718
11,132,0.8967896699905396
11,133,0.268110990524292
11,134,0.4988344609737396
12,1,0.06952746212482452
12,2,0.4902447760105133
12,3,0.8705184459686279
12,4,0.06810761988162994
12,5,0.06691176444292068
12,6,0.07028677314519882
12,7,0.40161922574043274
12,8,0.05751274898648262
12,9,0.5034552812576294
12,10,0.5128312110900879
12,11,0.5174251794815063
12,12,0.5
12,13,0.47496339678764343
12,14,0.48677414655685425
12,15,0.4997144043445587
12,16,0.05653423070907593
12,17,0.5311323404312134
12,18,0.4047234356403351
12,19,0.15775516629219055
12,20,0.5150895118713379
12,21,0.13980066776275635
12,22,0.5141230225563049
12,23,0.8944110870361328
12,24,0.056948449462652206
12,25,0.07406030595302582
12,26,0.5924893617630005
12,27,0.5125173926353455
12,28,0.04960796236991882
12,29,0.5077519416809082
12,30,0.05693519115447998
12,31,0.05180927366018295
12,32,0.5127666592597961
12,33,0.5204290747642517
12,34,0.5114870667457581
12,35,0.5252736806869507
12,36,0.5601114630699158
12,37,0.5042867660522461
12,38,0.49119335412979126
12,39,0.4118444621562958
12,40,0.054360248148441315
12,41,0.5279626250267029
12,42,0.8276323080062866
12,43,0.10336299985647202
12,44,0.8921215534210205
12,45,0.11213666945695877
12,46,0.49135828018188477
12,47,0.7054227590560913
12,48,0.506428062915802
12,49,0.5088887810707092
12,50,0.49806877970695496
12,51,0.10128702968358994
12,52,0.5099181532859802
12,53,0.4973434805870056
12,54,0.5144014358520508
12,55,0.5062132477760315
12,56,0.5015178918838501
12,57,0.4963260591030121
12,58,0.5072311162948608
12,59,0.5109859704971313
12,60,0.5701499581336975
12,61,0.5161585807800293
12,62,0.5052526593208313
12,63,0.5160578489303589
12,64,0.5332261323928833
12,65,0.5023674368858337
12,66,0.5163698792457581
12,67,0.4639398753643036
12,68,0.05495235323905945
12,69,0.047425881028175354
12,70,0.10293489694595337
12,71,0.47854721546173096
12,72,0.17313766479492188
12,73,0.1936744600534439
12,74,0.5052173733711243
12,75,0.49409887194633484
12,76,0.4252532124519348
12,77,0.5462697744369507
12,78,0.5432018041610718
12,79,0.12028545886278152
12,80,0.05628793314099312
12,81,0.511122465133667
12,82,0.46566042304039
12,83,0.3004753887653351
12,84,0.5135250687599182
12,85,0.5063242316246033
12,86,0.5160204768180847
12,87,0.4957084357738495
12,88,0.5106574296951294
12,89,0.057055823504924774
12,90,0.5191333889961243
12,91,0.8506969809532166
12,92,0.1687932312488556
12,93,0.4545610547065735
12,94,0.38334420323371887
12,95,0.19233502447605133
12,96,0.06445518881082535
12,97,0.5022499561309814
12,98,0.5109427571296692
12,99,0.4182448387145996
12,100,0.5465202331542969
12,101,0.2038717418909073
12,102,0.4968823194503784
12,103,0.4992828071117401
12,104,0.5120846629142761
12,105,0.16781491041183472
12,106,0.29938173294067383
12,107,0.49945521354675293
12,108,0.4968009293079376
12,109,0.4918215572834015
12,110,0.05384065955877304
12,111,0.8723845481872559
12,112,0.48451972007751465
12,113,0.42370352149009705
12,114,0.5121386051177979
12,115,0.08472379297018051
12,116,0.08404507488012314
12,117,0.49899327754974365
12,118,0.4814910888671875
12,119,0.8819466233253479
12,120,0.48718610405921936
12,121,0.3103480339050293
12,122,0.5064122676849365
12,123,0.493729829788208
12,124,0.48302608728408813
12,125,0.507780134677887
12,126,0.13541820645332336
12,127,0.504607081413269
12,128,0.39236778020858765
12,129,0.5127956867218018
12,130,0.16814249753952026
12,131,0.15521109104156494
12,132,0.8768734335899353
12,133,0.32553571462631226
12,134,0.5140476226806641
13,1,0.07550007849931717
13,2,0.516203761100769
13,3,0.8529945611953735
13,4,0.062347814440727234
13,5,0.06747522950172424
13,6,0.11653070151805878
13,7,0.4678501784801483
13,8,0.04818958789110184
13,9,0.5281409025192261
13,10,0.5352087616920471
13,11,0.5397711396217346
13,12,0.5241521596908569
13,13,0.5
13,14,0.5073556303977966
13,15,0.5253555774688721
13,16,0.05739038065075874
13,17,0.5535944700241089
13,18,0.3458375036716461
13,19,0.20672966539859772
13,20,0.5381895303726196
13,21,0.16464266180992126
13,22,0.5372081398963928
13,23,0.8780348300933838
13,24,0.056718144565820694
13,25,0.07480522990226746
13,26,0.614382803440094
13,27,0.5362207293510437
13,28,0.057403918355703354
13,29,0.5350775718688965
13,30,0.05304984375834465
13,31,0.05910186097025871
13,32,0.5377670526504517
13,33,0.5423142313957214
13,34,0.5367977619171143
13,35,0.5450298190116882
13,36,0.5816314220428467
13,37,0.5327937006950378
13,38,0.5171085000038147
13,39,0.449274480342865
13,40,0.06037777662277222
13,41,0.5518328547477722
13,42,0.8097419142723083
13,43,0.1302308887243271
13,44,0.8753626346588135
13,45,0.14286871254444122
13,46,0.5166288614273071
13,47,0.7195826768875122
13,48,0.5327261090278625
13,49,0.5351170897483826
13,50,0.5184798836708069
13,51,0.08623526990413666
13,52,0.535035252571106
13,53,0.5238078236579895
13,54,0.536297619342804
13,55,0.529535710811615
13,56,0.5288439393043518
13,57,0.5199973583221436
13,58,0.5316262245178223
13,59,0.5368713736534119
13,60,0.5907312631607056
13,61,0.5396581888198853
13,62,0.5332139730453491
13,63,0.5371518731117249
13,64,0.5590518712997437
13,65,0.5231949090957642
13,66,0.4893852174282074
13,67,0.5301974415779114
13,68,0.058675408363342285
13,69,0.04742587357759476
13,70,0.13907518982887268
13,71,0.5065294504165649
13,72,0.22227752208709717
13,73,0.1810728758573532
13,74,0.5235743522644043
13,75,0.5197605490684509
13,76,0.41891345381736755
13,77,0.5707162022590637
13,78,0.5669045448303223
13,79,0.1500847339630127
13,80,0.05053329095244408
13,81,0.5370541214942932
13,82,0.48573237657546997
13,83,0.23355375230312347
13,84,0.5371387600898743
13,85,0.5314803123474121
13,86,0.5393941402435303
13,87,0.524682343006134
13,88,0.5350053310394287
13,89,0.051772650331258774
13,90,0.5432945489883423
13,91,0.8504598736763
13,92,0.19177491962909698
13,93,0.49311065673828125
13,94,0.3314826786518097
13,95,0.24457059800624847
13,96,0.06621718406677246
13,97,0.5294974446296692
13,98,0.5426164865493774
13,99,0.44196394085884094
13,100,0.5722227096557617
13,101,0.24552878737449646
13,102,0.5227762460708618
13,103,0.5367234349250793
13,104,0.5384582281112671
13,105,0.21854060888290405
13,106,0.23363545536994934
13,107,0.5230529308319092
13,108,0.5322459936141968
13,109,0.5188789963722229
13,110,0.06220347806811333
13,111,0.8547755479812622
13,112,0.5089676380157471
13,113,0.4913000166416168
13,114,0.5355578660964966
13,115,0.0690702497959137
13,116,0.07667841762304306
13,117,0.5256919860839844
13,118,0.5077645778656006
13,119,0.8908953070640564
13,120,0.5122720003128052
13,121,0.3565637469291687
13,122,0.5304650068283081
13,123,0.5200546383857727
13,124,0.5076722502708435
13,125,0.5313218832015991
13,126,0.19443975389003754
13,127,0.5292319655418396
13,128,0.4152316749095917
13,129,0.5370088815689087
13,130,0.2133287787437439
13,131,0.15019990503787994
13,132,0.869209885597229
13,133,0.350076824426651
13,134,0.538121223449707
14,1,0.05081536993384361
14,2,0.49612560868263245
14,3,0.8921299576759338
14,4,0.07277238368988037
14,5,0.055200204253196716
14,6,0.06496673077344894
14,7,0.40841901302337646
14,8,0.05537319928407669
14,9,0.5198323726654053
14,10,0.5304172039031982
14,11,0.5351758003234863
14,12,0.5149335861206055
14,13,0.491389662027359
14,14,0.5
14,15,0.5172982215881348
14,16,0.06893906742334366
14,17,0.5505398511886597
14,18,0.4306383728981018
14,19,0.13800357282161713
14,20,0.5317208766937256
14,21,0.1205509752035141
14,22,0.4935099482536316
14,23,0.9233765602111816
14,24,0.060789212584495544
14,25,0.0734846442937851
14,26,0.6194882392883301
14,27,0.5298751592636108
14,28,0.04742587357759476
14,29,0.5245420336723328
14,30,0.05785118043422699
14,31,0.04937642067670822
14,32,0.5295194387435913
14,33,0.5349041819572449
14,34,0.5293061137199402
14,35,0.4979606866836548
14,36,0.5845270156860352
14,37,0.5227958559989929
14,38,0.5068812966346741
14,39,0.4207320213317871
14,40,0.05586329102516174
14,41,0.5484986901283264
14,42,0.8643434643745422
14,43,0.08225234597921371
14,44,0.9034711122512817
14,45,0.08692633360624313
14,46,0.5083336234092712
14,47,0.7419106960296631
14,48,0.5244616866111755
14,49,0.5228895545005798
14,50,0.5157555937767029
14,51,0.125140979886055
14,52,0.5274256467819214
14,53,0.5093613266944885
14,54,0.5292605757713318
14,55,0.522986650466919
14,56,0.5188465118408203
14,57,0.5095876455307007
14,58,0.5230821371078491
14,59,0.5280820727348328
14,60,0.5905290246009827
14,61,0.5297632217407227
14,62,0.5220947265625
14,63,0.5334957242012024
14,64,0.5540392994880676
14,65,0.5148041248321533
14,66,0.5286057591438293
14,67,0.48649200797080994
14,68,0.05604105070233345
14,69,0.0476696752011776
14,70,0.07624845206737518
14,71,0.49271199107170105
14,72,0.15282610058784485
14,73,0.174399271607399
14,74,0.537764847278595
14,75,0.5082945823669434
14,76,0.42523854970932007
14,77,0.5675692558288574
14,78,0.5642282962799072
14,79,0.094560407102108
14,80,0.057115934789180756
14,81,0.5270828008651733
14,82,0.46932530403137207
14,83,0.2844723165035248
14,84,0.5269032716751099
14,85,0.5230047702789307
14,86,0.5329605937004089
14,87,0.5141215324401855
14,88,0.5255570411682129
14,89,0.053719282150268555
14,90,0.5312142372131348
14,91,0.8859813809394836
14,92,0.15573246777057648
14,93,0.5033300518989563
14,94,0.39870432019233704
14,95,0.1441805064678192
14,96,0.07014335691928864
14,97,0.5205522179603577
14,98,0.5298342108726501
14,99,0.4209693670272827
14,100,0.5685915350914001
14,101,0.18563920259475708
14,102,0.5133723616600037
14,103,0.5210738182067871
14,104,0.5315534472465515
14,105,0.1468738168478012
14,106,0.2836674153804779
14,107,0.5147072076797485
14,108,0.5008007884025574
14,109,0.5090056657791138
14,110,0.05400465056300163
14,111,0.8844050168991089
14,112,0.47811031341552734
14,113,0.43142497539520264
14,114,0.5287137031555176
14,115,0.07801581174135208
14,116,0.07446837425231934
14,117,0.5135563015937805
14,118,0.4946487545967102
14,119,0.921473503112793
14,120,0.5010464191436768
14,121,0.3015470802783966
14,122,0.5227264761924744
14,123,0.5091866254806519
14,124,0.49573174118995667
14,125,0.5241416692733765
14,126,0.12318704277276993
14,127,0.5149880051612854
14,128,0.3502858579158783
14,129,0.5303982496261597
14,130,0.14705215394496918
14,131,0.12255598604679108
14,132,0.9153104424476624
14,133,0.28413867950439453
14,134,0.5288681983947754
15,1,0.08107125759124756
15,2,0.493490606546402
15,3,0.8506954312324524
15,4,0.05571077764034271
15,5,0.07020580023527145
15,6,0.1263592690229416
15,7,0.4453261196613312
15,8,0.04742587357759476
15,9,0.5038130879402161
15,10,0.510083794593811
15,11,0.5133585929870605
15,12,0.5002545714378357
15,13,0.47656014561653137
15,14,0.4863389730453491
15,15,0.5
15,16,0.07294200360774994
15,17,0.5258929133415222
15,18,0.3354864716529846
15,19,0.22959071397781372
15,20,0.5131618976593018
15,21,0.18746040761470795
15,22,0.49406492710113525
15,23,0.8736367225646973
15,24,0.04945286363363266
15,25,0.06712979823350906
15,26,0.5826576352119446
15,27,0.5096147656440735
15,28,0.053869254887104034
15,29,0.5078575611114502
15,30,0.04908525571227074
15,31,0.05040008947253227
15,32,0.5112767219543457
15,33,0.5132885575294495
15,34,0.510369062423706
15,35,0.4810260832309723
15,36,0.5537670850753784
15,37,0.5067755579948425
15,38,0.49340376257896423
15,39,0.42566704750061035
15,40,0.05616803094744682
15,41,0.5241419672966003
15,42,0.8059962391853333
15,43,0.14892669022083282
15,44,0.8701168894767761
15,45,0.1633555293083191
15,46,0.4936661422252655
15,47,0.6868031620979309
15,48,0.5057416558265686
15,49,0.5058987736701965
15,50,0.5003698468208313
15,51,0.09370646625757217
15,52,0.509422242641449
15,53,0.4973284602165222
15,54,0.5098544955253601
15,55,0.5053560733795166
15,56,0.5007747411727905
15,57,0.4958322048187256
15,58,0.5050063729286194
15,59,0.510712742805481
15,60,0.5605549216270447
15,61,0.5108137130737305
15,62,0.5066185593605042
15,63,0.5100205540657043
15,64,0.529984176158905
15,65,0.4969613254070282
15,66,0.4991143047809601
15,67,0.5042836666107178
15,68,0.05326177179813385
15,69,0.0511530376970768
15,70,0.16033627092838287
15,71,0.4806371331214905
15,72,0.2513624429702759
15,73,0.17633472383022308
15,74,0.5003911852836609
15,75,0.4947856068611145
15,76,0.382104754447937
15,77,0.5405682921409607
15,78,0.537947952747345
15,79,0.15955613553524017
15,80,0.04904291778802872
15,81,0.509621798992157
15,82,0.4622516334056854
15,83,0.20226076245307922
15,84,0.510342001914978
15,85,0.5043100714683533
15,86,0.5125361680984497
15,87,0.49862661957740784
15,88,0.507225751876831
15,89,0.04868726059794426
15,90,0.5122689604759216
15,91,0.8609598278999329
15,92,0.20230244100093842
15,93,0.4670500159263611
15,94,0.28223225474357605
15,95,0.2665049433708191
15,96,0.06074017658829689
15,97,0.5036214590072632
15,98,0.5155352354049683
15,99,0.420991450548172
15,100,0.5426467061042786
15,101,0.2438216507434845
15,102,0.4969547390937805
15,103,0.5094906091690063
15,104,0.5120054483413696
15,105,0.2467585653066635
15,106,0.22449779510498047
15,107,0.49698230624198914
15,108,0.5061457753181458
15,109,0.49269479513168335
15,110,0.05917229503393173
15,111,0.849660336971283
15,112,0.4607034921646118
15,113,0.4713456928730011
15,114,0.5101272463798523
15,115,0.07124007493257523
15,116,0.07033011317253113
15,117,0.499604195356369
15,118,0.48310649394989014
15,119,0.8857603073120117
15,120,0.4871993362903595
15,121,0.3667599856853485
15,122,0.5032091736793518
15,123,0.49453794956207275
15,124,0.48144614696502686
15,125,0.5082368850708008
15,126,0.23541255295276642
15,127,0.5041622519493103
15,128,0.39663755893707275
15,129,0.5095818638801575
15,130,0.23647461831569672
15,131,0.17869198322296143
15,132,0.8636259436607361
15,133,0.3478619456291199
15,134,0.5126070976257324
16,1,0.5913618206977844
16,2,0.9349969029426575
16,3,0.14468103647232056
16,4,0.45087307691574097
16,5,0.5028941631317139
16,6,0.6671992540359497
16,7,0.9327049851417542
16,8,0.4482840299606323
16,9,0.9525741338729858
16,10,0.9405030608177185
16,11,0.9072242379188538
16,12,0.9426273107528687
16,13,0.9471169114112854
16,14,0.90825355052948
16,15,0.9445664882659912
16,16,0.5
16,17,0.9505590796470642
16,18,0.8732971549034119
16,19,0.8410404324531555
16,20,0.9300916194915771
16,21,0.8498706817626953
16,22,0.895994246006012
16,23,0.8753185272216797
16,24,0.44712314009666443
16,25,0.4512820243835449
16,26,0.936244010925293
16,27,0.9451956748962402
16,28,0.48154884576797485
16,29,0.9521311521530151
16,30,0.45174381136894226
16,31,0.45376312732696533
16,32,0.9501280188560486
16,33,0.9279096126556396
16,34,0.9464016556739807
16,35,0.9026741981506348
16,36,0.9369632005691528
16,37,0.923954427242279
16,38,0.9236778020858765
16,39,0.9364209771156311
16,40,0.4517427086830139
16,41,0.944611132144928
16,42,0.9196043610572815
16,43,0.7749254703521729
16,44,0.8730152249336243
16,45,0.805135190486908
16,46,0.9212114810943604
16,47,0.9412326812744141
16,48,0.9380311369895935
16,49,0.9211333990097046
16,50,0.9209277033805847
16,51,0.4581593871116638
16,52,0.9513011574745178
16,53,0.9290294051170349
16,54,0.9087633490562439
16,55,0.9388477206230164
16,56,0.9181284308433533
16,57,0.9297732710838318
16,58,0.928473949432373
16,59,0.9510699510574341
16,60,0.9265083074569702
16,61,0.9254720211029053
16,62,0.923068642616272
16,63,0.9354658126831055
16,64,0.9452928304672241
16,65,0.9333727359771729
16,66,0.9192788600921631
16,67,0.872657060623169
16,68,0.4518475830554962
16,69,0.45275840163230896
16,70,0.7673661112785339
16,71,0.9345033764839172
16,72,0.8432716131210327
16,73,0.8448746204376221
16,74,0.8911668658256531
16,75,0.9292199015617371
16,76,0.8719393610954285
16,77,0.9353694915771484
16,78,0.9410001635551453
16,79,0.8207160234451294
16,80,0.452549546957016
16,81,0.9263539910316467
16,82,0.9228577613830566
16,83,0.6067334413528442
16,84,0.9314884543418884
16,85,0.9507791996002197
16,86,0.9397882223129272
16,87,0.9333550930023193
16,88,0.936433732509613
16,89,0.44817227125167847
16,90,0.9272173643112183
16,91,0.859796941280365
16,92,0.802711009979248
16,93,0.8899198770523071
16,94,0.7814618945121765
16,95,0.7938897013664246
16,96,0.4259421229362488
16,97,0.9326931834220886
16,98,0.9334752559661865
16,99,0.9320974946022034
16,100,0.9267883896827698
16,101,0.8729215860366821
16,102,0.9484355449676514
16,103,0.9273526072502136
16,104,0.9260455965995789
16,105,0.8107477426528931
16,106,0.7484422922134399
16,107,0.9207577705383301
16,108,0.9024888873100281
16,109,0.9185141921043396
16,110,0.4571521282196045
16,111,0.8877241611480713
16,112,0.9142974615097046
16,113,0.8989906907081604
16,114,0.9338337182998657
16,115,0.46945521235466003
16,116,0.42732328176498413
16,117,0.9129836559295654
16,118,0.9067021608352661
16,119,0.8606218099594116
16,120,0.9387751221656799
16,121,0.9029228091239929
16,122,0.9133177399635315
16,123,0.9261979460716248
16,124,0.9258031845092773
16,125,0.9102868437767029
16,126,0.8236671090126038
16,127,0.9209604859352112
16,128,0.8749265074729919
16,129,0.9400627613067627
16,130,0.8139029741287231
16,131,0.0728917196393013
16,132,0.8800469040870667
16,133,0.8588305115699768
16,134,0.9446632862091064
17,1,0.05747927352786064
17,2,0.464045912027359
17,3,0.8550145626068115
17,4,0.05715130269527435
17,5,0.0637284368276596
17,6,0.08959265798330307
17,7,0.42664089798927307
17,8,0.05100841820240021
17,9,0.47746068239212036
17,10,0.48467233777046204
17,11,0.48827338218688965
17,12,0.4733104109764099
17,13,0.4523462951183319
17,14,0.46158716082572937
17,15,0.4751110374927521
17,16,0.07258404791355133
17,17,0.5
17,18,0.3511514663696289
17,19,0.17186225950717926
17,20,0.4878492057323456
17,21,0.1562371551990509
17,22,0.4774523675441742
17,23,0.853568971157074
17,24,0.049915067851543427
17,25,0.07013377547264099
17,26,0.5550366640090942
17,27,0.48430147767066956
17,28,0.05347530543804169
17,29,0.4828508794307709
17,30,0.049730874598026276
17,31,0.056657928973436356
17,32,0.4866538941860199
17,33,0.4886564016342163
17,34,0.48342961072921753
17,35,0.45307379961013794
17,36,0.5265308618545532
17,37,0.48012831807136536
17,38,0.4667697250843048
17,39,0.4109284579753876
17,40,0.05357297882437706
17,41,0.49850571155548096
17,42,0.7803975343704224
17,43,0.11702151596546173
17,44,0.8491250872612
17,45,0.12926138937473297
17,46,0.4680156707763672
17,47,0.6578200459480286
17,48,0.4799802303314209
17,49,0.4812931716442108
17,50,0.47716909646987915
17,51,0.08929646015167236
17,52,0.4840623140335083
17,53,0.4696708023548126
17,54,0.48335686326026917
17,55,0.4797413647174835
17,56,0.4759911000728607
17,57,0.4699506461620331
17,58,0.4802594482898712
17,59,0.4849332571029663
17,60,0.5342320203781128
17,61,0.48538029193878174
17,62,0.4819449782371521
17,63,0.48663362860679626
17,64,0.5036864280700684
17,65,0.472201406955719
17,66,0.47971487045288086
17,67,0.47839048504829407
17,68,0.05244828015565872
17,69,0.05331141874194145
17,70,0.1201762780547142
17,71,0.4561346471309662
17,72,0.1892605572938919
17,73,0.1751089096069336
17,74,0.4849033057689667
17,75,0.4699985682964325
17,76,0.39510679244995117
17,77,0.5137665271759033
17,78,0.5122897028923035
17,79,0.13665790855884552
17,80,0.04742587357759476
17,81,0.484649658203125
17,82,0.439345121383667
17,83,0.20787063241004944
17,84,0.48537927865982056
17,85,0.47970670461654663
17,86,0.4868873357772827
17,87,0.47453513741493225
17,88,0.48160767555236816
17,89,0.050954364240169525
17,90,0.4878423810005188
17,91,0.847226083278656
17,92,0.15691529214382172
17,93,0.4446309804916382
17,94,0.27380743622779846
17,95,0.20182640850543976
17,96,0.05757926404476166
17,97,0.4771789312362671
17,98,0.49037259817123413
17,99,0.4004405438899994
17,100,0.5138607621192932
17,101,0.21342097222805023
17,102,0.47256675362586975
17,103,0.48426803946495056
17,104,0.48642605543136597
17,105,0.18134425580501556
17,106,0.204560324549675
17,107,0.4734201431274414
17,108,0.4824671447277069
17,109,0.4702385365962982
17,110,0.05577908828854561
17,111,0.8268589973449707
17,112,0.44376909732818604
17,113,0.40907037258148193
17,114,0.48569369316101074
17,115,0.0649806335568428
17,116,0.06895371526479721
17,117,0.47547438740730286
17,118,0.4568500220775604
17,119,0.8542913794517517
17,120,0.46302422881126404
17,121,0.3120233118534088
17,122,0.47991329431533813
17,123,0.46872299909591675
17,124,0.4564291536808014
17,125,0.4823383092880249
17,126,0.1521381139755249
17,127,0.47815608978271484
17,128,0.3781055212020874
17,129,0.4846312999725342
17,130,0.1814529299736023
17,131,0.20336492359638214
17,132,0.8418708443641663
17,133,0.326367050409317
17,134,0.4875182807445526
18,1,0.07451420277357101
18,2,0.6433582901954651
18,3,0.7905809879302979
18,4,0.06990014761686325
18,5,0.08766937255859375
18,6,0.10463663935661316
18,7,0.6500627994537354
18,8,0.060137148946523666
18,9,0.6914648413658142
18,10,0.6910505890846252
18,11,0.6235608458518982
18,12,0.613003134727478
18,13,0.6873423457145691
18,14,0.5731742978096008
18,15,0.713782787322998
18,16,0.08995560556650162
18,17,0.7014232277870178
18,18,0.5
18,19,0.2605164349079132
18,20,0.6801055073738098
18,21,0.2454453408718109
18,22,0.5715667009353638
18,23,0.9414560794830322
18,24,0.051889993250370026
18,25,0.08679119497537613
18,26,0.750550389289856
18,27,0.6934036612510681
18,28,0.05997515097260475
18,29,0.6726341247558594
18,30,0.06644958257675171
18,31,0.04742587357759476
18,32,0.7192026376724243
18,33,0.6147574782371521
18,34,0.6757485270500183
18,35,0.6357520222663879
18,36,0.762755274772644
18,37,0.7140406966209412
18,38,0.6597940325737
18,39,0.5861844420433044
18,40,0.06557206809520721
18,41,0.7302246689796448
18,42,0.910197913646698
18,43,0.18611668050289154
18,44,0.9384196996688843
18,45,0.1629468947649002
18,46,0.6647584438323975
18,47,0.8170874714851379
18,48,0.6736814975738525
18,49,0.664736807346344
18,50,0.7171639800071716
18,51,0.15790867805480957
18,52,0.7160789966583252
18,53,0.617560863494873
18,54,0.6749836802482605
18,55,0.686383068561554
18,56,0.6314371228218079
18,57,0.589385986328125
18,58,0.6766068339347839
18,59,0.7229782342910767
18,60,0.7264119982719421
18,61,0.6742350459098816
18,62,0.6605690717697144
18,63,0.677320122718811
18,64,0.6979300379753113
18,65,0.6587934494018555
18,66,0.6670724153518677
18,67,0.6347061395645142
18,68,0.05577406659722328
18,69,0.07007913291454315
18,70,0.18412040174007416
18,71,0.6276130080223083
18,72,0.321956604719162
18,73,0.2714937627315521
18,74,0.6429237127304077
18,75,0.6377095580101013
18,76,0.44038626551628113
18,77,0.7026013731956482
18,78,0.6597574949264526
18,79,0.17918023467063904
18,80,0.05557670444250107
18,81,0.6313813328742981
18,82,0.618053674697876
18,83,0.41026002168655396
18,84,0.639327347278595
18,85,0.6927995085716248
18,86,0.716918408870697
18,87,0.6343140006065369
18,88,0.6650097370147705
18,89,0.06374276429414749
18,90,0.626666247844696
18,91,0.9220626354217529
18,92,0.21838508546352386
18,93,0.6628490686416626
18,94,0.5195547342300415
18,95,0.3154778778553009
18,96,0.06815508753061295
18,97,0.7090984582901001
18,98,0.6691356897354126
18,99,0.5813195109367371
18,100,0.7127546072006226
18,101,0.32557761669158936
18,102,0.6610479950904846
18,103,0.7201104760169983
18,104,0.7187901735305786
18,105,0.260737806558609
18,106,0.32829418778419495
18,107,0.65516597032547
18,108,0.6807518601417542
18,109,0.6548599004745483
18,110,0.06283393502235413
18,111,0.9245495200157166
18,112,0.6779547333717346
18,113,0.5988063216209412
18,114,0.6680021286010742
18,115,0.05738067254424095
18,116,0.08560439199209213
18,117,0.6032108068466187
18,118,0.6386796236038208
18,119,0.9463195204734802
18,120,0.6635237336158752
18,121,0.4708906412124634
18,122,0.6645198464393616
18,123,0.628441333770752
18,124,0.6481348872184753
18,125,0.6720686554908752
18,126,0.24968133866786957
18,127,0.6713547110557556
18,128,0.5926519632339478
18,129,0.6922232508659363
18,130,0.2979053258895874
18,131,0.12047655135393143
18,132,0.9187203049659729
18,133,0.49587345123291016
18,134,0.7272486686706543
19,1,0.25412899255752563
19,2,0.777433454990387
19,3,0.5493700504302979
19,4,0.1431441307067871
19,5,0.20024770498275757
19,6,0.34836089611053467
19,7,0.75823575258255
19,8,0.12774163484573364
19,9,0.8180297017097473
19,10,0.8098979592323303
19,11,0.8018738627433777
19,12,0.8151191473007202
19,13,0.7746534943580627
19,14,0.8079879283905029
19,15,0.7689898014068604
19,16,0.18484674394130707
19,17,0.8355113863945007
19,18,0.6846311688423157
19,19,0.5
19,20,0.8030102252960205
19,21,0.4932352602481842
19,22,0.7979005575180054
19,23,0.915271520614624
19,24,0.1479659527540207
19,25,0.14843688905239105
19,26,0.8426591753959656
19,27,0.8268793821334839
19,28,0.16534163057804108
19,29,0.8132484555244446
19,30,0.15448200702667236
19,31,0.1293572038412094
19,32,0.7940359115600586
19,33,0.8259272575378418
19,34,0.8195153474807739
19,35,0.7794954180717468
19,36,0.8217577338218689
19,37,0.7925412058830261
19,38,0.8118081092834473
19,39,0.7598666548728943
19,40,0.17645861208438873
19,41,0.8324888348579407
19,42,0.9277254939079285
19,43,0.4274674654006958
19,44,0.9325551986694336
19,45,0.3973458409309387
19,46,0.789417028427124
19,47,0.8750982880592346
19,48,0.8227397203445435
19,49,0.7950553894042969
19,50,0.8004748225212097
19,51,0.17868174612522125
19,52,0.8108623623847961
19,53,0.8163425326347351
19,54,0.7922598123550415
19,55,0.8138992190361023
19,56,0.798110842704773
19,57,0.8118626475334167
19,58,0.8209899067878723
19,59,0.8265649676322937
19,60,0.8139249682426453
19,61,0.8226590752601624
19,62,0.8214893341064453
19,63,0.8229761123657227
19,64,0.8378335237503052
19,65,0.8137333393096924
19,66,0.7925386428833008
19,67,0.7650314569473267
19,68,0.1498764008283615
19,69,0.15141408145427704
19,70,0.37547504901885986
19,71,0.8066405653953552
19,72,0.5255866646766663
19,73,0.4494926333427429
19,74,0.7963951230049133
19,75,0.7916671633720398
19,76,0.6686378717422485
19,77,0.8364125490188599
19,78,0.8405765891075134
19,79,0.4149448573589325
19,80,0.14598479866981506
19,81,0.8142935633659363
19,82,0.7847453951835632
19,83,0.33622515201568604
19,84,0.8241587281227112
19,85,0.8230372667312622
19,86,0.8245298862457275
19,87,0.7890630960464478
19,88,0.823756992816925
19,89,0.1467467099428177
19,90,0.8233258128166199
19,91,0.8929829597473145
19,92,0.4721473455429077
19,93,0.7374247908592224
19,94,0.5479841232299805
19,95,0.45840680599212646
19,96,0.1666315495967865
19,97,0.7921620011329651
19,98,0.7990725636482239
19,99,0.7548352479934692
19,100,0.8185892701148987
19,101,0.5728250741958618
19,102,0.8140461444854736
19,103,0.7699682116508484
19,104,0.7888835072517395
19,105,0.5507086515426636
19,106,0.46352794766426086
19,107,0.8136849999427795
19,108,0.7604278326034546
19,109,0.7900083661079407
19,110,0.17062145471572876
19,111,0.9120086431503296
19,112,0.790919840335846
19,113,0.7692305445671082
19,114,0.824035108089447
19,115,0.20463155210018158
19,116,0.1569366455078125
19,117,0.7886809706687927
19,118,0.7826592326164246
19,119,0.9293982982635498
19,120,0.7954978346824646
19,121,0.6888664364814758
19,122,0.8204848766326904
19,123,0.7909659147262573
19,124,0.7787730693817139
19,125,0.7920169830322266
19,126,0.5045680999755859
19,127,0.8133357167243958
19,128,0.6513680219650269
19,129,0.8026657700538635
19,130,0.5050101280212402
19,131,0.04742587357759476
19,132,0.9328674077987671
19,133,0.6601632237434387
19,134,0.8125690817832947
20,1,0.06777624785900116
20,2,0.46918660402297974
20,3,0.852403461933136
20,4,0.06107392534613609
20,5,0.0723966583609581
20,6,0.114053875207901
20,7,0.4310857057571411
20,8,0.05095730721950531
20,9,0.4885044991970062
20,10,0.4971449375152588
20,11,0.5011746287345886
20,12,0.48586517572402954
20,13,0.4629119038581848
20,14,0.4736756384372711
20,15,0.48617324233055115
20,16,0.08033710718154907
20,17,0.5132802128791809
20,18,0.35602954030036926
20,19,0.18451255559921265
20,20,0.5
20,21,0.16386297345161438
20,22,0.48965024948120117
20,23,0.8783696889877319
20,24,0.057842057198286057
20,25,0.06272689998149872
20,26,0.5727421045303345
20,27,0.4959864616394043
20,28,0.05468529090285301
20,29,0.49367764592170715
20,30,0.05262172222137451
20,31,0.05324220284819603
20,32,0.49985572695732117
20,33,0.5004342794418335
20,34,0.49846941232681274
20,35,0.4661826491355896
20,36,0.5424273610115051
20,37,0.49104222655296326
20,38,0.4793425500392914
20,39,0.40866023302078247
20,40,0.06183211877942085
20,41,0.5118400454521179
20,42,0.8075726628303528
20,43,0.128021240234375
20,44,0.8736637234687805
20,45,0.1325426548719406
20,46,0.4817083477973938
20,47,0.6827247738838196
20,48,0.49221721291542053
20,49,0.492048442363739
20,50,0.48870643973350525
20,51,0.09446744620800018
20,52,0.49609145522117615
20,53,0.4850873649120331
20,54,0.4959604740142822
20,55,0.493073433637619
20,56,0.48889580368995667
20,57,0.4810047149658203
20,58,0.4911327362060547
20,59,0.4989359378814697
20,60,0.5500332117080688
20,61,0.4962998032569885
20,62,0.49426382780075073
20,63,0.4995722770690918
20,64,0.517367959022522
20,65,0.48214054107666016
20,66,0.4907345175743103
20,67,0.4900069832801819
20,68,0.06023269146680832
20,69,0.05867403373122215
20,70,0.130671888589859
20,71,0.4648967981338501
20,72,0.21041861176490784
20,73,0.18112333118915558
20,74,0.49448806047439575
20,75,0.47851133346557617
20,76,0.36169129610061646
20,77,0.5279103517532349
20,78,0.5266216397285461
20,79,0.13689067959785461
20,80,0.05397459492087364
20,81,0.4959317445755005
20,82,0.44688448309898376
20,83,0.21230842173099518
20,84,0.4959977865219116
20,85,0.4900836646556854
20,86,0.4984409809112549
20,87,0.48672664165496826
20,88,0.49362048506736755
20,89,0.047425881028175354
20,90,0.49855756759643555
20,91,0.8664953112602234
20,92,0.17673130333423615
20,93,0.45240774750709534
20,94,0.2668265700340271
20,95,0.22044162452220917
20,96,0.06361212581396103
20,97,0.4889164865016937
20,98,0.5005663633346558
20,99,0.40412306785583496
20,100,0.5308899879455566
20,101,0.22857576608657837
20,102,0.48329582810401917
20,103,0.497048556804657
20,104,0.5020919442176819
20,105,0.19787292182445526
20,106,0.1972559541463852
20,107,0.484343022108078
20,108,0.4906957745552063
20,109,0.48078373074531555
20,110,0.0624048225581646
20,111,0.8526686429977417
20,112,0.4539623260498047
20,113,0.42610740661621094
20,114,0.49671050906181335
20,115,0.07117461413145065
20,116,0.07445816695690155
20,117,0.4861800968647003
20,118,0.46746620535850525
20,119,0.889899730682373
20,120,0.47266772389411926
20,121,0.3159167766571045
20,122,0.4907357692718506
20,123,0.48105674982070923
20,124,0.4750162363052368
20,125,0.49276450276374817
20,126,0.16594642400741577
20,127,0.48779886960983276
20,128,0.4043371081352234
20,129,0.4968826174736023
20,130,0.20030085742473602
20,131,0.17618609964847565
20,132,0.8663590550422668
20,133,0.3244435489177704
20,134,0.4988679885864258
21,1,0.2356470823287964
21,2,0.8083165884017944
21,3,0.5205202102661133
21,4,0.15909065306186676
21,5,0.18210138380527496
21,6,0.3169625401496887
21,7,0.7723201513290405
21,8,0.14576910436153412
21,9,0.8250556588172913
21,10,0.8224369287490845
21,11,0.8315680027008057
21,12,0.8269782066345215
21,13,0.8099362254142761
21,14,0.8198327422142029
21,15,0.8047403693199158
21,16,0.18228916823863983
21,17,0.8447932600975037
21,18,0.6923415064811707
21,19,0.5065757036209106
21,20,0.8172808885574341
21,21,0.5
21,22,0.7973822355270386
21,23,0.9256125688552856
21,24,0.1519518494606018
21,25,0.1613963395357132
21,26,0.8670738339424133
21,27,0.8363496661186218
21,28,0.15882207453250885
21,29,0.8321938514709473
21,30,0.15115927159786224
21,31,0.14355194568634033
21,32,0.8106184601783752
21,33,0.836220920085907
21,34,0.8342928886413574
21,35,0.8079198002815247
21,36,0.8413249850273132
21,37,0.79595947265625
21,38,0.8119813799858093
21,39,0.7745935320854187
21,40,0.16056311130523682
21,41,0.8329098224639893
21,42,0.9364001750946045
21,43,0.41539570689201355
21,44,0.9270087480545044
21,45,0.42587602138519287
21,46,0.820297360420227
21,47,0.8960045576095581
21,48,0.8323192000389099
21,49,0.7971906065940857
21,50,0.8049665689468384
21,51,0.20226454734802246
21,52,0.8324089050292969
21,53,0.8233904242515564
21,54,0.8240408897399902
21,55,0.8295648694038391
21,56,0.8259195685386658
21,57,0.8226388692855835
21,58,0.820692777633667
21,59,0.8365070223808289
21,60,0.8443408012390137
21,61,0.8319572806358337
21,62,0.8308819532394409
21,63,0.8232026696205139
21,64,0.8463195562362671
21,65,0.8258912563323975
21,66,0.8161502480506897
21,67,0.7836325764656067
21,68,0.15520358085632324
21,69,0.15106691420078278
21,70,0.372008740901947
21,71,0.8189867734909058
21,72,0.5287051796913147
21,73,0.5121186971664429
21,74,0.8043243885040283
21,75,0.8064695000648499
21,76,0.6737334132194519
21,77,0.8486167788505554
21,78,0.8481332063674927
21,79,0.4436545670032501
21,80,0.1525733917951584
21,81,0.833066999912262
21,82,0.7971033453941345
21,83,0.35140907764434814
21,84,0.8343181610107422
21,85,0.8325679302215576
21,86,0.8253169655799866
21,87,0.8156753778457642
21,88,0.8311306238174438
21,89,0.1428283154964447
21,90,0.8266368508338928
21,91,0.8850491046905518
21,92,0.48670247197151184
21,93,0.7574092149734497
21,94,0.5302854180335999
21,95,0.5067888498306274
21,96,0.1757378727197647
21,97,0.8104575276374817
21,98,0.8137465715408325
21,99,0.7779010534286499
21,100,0.84571772813797
21,101,0.59378981590271
21,102,0.8270710110664368
21,103,0.7985456585884094
21,104,0.815100908279419
21,105,0.5440967679023743
21,106,0.5080848932266235
21,107,0.8147847056388855
21,108,0.7730653882026672
21,109,0.8142120838165283
21,110,0.16057971119880676
21,111,0.9155189394950867
21,112,0.7927102446556091
21,113,0.7704203724861145
21,114,0.8339859843254089
21,115,0.21927402913570404
21,116,0.16379599273204803
21,117,0.8216803073883057
21,118,0.8142157196998596
21,119,0.9261466860771179
21,120,0.8202475905418396
21,121,0.7042493224143982
21,122,0.8304868340492249
21,123,0.822242796421051
21,124,0.8119654059410095
21,125,0.7914223670959473
21,126,0.48992010951042175
21,127,0.8137797713279724
21,128,0.6712918877601624
21,129,0.8316848278045654
21,130,0.5376871824264526
21,131,0.04742587357759476
21,132,0.93485027551651
21,133,0.6643852591514587
21,134,0.8292818665504456
22,1,0.05268998071551323
22,2,0.4125351309776306
22,3,0.8621801733970642
22,4,0.08076541125774384
22,5,0.0586024709045887
22,6,0.08094950020313263
22,7,0.40549972653388977
22,8,0.06366429477930069
22,9,0.46413731575012207
22,10,0.5333525538444519
22,11,0.5449157953262329
22,12,0.48372718691825867
22,13,0.45558682084083557
22,14,0.5066229701042175
22,15,0.5076701045036316
22,16,0.07618551701307297
22,17,0.5303007364273071
22,18,0.4307926893234253
22,19,0.14349813759326935
22,20,0.5127312541007996
22,21,0.13781137764453888
22,22,0.5
22,23,0.90345299243927
22,24,0.06317766010761261
22,25,0.07759445160627365
22,26,0.5687944889068604
22,27,0.4844459593296051
22,28,0.04892315715551376
22,29,0.5142112970352173
22,30,0.06613857299089432
22,31,0.04742587357759476
22,32,0.4924502372741699
22,33,0.5237688422203064
22,34,0.48704949021339417
22,35,0.5390540957450867
22,36,0.5720266103744507
22,37,0.480074018239975
22,38,0.4596095681190491
22,39,0.39985886216163635
22,40,0.06220029294490814
22,41,0.5397568345069885
22,42,0.8275545835494995
22,43,0.1039220318198204
22,44,0.8978137373924255
22,45,0.10317922383546829
22,46,0.45593222975730896
22,47,0.7016964554786682
22,48,0.5140062570571899
22,49,0.584513247013092
22,50,0.518536388874054
22,51,0.14544764161109924
22,52,0.4891001880168915
22,53,0.5161651968955994
22,54,0.5183544754981995
22,55,0.4705911874771118
22,56,0.5240556597709656
22,57,0.5675939917564392
22,58,0.5108196139335632
22,59,0.49600833654403687
22,60,0.5999764204025269
22,61,0.478495717048645
22,62,0.5168138146400452
22,63,0.5172695517539978
22,64,0.5460648536682129
22,65,0.516896665096283
22,66,0.5299589037895203
22,67,0.5053848624229431
22,68,0.06059294939041138
22,69,0.05634014680981636
22,70,0.10763055086135864
22,71,0.49372610449790955
22,72,0.12679895758628845
22,73,0.18773747980594635
22,74,0.5966070890426636
22,75,0.45695409178733826
22,76,0.44064778089523315
22,77,0.5284226536750793
22,78,0.5279619097709656
22,79,0.11822886019945145
22,80,0.0629645586013794
22,81,0.5336704850196838
22,82,0.47222521901130676
22,83,0.38384655117988586
22,84,0.5422549247741699
22,85,0.5253013968467712
22,86,0.5242648124694824
22,87,0.4780571758747101
22,88,0.5014674067497253
22,89,0.054302193224430084
22,90,0.4903930723667145
22,91,0.8928328156471252
22,92,0.1304650902748108
22,93,0.5037530064582825
22,94,0.4968840479850769
22,95,0.1748904585838318
22,96,0.0743941143155098
22,97,0.5079939961433411
22,98,0.5092379450798035
22,99,0.44619020819664
22,100,0.5346332788467407
22,101,0.1856500506401062
22,102,0.5070896744728088
22,103,0.4853031039237976
22,104,0.5214899778366089
22,105,0.1845303773880005
22,106,0.3051632046699524
22,107,0.5164437890052795
22,108,0.5879766941070557
22,109,0.47026965022087097
22,110,0.05585494264960289
22,111,0.8864995241165161
22,112,0.46429315209388733
22,113,0.44707509875297546
22,114,0.5076883435249329
22,115,0.08534303307533264
22,116,0.1031554639339447
22,117,0.5739012360572815
22,118,0.4829740822315216
22,119,0.887381374835968
22,120,0.49099382758140564
22,121,0.33174383640289307
22,122,0.5689050555229187
22,123,0.45373013615608215
22,124,0.48058244585990906
22,125,0.5294650793075562
22,126,0.115293949842453
22,127,0.5127838253974915
22,128,0.3555106520652771
22,129,0.505665123462677
22,130,0.16620028018951416
22,131,0.15573467314243317
22,132,0.8919777870178223
22,133,0.2921217083930969
22,134,0.4815005958080292
23,1,0.10597460716962814
23,2,0.1406671553850174
23,3,0.9525741338729858
23,4,0.13440844416618347
23,5,0.12854337692260742
23,6,0.10280726104974747
23,7,0.09176822751760483
23,8,0.13566523790359497
23,9,0.1319362223148346
23,10,0.11636296659708023
23,11,0.11899099498987198
23,12,0.11431058496236801
23,13,0.12336378544569016
23,14,0.10790126770734787
23,15,0.11125250160694122
23,16,0.13262872397899628
23,17,0.12226203083992004
23,18,0.0968487560749054
23,19,0.07078714668750763
23,20,0.11684847623109818
23,21,0.056998539716005325
23,22,0.13474705815315247
23,23,0.5
23,24,0.1364159733057022
23,25,0.132217675447464
23,26,0.15176579356193542
23,27,0.1144944503903389
23,28,0.12646780908107758
23,29,0.11370696872472763
23,30,0.13331492245197296
23,31,0.134240061044693
23,32,0.11864962428808212
23,33,0.12109445035457611
23,34,0.13106703758239746
23,35,0.12266695499420166
23,36,0.13661594688892365
23,37,0.1346573531627655
23,38,0.13013821840286255
23,39,0.09613392502069473
23,40,0.13439126312732697
23,41,0.12280337512493134
23,42,0.36443209648132324
23,43,0.07465209811925888
23,44,0.48948580026626587
23,45,0.05952472984790802
23,46,0.11190292984247208
23,47,0.223751962184906
23,48,0.13265454769134521
23,49,0.13414089381694794
23,50,0.11399175971746445
23,51,0.13668403029441833
23,52,0.11598391085863113
23,53,0.13221387565135956
23,54,0.11805553734302521
23,55,0.11669307947158813
23,56,0.13342146575450897
23,57,0.11041725426912308
23,58,0.11307018250226974
23,59,0.1186576783657074
23,60,0.138975128531456
23,61,0.14018233120441437
23,62,0.11763713508844376
23,63,0.12045422941446304
23,64,0.12433656305074692
23,65,0.11313942819833755
23,66,0.11712566763162613
23,67,0.13336540758609772
23,68,0.13451814651489258
23,69,0.1374327689409256
23,70,0.07298514246940613
23,71,0.12148825079202652
23,72,0.09956958889961243
23,73,0.07060153037309647
23,74,0.1254585087299347
23,75,0.13149207830429077
23,76,0.11470300704240799
23,77,0.1489754468202591
23,78,0.12812136113643646
23,79,0.04794544354081154
23,80,0.13520556688308716
23,81,0.11596934497356415
23,82,0.1082092747092247
23,83,0.13320428133010864
23,84,0.11598323285579681
23,85,0.11408189684152603
23,86,0.11669375747442245
23,87,0.13210612535476685
23,88,0.11667830497026443
23,89,0.1340571641921997
23,90,0.11960820853710175
23,91,0.5240654945373535
23,92,0.0753190666437149
23,93,0.11476662009954453
23,94,0.12455669045448303
23,95,0.12193439155817032
23,96,0.13222767412662506
23,97,0.13555163145065308
23,98,0.11804443597793579
23,99,0.08420262485742569
23,100,0.15453733503818512
23,101,0.07082884758710861
23,102,0.11093594878911972
23,103,0.11790254712104797
23,104,0.1262856423854828
23,105,0.07802009582519531
23,106,0.10407280921936035
23,107,0.11311314254999161
23,108,0.11501787602901459
23,109,0.10915262252092361
23,110,0.1318030059337616
23,111,0.4437079131603241
23,112,0.1143634095788002
23,113,0.12042974680662155
23,114,0.11611265689134598
23,115,0.13770081102848053
23,116,0.12792395055294037
23,117,0.1139429584145546
23,118,0.12370695173740387
23,119,0.530744731426239
23,120,0.10564541816711426
23,121,0.09469272196292877
23,122,0.11380017548799515
23,123,0.12880560755729675
23,124,0.1312757432460785
23,125,0.11873391270637512
23,126,0.09127731621265411
23,127,0.13455930352210999
23,128,0.14477522671222687
23,129,0.11664372682571411
23,130,0.08020162582397461
23,131,0.6098116040229797
23,132,0.4736577272415161
23,133,0.15358635783195496
23,134,0.1399623155593872
24,1,0.6245211958885193
24,2,0.9260797500610352
24,3,0.1468518078327179
24,4,0.5043303370475769
24,5,0.5843137502670288
24,6,0.6877970695495605
24,7,0.9259968996047974
24,8,0.5002243518829346
24,9,0.9497977495193481
24,10,0.9473943114280701
24,11,0.9035760760307312
24,12,0.9205237030982971
24,13,0.927116334438324
24,14,0.8924146890640259
24,15,0.9475027918815613
24,16,0.5464398264884949
24,17,0.9525741338729858
24,18,0.8934716582298279
24,19,0.8487426042556763
24,20,0.9308385252952576
24,21,0.8510240316390991
24,22,0.8851442933082581
24,23,0.8429691195487976
24,24,0.5
24,25,0.5112682580947876
24,26,0.9242170453071594
24,27,0.9437869787216187
24,28,0.5291993021965027
24,29,0.9492396116256714
24,30,0.5068320035934448
24,31,0.5030789375305176
24,32,0.9402616024017334
24,33,0.9214944243431091
24,34,0.931850016117096
24,35,0.9153162240982056
24,36,0.9435466527938843
24,37,0.9374042749404907
24,38,0.9292709827423096
24,39,0.9281631708145142
24,40,0.5062354207038879
24,41,0.9514787793159485
24,42,0.8990043997764587
24,43,0.8121381998062134
24,44,0.848513662815094
24,45,0.8191877007484436
24,46,0.9188767671585083
24,47,0.9304696321487427
24,48,0.9363796710968018
24,49,0.9159976840019226
24,50,0.9317471385002136
24,51,0.5791060924530029
24,52,0.9368813633918762
24,53,0.9217720031738281
24,54,0.9037107229232788
24,55,0.9286142587661743
24,56,0.9203450083732605
24,57,0.9250949025154114
24,58,0.9386565089225769
24,59,0.9357088208198547
24,60,0.9245476126670837
24,61,0.9234442114830017
24,62,0.911379337310791
24,63,0.9349587559700012
24,64,0.9373403787612915
24,65,0.9360426068305969
24,66,0.9312929511070251
24,67,0.8849210143089294
24,68,0.5034986138343811
24,69,0.5048311352729797
24,70,0.7827669382095337
24,71,0.9359484314918518
24,72,0.8308759331703186
24,73,0.8262876868247986
24,74,0.8887746334075928
24,75,0.9276980757713318
24,76,0.8846275210380554
24,77,0.9321383833885193
24,78,0.9235184192657471
24,79,0.8322415947914124
24,80,0.5009134411811829
24,81,0.9142391085624695
24,82,0.928751528263092
24,83,0.681396484375
24,84,0.9127029180526733
24,85,0.9477612376213074
24,86,0.9464983940124512
24,87,0.9306803345680237
24,88,0.9376881718635559
24,89,0.5017207264900208
24,90,0.9255127906799316
24,91,0.8280503749847412
24,92,0.8276779055595398
24,93,0.8924845457077026
24,94,0.8259745836257935
24,95,0.8000022172927856
24,96,0.5104764699935913
24,97,0.9272115230560303
24,98,0.9179799556732178
24,99,0.9275562167167664
24,100,0.9268356561660767
24,101,0.8589968085289001
24,102,0.9466383457183838
24,103,0.9092900156974792
24,104,0.9217642545700073
24,105,0.8191236257553101
24,106,0.7809798717498779
24,107,0.9308878183364868
24,108,0.9187930226325989
24,109,0.9115294814109802
24,110,0.5123510360717773
24,111,0.8661511540412903
24,112,0.9236753582954407
24,113,0.8983370661735535
24,114,0.9169577360153198
24,115,0.5451037287712097
24,116,0.5179266929626465
24,117,0.9051515460014343
24,118,0.9048636555671692
24,119,0.8286668062210083
24,120,0.9301465749740601
24,121,0.9027351140975952
24,122,0.9112671613693237
24,123,0.9182206988334656
24,124,0.9152347445487976
24,125,0.9170585870742798
24,126,0.8451221585273743
24,127,0.9301891922950745
24,128,0.8758074641227722
24,129,0.9268052577972412
24,130,0.8292659521102905
24,131,0.12751036882400513
24,132,0.8554974794387817
24,133,0.8515955805778503
24,134,0.9436551928520203
25,1,0.6190046072006226
25,2,0.9410349726676941
25,3,0.1353495717048645
25,4,0.4929729998111725
25,5,0.5521257519721985
25,6,0.6924459338188171
25,7,0.9321388006210327
25,8,0.4882678687572479
25,9,0.9525741338729858
25,10,0.9367393851280212
25,11,0.9091981053352356
25,12,0.9165334105491638
25,13,0.9222564101219177
25,14,0.8936982154846191
25,15,0.9426678419113159
25,16,0.546485960483551
25,17,0.9458823800086975
25,18,0.8667728900909424
25,19,0.8665684461593628
25,20,0.9392674565315247
25,21,0.8600386381149292
25,22,0.8847189545631409
25,23,0.8655940890312195
25,24,0.4877510666847229
25,25,0.5
25,26,0.9155707955360413
25,27,0.9494068622589111
25,28,0.5172289609909058
25,29,0.946214497089386
25,30,0.49593865871429443
25,31,0.49117645621299744
25,32,0.9337446689605713
25,33,0.9149268865585327
25,34,0.9272102117538452
25,35,0.9043725728988647
25,36,0.9364367723464966
25,37,0.9227479100227356
25,38,0.9160903096199036
25,39,0.9230077266693115
25,40,0.49580371379852295
25,41,0.9443914294242859
25,42,0.9061302542686462
25,43,0.8218411207199097
25,44,0.8720583319664001
25,45,0.8245496153831482
25,46,0.9154884815216064
25,47,0.9236742258071899
25,48,0.9305171966552734
25,49,0.8956709504127502
25,50,0.9180837273597717
25,51,0.5505390763282776
25,52,0.9282496571540833
25,53,0.9050794243812561
25,54,0.9065886735916138
25,55,0.9206715822219849
25,56,0.9095354080200195
25,57,0.9138696789741516
25,58,0.9238836765289307
25,59,0.9428769946098328
25,60,0.9139429330825806
25,61,0.9185817837715149
25,62,0.9086870551109314
25,63,0.9248936772346497
25,64,0.9308221340179443
25,65,0.9281435608863831
25,66,0.9109598994255066
25,67,0.8720491528511047
25,68,0.4914115369319916
25,69,0.49492567777633667
25,70,0.7979491353034973
25,71,0.9312705993652344
25,72,0.8600480556488037
25,73,0.8355021476745605
25,74,0.8592609167098999
25,75,0.9236013293266296
25,76,0.8540332317352295
25,77,0.9245157837867737
25,78,0.9264218211174011
25,79,0.8426090478897095
25,80,0.48889368772506714
25,81,0.9117844104766846
25,82,0.9219089150428772
25,83,0.7167290449142456
25,84,0.9017964601516724
25,85,0.943406879901886
25,86,0.9388414025306702
25,87,0.9295675158500671
25,88,0.9299436807632446
25,89,0.48994144797325134
25,90,0.9121919274330139
25,91,0.8519138097763062
25,92,0.8469938039779663
25,93,0.8870099186897278
25,94,0.7972374558448792
25,95,0.8054524660110474
25,96,0.4990774095058441
25,97,0.927661657333374
25,98,0.9026962518692017
25,99,0.9191378355026245
25,100,0.9216444492340088
25,101,0.8791143298149109
25,102,0.9430649280548096
25,103,0.8931270241737366
25,104,0.9308084845542908
25,105,0.8276901245117188
25,106,0.7410715222358704
25,107,0.9301750659942627
25,108,0.9070550203323364
25,109,0.9100115299224854
25,110,0.5011640191078186
25,111,0.8746141791343689
25,112,0.9324106574058533
25,113,0.8672001957893372
25,114,0.9124513864517212
25,115,0.5378689169883728
25,116,0.5078301429748535
25,117,0.8913703560829163
25,118,0.9018937945365906
25,119,0.8519505262374878
25,120,0.9243372082710266
25,121,0.8980366587638855
25,122,0.9105077385902405
25,123,0.9097996950149536
25,124,0.910207211971283
25,125,0.9186350703239441
25,126,0.8445977568626404
25,127,0.9177299737930298
25,128,0.8857343792915344
25,129,0.9192255735397339
25,130,0.8393294215202332
25,131,0.10930242389440536
25,132,0.8762079477310181
25,133,0.8801395297050476
25,134,0.9421269297599792
26,1,0.05078848451375961
26,2,0.40083613991737366
26,3,0.9041825532913208
26,4,0.06968079507350922
26,5,0.05785488337278366
26,6,0.0878613218665123
26,7,0.3618658781051636
26,8,0.05827602371573448
26,9,0.4125119149684906
26,10,0.42143508791923523
26,11,0.42826420068740845
26,12,0.41055890917778015
26,13,0.38542425632476807
26,14,0.39721736311912537
26,15,0.4105624854564667
26,16,0.06844891607761383
26,17,0.4380118250846863
26,18,0.29051628708839417
26,19,0.1381419152021408
26,20,0.4249924123287201
26,21,0.10863737761974335
26,22,0.4422018826007843
26,23,0.8500829339027405
26,24,0.05899345129728317
26,25,0.08105717599391937
26,26,0.5
26,27,0.4208776354789734
26,28,0.04742587357759476
26,29,0.418928861618042
26,30,0.05890800803899765
26,31,0.054845020174980164
26,32,0.4226095974445343
26,33,0.42687758803367615
26,34,0.420693576335907
26,35,0.3935575485229492
26,36,0.4675136208534241
26,37,0.41722968220710754
26,38,0.4033758342266083
26,39,0.3294507563114166
26,40,0.05857706069946289
26,41,0.43633323907852173
26,42,0.7646212577819824
26,43,0.104193314909935
26,44,0.8439092636108398
26,45,0.10598890483379364
26,46,0.4031967222690582
26,47,0.619512677192688
26,48,0.4160604774951935
26,49,0.4168054461479187
26,50,0.41282185912132263
26,51,0.09763636440038681
26,52,0.4204922616481781
26,53,0.4096742570400238
26,54,0.42241165041923523
26,55,0.41612792015075684
26,56,0.4116780161857605
26,57,0.40728500485420227
26,58,0.4156545102596283
26,59,0.4211389124393463
26,60,0.4762897789478302
26,61,0.4237574636936188
26,62,0.41915127635002136
26,63,0.42306435108184814
26,64,0.4422627389431
26,65,0.4100327789783478
26,66,0.41830894351005554
26,67,0.41566547751426697
26,68,0.06070401892066002
26,69,0.05095711722970009
26,70,0.10981675982475281
26,71,0.3900643587112427
26,72,0.15752191841602325
26,73,0.12554143369197845
26,74,0.4252530634403229
26,75,0.403903067111969
26,76,0.32353475689888
26,77,0.45319172739982605
26,78,0.4517681300640106
26,79,0.10132391005754471
26,80,0.05611906200647354
26,81,0.4212076961994171
26,82,0.37566065788269043
26,83,0.20824772119522095
26,84,0.4232417345046997
26,85,0.41539260745048523
26,86,0.4232786297798157
26,87,0.410619854927063
26,88,0.41839921474456787
26,89,0.05700152367353439
26,90,0.4254808723926544
26,91,0.8616368174552917
26,92,0.13283830881118774
26,93,0.38132908940315247
26,94,0.24699336290359497
26,95,0.16786164045333862
26,96,0.06190559267997742
26,97,0.4114687144756317
26,98,0.427227258682251
26,99,0.33308011293411255
26,100,0.4554527997970581
26,101,0.1695169061422348
26,102,0.40878620743751526
26,103,0.4206201732158661
26,104,0.4241805374622345
26,105,0.16891981661319733
26,106,0.19916701316833496
26,107,0.4097435176372528
26,108,0.42049944400787354
26,109,0.40555495023727417
26,110,0.0561174675822258
26,111,0.8184657692909241
26,112,0.38146570324897766
26,113,0.3768826127052307
26,114,0.4216226637363434
26,115,0.07051762193441391
26,116,0.08158286660909653
26,117,0.4115053713321686
26,118,0.3917379081249237
26,119,0.8558740615844727
26,120,0.39812391996383667
26,121,0.2563532292842865
26,122,0.41730979084968567
26,123,0.40358418226242065
26,124,0.39186012744903564
26,125,0.4190179109573364
26,126,0.1164461225271225
26,127,0.4149840176105499
26,128,0.3082972466945648
26,129,0.42162173986434937
26,130,0.14292579889297485
26,131,0.21682991087436676
26,132,0.8363040685653687
26,133,0.26232579350471497
26,134,0.42532822489738464
27,1,0.063026063144207
27,2,0.4678117334842682
27,3,0.8533581495285034
27,4,0.06265178322792053
27,5,0.06773687899112701
27,6,0.09793216735124588
27,7,0.42181363701820374
27,8,0.051219988614320755
27,9,0.49208202958106995
27,10,0.5006117224693298
27,11,0.5048574805259705
27,12,0.48898419737815857
27,13,0.46694695949554443
27,14,0.4767068326473236
27,15,0.49051058292388916
27,16,0.07447601854801178
27,17,0.5161195397377014
27,18,0.3537936806678772
27,19,0.17457392811775208
27,20,0.5037705898284912
27,21,0.1587786078453064
27,22,0.5118798613548279
27,23,0.8674444556236267
27,24,0.054964590817689896
27,25,0.06180809065699577
27,26,0.5721587538719177
27,27,0.5
27,28,0.048738833516836166
27,29,0.4973059296607971
27,30,0.05347612500190735
27,31,0.05110062658786774
27,32,0.5016138553619385
27,33,0.5045847296714783
27,34,0.49984514713287354
27,35,0.4730234742164612
27,36,0.5435477495193481
27,37,0.4950013756752014
27,38,0.4821511209011078
27,39,0.41585129499435425
27,40,0.05929954722523689
27,41,0.514467716217041
27,42,0.7971109747886658
27,43,0.13025537133216858
27,44,0.8626753687858582
27,45,0.12417906522750854
27,46,0.4834522306919098
27,47,0.6762275099754333
27,48,0.49562713503837585
27,49,0.49546635150909424
27,50,0.4915362000465393
27,51,0.09734463691711426
27,52,0.49929574131965637
27,53,0.48624396324157715
27,54,0.499689519405365
27,55,0.49520906805992126
27,56,0.4910096228122711
27,57,0.48596346378326416
27,58,0.4953030049800873
27,59,0.5006315112113953
27,60,0.5507403612136841
27,61,0.5010546445846558
27,62,0.496630996465683
27,63,0.501595139503479
27,64,0.5196927189826965
27,65,0.488055557012558
27,66,0.4930107891559601
27,67,0.4793846309185028
27,68,0.056997038424015045
27,69,0.05457520857453346
27,70,0.12044606357812881
27,71,0.4709877371788025
27,72,0.1895236074924469
27,73,0.17953909933567047
27,74,0.4972771406173706
27,75,0.4828164279460907
27,76,0.36506015062332153
27,77,0.5298450589179993
27,78,0.528136670589447
27,79,0.1318627893924713
27,80,0.052201006561517715
27,81,0.49927660822868347
27,82,0.45472195744514465
27,83,0.2196383774280548
27,84,0.500944197177887
27,85,0.49434834718704224
27,86,0.5022329688072205
27,87,0.489702969789505
27,88,0.49704331159591675
27,89,0.04742587357759476
27,90,0.5012767910957336
27,91,0.8561767339706421
27,92,0.16860246658325195
27,93,0.4675736427307129
27,94,0.2899259924888611
27,95,0.2057088017463684
27,96,0.06078869849443436
27,97,0.49250006675720215
27,98,0.5019612908363342
27,99,0.41234272718429565
27,100,0.5312951803207397
27,101,0.21954993903636932
27,102,0.48722752928733826
27,103,0.4968896210193634
27,104,0.5022830367088318
27,105,0.18486107885837555
27,106,0.23077985644340515
27,107,0.4876420497894287
27,108,0.49768251180648804
27,109,0.48418959975242615
27,110,0.05844547599554062
27,111,0.8416122198104858
27,112,0.455308198928833
27,113,0.42159461975097656
27,114,0.5000194907188416
27,115,0.06482378393411636
27,116,0.07764918357133865
27,117,0.48885253071784973
27,118,0.4720761477947235
27,119,0.8688700199127197
27,120,0.4780266582965851
27,121,0.3204738199710846
27,122,0.4958111047744751
27,123,0.4839831590652466
27,124,0.47187337279319763
27,125,0.49728140234947205
27,126,0.15447267889976501
27,127,0.49351418018341064
27,128,0.38983577489852905
27,129,0.5004029273986816
27,130,0.1847766786813736
27,131,0.18743304908275604
27,132,0.8561922907829285
27,133,0.33881860971450806
27,134,0.503921389579773
28,1,0.5976846218109131
28,2,0.9259352087974548
28,3,0.16529478132724762
28,4,0.4740786850452423
28,5,0.5176055431365967
28,6,0.6605783700942993
28,7,0.9342055320739746
28,8,0.4705345928668976
28,9,0.9468545913696289
28,10,0.9372369647026062
28,11,0.9057072401046753
28,12,0.9280364513397217
28,13,0.9249975681304932
28,14,0.9089293479919434
28,15,0.9417659640312195
28,16,0.5160686373710632
28,17,0.9480234384536743
28,18,0.8806911706924438
28,19,0.8296080231666565
28,20,0.9330606460571289
28,21,0.8424585461616516
28,22,0.9029042720794678
28,23,0.8514953851699829
28,24,0.47102412581443787
28,25,0.48427149653434753
28,26,0.9363408088684082
28,27,0.9490141868591309
28,28,0.5
28,29,0.9505506753921509
28,30,0.4773027300834656
28,31,0.47373080253601074
28,32,0.9447465538978577
28,33,0.9289861917495728
28,34,0.9352130889892578
28,35,0.913877010345459
28,36,0.9327284693717957
28,37,0.9239535927772522
28,38,0.923185408115387
28,39,0.9271891713142395
28,40,0.48038578033447266
28,41,0.943289041519165
28,42,0.8995451927185059
28,43,0.7916991710662842
28,44,0.849798321723938
28,45,0.799355149269104
28,46,0.9189549088478088
28,47,0.9398267865180969
28,48,0.9357821941375732
28,49,0.9086520075798035
28,50,0.9164709448814392
28,51,0.5110476016998291
28,52,0.9371491074562073
28,53,0.92038893699646
28,54,0.9029397964477539
28,55,0.9227705597877502
28,56,0.9207450747489929
28,57,0.9282223582267761
28,58,0.925155520439148
28,59,0.939043402671814
28,60,0.9281675815582275
28,61,0.9234471917152405
28,62,0.9257298111915588
28,63,0.9265161752700806
28,64,0.9454208612442017
28,65,0.9352495074272156
28,66,0.9212477803230286
28,67,0.8932557702064514
28,68,0.47869443893432617
28,69,0.4751192629337311
28,70,0.7602149844169617
28,71,0.9338452816009521
28,72,0.8308234214782715
28,73,0.8073194026947021
28,74,0.8905953168869019
28,75,0.9334837794303894
28,76,0.8658772706985474
28,77,0.9345769882202148
28,78,0.9371585249900818
28,79,0.8127187490463257
28,80,0.4714261591434479
28,81,0.932562530040741
28,82,0.9221609830856323
28,83,0.6526632308959961
28,84,0.9248595833778381
28,85,0.9525741338729858
28,86,0.9384748339653015
28,87,0.9314111471176147
28,88,0.9330536723136902
28,89,0.4722278416156769
28,90,0.916506826877594
28,91,0.834559977054596
28,92,0.8156191110610962
28,93,0.8868270516395569
28,94,0.8138899803161621
28,95,0.7915674448013306
28,96,0.4821155369281769
28,97,0.9244658946990967
28,98,0.9134944081306458
28,99,0.9223946332931519
28,100,0.9316822290420532
28,101,0.859104573726654
28,102,0.9442144632339478
28,103,0.9141753315925598
28,104,0.9133932590484619
28,105,0.7986524701118469
28,106,0.7903218865394592
28,107,0.9262202978134155
28,108,0.9070810079574585
28,109,0.9211450219154358
28,110,0.4883393943309784
28,111,0.8680972456932068
28,112,0.916073203086853
28,113,0.8876844048500061
28,114,0.9239330291748047
28,115,0.5354002714157104
28,116,0.4888654351234436
28,117,0.910118043422699
28,118,0.9091851711273193
28,119,0.837396502494812
28,120,0.9361832141876221
28,121,0.8926104307174683
28,122,0.9196512699127197
28,123,0.9271603226661682
28,124,0.9122960567474365
28,125,0.9040712118148804
28,126,0.8258731365203857
28,127,0.9227760434150696
28,128,0.8710207939147949
28,129,0.9267222285270691
28,130,0.8158695697784424
28,131,0.1049959734082222
28,132,0.863345742225647
28,133,0.8451718091964722
28,134,0.9405542612075806
29,1,0.06429926306009293
29,2,0.48039838671684265
29,3,0.8505339622497559
29,4,0.056219760328531265
29,5,0.06540987640619278
29,6,0.09451112151145935
29,7,0.44146469235420227
29,8,0.04742587357759476
29,9,0.49422788619995117
29,10,0.5024076700210571
29,11,0.5082369446754456
29,12,0.49318835139274597
29,13,0.46803829073905945
29,14,0.4808964133262634
29,15,0.4922564923763275
29,16,0.06647498160600662
29,17,0.5175827741622925
29,18,0.3703348636627197
29,19,0.18853476643562317
29,20,0.5059308409690857
29,21,0.16325803101062775
29,22,0.48916205763816833
29,23,0.8679433465003967
29,24,0.049791526049375534
29,25,0.06561565399169922
29,26,0.5738328695297241
29,27,0.5026901364326477
29,28,0.04744499549269676
29,29,0.5
29,30,0.04746900871396065
29,31,0.05052301287651062
29,32,0.5038259029388428
29,33,0.508018434047699
29,34,0.5024529695510864
29,35,0.47690895199775696
29,36,0.5457791686058044
29,37,0.49777594208717346
29,38,0.48470598459243774
29,39,0.41793206334114075
29,40,0.05319788679480553
29,41,0.5164646506309509
29,42,0.7978943586349487
29,43,0.12507133185863495
29,44,0.8633968830108643
29,45,0.1320081651210785
29,46,0.48582887649536133
29,47,0.6774947643280029
29,48,0.4978141188621521
29,49,0.498318612575531
29,50,0.49368834495544434
29,51,0.09136710315942764
29,52,0.5014551877975464
29,53,0.4887923300266266
29,54,0.5022600293159485
29,55,0.49773213267326355
29,56,0.49298933148384094
29,57,0.48826003074645996
29,58,0.4975734055042267
29,59,0.5025010108947754
29,60,0.5528867840766907
29,61,0.5030821561813354
29,62,0.49834632873535156
29,63,0.5028378367424011
29,64,0.5214689373970032
29,65,0.48984310030937195
29,66,0.4982105493545532
29,67,0.4991268813610077
29,68,0.05279643088579178
29,69,0.048149097710847855
29,70,0.128372460603714
29,71,0.47290998697280884
29,72,0.20072121918201447
29,73,0.1834709346294403
29,74,0.5022403597831726
29,75,0.4863232374191284
29,76,0.4150746166706085
29,77,0.5319804549217224
29,78,0.5305706262588501
29,79,0.13978177309036255
29,80,0.04757686331868172
29,81,0.5022539496421814
29,82,0.4562433660030365
29,83,0.2426527440547943
29,84,0.5050598978996277
29,85,0.4968896806240082
29,86,0.5045907497406006
29,87,0.49384573101997375
29,88,0.49960964918136597
29,89,0.04780641943216324
29,90,0.5054402947425842
29,91,0.8772422671318054
29,92,0.17580001056194305
29,93,0.46485769748687744
29,94,0.29554232954978943
29,95,0.22000399231910706
29,96,0.05433974415063858
29,97,0.49410906434059143
29,98,0.5097079873085022
29,99,0.41597557067871094
29,100,0.5330606698989868
29,101,0.22934071719646454
29,102,0.48913800716400146
29,103,0.5025582909584045
29,104,0.504170298576355
29,105,0.19827958941459656
29,106,0.2230200171470642
29,107,0.49155446887016296
29,108,0.5002727508544922
29,109,0.48720353841781616
29,110,0.055600106716156006
29,111,0.842315137386322
29,112,0.4606798589229584
29,113,0.43925055861473083
29,114,0.5034103393554688
29,115,0.07034233212471008
29,116,0.07163318991661072
29,117,0.4934273958206177
29,118,0.4750969409942627
29,119,0.8793221116065979
29,120,0.4798608124256134
29,121,0.330684095621109
29,122,0.4986289441585541
29,123,0.48625046014785767
29,124,0.47435152530670166
29,125,0.5001963973045349
29,126,0.1641063690185547
29,127,0.49567416310310364
29,128,0.39250150322914124
29,129,0.5022937655448914
29,130,0.19573648273944855
29,131,0.1866263449192047
29,132,0.8565896153450012
29,133,0.34160295128822327
29,134,0.505973219871521
30,1,0.6165099143981934
30,2,0.9344950914382935
30,3,0.15184380114078522
30,4,0.4966503977775574
30,5,0.5501671433448792
30,6,0.6805265545845032
30,7,0.9299665689468384
30,8,0.49451252818107605
30,9,0.9502594470977783
30,10,0.9446465969085693
30,11,0.9049922823905945
30,12,0.9203028082847595
30,13,0.9311040639877319
30,14,0.8959953784942627
30,15,0.9476941823959351
30,16,0.5423199534416199
30,17,0.9525741338729858
30,18,0.8734472990036011
30,19,0.8419145345687866
30,20,0.9363957643508911
30,21,0.8515229225158691
30,22,0.8810433149337769
30,23,0.8458536267280579
30,24,0.49317702651023865
30,25,0.5037311315536499
30,26,0.9240831732749939
30,27,0.9451000690460205
30,28,0.522842288017273
30,29,0.951407790184021
30,30,0.5
30,31,0.49636849761009216
30,32,0.9409220218658447
30,33,0.9192678928375244
30,34,0.9346857070922852
30,35,0.9068413376808167
30,36,0.9418017268180847
30,37,0.9283405542373657
30,38,0.9256867170333862
30,39,0.9332524538040161
30,40,0.4997802674770355
30,41,0.9479278922080994
30,42,0.9012723565101624
30,43,0.8070074915885925
30,44,0.8516084551811218
30,45,0.814497172832489
30,46,0.9261312484741211
30,47,0.9321261644363403
30,48,0.9386814832687378
30,49,0.9021797180175781
30,50,0.9278539419174194
30,51,0.5457241535186768
30,52,0.9353898763656616
30,53,0.9201454520225525
30,54,0.9062958359718323
30,55,0.930178701877594
30,56,0.9181324243545532
30,57,0.9164659380912781
30,58,0.9316903352737427
30,59,0.9439823031425476
30,60,0.9169132113456726
30,61,0.9280893802642822
30,62,0.9121296405792236
30,63,0.9319398999214172
30,64,0.9370426535606384
30,65,0.9352186322212219
30,66,0.9239344596862793
30,67,0.864963948726654
30,68,0.4964118003845215
30,69,0.49942833185195923
30,70,0.7777823209762573
30,71,0.9363129138946533
30,72,0.8384233117103577
30,73,0.8190597295761108
30,74,0.8660508394241333
30,75,0.9289970993995667
30,76,0.8606616854667664
30,77,0.9338982105255127
30,78,0.9252538681030273
30,79,0.8268258571624756
30,80,0.4941817820072174
30,81,0.9101415276527405
30,82,0.9239357113838196
30,83,0.6707069873809814
30,84,0.9070838689804077
30,85,0.9474545121192932
30,86,0.9439551830291748
30,87,0.9328809380531311
30,88,0.9370278716087341
30,89,0.494282990694046
30,90,0.9223753213882446
30,91,0.8340813517570496
30,92,0.8266956210136414
30,93,0.8825328350067139
30,94,0.7832760810852051
30,95,0.8122004866600037
30,96,0.5029634237289429
30,97,0.9318273663520813
30,98,0.9073627591133118
30,99,0.9219532012939453
30,100,0.9291752576828003
30,101,0.8655335903167725
30,102,0.9488820433616638
30,103,0.9090428352355957
30,104,0.9185765981674194
30,105,0.8128387331962585
30,106,0.7555338740348816
30,107,0.9275028109550476
30,108,0.9121565222740173
30,109,0.9094241857528687
30,110,0.504777193069458
30,111,0.857753574848175
30,112,0.9277164340019226
30,113,0.8850740790367126
30,114,0.9107152223587036
30,115,0.5364221930503845
30,116,0.5097343325614929
30,117,0.8934974670410156
30,118,0.9117501378059387
30,119,0.8321125507354736
30,120,0.9281290769577026
30,121,0.8971326351165771
30,122,0.9061000347137451
30,123,0.9232476949691772
30,124,0.9220510125160217
30,125,0.9112859964370728
30,126,0.8368217945098877
30,127,0.9253758788108826
30,128,0.8853433728218079
30,129,0.9267329573631287
30,130,0.8275176286697388
30,131,0.1143907904624939
30,132,0.8577507138252258
30,133,0.877773642539978
30,134,0.946853756904602
31,1,0.6245784163475037
31,2,0.9330904483795166
31,3,0.14417462050914764
31,4,0.5012335181236267
31,5,0.5853890776634216
31,6,0.6869177222251892
31,7,0.936897873878479
31,8,0.49666476249694824
31,9,0.9524559378623962
31,10,0.9413267374038696
31,11,0.9176437258720398
31,12,0.9308438897132874
31,13,0.9286297559738159
31,14,0.9123293161392212
31,15,0.9500196576118469
31,16,0.541603147983551
31,17,0.9495406746864319
31,18,0.9046937227249146
31,19,0.8727067112922668
31,20,0.9397967457771301
31,21,0.8647385239601135
31,22,0.9111917614936829
31,23,0.8506306409835815
31,24,0.49684464931488037
31,25,0.5083184242248535
31,26,0.9330623149871826
31,27,0.9511535167694092
31,28,0.5271276235580444
31,29,0.9519198536872864
31,30,0.5037265419960022
31,31,0.5
31,32,0.947414219379425
31,33,0.9328942894935608
31,34,0.9369164109230042
31,35,0.9209432601928711
31,36,0.9462935924530029
31,37,0.940908670425415
31,38,0.9357381463050842
31,39,0.9307423830032349
31,40,0.5041478872299194
31,41,0.9525741338729858
31,42,0.9056310057640076
31,43,0.814927339553833
31,44,0.8557639122009277
31,45,0.8228697180747986
31,46,0.9218146204948425
31,47,0.9373224973678589
31,48,0.93880295753479
31,49,0.9161695837974548
31,50,0.9365142583847046
31,51,0.5790778994560242
31,52,0.9452623724937439
31,53,0.9257165193557739
31,54,0.9192273616790771
31,55,0.9335346817970276
31,56,0.9250633716583252
31,57,0.9345260858535767
31,58,0.9432886838912964
31,59,0.9419171810150146
31,60,0.9330281615257263
31,61,0.9253833889961243
31,62,0.9274779558181763
31,63,0.938075065612793
31,64,0.9431130886077881
31,65,0.9404346942901611
31,66,0.9265000224113464
31,67,0.9109006524085999
31,68,0.500186562538147
31,69,0.5013570189476013
31,70,0.7850046157836914
31,71,0.9403348565101624
31,72,0.8550930023193359
31,73,0.8302552103996277
31,74,0.901576817035675
31,75,0.9312484860420227
31,76,0.8962691426277161
31,77,0.9372577667236328
31,78,0.9391672611236572
31,79,0.8351786732673645
31,80,0.49759259819984436
31,81,0.9341334700584412
31,82,0.9320895075798035
31,83,0.6819564700126648
31,84,0.9268358945846558
31,85,0.9515316486358643
31,86,0.9494231343269348
31,87,0.9325364232063293
31,88,0.9429611563682556
31,89,0.4987582564353943
31,90,0.9317408204078674
31,91,0.8372458219528198
31,92,0.842663586139679
31,93,0.9157249927520752
31,94,0.8425548076629639
31,95,0.8061664700508118
31,96,0.5080047249794006
31,97,0.9281067252159119
31,98,0.9318196773529053
31,99,0.9320772886276245
31,100,0.9286679029464722
31,101,0.8801954984664917
31,102,0.9464689493179321
31,103,0.9236879348754883
31,104,0.9313112497329712
31,105,0.8219746351242065
31,106,0.7966741919517517
31,107,0.9411143660545349
31,108,0.9148938059806824
31,109,0.9319465160369873
31,110,0.5098246335983276
31,111,0.8749837875366211
31,112,0.9307944178581238
31,113,0.9092838168144226
31,114,0.9306584596633911
31,115,0.543203592300415
31,116,0.5152825713157654
31,117,0.9135528802871704
31,118,0.9072073698043823
31,119,0.8359651565551758
31,120,0.9435396194458008
31,121,0.9080846309661865
31,122,0.9247263669967651
31,123,0.9250680804252625
31,124,0.9157841205596924
31,125,0.9299187064170837
31,126,0.8454065322875977
31,127,0.9324532747268677
31,128,0.876285195350647
31,129,0.9336658716201782
31,130,0.8389042615890503
31,131,0.12113562226295471
31,132,0.8632624745368958
31,133,0.8498673439025879
31,134,0.9445210695266724
32,1,0.07722852379083633
32,2,0.48026368021965027
32,3,0.854936957359314
32,4,0.06388264894485474
32,5,0.06730742007493973
32,6,0.10903149843215942
32,7,0.4351002871990204
32,8,0.05491901934146881
32,9,0.49234214425086975
32,10,0.4986669421195984
32,11,0.5036182403564453
32,12,0.4885770380496979
32,13,0.46496063470840454
32,14,0.4766002297401428
32,15,0.4886842966079712
32,16,0.06589380651712418
32,17,0.5139330625534058
32,18,0.33051374554634094
32,19,0.20373544096946716
32,20,0.5001378059387207
32,21,0.18079142272472382
32,22,0.5058621764183044
32,23,0.8667221069335938
32,24,0.05594105273485184
32,25,0.07618599385023117
32,26,0.5717387199401855
32,27,0.49835917353630066
32,28,0.050532709807157516
32,29,0.49610430002212524
32,30,0.055108968168497086
32,31,0.05251995474100113
32,32,0.5
32,33,0.5031298398971558
32,34,0.49945294857025146
32,35,0.48537445068359375
32,36,0.543232262134552
32,37,0.49425601959228516
32,38,0.4810306131839752
32,39,0.4214479923248291
32,40,0.05549796670675278
32,41,0.5130320191383362
32,42,0.7987651228904724
32,43,0.138360396027565
32,44,0.8634078502655029
32,45,0.14559543132781982
32,46,0.4827520251274109
32,47,0.6773507595062256
32,48,0.49470454454421997
32,49,0.49479565024375916
32,50,0.49033546447753906
32,51,0.10495629906654358
32,52,0.4980301558971405
32,53,0.48618367314338684
32,54,0.4994712769985199
32,55,0.493942528963089
32,56,0.48958203196525574
32,57,0.4853042960166931
32,58,0.4932633340358734
32,59,0.49966180324554443
32,60,0.5494955778121948
32,61,0.4989093542098999
32,62,0.49539461731910706
32,63,0.5000368356704712
32,64,0.5187007784843445
32,65,0.48695260286331177
32,66,0.4902423918247223
32,67,0.49283063411712646
32,68,0.057273589074611664
32,69,0.04742587357759476
32,70,0.14249549806118011
32,71,0.46906885504722595
32,72,0.2238297462463379
32,73,0.18269343674182892
32,74,0.49247416853904724
32,75,0.48234429955482483
32,76,0.3797164559364319
32,77,0.5285627245903015
32,78,0.5260950326919556
32,79,0.14129549264907837
32,80,0.053847044706344604
32,81,0.4983694851398468
32,82,0.45203402638435364
32,83,0.24401943385601044
32,84,0.4991810619831085
32,85,0.4932624101638794
32,86,0.5007332563400269
32,87,0.4875097870826721
32,88,0.4960993230342865
32,89,0.056396398693323135
32,90,0.5037415623664856
32,91,0.8349310159683228
32,92,0.1861121654510498
32,93,0.45777809619903564
32,94,0.32228389382362366
32,95,0.24146230518817902
32,96,0.06149936467409134
32,97,0.4913754165172577
32,98,0.5039077997207642
32,99,0.4106886088848114
32,100,0.5309149026870728
32,101,0.22408750653266907
32,102,0.48605436086654663
32,103,0.49939289689064026
32,104,0.5025055408477783
32,105,0.2208501249551773
32,106,0.27480754256248474
32,107,0.4855797588825226
32,108,0.49414747953414917
32,109,0.48034214973449707
32,110,0.05691748857498169
32,111,0.8425195217132568
32,112,0.45551422238349915
32,113,0.4306594133377075
32,114,0.4984472393989563
32,115,0.07809735089540482
32,116,0.0752221941947937
32,117,0.48883533477783203
32,118,0.47210580110549927
32,119,0.880187451839447
32,120,0.4755743145942688
32,121,0.34929031133651733
32,122,0.4927302896976471
32,123,0.48345133662223816
32,124,0.47292962670326233
32,125,0.4960581958293915
32,126,0.18498973548412323
32,127,0.4923904538154602
32,128,0.38678839802742004
32,129,0.4993368983268738
32,130,0.2130463570356369
32,131,0.18561077117919922
32,132,0.8577134013175964
32,133,0.3346196413040161
32,134,0.49952366948127747
33,1,0.06093192473053932
33,2,0.47039633989334106
33,3,0.8834927082061768
33,4,0.06689143925905228
33,5,0.05667794123291969
33,6,0.06244576349854469
33,7,0.390627920627594
33,8,0.05754214525222778
33,9,0.4872802793979645
33,10,0.49595707654953003
33,11,0.49999040365219116
33,12,0.47935959696769714
33,13,0.4556896686553955
33,14,0.46875888109207153
33,15,0.4849430024623871
33,16,0.06940446048974991
33,17,0.5133726000785828
33,18,0.4022518992424011
33,19,0.14478357136249542
33,20,0.4995315968990326
33,21,0.12861821055412292
33,22,0.4791557192802429
33,23,0.8899126052856445
33,24,0.05460398644208908
33,25,0.07378733158111572
33,26,0.576404869556427
33,27,0.4947361648082733
33,28,0.04742586612701416
33,29,0.490780234336853
33,30,0.05625111237168312
33,31,0.048633676022291183
33,32,0.49646568298339844
33,33,0.5
33,34,0.49307385087013245
33,35,0.4635280966758728
33,36,0.5458840727806091
33,37,0.48981836438179016
33,38,0.4753389060497284
33,39,0.4045398235321045
33,40,0.05331931263208389
33,41,0.5117396712303162
33,42,0.82127445936203
33,43,0.09144847840070724
33,44,0.8843507170677185
33,45,0.10556250065565109
33,46,0.477314293384552
33,47,0.6949734091758728
33,48,0.4917551875114441
33,49,0.4894355535507202
33,50,0.4836001694202423
33,51,0.10749883204698563
33,52,0.4925789535045624
33,53,0.47650644183158875
33,54,0.4943137466907501
33,55,0.48796623945236206
33,56,0.4840549826622009
33,57,0.4749179482460022
33,58,0.4886958599090576
33,59,0.49419718980789185
33,60,0.5513105988502502
33,61,0.4981909990310669
33,62,0.4871060848236084
33,63,0.49756816029548645
33,64,0.5172701478004456
33,65,0.48082491755485535
33,66,0.48896658420562744
33,67,0.45373788475990295
33,68,0.05355338752269745
33,69,0.04962928593158722
33,70,0.09342557936906815
33,71,0.4620535373687744
33,72,0.16391631960868835
33,73,0.1739988774061203
33,74,0.4944307506084442
33,75,0.47656404972076416
33,76,0.40056857466697693
33,77,0.529325008392334
33,78,0.5245131850242615
33,79,0.11277002096176147
33,80,0.05531832575798035
33,81,0.49261194467544556
33,82,0.4478515088558197
33,83,0.290868878364563
33,84,0.49267855286598206
33,85,0.48882657289505005
33,86,0.49802300333976746
33,87,0.4826454222202301
33,88,0.4897627830505371
33,89,0.054216109216213226
33,90,0.49509158730506897
33,91,0.8609894514083862
33,92,0.1553354561328888
33,93,0.4822787344455719
33,94,0.40501150488853455
33,95,0.17471839487552643
33,96,0.06339537352323532
33,97,0.4863980710506439
33,98,0.49151790142059326
33,99,0.3973827362060547
33,100,0.529407799243927
33,101,0.18808266520500183
33,102,0.48078182339668274
33,103,0.4871712625026703
33,104,0.49745574593544006
33,105,0.15259218215942383
33,106,0.2680266201496124
33,107,0.4819920063018799
33,108,0.49102291464805603
33,109,0.47464719414711
33,110,0.052315663546323776
33,111,0.8639361262321472
33,112,0.4432935118675232
33,113,0.40623050928115845
33,114,0.4919601380825043
33,115,0.08223789185285568
33,116,0.08411455154418945
33,117,0.478870153427124
33,118,0.4640115201473236
33,119,0.8811606764793396
33,120,0.469946026802063
33,121,0.29359450936317444
33,122,0.48772814869880676
33,123,0.4781353175640106
33,124,0.4638313949108124
33,125,0.4912896752357483
33,126,0.12363696843385696
33,127,0.4878541827201843
33,128,0.36945614218711853
33,129,0.4950137436389923
33,130,0.15401728451251984
33,131,0.1646214723587036
33,132,0.8802492618560791
33,133,0.31338876485824585
33,134,0.4987626373767853
34,1,0.06928262859582901
34,2,0.48062044382095337
34,3,0.8671190738677979
34,4,0.061428334563970566
34,5,0.05880865827202797
34,6,0.08885746449232101
34,7,0.4202282130718231
34,8,0.05224264785647392
34,9,0.4913265109062195
34,10,0.5015829205513
34,11,0.5052412748336792
34,12,0.48914238810539246
34,13,0.46394118666648865
34,14,0.47546112537384033
34,15,0.489008367061615
34,16,0.06128996983170509
34,17,0.5182738900184631
34,18,0.3584294319152832
34,19,0.16594770550727844
34,20,0.5015444755554199
34,21,0.14499227702617645
34,22,0.5106233954429626
34,23,0.8659626841545105
34,24,0.05557342246174812
34,25,0.07341525703668594
34,26,0.5776009559631348
34,27,0.5001662969589233
34,28,0.0514691062271595
34,29,0.49736136198043823
34,30,0.05284984037280083
34,31,0.054596927016973495
34,32,0.5005778670310974
34,33,0.5064794421195984
34,34,0.5
34,35,0.5113646388053894
34,36,0.545738160610199
34,37,0.49499446153640747
34,38,0.48129749298095703
34,39,0.4170190989971161
34,40,0.05571959912776947
34,41,0.5155492424964905
34,42,0.8121548891067505
34,43,0.10867489129304886
34,44,0.8756557703018188
34,45,0.1134532243013382
34,46,0.4811517298221588
34,47,0.6872080564498901
34,48,0.49555861949920654
34,49,0.49634185433387756
34,50,0.4914039969444275
34,51,0.09989943355321884
34,52,0.49937623739242554
34,53,0.4869021773338318
34,54,0.5010982155799866
34,55,0.49509742856025696
34,56,0.49152711033821106
34,57,0.4872203469276428
34,58,0.49513986706733704
34,59,0.5005950331687927
34,60,0.5546398162841797
34,61,0.5034427642822266
34,62,0.4957120716571808
34,63,0.5030984878540039
34,64,0.521094799041748
34,65,0.489847332239151
34,66,0.49826332926750183
34,67,0.48300135135650635
34,68,0.0554165281355381
34,69,0.04742586612701416
34,70,0.10904618352651596
34,71,0.46903476119041443
34,72,0.17920175194740295
34,73,0.18853771686553955
34,74,0.49934056401252747
34,75,0.4826451241970062
34,76,0.4059697091579437
34,77,0.532325804233551
34,78,0.5292177200317383
34,79,0.12203498929738998
34,80,0.05107863247394562
34,81,0.4992898106575012
34,82,0.45529913902282715
34,83,0.23844674229621887
34,84,0.5014647245407104
34,85,0.49493250250816345
34,86,0.5035247206687927
34,87,0.4881633520126343
34,88,0.49829909205436707
34,89,0.05141431465744972
34,90,0.5068415999412537
34,91,0.8429203629493713
34,92,0.17520838975906372
34,93,0.46153929829597473
34,94,0.3559684753417969
34,95,0.19854532182216644
34,96,0.06079091876745224
34,97,0.49186211824417114
34,98,0.504796028137207
34,99,0.4125266373157501
34,100,0.5332682132720947
34,101,0.20883047580718994
34,102,0.4873175323009491
34,103,0.4973592162132263
34,104,0.5026994347572327
34,105,0.17675529420375824
34,106,0.2541393041610718
34,107,0.48491063714027405
34,108,0.4962185323238373
34,109,0.4823472499847412
34,110,0.05632894113659859
34,111,0.855095624923706
34,112,0.470760315656662
34,113,0.4254007637500763
34,114,0.5005210041999817
34,115,0.06795317679643631
34,116,0.07506772130727768
34,117,0.48988670110702515
34,118,0.4710153341293335
34,119,0.8743352890014648
34,120,0.47652873396873474
34,121,0.31432050466537476
34,122,0.4964624047279358
34,123,0.4819793701171875
34,124,0.46976396441459656
34,125,0.49635040760040283
34,126,0.1452634334564209
34,127,0.4918714463710785
34,128,0.38011404871940613
34,129,0.5011091828346252
34,130,0.17531922459602356
34,131,0.17230384051799774
34,132,0.8701693415641785
34,133,0.3257560431957245
34,134,0.5030511617660522
35,1,0.052393440157175064
35,2,0.5005670189857483
35,3,0.877490222454071
35,4,0.06245364621281624
35,5,0.07024294137954712
35,6,0.07607487589120865
35,7,0.4516776204109192
35,8,0.05679209530353546
35,9,0.5259932279586792
35,10,0.5438925623893738
35,11,0.5429998636245728
35,12,0.4723872244358063
35,13,0.4490288496017456
35,14,0.5019734501838684
35,15,0.5232477784156799
35,16,0.07962816208600998
35,17,0.559723973274231
35,18,0.37506935000419617
35,19,0.17395764589309692
35,20,0.5394290089607239
35,21,0.13904795050621033
35,22,0.4629577696323395
35,23,0.9040864706039429
35,24,0.04830576851963997
35,25,0.06990833580493927
35,26,0.6198596358299255
35,27,0.5334802269935608
35,28,0.0483158640563488
35,29,0.5287047624588013
35,30,0.0545072928071022
35,31,0.04742586612701416
35,32,0.5178600549697876
35,33,0.5394335389137268
35,34,0.4868619441986084
35,35,0.5
35,36,0.5871912240982056
35,37,0.5274302363395691
35,38,0.5084972381591797
35,39,0.4239197075366974
35,40,0.05336492136120796
35,41,0.5513156652450562
35,42,0.859279453754425
35,43,0.12028121203184128
35,44,0.9113173484802246
35,45,0.13621273636817932
35,46,0.5123533606529236
35,47,0.7395055890083313
35,48,0.5293010473251343
35,49,0.49127069115638733
35,50,0.5107118487358093
35,51,0.10745569318532944
35,52,0.488578200340271
35,53,0.4721062183380127
35,54,0.5342280268669128
35,55,0.4808070659637451
35,56,0.5219236612319946
35,57,0.507731020450592
35,58,0.5079696774482727
35,59,0.4922337532043457
35,60,0.5814396739006042
35,61,0.5372262597084045
35,62,0.517145037651062
35,63,0.4997932016849518
35,64,0.5523199439048767
35,65,0.5194531679153442
35,66,0.5383405685424805
35,67,0.5205751061439514
35,68,0.05363207310438156
35,69,0.05731707066297531
35,70,0.11822893470525742
35,71,0.4965331554412842
35,72,0.19700086116790771
35,73,0.13608916103839874
35,74,0.4908605217933655
35,75,0.5108927488327026
35,76,0.3575468361377716
35,77,0.5704829096794128
35,78,0.568196713924408
35,79,0.14135593175888062
35,80,0.04979215934872627
35,81,0.5210391879081726
35,82,0.47770386934280396
35,83,0.2320282906293869
35,84,0.4864954650402069
35,85,0.5260818600654602
35,86,0.5366026759147644
35,87,0.5219426155090332
35,88,0.5312264561653137
35,89,0.05021657049655914
35,90,0.5390722155570984
35,91,0.8937176465988159
35,92,0.14770357310771942
35,93,0.49411696195602417
35,94,0.27705880999565125
35,95,0.21029072999954224
35,96,0.062048692256212234
35,97,0.49652475118637085
35,98,0.4991225004196167
35,99,0.3894261419773102
35,100,0.5677081346511841
35,101,0.20718611776828766
35,102,0.5141202211380005
35,103,0.4837196469306946
35,104,0.523752748966217
35,105,0.1697995960712433
35,106,0.23266980051994324
35,107,0.521913468837738
35,108,0.5364106893539429
35,109,0.5145727396011353
35,110,0.055112432688474655
35,111,0.8939788937568665
35,112,0.4866733253002167
35,113,0.433987557888031
35,114,0.4869179129600525
35,115,0.07246100157499313
35,116,0.06766785681247711
35,117,0.48156288266181946
35,118,0.4918305575847626
35,119,0.8989270329475403
35,120,0.5068232417106628
35,121,0.3114464581012726
35,122,0.5183482766151428
35,123,0.5139325857162476
35,124,0.46022987365722656
35,125,0.5319207906723022
35,126,0.15516063570976257
35,127,0.525392472743988
35,128,0.39342087507247925
35,129,0.49161696434020996
35,130,0.18375909328460693
35,131,0.15086160600185394
35,132,0.9106050729751587
35,133,0.34175825119018555
35,134,0.5385097861289978
36,1,0.07900046557188034
36,2,0.43977242708206177
36,3,0.8745672702789307
36,4,0.058758512139320374
36,5,0.06689881533384323
36,6,0.1357860416173935
36,7,0.393126904964447
36,8,0.04742587357759476
36,9,0.44908463954925537
36,10,0.45665380358695984
36,11,0.46044424176216125
36,12,0.44627195596694946
36,13,0.4243384599685669
36,14,0.43291741609573364
36,15,0.44615498185157776
36,16,0.08140593767166138
36,17,0.4723590314388275
36,18,0.2942699193954468
36,19,0.17642980813980103
36,20,0.4595459997653961
36,21,0.1505853533744812
36,22,0.44403108954429626
36,23,0.8478683829307556
36,24,0.05306516960263252
36,25,0.07363675534725189
36,26,0.5300257802009583
36,27,0.4558156132698059
36,28,0.06230974942445755
36,29,0.45348304510116577
36,30,0.05455581098794937
36,31,0.05393045395612717
36,32,0.45685335993766785
36,33,0.459423691034317
36,34,0.45677727460861206
36,35,0.42850878834724426
36,36,0.5
36,37,0.4541771709918976
36,38,0.44093000888824463
36,39,0.37473294138908386
36,40,0.06605669111013412
36,41,0.47015273571014404
36,42,0.7694620490074158
36,43,0.13633409142494202
36,44,0.843451976776123
36,45,0.13685381412506104
36,46,0.4400881826877594
36,47,0.6386314630508423
36,48,0.45265665650367737
36,49,0.45271381735801697
36,50,0.4483419954776764
36,51,0.08456945419311523
36,52,0.45568278431892395
36,53,0.44674959778785706
36,54,0.4561995267868042
36,55,0.4521294832229614
36,56,0.44867485761642456
36,57,0.4426846206188202
36,58,0.45115652680397034
36,59,0.4566675126552582
36,60,0.5073264241218567
36,61,0.4580337703227997
36,62,0.45404595136642456
36,63,0.45741066336631775
36,64,0.4759342670440674
36,65,0.44384878873825073
36,66,0.4463769197463989
36,67,0.45063304901123047
36,68,0.054649561643600464
36,69,0.059455372393131256
36,70,0.1472799926996231
36,71,0.4275955855846405
36,72,0.22442814707756042
36,73,0.154955193400383
36,74,0.45168963074684143
36,75,0.44204992055892944
36,76,0.3282924294471741
36,77,0.48726698756217957
36,78,0.4843114912509918
36,79,0.13228923082351685
36,80,0.050125110894441605
36,81,0.45614883303642273
36,82,0.4104437232017517
36,83,0.1992969661951065
36,84,0.4558008909225464
36,85,0.45091503858566284
36,86,0.45857861638069153
36,87,0.4455338716506958
36,88,0.4537261128425598
36,89,0.056312330067157745
36,90,0.4599528908729553
36,91,0.811591625213623
36,92,0.16770973801612854
36,93,0.417935311794281
36,94,0.24617557227611542
36,95,0.2109350860118866
36,96,0.05893297120928764
36,97,0.45050689578056335
36,98,0.4610932767391205
36,99,0.3696729838848114
36,100,0.489418625831604
36,101,0.20909249782562256
36,102,0.444092720746994
36,103,0.4550464153289795
36,104,0.4585474729537964
36,105,0.2294352501630783
36,106,0.19082766771316528
36,107,0.4432903230190277
36,108,0.4510156512260437
36,109,0.4389648139476776
36,110,0.06394369900226593
36,111,0.8196287751197815
36,112,0.41420978307724
36,113,0.4191145896911621
36,114,0.456715852022171
36,115,0.06374181061983109
36,116,0.06900884956121445
36,117,0.4467103183269501
36,118,0.43051862716674805
36,119,0.8617262840270996
36,120,0.43380093574523926
36,121,0.30235961079597473
36,122,0.4508572220802307
36,123,0.441327840089798
36,124,0.4291067123413086
36,125,0.4541042149066925
36,126,0.19251564145088196
36,127,0.4507047235965729
36,128,0.3486608564853668
36,129,0.456003338098526
36,130,0.19868722558021545
36,131,0.21271702647209167
36,132,0.8359459638595581
36,133,0.28977182507514954
36,134,0.45788729190826416
37,1,0.06918773055076599
37,2,0.48404309153556824
37,3,0.8682533502578735
37,4,0.05570534989237785
37,5,0.06158316880464554
37,6,0.10916697978973389
37,7,0.43966057896614075
37,8,0.04884155094623566
37,9,0.49844256043434143
37,10,0.5050516724586487
37,11,0.5092005133628845
37,12,0.49585336446762085
37,13,0.4671153128147125
37,14,0.48046866059303284
37,15,0.4926494359970093
37,16,0.08097696304321289
37,17,0.5224260687828064
37,18,0.322456419467926
37,19,0.18789471685886383
37,20,0.5092504620552063
37,21,0.1780928373336792
37,22,0.5167293548583984
37,23,0.8673734664916992
37,24,0.047425881028175354
37,25,0.07384145259857178
37,26,0.582854151725769
37,27,0.5054944753646851
37,28,0.057888276875019073
37,29,0.502448320388794
37,30,0.05503996089100838
37,31,0.047711849212646484
37,32,0.5062099099159241
37,33,0.5097478032112122
37,34,0.5051226615905762
37,35,0.4757130444049835
37,36,0.549615204334259
37,37,0.5
37,38,0.485176682472229
37,39,0.4102918803691864
37,40,0.06443127244710922
37,41,0.5197529196739197
37,42,0.8187437653541565
37,43,0.15868046879768372
37,44,0.8821508288383484
37,45,0.12755341827869415
37,46,0.48735615611076355
37,47,0.6944812536239624
37,48,0.5006251931190491
37,49,0.4986822307109833
37,50,0.4942980706691742
37,51,0.10290317982435226
37,52,0.5039845108985901
37,53,0.49318549036979675
37,54,0.5021902918815613
37,55,0.5008332133293152
37,56,0.49384400248527527
37,57,0.4905669093132019
37,58,0.4984683394432068
37,59,0.506828248500824
37,60,0.5587192177772522
37,61,0.5060811042785645
37,62,0.5027742981910706
37,63,0.5064889788627625
37,64,0.5268984436988831
37,65,0.49226850271224976
37,66,0.4955538213253021
37,67,0.49741053581237793
37,68,0.05364496260881424
37,69,0.058256279677152634
37,70,0.13776111602783203
37,71,0.4742361605167389
37,72,0.23136897385120392
37,73,0.1583642065525055
37,74,0.4949089586734772
37,75,0.4876420199871063
37,76,0.363989919424057
37,77,0.5376343131065369
37,78,0.5349432826042175
37,79,0.12464345246553421
37,80,0.05069487914443016
37,81,0.5048040747642517
37,82,0.4570145010948181
37,83,0.19169768691062927
37,84,0.5066636800765991
37,85,0.4992517828941345
37,86,0.5068433284759521
37,87,0.4918566942214966
37,88,0.5022090673446655
37,89,0.05385740473866463
37,90,0.5071483254432678
37,91,0.873665988445282
37,92,0.16467256844043732
37,93,0.45791083574295044
37,94,0.3064068555831909
37,95,0.2246069312095642
37,96,0.06233831122517586
37,97,0.49821433424949646
37,98,0.5089153051376343
37,99,0.41011008620262146
37,100,0.5389853119850159
37,101,0.2092391848564148
37,102,0.49136507511138916
37,103,0.5040591359138489
37,104,0.5057538151741028
37,105,0.22353340685367584
37,106,0.2245803028345108
37,107,0.4891081154346466
37,108,0.4997117519378662
37,109,0.48539888858795166
37,110,0.06541060656309128
37,111,0.8617920279502869
37,112,0.4482441246509552
37,113,0.42363592982292175
37,114,0.5050632953643799
37,115,0.07055719196796417
37,116,0.07259158790111542
37,117,0.493168443441391
37,118,0.47775620222091675
37,119,0.8720523118972778
37,120,0.4800015091896057
37,121,0.3432829678058624
37,122,0.49952635169029236
37,123,0.48678916692733765
37,124,0.4699290692806244
37,125,0.5018622279167175
37,126,0.21423067152500153
37,127,0.49676215648651123
37,128,0.3864121735095978
37,129,0.5041729211807251
37,130,0.21331645548343658
37,131,0.1645900160074234
37,132,0.876460611820221
37,133,0.3497486114501953
37,134,0.5080496668815613
38,1,0.07365373522043228
38,2,0.4978563189506531
38,3,0.8679794073104858
38,4,0.05607651546597481
38,5,0.05470409244298935
38,6,0.08764839917421341
38,7,0.4596865177154541
38,8,0.04742586612701416
38,9,0.5122930407524109
38,10,0.5208072066307068
38,11,0.5228667855262756
38,12,0.508741021156311
38,13,0.48239657282829285
38,14,0.49395135045051575
38,15,0.5073427557945251
38,16,0.07665998488664627
38,17,0.5384666919708252
38,18,0.36552131175994873
38,19,0.1627252995967865
38,20,0.5218876600265503
38,21,0.15623916685581207
38,22,0.5348098278045654
38,23,0.8773630857467651
38,24,0.05071751028299332
38,25,0.07578418403863907
38,26,0.5991796255111694
38,27,0.5201293230056763
38,28,0.05468468368053436
38,29,0.5172742605209351
38,30,0.053524717688560486
38,31,0.04867912083864212
38,32,0.5210412740707397
38,33,0.5242270827293396
38,34,0.5196387767791748
38,35,0.4922817051410675
38,36,0.5655877590179443
38,37,0.5152099132537842
38,38,0.5
38,39,0.4327860474586487
38,40,0.059220410883426666
38,41,0.5358349084854126
38,42,0.8307713866233826
38,43,0.12020264565944672
38,44,0.8842695355415344
38,45,0.1227625235915184
38,46,0.49919235706329346
38,47,0.7112888693809509
38,48,0.5151547193527222
38,49,0.5147493481636047
38,50,0.5098033547401428
38,51,0.09137029945850372
38,52,0.5188910961151123
38,53,0.5082442760467529
38,54,0.5161891579627991
38,55,0.5149513483047485
38,56,0.5088853240013123
38,57,0.5075446367263794
38,58,0.5148759484291077
38,59,0.5190247297286987
38,60,0.5740693807601929
38,61,0.5205919146537781
38,62,0.5177051424980164
38,63,0.5230477452278137
38,64,0.5425071716308594
38,65,0.5046905279159546
38,66,0.5116666555404663
38,67,0.5128944516181946
38,68,0.05192011967301369
38,69,0.052844010293483734
38,70,0.11500069499015808
38,71,0.48663249611854553
38,72,0.21464070677757263
38,73,0.18012383580207825
38,74,0.5157158970832825
38,75,0.5040111541748047
38,76,0.38696497678756714
38,77,0.5528797507286072
38,78,0.5512812733650208
38,79,0.13133634626865387
38,80,0.04978395625948906
38,81,0.519307017326355
38,82,0.46942195296287537
38,83,0.21622401475906372
38,84,0.5206314325332642
38,85,0.515350341796875
38,86,0.5230602025985718
38,87,0.5043373703956604
38,88,0.5170345306396484
38,89,0.05739126354455948
38,90,0.5247229933738708
38,91,0.863926351070404
38,92,0.16335439682006836
38,93,0.472141832113266
38,94,0.35530346632003784
38,95,0.183039128780365
38,96,0.05704435706138611
38,97,0.5095832943916321
38,98,0.5248843431472778
38,99,0.427249938249588
38,100,0.5533115267753601
38,101,0.2089206725358963
38,102,0.5059475302696228
38,103,0.5170571208000183
38,104,0.5188255310058594
38,105,0.19318124651908875
38,106,0.24447830021381378
38,107,0.5033429265022278
38,108,0.5042195320129395
38,109,0.49784040451049805
38,110,0.06138918921351433
38,111,0.8652916550636292
38,112,0.46233153343200684
38,113,0.434482604265213
38,114,0.5203418731689453
38,115,0.07393336296081543
38,116,0.06694894284009933
38,117,0.5087788701057434
38,118,0.4894798696041107
38,119,0.8894316554069519
38,120,0.4940926432609558
38,121,0.323281854391098
38,122,0.5144098401069641
38,123,0.49945104122161865
38,124,0.48319682478904724
38,125,0.5157065391540527
38,126,0.16417741775512695
38,127,0.5082163214683533
38,128,0.3741106390953064
38,129,0.5190656781196594
38,130,0.1895926147699356
38,131,0.15319202840328217
38,132,0.8872004747390747
38,133,0.3150181770324707
38,134,0.519443690776825
39,1,0.07436814904212952
39,2,0.5615640878677368
39,3,0.817450761795044
39,4,0.060224540531635284
39,5,0.0666830837726593
39,6,0.12009532004594803
39,7,0.5262444019317627
39,8,0.04742587357759476
39,9,0.5751124024391174
39,10,0.5848209857940674
39,11,0.6126011610031128
39,12,0.5858452916145325
39,13,0.5511766076087952
39,14,0.5684699416160583
39,15,0.5810233354568481
39,16,0.06707888841629028
39,17,0.6008437275886536
39,18,0.4294045567512512
39,19,0.2199801355600357
39,20,0.5948207378387451
39,21,0.1985461413860321
39,22,0.5849084854125977
39,23,0.906869113445282
39,24,0.05448305606842041
39,25,0.07253143936395645
39,26,0.6716777086257935
39,27,0.5928696990013123
39,28,0.054188378155231476
39,29,0.5907147526741028
39,30,0.049936443567276
39,31,0.05585453659296036
39,32,0.5853186845779419
39,33,0.5920361876487732
39,34,0.5853983163833618
39,35,0.5678708553314209
39,36,0.6359943747520447
39,37,0.5902483463287354
39,38,0.5659230947494507
39,39,0.5
39,40,0.058038629591464996
39,41,0.6065801382064819
39,42,0.8499569296836853
39,43,0.13942138850688934
39,44,0.9043552279472351
39,45,0.15099240839481354
39,46,0.5664366483688354
39,47,0.7596054077148438
39,48,0.5863043665885925
39,49,0.5857701897621155
39,50,0.5791658163070679
39,51,0.09329880774021149
39,52,0.5978236794471741
39,53,0.5794338583946228
39,54,0.593413770198822
39,55,0.5901054739952087
39,56,0.5948922038078308
39,57,0.5799933671951294
39,58,0.5809091925621033
39,59,0.5923019051551819
39,60,0.6401481628417969
39,61,0.5886593461036682
39,62,0.5890617370605469
39,63,0.5960421562194824
39,64,0.6130069494247437
39,65,0.5824630856513977
39,66,0.5719214081764221
39,67,0.5994877219200134
39,68,0.05665646493434906
39,69,0.04778429493308067
39,70,0.13993330299854279
39,71,0.559914231300354
39,72,0.22195395827293396
39,73,0.22354403138160706
39,74,0.5986598134040833
39,75,0.567454993724823
39,76,0.47968634963035583
39,77,0.6157688498497009
39,78,0.6177977323532104
39,79,0.16233260929584503
39,80,0.0489787757396698
39,81,0.60764080286026
39,82,0.5501775145530701
39,83,0.24476058781147003
39,84,0.6040202379226685
39,85,0.5872575640678406
39,86,0.5933448672294617
39,87,0.5821725130081177
39,88,0.5822160840034485
39,89,0.050020549446344376
39,90,0.599729061126709
39,91,0.8693273067474365
39,92,0.20691044628620148
39,93,0.5780275464057922
39,94,0.3751826882362366
39,95,0.2560846507549286
39,96,0.05958373472094536
39,97,0.5813124775886536
39,98,0.6017218232154846
39,99,0.5110253691673279
39,100,0.6200886964797974
39,101,0.2762566804885864
39,102,0.5792269706726074
39,103,0.5817247033119202
39,104,0.6062876582145691
39,105,0.23324446380138397
39,106,0.26605135202407837
39,107,0.5783132910728455
39,108,0.5846070647239685
39,109,0.5733234882354736
39,110,0.06033686175942421
39,111,0.8898019790649414
39,112,0.5377227067947388
39,113,0.5064301490783691
39,114,0.6001392006874084
39,115,0.06753189116716385
39,116,0.06419023871421814
39,117,0.5990374088287354
39,118,0.5621090531349182
39,119,0.9176267385482788
39,120,0.5808136463165283
39,121,0.39466792345046997
39,122,0.5926490426063538
39,123,0.566480815410614
39,124,0.5587553977966309
39,125,0.5876054167747498
39,126,0.18778882920742035
39,127,0.5932037234306335
39,128,0.46119725704193115
39,129,0.5969204902648926
39,130,0.23257514834403992
39,131,0.12856537103652954
39,132,0.9021472334861755
39,133,0.3717944622039795
39,134,0.5805362462997437
40,1,0.6197424530982971
40,2,0.9320854544639587
40,3,0.1479957550764084
40,4,0.49669787287712097
40,5,0.5357290506362915
40,6,0.6819607615470886
40,7,0.9303901791572571
40,8,0.4947753846645355
40,9,0.9481675624847412
40,10,0.9467556476593018
40,11,0.9019460678100586
40,12,0.928055465221405
40,13,0.9274135828018188
40,14,0.9039357900619507
40,15,0.9444455504417419
40,16,0.5434715747833252
40,17,0.9525741338729858
40,18,0.8802990913391113
40,19,0.8259482383728027
40,20,0.9308192133903503
40,21,0.848126232624054
40,22,0.891681432723999
40,23,0.8507238626480103
40,24,0.4936026930809021
40,25,0.5039604306221008
40,26,0.9291037321090698
40,27,0.9433260560035706
40,28,0.5202783942222595
40,29,0.9494786858558655
40,30,0.5002257823944092
40,31,0.49584755301475525
40,32,0.9446004033088684
40,33,0.9275123476982117
40,34,0.9358812570571899
40,35,0.9134250283241272
40,36,0.9343764185905457
40,37,0.9224714040756226
40,38,0.9237558841705322
40,39,0.9284848570823669
40,40,0.5
40,41,0.9430220127105713
40,42,0.905250608921051
40,43,0.8105531930923462
40,44,0.8569197654724121
40,45,0.8122943639755249
40,46,0.923173725605011
40,47,0.9364206790924072
40,48,0.9376969933509827
40,49,0.9136766791343689
40,50,0.9199289083480835
40,51,0.5365878939628601
40,52,0.938571035861969
40,53,0.9204702377319336
40,54,0.8988028764724731
40,55,0.9255034923553467
40,56,0.9133720397949219
40,57,0.928069531917572
40,58,0.9254307746887207
40,59,0.9447317123413086
40,60,0.9253050088882446
40,61,0.9233369827270508
40,62,0.9170687794685364
40,63,0.9250440001487732
40,64,0.9424492716789246
40,65,0.9310164451599121
40,66,0.9262856841087341
40,67,0.8734305500984192
40,68,0.49687886238098145
40,69,0.49922338128089905
40,70,0.7807158827781677
40,71,0.9317219853401184
40,72,0.8297325968742371
40,73,0.8242366909980774
40,74,0.880889356136322
40,75,0.9296422004699707
40,76,0.8660973310470581
40,77,0.933222234249115
40,78,0.9307036399841309
40,79,0.8302112221717834
40,80,0.4950336813926697
40,81,0.9158024787902832
40,82,0.9248486161231995
40,83,0.6800091862678528
40,84,0.9178779721260071
40,85,0.9501022100448608
40,86,0.9388258457183838
40,87,0.9315269589424133
40,88,0.9330039024353027
40,89,0.49404317140579224
40,90,0.9160546064376831
40,91,0.8397735357284546
40,92,0.8232595324516296
40,93,0.881381630897522
40,94,0.8101702928543091
40,95,0.7969294190406799
40,96,0.5043402910232544
40,97,0.9277130961418152
40,98,0.9126311540603638
40,99,0.9235175251960754
40,100,0.9255587458610535
40,101,0.8567321300506592
40,102,0.9468061923980713
40,103,0.9135534763336182
40,104,0.9131867289543152
40,105,0.8152616620063782
40,106,0.7897271513938904
40,107,0.9194945096969604
40,108,0.9155601859092712
40,109,0.9140637516975403
40,110,0.5058804750442505
40,111,0.8649749159812927
40,112,0.9206929802894592
40,113,0.885596752166748
40,114,0.9188061356544495
40,115,0.5377348065376282
40,116,0.5115561485290527
40,117,0.9027112722396851
40,118,0.9039540886878967
40,119,0.8371111750602722
40,120,0.9334062933921814
40,121,0.9041898846626282
40,122,0.9197999835014343
40,123,0.9251687526702881
40,124,0.916174054145813
40,125,0.901082456111908
40,126,0.836916446685791
40,127,0.9177913069725037
40,128,0.876538097858429
40,129,0.9271358251571655
40,130,0.8220100998878479
40,131,0.10481629520654678
40,132,0.8632436990737915
40,133,0.8656095266342163
40,134,0.9446744322776794
41,1,0.06934399902820587
41,2,0.46572113037109375
41,3,0.8550693988800049
41,4,0.05582115799188614
41,5,0.07100637257099152
41,6,0.11691497266292572
41,7,0.42674949765205383
41,8,0.04742587357759476
41,9,0.47838401794433594
41,10,0.48599082231521606
41,11,0.49053525924682617
41,12,0.47592082619667053
41,13,0.453707218170166
41,14,0.4629761874675751
41,15,0.4766891598701477
41,16,0.07904181629419327
41,17,0.5015010237693787
41,18,0.3275960385799408
41,19,0.1738765686750412
41,20,0.4891178607940674
41,21,0.16711492836475372
41,22,0.4702702462673187
41,23,0.8540025353431702
41,24,0.05040565878152847
41,25,0.07107681781053543
41,26,0.5567846298217773
41,27,0.48584625124931335
41,28,0.057596590369939804
41,29,0.48386868834495544
41,30,0.05384249985218048
41,31,0.05275457352399826
41,32,0.48746049404144287
41,33,0.4899965822696686
41,34,0.4858366847038269
41,35,0.45951780676841736
41,36,0.528778612613678
41,37,0.4824182093143463
41,38,0.4689052999019623
41,39,0.4054104685783386
41,40,0.06305953115224838
41,41,0.5
41,42,0.7822508811950684
41,43,0.1464204043149948
41,44,0.8505063652992249
41,45,0.1213187575340271
41,46,0.47024551033973694
41,47,0.6598194241523743
41,48,0.48176389932632446
41,49,0.481613427400589
41,50,0.47870007157325745
41,51,0.09480885416269302
41,52,0.48517075181007385
41,53,0.4738418459892273
41,54,0.48535993695259094
41,55,0.48151668906211853
41,56,0.4773876368999481
41,57,0.4727492332458496
41,58,0.48091620206832886
41,59,0.48664480447769165
41,60,0.5346934795379639
41,61,0.4866016209125519
41,62,0.48404720425605774
41,63,0.48700419068336487
41,64,0.5048999786376953
41,65,0.47472912073135376
41,66,0.4769284129142761
41,67,0.4806719422340393
41,68,0.05269714072346687
41,69,0.05698731169104576
41,70,0.12984883785247803
41,71,0.4575650691986084
41,72,0.2103652060031891
41,73,0.1716795712709427
41,74,0.48092377185821533
41,75,0.47117459774017334
41,76,0.37260809540748596
41,77,0.5153719186782837
41,78,0.5128650665283203
41,79,0.12924061715602875
41,80,0.048875343054533005
41,81,0.485557496547699
41,82,0.4413837790489197
41,83,0.18464958667755127
41,84,0.4867109954357147
41,85,0.48098888993263245
41,86,0.48879194259643555
41,87,0.4745952785015106
41,88,0.48359790444374084
41,89,0.054433878511190414
41,90,0.4884192943572998
41,91,0.8431183695793152
41,92,0.16584308445453644
41,93,0.44857531785964966
41,94,0.2759975790977478
41,95,0.20403426885604858
41,96,0.06116386875510216
41,97,0.48033779859542847
41,98,0.49097421765327454
41,99,0.40106794238090515
41,100,0.5170843601226807
41,101,0.21603918075561523
41,102,0.4738999903202057
41,103,0.4856732189655304
41,104,0.48789742588996887
41,105,0.20191413164138794
41,106,0.20753784477710724
41,107,0.4729095697402954
41,108,0.4823824167251587
41,109,0.4695555567741394
41,110,0.06308931857347488
41,111,0.8283993601799011
41,112,0.43855661153793335
41,113,0.4114152789115906
41,114,0.4867016077041626
41,115,0.06070173531770706
41,116,0.06880491226911545
41,117,0.47674560546875
41,118,0.45959731936454773
41,119,0.8671615719795227
41,120,0.46423760056495667
41,121,0.3158875107765198
41,122,0.48182034492492676
41,123,0.4704154431819916
41,124,0.45785585045814514
41,125,0.48536983132362366
41,126,0.1945980042219162
41,127,0.4795338809490204
41,128,0.3792717456817627
41,129,0.4855494201183319
41,130,0.1996285319328308
41,131,0.2017342895269394
41,132,0.8436915278434753
41,133,0.34434425830841064
41,134,0.48904451727867126
42,1,0.06369541585445404
42,2,0.1907843053340912
42,3,0.9451420307159424
42,4,0.09313181787729263
42,5,0.0884827971458435
42,6,0.08381111919879913
42,7,0.17274639010429382
42,8,0.0924893319606781
42,9,0.19251412153244019
42,10,0.1968793421983719
42,11,0.20253661274909973
42,12,0.19435575604438782
42,13,0.20411156117916107
42,14,0.18447281420230865
42,15,0.19036221504211426
42,16,0.09788123518228531
42,17,0.2073543220758438
42,18,0.14669477939605713
42,19,0.068397156894207
42,20,0.19975988566875458
42,21,0.055670157074928284
42,22,0.22555804252624512
42,23,0.6285554766654968
42,24,0.09358982741832733
42,25,0.10283103585243225
42,26,0.24879691004753113
42,27,0.19635188579559326
42,28,0.0915907695889473
42,29,0.1952330619096756
42,30,0.0911388173699379
42,31,0.09180499613285065
42,32,0.19837668538093567
42,33,0.20294857025146484
42,34,0.19720278680324554
42,35,0.1823279857635498
42,36,0.2273492068052292
42,37,0.19579459726810455
42,38,0.18956035375595093
42,39,0.16589893400669098
42,40,0.09239556640386581
42,41,0.20647405087947845
42,42,0.5
42,43,0.05845583602786064
42,44,0.6195252537727356
42,45,0.04817007854580879
42,46,0.18788878619670868
42,47,0.34281978011131287
42,48,0.19393187761306763
42,49,0.19793878495693207
42,50,0.19554844498634338
42,51,0.09409236907958984
42,52,0.1961258351802826
42,53,0.19859829545021057
42,54,0.19960856437683105
42,55,0.19569595158100128
42,56,0.19354605674743652
42,57,0.1906568855047226
42,58,0.19341513514518738
42,59,0.19841265678405762
42,60,0.23154416680335999
42,61,0.1998927891254425
42,62,0.19837218523025513
42,63,0.20041076838970184
42,64,0.20946656167507172
42,65,0.19226032495498657
42,66,0.1971651315689087
42,67,0.1953837126493454
42,68,0.0920257493853569
42,69,0.09523386508226395
42,70,0.06909627467393875
42,71,0.17938722670078278
42,72,0.09170255810022354
42,73,0.07649525254964828
42,74,0.20955032110214233
42,75,0.1913725584745407
42,76,0.17766940593719482
42,77,0.21715857088565826
42,78,0.21574044227600098
42,79,0.04742587357759476
42,80,0.09220001101493835
42,81,0.19640663266181946
42,82,0.17312145233154297
42,83,0.1630232334136963
42,84,0.19813962280750275
42,85,0.1938546746969223
42,86,0.19896818697452545
42,87,0.19138909876346588
42,88,0.1965821534395218
42,89,0.0917593464255333
42,90,0.20138972997665405
42,91,0.6495242118835449
42,92,0.06505948305130005
42,93,0.1997123658657074
42,94,0.18502628803253174
42,95,0.08686789125204086
42,96,0.09138699620962143
42,97,0.19616234302520752
42,98,0.2018759846687317
42,99,0.14750319719314575
42,100,0.22001272439956665
42,101,0.08491484075784683
42,102,0.18996016681194305
42,103,0.19942694902420044
42,104,0.20283913612365723
42,105,0.08123033493757248
42,106,0.13199584186077118
42,107,0.1914026141166687
42,108,0.1971532255411148
42,109,0.18755778670310974
42,110,0.09034890681505203
42,111,0.5776010155677795
42,112,0.1806567907333374
42,113,0.15595607459545135
42,114,0.19806097447872162
42,115,0.09525568783283234
42,116,0.09006661176681519
42,117,0.19747039675712585
42,118,0.18115876615047455
42,119,0.655273973941803
42,120,0.1826116144657135
42,121,0.10592952370643616
42,122,0.19672144949436188
42,123,0.1884855479001999
42,124,0.18186230957508087
42,125,0.2000168263912201
42,126,0.06681539118289948
42,127,0.19539333879947662
42,128,0.16498853266239166
42,129,0.19745083153247833
42,130,0.06889200210571289
42,131,0.47419553995132446
42,132,0.6052330136299133
42,133,0.1427685022354126
42,134,0.20112161338329315
43,1,0.2857131063938141
43,2,0.8445308804512024
43,3,0.43387818336486816
43,4,0.19038067758083344
43,5,0.21991853415966034
43,6,0.3734900653362274
43,7,0.8286817073822021
43,8,0.1989157646894455
43,9,0.8664778470993042
43,10,0.868964672088623
43,11,0.8673404455184937
43,12,0.8676697015762329
43,13,0.8472933173179626
43,14,0.8652276396751404
43,15,0.8457474112510681
43,16,0.2530970871448517
43,17,0.8862144351005554
43,18,0.7459825873374939
43,19,0.571297824382782
43,20,0.8560512661933899
43,21,0.5855157375335693
43,22,0.8358121514320374
43,23,0.9077628254890442
43,24,0.18842512369155884
43,25,0.19736061990261078
43,26,0.8741366863250732
43,27,0.867391049861908
43,28,0.20716062188148499
43,29,0.8729175925254822
43,30,0.19326041638851166
43,31,0.1911117136478424
43,32,0.8556185364723206
43,33,0.8784802556037903
43,34,0.8741270899772644
43,35,0.829912006855011
43,36,0.8580984473228455
43,37,0.8177307844161987
43,38,0.8514020442962646
43,39,0.8358721137046814
43,40,0.19572289288043976
43,41,0.8560083508491516
43,42,0.9351876378059387
43,43,0.5
43,44,0.9213103652000427
43,45,0.5108113884925842
43,46,0.8569374084472656
43,47,0.9133853912353516
43,48,0.8737072944641113
43,49,0.831821620464325
43,50,0.8471255302429199
43,51,0.24647143483161926
43,52,0.8684683442115784
43,53,0.8644492030143738
43,54,0.8521284461021423
43,55,0.8702213168144226
43,56,0.846912145614624
43,57,0.8632106781005859
43,58,0.8565593957901001
43,59,0.8761865496635437
43,60,0.8641969561576843
43,61,0.8754313588142395
43,62,0.8660925626754761
43,63,0.8560779094696045
43,64,0.8731086850166321
43,65,0.8554377555847168
43,66,0.845162570476532
43,67,0.7897455096244812
43,68,0.1918613612651825
43,69,0.20440521836280823
43,70,0.45231515169143677
43,71,0.8563258051872253
43,72,0.5930379033088684
43,73,0.5761282444000244
43,74,0.817588210105896
43,75,0.8393967747688293
43,76,0.7291796207427979
43,77,0.8863668441772461
43,78,0.8869773745536804
43,79,0.5299213528633118
43,80,0.1939571350812912
43,81,0.8550314903259277
43,82,0.8391815423965454
43,83,0.3875653147697449
43,84,0.8591073751449585
43,85,0.8608946204185486
43,86,0.8626887202262878
43,87,0.8505505919456482
43,88,0.8739460706710815
43,89,0.18990729749202728
43,90,0.8641521334648132
43,91,0.8750366568565369
43,92,0.5548133850097656
43,93,0.7906646728515625
43,94,0.5529714822769165
43,95,0.579678475856781
43,96,0.22469422221183777
43,97,0.8467237949371338
43,98,0.837721586227417
43,99,0.8213682770729065
43,100,0.8606996536254883
43,101,0.6733121871948242
43,102,0.8707273602485657
43,103,0.8369280099868774
43,104,0.8316190838813782
43,105,0.6211541891098022
43,106,0.5492864847183228
43,107,0.8501164317131042
43,108,0.8173680305480957
43,109,0.8479725122451782
43,110,0.19962690770626068
43,111,0.9169782996177673
43,112,0.8304386734962463
43,113,0.8035914897918701
43,114,0.859132707118988
43,115,0.27554506063461304
43,116,0.20120981335639954
43,117,0.8394887447357178
43,118,0.8397741317749023
43,119,0.9163126945495605
43,120,0.8626776933670044
43,121,0.7682052850723267
43,122,0.8577941060066223
43,123,0.8589257597923279
43,124,0.8482449054718018
43,125,0.8214251399040222
43,126,0.5628648400306702
43,127,0.8391709327697754
43,128,0.7220431566238403
43,129,0.8663129806518555
43,130,0.6051539778709412
43,131,0.04742587357759476
43,132,0.9364978075027466
43,133,0.7054215669631958
43,134,0.8700205683708191
44,1,0.0967027097940445
44,2,0.13205116987228394
44,3,0.9525741338729858
44,4,0.1364983320236206
44,5,0.12877684831619263
44,6,0.10777163505554199
44,7,0.11536111682653427
44,8,0.13850350677967072
44,9,0.1270807683467865
44,10,0.12736164033412933
44,11,0.1330631524324417
44,12,0.12467632442712784
44,13,0.13422346115112305
44,14,0.1385905146598816
44,15,0.12262020260095596
44,16,0.14326949417591095
44,17,0.13472548127174377
44,18,0.1083434522151947
44,19,0.060901712626218796
44,20,0.12960581481456757
44,21,0.061616767197847366
44,22,0.14934417605400085
44,23,0.5101218819618225
44,24,0.13926167786121368
44,25,0.1339549571275711
44,26,0.1664353311061859
44,27,0.12714432179927826
44,28,0.13632036745548248
44,29,0.12611785531044006
44,30,0.13592645525932312
44,31,0.13744379580020905
44,32,0.12997758388519287
44,33,0.13500653207302094
44,34,0.12953424453735352
44,35,0.12272459268569946
44,36,0.1493242383003235
44,37,0.12789221107959747
44,38,0.1312454640865326
44,39,0.10627013444900513
44,40,0.13654232025146484
44,41,0.13435301184654236
44,42,0.3784244656562805
44,43,0.06866215169429779
44,44,0.5
44,45,0.06105992570519447
44,46,0.14001250267028809
44,47,0.23905226588249207
44,48,0.12659955024719238
44,49,0.1288464069366455
44,50,0.12670055031776428
44,51,0.12093539535999298
44,52,0.127183198928833
44,53,0.1307765543460846
44,54,0.12998545169830322
44,55,0.12689052522182465
44,56,0.12838225066661835
44,57,0.12331512570381165
44,58,0.12514778971672058
44,59,0.12927599251270294
44,60,0.15298864245414734
44,61,0.13201823830604553
44,62,0.13052994012832642
44,63,0.1317746341228485
44,64,0.137115940451622
44,65,0.12491998821496964
44,66,0.12802036106586456
44,67,0.12810130417346954
44,68,0.1374279409646988
44,69,0.13982316851615906
44,70,0.07844201475381851
44,71,0.11738644540309906
44,72,0.09268218278884888
44,73,0.06427601724863052
44,74,0.13526831567287445
44,75,0.1283477544784546
44,76,0.121544249355793
44,77,0.14333346486091614
44,78,0.14145319163799286
44,79,0.0501861609518528
44,80,0.1379528045654297
44,81,0.12773142755031586
44,82,0.11254143714904785
44,83,0.12202657014131546
44,84,0.1287093609571457
44,85,0.1253359317779541
44,86,0.12867607176303864
44,87,0.1263798624277115
44,88,0.12730294466018677
44,89,0.13748633861541748
44,90,0.13096830248832703
44,91,0.5327169895172119
44,92,0.07088098675012589
44,93,0.12940429151058197
44,94,0.12292291969060898
44,95,0.1045817881822586
44,96,0.13429248332977295
44,97,0.12885241210460663
44,98,0.1306292563676834
44,99,0.0952514111995697
44,100,0.14744246006011963
44,101,0.06485354900360107
44,102,0.1226225420832634
44,103,0.1291898787021637
44,104,0.13423573970794678
44,105,0.06856061518192291
44,106,0.11373210698366165
44,107,0.1248185858130455
44,108,0.12799926102161407
44,109,0.12139030545949936
44,110,0.13427568972110748
44,111,0.4556874930858612
44,112,0.11742270737886429
44,113,0.12036269903182983
44,114,0.12892663478851318
44,115,0.13912810385227203
44,116,0.13053695857524872
44,117,0.12859776616096497
44,118,0.13247323036193848
44,119,0.5392966270446777
44,120,0.11770804971456528
44,121,0.08796526491641998
44,122,0.12814927101135254
44,123,0.1418742835521698
44,124,0.13283710181713104
44,125,0.13168874382972717
44,126,0.07852079719305038
44,127,0.12939487397670746
44,128,0.12556849420070648
44,129,0.12793481349945068
44,130,0.061591148376464844
44,131,0.5962489247322083
44,132,0.48463761806488037
44,133,0.1476672887802124
44,134,0.132436603307724
45,1,0.286391019821167
45,2,0.8240346908569336
45,3,0.44762781262397766
45,4,0.19380562007427216
45,5,0.2502041161060333
45,6,0.3712003827095032
45,7,0.8298127055168152
45,8,0.1970454305410385
45,9,0.8571905493736267
45,10,0.8376796841621399
45,11,0.8456185460090637
45,12,0.8474554419517517
45,13,0.8233656287193298
45,14,0.8489059805870056
45,15,0.8202863931655884
45,16,0.23463545739650726
45,17,0.863496720790863
45,18,0.7572471499443054
45,19,0.5962209105491638
45,20,0.8405305743217468
45,21,0.5713881850242615
45,22,0.8256651163101196
45,23,0.9158288836479187
45,24,0.19234034419059753
45,25,0.20555229485034943
45,26,0.8616247773170471
45,27,0.8629120588302612
45,28,0.21033623814582825
45,29,0.8552393913269043
45,30,0.19671499729156494
45,31,0.19413819909095764
45,32,0.8374161720275879
45,33,0.8523069620132446
45,34,0.8584774136543274
45,35,0.8023264408111572
45,36,0.8467470407485962
45,37,0.8385354280471802
45,38,0.8378084897994995
45,39,0.8131263852119446
45,40,0.20487551391124725
45,41,0.8705805540084839
45,42,0.9386774897575378
45,43,0.4897061884403229
45,44,0.920939564704895
45,45,0.5
45,46,0.8330994844436646
45,47,0.8881625533103943
45,48,0.8614892959594727
45,49,0.8395146131515503
45,50,0.8285952210426331
45,51,0.2625485360622406
45,52,0.8516174554824829
45,53,0.8350005149841309
45,54,0.8256804347038269
45,55,0.8340638279914856
45,56,0.8417106866836548
45,57,0.8537752032279968
45,58,0.8418868780136108
45,59,0.8642247319221497
45,60,0.8532090187072754
45,61,0.8409862518310547
45,62,0.8522421717643738
45,63,0.8578258752822876
45,64,0.8731601238250732
45,65,0.8549596667289734
45,66,0.8263279795646667
45,67,0.8337613344192505
45,68,0.20699751377105713
45,69,0.20224694907665253
45,70,0.4444170892238617
45,71,0.8486928939819336
45,72,0.5786153674125671
45,73,0.5521838068962097
45,74,0.8340247273445129
45,75,0.8375891447067261
45,76,0.7411379814147949
45,77,0.8566619157791138
45,78,0.8714959025382996
45,79,0.5180509090423584
45,80,0.19622936844825745
45,81,0.8549163937568665
45,82,0.831570565700531
45,83,0.36315056681632996
45,84,0.8620278239250183
45,85,0.8599217534065247
45,86,0.8485565781593323
45,87,0.8218408226966858
45,88,0.8421966433525085
45,89,0.19193102419376373
45,90,0.853827178478241
45,91,0.878105878829956
45,92,0.5462572574615479
45,93,0.7809531092643738
45,94,0.6104096174240112
45,95,0.5174434781074524
45,96,0.22772756218910217
45,97,0.8227500915527344
45,98,0.8419906497001648
45,99,0.8091162443161011
45,100,0.8520073294639587
45,101,0.6536123156547546
45,102,0.8538814187049866
45,103,0.8228516578674316
45,104,0.8193232417106628
45,105,0.6113543510437012
45,106,0.5495326519012451
45,107,0.85410076379776
45,108,0.7692978382110596
45,109,0.8250340819358826
45,110,0.21373623609542847
45,111,0.9008288979530334
45,112,0.8148545622825623
45,113,0.8212481737136841
45,114,0.8617621064186096
45,115,0.28159600496292114
45,116,0.20642666518688202
45,117,0.8380096554756165
45,118,0.8277238607406616
45,119,0.9175547957420349
45,120,0.8195184469223022
45,121,0.7527220249176025
45,122,0.8497555255889893
45,123,0.8322132229804993
45,124,0.8257766962051392
45,125,0.8228694796562195
45,126,0.5553466081619263
45,127,0.8381667733192444
45,128,0.6904693245887756
45,129,0.8466047048568726
45,130,0.5739125609397888
45,131,0.04742587357759476
45,132,0.9236622452735901
45,133,0.6897490620613098
45,134,0.8325961232185364
46,1,0.05492492392659187
46,2,0.4961870610713959
46,3,0.8769257068634033
46,4,0.05787058547139168
46,5,0.055492401123046875
46,6,0.09871944040060043
46,7,0.44647282361984253
46,8,0.04809785261750221
46,9,0.510676920413971
46,10,0.5193134546279907
46,11,0.523539125919342
46,12,0.508861780166626
46,13,0.4823229908943176
46,14,0.49243173003196716
46,15,0.5072844624519348
46,16,0.07339930534362793
46,17,0.5382491946220398
46,18,0.35689571499824524
46,19,0.17801028490066528
46,20,0.5200234055519104
46,21,0.14082731306552887
46,22,0.5392378568649292
46,23,0.9017402529716492
46,24,0.054564815014600754
46,25,0.07072695344686508
46,26,0.6025671362876892
46,27,0.5192806124687195
46,28,0.05337619408965111
46,29,0.5165367126464844
46,30,0.0485447533428669
46,31,0.05577034875750542
46,32,0.5197661519050598
46,33,0.5230244994163513
46,34,0.5204476118087769
46,35,0.488406777381897
46,36,0.568699300289154
46,37,0.5134037733078003
46,38,0.5008344054222107
46,39,0.43004485964775085
46,40,0.054798632860183716
46,41,0.5354253053665161
46,42,0.8397314548492432
46,43,0.10823559015989304
46,44,0.8826523423194885
46,45,0.12032409757375717
46,46,0.5
46,47,0.7178083658218384
46,48,0.514655590057373
46,49,0.5121358036994934
46,50,0.5083643794059753
46,51,0.0973706990480423
46,52,0.5186880826950073
46,53,0.5082085132598877
46,54,0.51873779296875
46,55,0.5144325494766235
46,56,0.5101975202560425
46,57,0.5064820647239685
46,58,0.513098955154419
46,59,0.5207985639572144
46,60,0.5748251676559448
46,61,0.5180360078811646
46,62,0.5170705914497375
46,63,0.5216462016105652
46,64,0.5418533682823181
46,65,0.5049136281013489
46,66,0.5131596922874451
46,67,0.5117812156677246
46,68,0.05552152544260025
46,69,0.04742586612701416
46,70,0.10679295659065247
46,71,0.4854680299758911
46,72,0.19594138860702515
46,73,0.15118394792079926
46,74,0.5180476903915405
46,75,0.5026822090148926
46,76,0.3912169337272644
46,77,0.5543174743652344
46,78,0.5509311556816101
46,79,0.12624283134937286
46,80,0.05053466558456421
46,81,0.5189110636711121
46,82,0.4579790532588959
46,83,0.19413986802101135
46,84,0.5178311467170715
46,85,0.5136025547981262
46,86,0.521632194519043
46,87,0.5018674731254578
46,88,0.5165948867797852
46,89,0.04871363565325737
46,90,0.5227471590042114
46,91,0.870446503162384
46,92,0.16318657994270325
46,93,0.46600762009620667
46,94,0.2789657413959503
46,95,0.1887354701757431
46,96,0.06800401955842972
46,97,0.5124223828315735
46,98,0.523614227771759
46,99,0.41737139225006104
46,100,0.5564641356468201
46,101,0.21684977412223816
46,102,0.5050486326217651
46,103,0.5163547396659851
46,104,0.5198631882667542
46,105,0.19293212890625
46,106,0.18589679896831512
46,107,0.5052229166030884
46,108,0.4887066185474396
46,109,0.4998331665992737
46,110,0.058614544570446014
46,111,0.8612220883369446
46,112,0.4705904424190521
46,113,0.4715503454208374
46,114,0.5199440121650696
46,115,0.0706988200545311
46,116,0.06148436665534973
46,117,0.5084867477416992
46,118,0.4880474805831909
46,119,0.9148090481758118
46,120,0.4930674731731415
46,121,0.3307075798511505
46,122,0.5135192275047302
46,123,0.5017151236534119
46,124,0.48779597878456116
46,125,0.5134149789810181
46,126,0.18245312571525574
46,127,0.5050687789916992
46,128,0.3500370979309082
46,129,0.5192967653274536
46,130,0.1877303272485733
46,131,0.14404042065143585
46,132,0.8946017622947693
46,133,0.2945096790790558
46,134,0.5161187648773193
47,1,0.048127442598342896
47,2,0.30351904034614563
47,3,0.9331635236740112
47,4,0.06687338650226593
47,5,0.047425881028175354
47,6,0.07499898225069046
47,7,0.2598150372505188
47,8,0.05608854442834854
47,9,0.3096802532672882
47,10,0.31466078758239746
47,11,0.31903979182243347
47,12,0.3069043755531311
47,13,0.28671905398368835
47,14,0.29476794600486755
47,15,0.30543839931488037
47,16,0.06902039796113968
47,17,0.32927754521369934
47,18,0.2366342693567276
47,19,0.11401067674160004
47,20,0.3179537355899811
47,21,0.08839403092861176
47,22,0.33347997069358826
47,23,0.7704688906669617
47,24,0.05880380794405937
47,25,0.07929681241512299
47,26,0.3844715654850006
47,27,0.3141614496707916
47,28,0.04922580346465111
47,29,0.3125873804092407
47,30,0.05709099397063255
47,31,0.0561642162501812
47,32,0.31577640771865845
47,33,0.31857725977897644
47,34,0.3150002956390381
47,35,0.2909542918205261
47,36,0.35551217198371887
47,37,0.31175628304481506
47,38,0.2999705374240875
47,39,0.249221071600914
47,40,0.05718248337507248
47,41,0.3278598189353943
47,42,0.661462664604187
47,43,0.07414966821670532
47,44,0.7633064985275269
47,45,0.08847420662641525
47,46,0.2995775640010834
47,47,0.5
47,48,0.31044963002204895
47,49,0.31151318550109863
47,50,0.30964329838752747
47,51,0.09134228527545929
47,52,0.31380078196525574
47,53,0.30629676580429077
47,54,0.3164483606815338
47,55,0.3106189966201782
47,56,0.3074447512626648
47,57,0.30474820733070374
47,58,0.31012609601020813
47,59,0.31495335698127747
47,60,0.3624504804611206
47,61,0.31796085834503174
47,62,0.3129369020462036
47,63,0.31678780913352966
47,64,0.3326374590396881
47,65,0.30406713485717773
47,66,0.3110886216163635
47,67,0.3119286596775055
47,68,0.058221235871315
47,69,0.05053035542368889
47,70,0.08826196938753128
47,71,0.288794606924057
47,72,0.13208958506584167
47,73,0.08734704554080963
47,74,0.324104905128479
47,75,0.30174434185028076
47,76,0.24957937002182007
47,77,0.3427860140800476
47,78,0.3409228026866913
47,79,0.07661084085702896
47,80,0.05486687645316124
47,81,0.314071387052536
47,82,0.27559894323349
47,83,0.1857607215642929
47,84,0.3153233230113983
47,85,0.31019091606140137
47,86,0.31694522500038147
47,87,0.3060950040817261
47,88,0.3124873638153076
47,89,0.056302398443222046
47,90,0.31885862350463867
47,91,0.7865966558456421
47,92,0.10668602585792542
47,93,0.3075907528400421
47,94,0.22394846379756927
47,95,0.1396312415599823
47,96,0.06676104664802551
47,97,0.3106197118759155
47,98,0.3202340304851532
47,99,0.2414376139640808
47,100,0.3455779552459717
47,101,0.12137282639741898
47,102,0.3039461374282837
47,103,0.31440383195877075
47,104,0.318411260843277
47,105,0.1402883678674698
47,106,0.17407536506652832
47,107,0.30507877469062805
47,108,0.3139929175376892
47,109,0.3012513518333435
47,110,0.056230247020721436
47,111,0.7293718457221985
47,112,0.2816236913204193
47,113,0.2808394730091095
47,114,0.3155268728733063
47,115,0.07159752398729324
47,116,0.07655611634254456
47,117,0.3066463768482208
47,118,0.2907871603965759
47,119,0.7905038595199585
47,120,0.29432764649391174
47,121,0.20340746641159058
47,122,0.3106319010257721
47,123,0.30024319887161255
47,124,0.2906259298324585
47,125,0.31418460607528687
47,126,0.11511445045471191
47,127,0.31111231446266174
47,128,0.22343885898590088
47,129,0.31561294198036194
47,130,0.11499029397964478
47,131,0.3149913251399994
47,132,0.7521050572395325
47,133,0.1894332617521286
47,134,0.31808415055274963
48,1,0.05394946411252022
48,2,0.48296546936035156
48,3,0.8663814663887024
48,4,0.05630960687994957
48,5,0.04944734275341034
48,6,0.09331589192152023
48,7,0.4373432695865631
48,8,0.04742587357759476
48,9,0.4962901771068573
48,10,0.5047349333763123
48,11,0.5089702010154724
48,12,0.4939369261264801
48,13,0.4679982662200928
48,14,0.47956234216690063
48,15,0.4939262270927429
48,16,0.07062456011772156
48,17,0.5220311284065247
48,18,0.3604247570037842
48,19,0.16319671273231506
48,20,0.5078368782997131
48,21,0.14739733934402466
48,22,0.48853442072868347
48,23,0.863913357257843
48,24,0.05183105170726776
48,25,0.07044629007577896
48,26,0.5819697380065918
48,27,0.5046869516372681
48,28,0.05126471817493439
48,29,0.502346396446228
48,30,0.049598563462495804
48,31,0.053159818053245544
48,32,0.5055824518203735
48,33,0.5076969861984253
48,34,0.5044320821762085
48,35,0.4747008681297302
48,36,0.5499917268753052
48,37,0.4993903934955597
48,38,0.48559820652008057
48,39,0.4163094162940979
48,40,0.05434668809175491
48,41,0.5199781060218811
48,42,0.8149735331535339
48,43,0.10950295627117157
48,44,0.878117024898529
48,45,0.11104396730661392
48,46,0.48651936650276184
48,47,0.6914409399032593
48,48,0.5
48,49,0.4989110231399536
48,50,0.4965805411338806
48,51,0.09351418912410736
48,52,0.5040023922920227
48,53,0.49101418256759644
48,54,0.5026683211326599
48,55,0.4995643198490143
48,56,0.4954894185066223
48,57,0.4913595914840698
48,58,0.49962738156318665
48,59,0.5055763125419617
48,60,0.5583500862121582
48,61,0.5044939517974854
48,62,0.5014708042144775
48,63,0.5062853693962097
48,64,0.5256783366203308
48,65,0.4903686046600342
48,66,0.49802863597869873
48,67,0.5001981854438782
48,68,0.05243323743343353
48,69,0.0492844320833683
48,70,0.10900812596082687
48,71,0.4732367694377899
48,72,0.18095237016677856
48,73,0.16702155768871307
48,74,0.5044264197349548
48,75,0.48834511637687683
48,76,0.39251068234443665
48,77,0.5370038747787476
48,78,0.5348783135414124
48,79,0.11900608986616135
48,80,0.04852908477187157
48,81,0.5046337246894836
48,82,0.4564444422721863
48,83,0.20690877735614777
48,84,0.5047019720077515
48,85,0.4995170831680298
48,86,0.5076196193695068
48,87,0.4923860728740692
48,88,0.5014964938163757
48,89,0.048456501215696335
48,90,0.5079208612442017
48,91,0.8700281381607056
48,92,0.15852653980255127
48,93,0.46051546931266785
48,94,0.32118380069732666
48,95,0.19525502622127533
48,96,0.06326434761285782
48,97,0.49844488501548767
48,98,0.5110477805137634
48,99,0.4130748212337494
48,100,0.5382220149040222
48,101,0.20825056731700897
48,102,0.4915962815284729
48,103,0.5038768649101257
48,104,0.5057425498962402
48,105,0.17664623260498047
48,106,0.20196503400802612
48,107,0.4903148114681244
48,108,0.5002474188804626
48,109,0.48759710788726807
48,110,0.056221768260002136
48,111,0.858328104019165
48,112,0.45566418766975403
48,113,0.4232947528362274
48,114,0.504958987236023
48,115,0.06407688558101654
48,116,0.07166683673858643
48,117,0.4942913055419922
48,118,0.47577911615371704
48,119,0.8761910796165466
48,120,0.4807732105255127
48,121,0.31446143984794617
48,122,0.49981528520584106
48,123,0.4867229759693146
48,124,0.4706552028656006
48,125,0.5007535815238953
48,126,0.16790369153022766
48,127,0.49596136808395386
48,128,0.382111132144928
48,129,0.5044664144515991
48,130,0.17592781782150269
48,131,0.1694541722536087
48,132,0.873047411441803
48,133,0.30605897307395935
48,134,0.5061486959457397
49,1,0.06320516020059586
49,2,0.48271602392196655
49,3,0.8913610577583313
49,4,0.05792029947042465
49,5,0.05807402357459068
49,6,0.07000567018985748
49,7,0.425014853477478
49,8,0.05633924528956413
49,9,0.4990254044532776
49,10,0.504474401473999
49,11,0.5071214437484741
49,12,0.4903275966644287
49,13,0.4604024291038513
49,14,0.4779406487941742
49,15,0.4928010404109955
49,16,0.06359586864709854
49,17,0.5237463116645813
49,18,0.34869346022605896
49,19,0.15902037918567657
49,20,0.5092372894287109
49,21,0.15058308839797974
49,22,0.42010781168937683
49,23,0.8926064968109131
49,24,0.04837053269147873
49,25,0.07825259119272232
49,26,0.5934549570083618
49,27,0.5056061148643494
49,28,0.05280785635113716
49,29,0.5020821690559387
49,30,0.05874065309762955
49,31,0.05166906863451004
49,32,0.5063296556472778
49,33,0.5113779306411743
49,34,0.5042115449905396
49,35,0.5086929798126221
49,36,0.5575423836708069
49,37,0.5014824867248535
49,38,0.48383045196533203
49,39,0.40433797240257263
49,40,0.05377575382590294
49,41,0.5232347249984741
49,42,0.8429050445556641
49,43,0.11936340481042862
49,44,0.9050332903862
49,45,0.10224172472953796
49,46,0.4871223270893097
49,47,0.7160781621932983
49,48,0.5012564063072205
49,49,0.5
49,50,0.4932308495044708
49,51,0.12356612831354141
49,52,0.5023725032806396
49,53,0.4813830554485321
49,54,0.5045544505119324
49,55,0.496893972158432
49,56,0.49498558044433594
49,57,0.478099524974823
49,58,0.49731209874153137
49,59,0.5050162076950073
49,60,0.5659935474395752
49,61,0.5089301466941833
49,62,0.49863484501838684
49,63,0.5055988430976868
49,64,0.5291211009025574
49,65,0.4930405616760254
49,66,0.5015389919281006
49,67,0.49620574712753296
49,68,0.04742586612701416
49,69,0.054334867745637894
49,70,0.1093791276216507
49,71,0.4701428711414337
49,72,0.20232319831848145
49,73,0.14034080505371094
49,74,0.5087790489196777
49,75,0.4879269003868103
49,76,0.3848375380039215
49,77,0.5420064330101013
49,78,0.5380326509475708
49,79,0.1008850485086441
49,80,0.0499122254550457
49,81,0.5048320889472961
49,82,0.45050013065338135
49,83,0.25388485193252563
49,84,0.5046037435531616
49,85,0.49932700395584106
49,86,0.5081977844238281
49,87,0.4924648702144623
49,88,0.5026875734329224
49,89,0.06543459743261337
49,90,0.5083761215209961
49,91,0.8627301454544067
49,92,0.13089706003665924
49,93,0.4914340376853943
49,94,0.41174614429473877
49,95,0.2003517597913742
49,96,0.061674512922763824
49,97,0.49560099840164185
49,98,0.5100674033164978
49,99,0.3966791331768036
49,100,0.5434962511062622
49,101,0.18091560900211334
49,102,0.4889925718307495
49,103,0.5008653402328491
49,104,0.5101803541183472
49,105,0.1923585683107376
49,106,0.25199002027511597
49,107,0.4883776009082794
49,108,0.5001708269119263
49,109,0.48272061347961426
49,110,0.056502629071474075
49,111,0.8849993348121643
49,112,0.4656991958618164
49,113,0.4142118990421295
49,114,0.5020444393157959
49,115,0.08515863120555878
49,116,0.07064781337976456
49,117,0.4876772165298462
49,118,0.47259917855262756
49,119,0.8844959139823914
49,120,0.47658732533454895
49,121,0.32285210490226746
49,122,0.49602487683296204
49,123,0.4879530072212219
49,124,0.4709784686565399
49,125,0.49936673045158386
49,126,0.16238641738891602
49,127,0.49666181206703186
49,128,0.37311285734176636
49,129,0.505918562412262
49,130,0.18587133288383484
49,131,0.1431742161512375
49,132,0.898899257183075
49,133,0.33380836248397827
49,134,0.5092161893844604
50,1,0.07324003428220749
50,2,0.4897049069404602
50,3,0.8629526495933533
50,4,0.05830095335841179
50,5,0.07298143208026886
50,6,0.1262904405593872
50,7,0.4691333472728729
50,8,0.04742586612701416
50,9,0.5026975274085999
50,10,0.5091541409492493
50,11,0.5180703997612
50,12,0.5018927454948425
50,13,0.48122453689575195
50,14,0.4863240718841553
50,15,0.49959346652030945
50,16,0.08169841021299362
50,17,0.5261037349700928
50,18,0.31757980585098267
50,19,0.17693933844566345
50,20,0.5118162631988525
50,21,0.16607613861560822
50,22,0.48423251509666443
50,23,0.8906343579292297
50,24,0.05042152479290962
50,25,0.07609102129936218
50,26,0.5883933305740356
50,27,0.5094259977340698
50,28,0.06232831999659538
50,29,0.5070397853851318
50,30,0.05353565141558647
50,31,0.04976317659020424
50,32,0.5105862021446228
50,33,0.515908420085907
50,34,0.5089131593704224
50,35,0.4903923273086548
50,36,0.5566573739051819
50,37,0.5057771801948547
50,38,0.4903199374675751
50,39,0.4202900528907776
50,40,0.06461551040410995
50,41,0.5242441892623901
50,42,0.8219243884086609
50,43,0.12698759138584137
50,44,0.8860391974449158
50,45,0.13430987298488617
50,46,0.4920058846473694
50,47,0.6989600658416748
50,48,0.5035530924797058
50,49,0.5060966610908508
50,50,0.5
50,51,0.08861584216356277
50,52,0.5091130137443542
50,53,0.49514973163604736
50,54,0.5089027285575867
50,55,0.5040114521980286
50,56,0.5003153085708618
50,57,0.4939582347869873
50,58,0.5047884583473206
50,59,0.5091355443000793
50,60,0.5642377138137817
50,61,0.5089316964149475
50,62,0.5049029588699341
50,63,0.5111936330795288
50,64,0.531874418258667
50,65,0.49658501148223877
50,66,0.5019822120666504
50,67,0.5065993666648865
50,68,0.055102940648794174
50,69,0.05849926173686981
50,70,0.14704525470733643
50,71,0.4772849678993225
50,72,0.2297455221414566
50,73,0.170609712600708
50,74,0.4993877708911896
50,75,0.4967142641544342
50,76,0.36705341935157776
50,77,0.5418266654014587
50,78,0.537905752658844
50,79,0.14079193770885468
50,80,0.050710275769233704
50,81,0.507719099521637
50,82,0.4587276875972748
50,83,0.19838687777519226
50,84,0.5120373964309692
50,85,0.5048916935920715
50,86,0.5108789205551147
50,87,0.5000482201576233
50,88,0.5055542588233948
50,89,0.053828321397304535
50,90,0.5135852694511414
50,91,0.8593924641609192
50,92,0.1606113612651825
50,93,0.466312438249588
50,94,0.31075236201286316
50,95,0.20833450555801392
50,96,0.06263971328735352
50,97,0.5033404231071472
50,98,0.5175551176071167
50,99,0.41593363881111145
50,100,0.5423370599746704
50,101,0.2133186161518097
50,102,0.49546173214912415
50,103,0.5084287524223328
50,104,0.5111515522003174
50,105,0.1999496966600418
50,106,0.2421683818101883
50,107,0.49454134702682495
50,108,0.507122814655304
50,109,0.4893878996372223
50,110,0.06513658910989761
50,111,0.8665869235992432
50,112,0.46195533871650696
50,113,0.4274536967277527
50,114,0.5089300274848938
50,115,0.06440908461809158
50,116,0.07214512676000595
50,117,0.49997615814208984
50,118,0.4818185865879059
50,119,0.9017012715339661
50,120,0.4849183261394501
50,121,0.3295469582080841
50,122,0.5070817470550537
50,123,0.49142563343048096
50,124,0.4785088300704956
50,125,0.50510174036026
50,126,0.19472011923789978
50,127,0.5020105242729187
50,128,0.3850077688694
50,129,0.510062038898468
50,130,0.19405385851860046
50,131,0.16333486139774323
50,132,0.879668653011322
50,133,0.31289732456207275
50,134,0.51153564453125
51,1,0.5916445255279541
51,2,0.9312052726745605
51,3,0.14753274619579315
51,4,0.4087318181991577
51,5,0.5288090705871582
51,6,0.686028003692627
51,7,0.9147139191627502
51,8,0.42235979437828064
51,9,0.9505762457847595
51,10,0.9395250678062439
51,11,0.8799177408218384
51,12,0.9136358499526978
51,13,0.9336526989936829
51,14,0.8653979897499084
51,15,0.9399142861366272
51,16,0.545444130897522
51,17,0.9492149949073792
51,18,0.8201258182525635
51,19,0.8653912544250488
51,20,0.9313370585441589
51,21,0.8484051823616028
51,22,0.8403034210205078
51,23,0.8887775540351868
51,24,0.40248188376426697
51,25,0.4424903392791748
51,26,0.9232036471366882
51,27,0.9390405416488647
51,28,0.486215740442276
51,29,0.9440001249313354
51,30,0.4433917701244354
51,31,0.4048193693161011
51,32,0.9301195740699768
51,33,0.9058175683021545
51,34,0.925062358379364
51,35,0.890261173248291
51,36,0.9469642639160156
51,37,0.9182572960853577
51,38,0.9241905808448792
51,39,0.9258558750152588
51,40,0.45587754249572754
51,41,0.9443811178207397
51,42,0.9370295405387878
51,43,0.800156831741333
51,44,0.910801351070404
51,45,0.7935643792152405
51,46,0.9126484990119934
51,47,0.9346897602081299
51,48,0.9310047626495361
51,49,0.8749396204948425
51,50,0.9288817048072815
51,51,0.5
51,52,0.9235928654670715
51,53,0.9105676412582397
51,54,0.8978224992752075
51,55,0.9284914135932922
51,56,0.9006511569023132
51,57,0.8832049369812012
51,58,0.9303848147392273
51,59,0.9405465722084045
51,60,0.8905042409896851
51,61,0.9317895770072937
51,62,0.898308515548706
51,63,0.9240125417709351
51,64,0.9242345690727234
51,65,0.9253343939781189
51,66,0.9284465909004211
51,67,0.8197555541992188
51,68,0.4052652418613434
51,69,0.47658267617225647
51,70,0.7879303693771362
51,71,0.9315154552459717
51,72,0.8789299726486206
51,73,0.8084046244621277
51,74,0.8300721049308777
51,75,0.9155187606811523
51,76,0.8003910183906555
51,77,0.9324986934661865
51,78,0.9111050367355347
51,79,0.8138065338134766
51,80,0.4175039231777191
51,81,0.8852494359016418
51,82,0.9018300771713257
51,83,0.6056328415870667
51,84,0.8796170353889465
51,85,0.9388051629066467
51,86,0.9468461275100708
51,87,0.9307379722595215
51,88,0.9384036660194397
51,89,0.45267146825790405
51,90,0.9091880321502686
51,91,0.8900870680809021
51,92,0.8066160082817078
51,93,0.856462299823761
51,94,0.6673508882522583
51,95,0.8198233246803284
51,96,0.3780471086502075
51,97,0.9206824898719788
51,98,0.8864215612411499
51,99,0.895386278629303
51,100,0.9227553009986877
51,101,0.8790192604064941
51,102,0.9422087669372559
51,103,0.883087694644928
51,104,0.9275120496749878
51,105,0.8110582828521729
51,106,0.6126272082328796
51,107,0.9173654317855835
51,108,0.8906593322753906
51,109,0.9014556407928467
51,110,0.4490191340446472
51,111,0.9027568697929382
51,112,0.9358211159706116
51,113,0.8573673367500305
51,114,0.8858466148376465
51,115,0.4081474244594574
51,116,0.37546616792678833
51,117,0.8436791300773621
51,118,0.9061208963394165
51,119,0.8934254050254822
51,120,0.9241332411766052
51,121,0.8623585104942322
51,122,0.886121928691864
51,123,0.9092163443565369
51,124,0.9100586771965027
51,125,0.8944824934005737
51,126,0.8393360376358032
51,127,0.927043616771698
51,128,0.9044671654701233
51,129,0.9112860560417175
51,130,0.8324188590049744
51,131,0.09191003441810608
51,132,0.9029219150543213
51,133,0.9169825911521912
51,134,0.9525741338729858
52,1,0.06716381758451462
52,2,0.47841307520866394
52,3,0.8672558069229126
52,4,0.060678791254758835
52,5,0.058073922991752625
52,6,0.08804555982351303
52,7,0.43545398116111755
52,8,0.05277495086193085
52,9,0.4920782744884491
52,10,0.500730037689209
52,11,0.5054281949996948
52,12,0.4906596541404724
52,13,0.4657934308052063
52,14,0.47712036967277527
52,15,0.49004843831062317
52,16,0.05654026195406914
52,17,0.5175122022628784
52,18,0.32502371072769165
52,19,0.17542527616024017
52,20,0.5039295554161072
52,21,0.1476546972990036
52,22,0.5089083313941956
52,23,0.8803736567497253
52,24,0.051607050001621246
52,25,0.07299888879060745
52,26,0.5775187015533447
52,27,0.50075364112854
52,28,0.05028092488646507
52,29,0.49844038486480713
52,30,0.052750155329704285
52,31,0.04742587357759476
52,32,0.502073347568512
52,33,0.5069170594215393
52,34,0.500621497631073
52,35,0.5098439455032349
52,36,0.5467254519462585
52,37,0.4961208701133728
52,38,0.48207521438598633
52,39,0.4052674472332001
52,40,0.05376551300287247
52,41,0.5162208676338196
52,42,0.812420129776001
52,43,0.11485665291547775
52,44,0.8772074580192566
52,45,0.12072993814945221
52,46,0.4828367233276367
52,47,0.6877977848052979
52,48,0.4960038661956787
52,49,0.4979467988014221
52,50,0.4912433624267578
52,51,0.10229238122701645
52,52,0.5
52,53,0.48852798342704773
52,54,0.5033968091011047
52,55,0.4953363239765167
52,56,0.4910060167312622
52,57,0.48643842339515686
52,58,0.4952888488769531
52,59,0.5014162063598633
52,60,0.5542300343513489
52,61,0.5039260983467102
52,62,0.4960666298866272
52,63,0.502265214920044
52,64,0.5216286182403564
52,65,0.4916120171546936
52,66,0.4966389834880829
52,67,0.49570098519325256
52,68,0.05529655143618584
52,69,0.04830174520611763
52,70,0.11677881330251694
52,71,0.46973225474357605
52,72,0.19012059271335602
52,73,0.16751940548419952
52,74,0.49345600605010986
52,75,0.48400989174842834
52,76,0.37743890285491943
52,77,0.5329778790473938
52,78,0.5304839015007019
52,79,0.12847481667995453
52,80,0.0531168095767498
52,81,0.5003249645233154
52,82,0.4519582986831665
52,83,0.25100472569465637
52,84,0.5027192234992981
52,85,0.4948731064796448
52,86,0.5039380788803101
52,87,0.48860105872154236
52,88,0.49888521432876587
52,89,0.05024164915084839
52,90,0.507405698299408
52,91,0.8683233857154846
52,92,0.16469284892082214
52,93,0.46179044246673584
52,94,0.3697076141834259
52,95,0.21069303154945374
52,96,0.06539478898048401
52,97,0.49419090151786804
52,98,0.5078085064888
52,99,0.4090409278869629
52,100,0.5340964794158936
52,101,0.21460366249084473
52,102,0.48678866028785706
52,103,0.5010828375816345
52,104,0.503722071647644
52,105,0.18554937839508057
52,106,0.2410132884979248
52,107,0.48710551857948303
52,108,0.4980480968952179
52,109,0.4826723039150238
52,110,0.055894434452056885
52,111,0.8564079999923706
52,112,0.46939727663993835
52,113,0.43958985805511475
52,114,0.500101625919342
52,115,0.07789330929517746
52,116,0.07846251130104065
52,117,0.4897057116031647
52,118,0.47156789898872375
52,119,0.885164201259613
52,120,0.4764608144760132
52,121,0.31922873854637146
52,122,0.4940567910671234
52,123,0.4836330711841583
52,124,0.4728597104549408
52,125,0.4978526532649994
52,126,0.17373597621917725
52,127,0.4940788447856903
52,128,0.3824545741081238
52,129,0.5013760328292847
52,130,0.18313220143318176
52,131,0.17211760580539703
52,132,0.8707555532455444
52,133,0.32989129424095154
52,134,0.5064480304718018
53,1,0.06073538959026337
53,2,0.48360514640808105
53,3,0.8810368180274963
53,4,0.057766225188970566
53,5,0.05379709601402283
53,6,0.059582147747278214
53,7,0.455653578042984
53,8,0.049919307231903076
53,9,0.5056974291801453
53,10,0.520537793636322
53,11,0.5231577754020691
53,12,0.5028194189071655
53,13,0.4738096296787262
53,14,0.4912011921405792
53,15,0.5031799674034119
53,16,0.06038066744804382
53,17,0.5375354290008545
53,18,0.39493313431739807
53,19,0.14338064193725586
53,20,0.5168953537940979
53,21,0.13036873936653137
53,22,0.4851105809211731
53,23,0.8893247246742249
53,24,0.04742587357759476
53,25,0.07426988333463669
53,26,0.598983645439148
53,27,0.5165885090827942
53,28,0.04743203520774841
53,29,0.5135360956192017
53,30,0.04848739132285118
53,31,0.04770643636584282
53,32,0.5163874626159668
53,33,0.5246766805648804
53,34,0.5147063136100769
53,35,0.5270935893058777
53,36,0.5631935596466064
53,37,0.5074766874313354
53,38,0.49118462204933167
53,39,0.4135171175003052
53,40,0.05201428383588791
53,41,0.5322330594062805
53,42,0.8366725444793701
53,43,0.09457357227802277
53,44,0.8983602523803711
53,45,0.11140143126249313
53,46,0.4915045201778412
53,47,0.7170864939689636
53,48,0.5101107954978943
53,49,0.5181577801704407
53,50,0.5052523612976074
53,51,0.0928540900349617
53,52,0.5129281878471375
53,53,0.5
53,54,0.5164723992347717
53,55,0.5067954063415527
53,56,0.5056648254394531
53,57,0.5039321780204773
53,58,0.5093571543693542
53,59,0.5100616216659546
53,60,0.5809443593025208
53,61,0.517302393913269
53,62,0.5123533010482788
53,63,0.5158132910728455
53,64,0.53949373960495
53,65,0.5046676397323608
53,66,0.5195872187614441
53,67,0.5123061537742615
53,68,0.05277406796813011
53,69,0.05052939057350159
53,70,0.09677862375974655
53,71,0.480164498090744
53,72,0.1690513789653778
53,73,0.16090820729732513
53,74,0.5276719927787781
53,75,0.4972544014453888
53,76,0.4112568497657776
53,77,0.5501124262809753
53,78,0.5481998324394226
53,79,0.11996295303106308
53,80,0.048839133232831955
53,81,0.5179898738861084
53,82,0.4661136865615845
53,83,0.28937792778015137
53,84,0.5199996829032898
53,85,0.5117393732070923
53,86,0.5188862085342407
53,87,0.5032539963722229
53,88,0.5124586820602417
53,89,0.04914647340774536
53,90,0.5207719802856445
53,91,0.8789209723472595
53,92,0.1348227560520172
53,93,0.5124934315681458
53,94,0.3991776704788208
53,95,0.17777834832668304
53,96,0.0575137585401535
53,97,0.5053736567497253
53,98,0.5222886204719543
53,99,0.4193098843097687
53,100,0.5504642724990845
53,101,0.18943195044994354
53,102,0.500763475894928
53,103,0.515720546245575
53,104,0.515788733959198
53,105,0.15766191482543945
53,106,0.2895633578300476
53,107,0.5014795064926147
53,108,0.5194427967071533
53,109,0.49187901616096497
53,110,0.056030258536338806
53,111,0.8826740980148315
53,112,0.47770920395851135
53,113,0.4238067865371704
53,114,0.5168262124061584
53,115,0.07889483124017715
53,116,0.07660865038633347
53,117,0.5132037997245789
53,118,0.48325711488723755
53,119,0.8906385898590088
53,120,0.48938918113708496
53,121,0.30794090032577515
53,122,0.5146294832229614
53,123,0.4936080276966095
53,124,0.4791044294834137
53,125,0.5081768035888672
53,126,0.12577879428863525
53,127,0.505949854850769
53,128,0.37807148694992065
53,129,0.5180675983428955
53,130,0.15648096799850464
53,131,0.1472259908914566
53,132,0.8952985405921936
53,133,0.2780804932117462
53,134,0.5169743895530701
54,1,0.06734319031238556
54,2,0.46559765934944153
54,3,0.8941451907157898
54,4,0.06662914156913757
54,5,0.056403059512376785
54,6,0.09693483263254166
54,7,0.42135903239250183
54,8,0.0514628104865551
54,9,0.4918532371520996
54,10,0.5016982555389404
54,11,0.5041996836662292
54,12,0.48430296778678894
54,13,0.4590037763118744
54,14,0.4717523455619812
54,15,0.48795369267463684
54,16,0.07450160384178162
54,17,0.5211635231971741
54,18,0.3388981223106384
54,19,0.16146960854530334
54,20,0.5047006607055664
54,21,0.12404382973909378
54,22,0.4826370179653168
54,23,0.9078322649002075
54,24,0.05749087780714035
54,25,0.06840711832046509
54,26,0.5873295068740845
54,27,0.5003845691680908
54,28,0.05692457780241966
54,29,0.49719637632369995
54,30,0.05529329180717468
54,31,0.0490744486451149
54,32,0.5006441473960876
54,33,0.5061345100402832
54,34,0.4987334609031677
54,35,0.46585679054260254
54,36,0.5534008145332336
54,37,0.49753186106681824
54,38,0.4822222888469696
54,39,0.3956904709339142
54,40,0.06543868780136108
54,41,0.5185332298278809
54,42,0.8416058421134949
54,43,0.10036411881446838
54,44,0.9043307304382324
54,45,0.11449616402387619
54,46,0.48008403182029724
54,47,0.7109242677688599
54,48,0.49691641330718994
54,49,0.4954379200935364
54,50,0.4900987148284912
54,51,0.10044560581445694
54,52,0.49606841802597046
54,53,0.4830826222896576
54,54,0.5
54,55,0.4914257526397705
54,56,0.4881424009799957
54,57,0.48186495900154114
54,58,0.4933980107307434
54,59,0.4991365075111389
54,60,0.5593169331550598
54,61,0.502772867679596
54,62,0.49288246035575867
54,63,0.49852490425109863
54,64,0.5247730612754822
54,65,0.4878556728363037
54,66,0.49248629808425903
54,67,0.4901541471481323
54,68,0.06207335367798805
54,69,0.05832696706056595
54,70,0.11404679715633392
54,71,0.4658048152923584
54,72,0.184835746884346
54,73,0.13879269361495972
54,74,0.496707558631897
54,75,0.48047322034835815
54,76,0.3544003963470459
54,77,0.5385011434555054
54,78,0.53379887342453
54,79,0.11200813204050064
54,80,0.055654287338256836
54,81,0.4965893626213074
54,82,0.4467688500881195
54,83,0.24364376068115234
54,84,0.4959653317928314
54,85,0.4939521849155426
54,86,0.5041855573654175
54,87,0.4854080379009247
54,88,0.4963739216327667
54,89,0.04742586612701416
54,90,0.5016800761222839
54,91,0.8806973695755005
54,92,0.16426964104175568
54,93,0.4951086938381195
54,94,0.3564549684524536
54,95,0.1988239735364914
54,96,0.06749404221773148
54,97,0.4885779023170471
54,98,0.5012394785881042
54,99,0.3886711299419403
54,100,0.5367175936698914
54,101,0.19813309609889984
54,102,0.48519688844680786
54,103,0.4956987500190735
54,104,0.5008019208908081
54,105,0.18823203444480896
54,106,0.20086242258548737
54,107,0.48628106713294983
54,108,0.4942277669906616
54,109,0.4789986312389374
54,110,0.06435032188892365
54,111,0.8855176568031311
54,112,0.4501747786998749
54,113,0.4495433270931244
54,114,0.4935760796070099
54,115,0.0733131691813469
54,116,0.08352592587471008
54,117,0.4843987226486206
54,118,0.46484026312828064
54,119,0.918122410774231
54,120,0.47236111760139465
54,121,0.3020195960998535
54,122,0.4942627251148224
54,123,0.48044148087501526
54,124,0.4642583429813385
54,125,0.4938655197620392
54,126,0.1537027806043625
54,127,0.4921378493309021
54,128,0.3812302052974701
54,129,0.49709245562553406
54,130,0.16603142023086548
54,131,0.14545825123786926
54,132,0.898128867149353
54,133,0.28401365876197815
54,134,0.5043807625770569
55,1,0.07026433944702148
55,2,0.4848010838031769
55,3,0.8784656524658203
55,4,0.05894273892045021
55,5,0.0569474920630455
55,6,0.0740637332201004
55,7,0.4454071819782257
55,8,0.047425881028175354
55,9,0.49717506766319275
55,10,0.505892276763916
55,11,0.5100776553153992
55,12,0.4937601089477539
55,13,0.46925273537635803
55,14,0.4795530140399933
55,15,0.4939672350883484
55,16,0.05962028354406357
55,17,0.5237354040145874
55,18,0.3407756984233856
55,19,0.15801815688610077
55,20,0.5074262619018555
55,21,0.13634972274303436
55,22,0.5256379246711731
55,23,0.8929587602615356
55,24,0.049612343311309814
55,25,0.06943792849779129
55,26,0.5871027112007141
55,27,0.5054675340652466
55,28,0.053308725357055664
55,29,0.5025920867919922
55,30,0.04815370589494705
55,31,0.04892752692103386
55,32,0.5067992806434631
55,33,0.5119615197181702
55,34,0.5052091479301453
55,35,0.5176408290863037
55,36,0.553796648979187
55,37,0.49913495779037476
55,38,0.4848719835281372
55,39,0.4070875346660614
55,40,0.05592053383588791
55,41,0.5215585827827454
55,42,0.8272415399551392
55,43,0.10015399754047394
55,44,0.8908767104148865
55,45,0.1238250732421875
55,46,0.48586541414260864
55,47,0.7022970914840698
55,48,0.5004639029502869
55,49,0.5028665661811829
55,50,0.4958893954753876
55,51,0.08449513465166092
55,52,0.5049734115600586
55,53,0.4935697615146637
55,54,0.507900059223175
55,55,0.5
55,56,0.4962751269340515
55,57,0.4919806122779846
55,58,0.5000877380371094
55,59,0.5056427717208862
55,60,0.5630667209625244
55,61,0.50916987657547
55,62,0.502846896648407
55,63,0.508013129234314
55,64,0.5280683040618896
55,65,0.4960717558860779
55,66,0.5030409097671509
55,67,0.4981013834476471
55,68,0.05595087260007858
55,69,0.05026131123304367
55,70,0.10544806718826294
55,71,0.47237223386764526
55,72,0.18411561846733093
55,73,0.17124998569488525
55,74,0.49878251552581787
55,75,0.48923206329345703
55,76,0.3744279444217682
55,77,0.5401921272277832
55,78,0.5378859043121338
55,79,0.13047583401203156
55,80,0.050353143364191055
55,81,0.5059650540351868
55,82,0.45579034090042114
55,83,0.2616928517818451
55,84,0.5061376094818115
55,85,0.49938279390335083
55,86,0.5087124109268188
55,87,0.48959001898765564
55,88,0.5041131973266602
55,89,0.04746871814131737
55,90,0.5131580233573914
55,91,0.8640987277030945
55,92,0.15743090212345123
55,93,0.45960533618927
55,94,0.36125969886779785
55,95,0.19348809123039246
55,96,0.06206342577934265
55,97,0.49844086170196533
55,98,0.5114554166793823
55,99,0.41065406799316406
55,100,0.5404651761054993
55,101,0.200189009308815
55,102,0.4904886782169342
55,103,0.5045853853225708
55,104,0.507455050945282
55,105,0.16839627921581268
55,106,0.27086207270622253
55,107,0.4911067485809326
55,108,0.4991346001625061
55,109,0.48583146929740906
55,110,0.05994144827127457
55,111,0.8709403276443481
55,112,0.477174311876297
55,113,0.4305126667022705
55,114,0.5059327483177185
55,115,0.0756630226969719
55,116,0.06654898077249527
55,117,0.4944274127483368
55,118,0.47552600502967834
55,119,0.8987561464309692
55,120,0.48014238476753235
55,121,0.3097556233406067
55,122,0.4988965392112732
55,123,0.48703041672706604
55,124,0.4753948450088501
55,125,0.5012590885162354
55,126,0.15329290926456451
55,127,0.4971696436405182
55,128,0.37638208270072937
55,129,0.5068840980529785
55,130,0.16697874665260315
55,131,0.1560969054698944
55,132,0.8846317529678345
55,133,0.28462615609169006
55,134,0.5083638429641724
56,1,0.05293009430170059
56,2,0.48576074838638306
56,3,0.8825262784957886
56,4,0.06232515722513199
56,5,0.06150735914707184
56,6,0.09059997648000717
56,7,0.44001638889312744
56,8,0.05191443860530853
56,9,0.5011205673217773
56,10,0.5106309056282043
56,11,0.5169690847396851
56,12,0.4984273314476013
56,13,0.46902358531951904
56,14,0.482705682516098
56,15,0.4990996718406677
56,16,0.07457538694143295
56,17,0.5290164351463318
56,18,0.38510796427726746
56,19,0.1668807417154312
56,20,0.5122823715209961
56,21,0.13311687111854553
56,22,0.47836703062057495
56,23,0.8831939697265625
56,24,0.051885176450014114
56,25,0.07441041618585587
56,26,0.5945542454719543
56,27,0.510584831237793
56,28,0.05047725886106491
56,29,0.5082664489746094
56,30,0.05346179008483887
56,31,0.051576364785432816
56,32,0.5120638012886047
56,33,0.5163511633872986
56,34,0.5092878937721252
56,35,0.47921091318130493
56,36,0.5594825744628906
56,37,0.5065938234329224
56,38,0.4907247722148895
56,39,0.39914217591285706
56,40,0.06145778298377991
56,41,0.527206540107727
56,42,0.8363772630691528
56,43,0.11545897275209427
56,44,0.8957828879356384
56,45,0.11016108840703964
56,46,0.4896966814994812
56,47,0.7113541960716248
56,48,0.5049548745155334
56,49,0.5047745108604431
56,50,0.49966666102409363
56,51,0.10776212066411972
56,52,0.5098952054977417
56,53,0.4944697320461273
56,54,0.5112714171409607
56,55,0.5038428902626038
56,56,0.5
56,57,0.4933485686779022
56,58,0.5050729513168335
56,59,0.5102078318595886
56,60,0.5694428086280823
56,61,0.5124568343162537
56,62,0.5053126811981201
56,63,0.5120550394058228
56,64,0.5335311889648438
56,65,0.49806416034698486
56,66,0.5078959465026855
56,67,0.5001572370529175
56,68,0.0586741678416729
56,69,0.05470138043165207
56,70,0.11069795489311218
56,71,0.4772193729877472
56,72,0.1804523915052414
56,73,0.15442828834056854
56,74,0.5137885808944702
56,75,0.4913497567176819
56,76,0.4028143584728241
56,77,0.5458704829216003
56,78,0.5437555909156799
56,79,0.11650411784648895
56,80,0.052568331360816956
56,81,0.511920690536499
56,82,0.45881035923957825
56,83,0.2451820820569992
56,84,0.5124319195747375
56,85,0.5040754079818726
56,86,0.5131369233131409
56,87,0.49831992387771606
56,88,0.5079966187477112
56,89,0.04742586612701416
56,90,0.5135630965232849
56,91,0.9087633490562439
56,92,0.15509794652462006
56,93,0.49080365896224976
56,94,0.3043019771575928
56,95,0.20211568474769592
56,96,0.0676334798336029
56,97,0.5019502639770508
56,98,0.5167508721351624
56,99,0.41055700182914734
56,100,0.546137273311615
56,101,0.20519278943538666
56,102,0.49537086486816406
56,103,0.5088145136833191
56,104,0.5120521783828735
56,105,0.1772589087486267
56,106,0.23283538222312927
56,107,0.4972307085990906
56,108,0.5096718668937683
56,109,0.4919704496860504
56,110,0.06109725311398506
56,111,0.8773179650306702
56,112,0.464598685503006
56,113,0.45405685901641846
56,114,0.5080726146697998
56,115,0.06695271283388138
56,116,0.08284751325845718
56,117,0.4989137351512909
56,118,0.4766533076763153
56,119,0.8863484263420105
56,120,0.48650065064430237
56,121,0.31558775901794434
56,122,0.5048656463623047
56,123,0.49056199193000793
56,124,0.4719788134098053
56,125,0.5075324177742004
56,126,0.16590045392513275
56,127,0.5041095018386841
56,128,0.37897491455078125
56,129,0.511706531047821
56,130,0.17439590394496918
56,131,0.14927585422992706
56,132,0.8921858668327332
56,133,0.32312390208244324
56,134,0.5143685340881348
57,1,0.05837169289588928
57,2,0.4804500639438629
57,3,0.8692876100540161
57,4,0.06761841475963593
57,5,0.0689794272184372
57,6,0.060470033437013626
57,7,0.44221389293670654
57,8,0.06275690346956253
57,9,0.5051305890083313
57,10,0.5201253890991211
57,11,0.5237626433372498
57,12,0.5037078261375427
57,13,0.4790789783000946
57,14,0.49143075942993164
57,15,0.5047174692153931
57,16,0.06776247918605804
57,17,0.5353703498840332
57,18,0.4240981638431549
57,19,0.1589556187391281
57,20,0.5204645395278931
57,21,0.14203335344791412
57,22,0.4407152831554413
57,23,0.9000188708305359
57,24,0.05180349946022034
57,25,0.07497198134660721
57,26,0.5967315435409546
57,27,0.5160964727401733
57,28,0.048190414905548096
57,29,0.5134831666946411
57,30,0.05875508859753609
57,31,0.04742587357759476
57,32,0.516575276851654
57,33,0.5250539779663086
57,34,0.5136451721191406
57,35,0.49285969138145447
57,36,0.5647011399269104
57,37,0.509841799736023
57,38,0.4923286736011505
57,39,0.41710394620895386
57,40,0.05300980806350708
57,41,0.5319344401359558
57,42,0.8333986401557922
57,43,0.10565304756164551
57,44,0.8952749371528625
57,45,0.1044473722577095
57,46,0.4936205744743347
57,47,0.7093642354011536
57,48,0.5092450380325317
57,49,0.5203132033348083
57,50,0.5062215328216553
57,51,0.13129234313964844
57,52,0.5145330429077148
57,53,0.4962608516216278
57,54,0.5167919397354126
57,55,0.5080587863922119
57,56,0.5064788460731506
57,57,0.5
57,58,0.5105254054069519
57,59,0.515259325504303
57,60,0.5768773555755615
57,61,0.5157663822174072
57,62,0.5100401043891907
57,63,0.5173922181129456
57,64,0.5364735126495361
57,65,0.5050824284553528
57,66,0.5209200382232666
57,67,0.5088639855384827
57,68,0.055815789848566055
57,69,0.0561412051320076
57,70,0.10196670889854431
57,71,0.4828905165195465
57,72,0.16669417917728424
57,73,0.1957600861787796
57,74,0.5295686721801758
57,75,0.4938933253288269
57,76,0.4341180920600891
57,77,0.5482417345046997
57,78,0.5464093089103699
57,79,0.1135052740573883
57,80,0.05581144243478775
57,81,0.5183464884757996
57,82,0.47360166907310486
57,83,0.3324626088142395
57,84,0.5210205912590027
57,85,0.5108462572097778
57,86,0.5188246965408325
57,87,0.5051382780075073
57,88,0.5128589272499084
57,89,0.05549546703696251
57,90,0.5189481973648071
57,91,0.8877214193344116
57,92,0.1555202305316925
57,93,0.5070173144340515
57,94,0.44522354006767273
57,95,0.18967199325561523
57,96,0.06516605615615845
57,97,0.5044248104095459
57,98,0.5229200720787048
57,99,0.4276048243045807
57,100,0.547770619392395
57,101,0.2011134922504425
57,102,0.5001135468482971
57,103,0.5153486728668213
57,104,0.5190871357917786
57,105,0.1677590161561966
57,106,0.29786837100982666
57,107,0.5031732320785522
57,108,0.5222268104553223
57,109,0.49692225456237793
57,110,0.05408785119652748
57,111,0.8762823343276978
57,112,0.47112876176834106
57,113,0.4268150329589844
57,114,0.5169116258621216
57,115,0.08966953307390213
57,116,0.08369278162717819
57,117,0.5138419270515442
57,118,0.47989439964294434
57,119,0.8935823440551758
57,120,0.4931267201900482
57,121,0.3149607181549072
57,122,0.5172832608222961
57,123,0.49521562457084656
57,124,0.48287662863731384
57,125,0.5143063068389893
57,126,0.13433189690113068
57,127,0.5095456838607788
57,128,0.39760705828666687
57,129,0.517049252986908
57,130,0.16687336564064026
57,131,0.15197056531906128
57,132,0.8892869353294373
57,133,0.33245640993118286
57,134,0.5199924111366272
58,1,0.06991391628980637
58,2,0.4842011034488678
58,3,0.8677492141723633
58,4,0.0566759929060936
58,5,0.06799116730690002
58,6,0.08733341842889786
58,7,0.4440043866634369
58,8,0.0489950031042099
58,9,0.4978164732456207
58,10,0.5053819417953491
58,11,0.5094791650772095
58,12,0.4930993318557739
58,13,0.46871137619018555
58,14,0.48048892617225647
58,15,0.49464184045791626
58,16,0.07871289551258087
58,17,0.5219789743423462
58,18,0.35641923546791077
58,19,0.16233296692371368
58,20,0.5090338587760925
58,21,0.15631593763828278
58,22,0.4910392463207245
58,23,0.8860708475112915
58,24,0.0481896698474884
58,25,0.07507285475730896
58,26,0.5833169221878052
58,27,0.505093514919281
58,28,0.05890665948390961
58,29,0.5026353597640991
58,30,0.054104190319776535
58,31,0.04742587357759476
58,32,0.5071852803230286
58,33,0.5106770992279053
58,34,0.5049070715904236
58,35,0.4930398762226105
58,36,0.5521764755249023
58,37,0.5015110969543457
58,38,0.4856970012187958
58,39,0.42064017057418823
58,40,0.06389559060335159
58,41,0.5211520791053772
58,42,0.8181062340736389
58,43,0.12355895340442657
58,44,0.8820077180862427
58,45,0.12723197042942047
58,46,0.48780977725982666
58,47,0.693789541721344
58,48,0.5003769993782043
58,49,0.5023571848869324
58,50,0.4953373968601227
58,51,0.09198158979415894
58,52,0.5047740340232849
58,53,0.49158620834350586
58,54,0.505780041217804
58,55,0.49991661310195923
58,56,0.4953276216983795
58,57,0.49004730582237244
58,58,0.5
58,59,0.5058209300041199
58,60,0.5599613785743713
58,61,0.5079273581504822
58,62,0.5018841028213501
58,63,0.5076287984848022
58,64,0.5263423919677734
58,65,0.49417802691459656
58,66,0.503471314907074
58,67,0.49757882952690125
58,68,0.05303334444761276
58,69,0.059237055480480194
58,70,0.12077952921390533
58,71,0.47382280230522156
58,72,0.2151259183883667
58,73,0.1608016937971115
58,74,0.5021817684173584
58,75,0.48904600739479065
58,76,0.4139912724494934
58,77,0.537686288356781
58,78,0.5360739827156067
58,79,0.13424763083457947
58,80,0.04968055710196495
58,81,0.5056363344192505
58,82,0.4557836949825287
58,83,0.2168271243572235
58,84,0.5067812204360962
58,85,0.49965333938598633
58,86,0.5078210234642029
58,87,0.4932016134262085
58,88,0.5029248595237732
58,89,0.055705439299345016
58,90,0.5105063915252686
58,91,0.8877139091491699
58,92,0.1499829739332199
58,93,0.4639334976673126
58,94,0.3215509355068207
58,95,0.19628164172172546
58,96,0.05656713992357254
58,97,0.4956906735897064
58,98,0.5114098787307739
58,99,0.41138389706611633
58,100,0.5388414263725281
58,101,0.20677143335342407
58,102,0.4910639524459839
58,103,0.5055472254753113
58,104,0.5073573589324951
58,105,0.191645547747612
58,106,0.20376232266426086
58,107,0.4929780960083008
58,108,0.5025643706321716
58,109,0.4871527850627899
58,110,0.06462372094392776
58,111,0.8618452548980713
58,112,0.46425527334213257
58,113,0.42330899834632874
58,114,0.5058826804161072
58,115,0.07314829528331757
58,116,0.07437755167484283
58,117,0.49553149938583374
58,118,0.4765535295009613
58,119,0.8937551379203796
58,120,0.4813859760761261
58,121,0.31611213088035583
58,122,0.49929502606391907
58,123,0.488053560256958
58,124,0.47518590092658997
58,125,0.5051096677780151
58,126,0.1630677878856659
58,127,0.4981537461280823
58,128,0.38629692792892456
58,129,0.5055685639381409
58,130,0.18955251574516296
58,131,0.16675612330436707
58,132,0.8755025863647461
58,133,0.34771668910980225
58,134,0.5098677277565002
59,1,0.07420070469379425
59,2,0.4724401831626892
59,3,0.8566112518310547
59,4,0.05845293775200844
59,5,0.0692221000790596
59,6,0.1103643849492073
59,7,0.43471020460128784
59,8,0.05661526694893837
59,9,0.49095192551612854
59,10,0.49932190775871277
59,11,0.5039533972740173
59,12,0.49019482731819153
59,13,0.46587681770324707
59,14,0.47779572010040283
59,15,0.4892769455909729
59,16,0.06519482284784317
59,17,0.515690267086029
59,18,0.32779765129089355
59,19,0.1717337965965271
59,20,0.5010138154029846
59,21,0.15548667311668396
59,22,0.5030916929244995
59,23,0.8661754727363586
59,24,0.06072304770350456
59,25,0.06674352288246155
59,26,0.5729261636734009
59,27,0.4993595480918884
59,28,0.05633216351270676
59,29,0.49745973944664
59,30,0.052525900304317474
59,31,0.05839279666543007
59,32,0.5003373622894287
59,33,0.505125880241394
59,34,0.49943807721138
59,35,0.5063432455062866
59,36,0.5433111190795898
59,37,0.493699848651886
59,38,0.4828915297985077
59,39,0.415203720331192
59,40,0.05573635548353195
59,41,0.5138451457023621
59,42,0.7981780767440796
59,43,0.1185365542769432
59,44,0.8635768890380859
59,45,0.11992281675338745
59,46,0.48189598321914673
59,47,0.67774498462677
59,48,0.4947235584259033
59,49,0.49588581919670105
59,50,0.4916805922985077
59,51,0.09273591637611389
59,52,0.49865785241127014
59,53,0.4915386140346527
59,54,0.5007069706916809
59,55,0.49498531222343445
59,56,0.4912068247795105
59,57,0.48650482296943665
59,58,0.4945560395717621
59,59,0.5
59,60,0.5504391193389893
59,61,0.5002875924110413
59,62,0.49634677171707153
59,63,0.5004988312721252
59,64,0.5191130638122559
59,65,0.4899000823497772
59,66,0.4930574893951416
59,67,0.4925394058227539
59,68,0.06029961258172989
59,69,0.052075520157814026
59,70,0.11589716374874115
59,71,0.470163494348526
59,72,0.18572169542312622
59,73,0.17427611351013184
59,74,0.4950261414051056
59,75,0.4832074046134949
59,76,0.3776234984397888
59,77,0.5298689007759094
59,78,0.5270936489105225
59,79,0.1281922310590744
59,80,0.05732334032654762
59,81,0.49940407276153564
59,82,0.4518170952796936
59,83,0.216389000415802
59,84,0.5001179575920105
59,85,0.4940972328186035
59,86,0.5022922158241272
59,87,0.48690253496170044
59,88,0.4984726011753082
59,89,0.04742587357759476
59,90,0.5054689645767212
59,91,0.835663378238678
59,92,0.16521282494068146
59,93,0.4585340917110443
59,94,0.3234882354736328
59,95,0.20409034192562103
59,96,0.0740526020526886
59,97,0.4940043091773987
59,98,0.5042458772659302
59,99,0.41130152344703674
59,100,0.5314536690711975
59,101,0.21670620143413544
59,102,0.4865112602710724
59,103,0.4989887773990631
59,104,0.5018463134765625
59,105,0.1825031191110611
59,106,0.23581750690937042
59,107,0.4859728217124939
59,108,0.49482840299606323
59,109,0.48287996649742126
59,110,0.05738105997443199
59,111,0.8424543738365173
59,112,0.4686466455459595
59,113,0.42132267355918884
59,114,0.49983638525009155
59,115,0.07482295483350754
59,116,0.07153011858463287
59,117,0.4915493428707123
59,118,0.4718116819858551
59,119,0.8794006705284119
59,120,0.47678473591804504
59,121,0.3182814419269562
59,122,0.49422258138656616
59,123,0.483157753944397
59,124,0.4727840721607208
59,125,0.4960993826389313
59,126,0.17306020855903625
59,127,0.49212411046028137
59,128,0.3848092257976532
59,129,0.5001103281974792
59,130,0.18208536505699158
59,131,0.18508577346801758
59,132,0.8573276400566101
59,133,0.3309119641780853
59,134,0.5012330412864685
60,1,0.04742587357759476
60,2,0.4149191081523895
60,3,0.8978505730628967
60,4,0.07001349329948425
60,5,0.06118756905198097
60,6,0.07286164164543152
60,7,0.37240341305732727
60,8,0.06258530914783478
60,9,0.4353175163269043
60,10,0.4438600242137909
60,11,0.4489762783050537
60,12,0.4303559362888336
60,13,0.4066890478134155
60,14,0.42021480202674866
60,15,0.43266046047210693
60,16,0.07379784435033798
60,17,0.46036913990974426
60,18,0.307224839925766
60,19,0.1605789214372635
60,20,0.44699743390083313
60,21,0.12460227310657501
60,22,0.41357311606407166
60,23,0.8686810731887817
60,24,0.05465393140912056
60,25,0.07780685275793076
60,26,0.5243566632270813
60,27,0.4428153932094574
60,28,0.05052698776125908
60,29,0.4403131306171417
60,30,0.06093591824173927
60,31,0.05098128318786621
60,32,0.44512563943862915
60,33,0.44958028197288513
60,34,0.4426371455192566
60,35,0.4259009063243866
60,36,0.4918552041053772
60,37,0.43975433707237244
60,38,0.4259198307991028
60,39,0.35720640420913696
60,40,0.05784142017364502
60,41,0.46001604199409485
60,42,0.7881724238395691
60,43,0.10808030515909195
60,44,0.8631336092948914
60,45,0.10830851644277573
60,46,0.4275321364402771
60,47,0.6458762288093567
60,48,0.4386187791824341
60,49,0.4397384524345398
60,50,0.4349437654018402
60,51,0.127251997590065
60,52,0.44286027550697327
60,53,0.42420637607574463
60,54,0.44593575596809387
60,55,0.43765363097190857
60,56,0.4334319829940796
60,57,0.4243624806404114
60,58,0.4376506805419922
60,59,0.4439430832862854
60,60,0.5
60,61,0.44684359431266785
60,62,0.4399174749851227
60,63,0.4459351897239685
60,64,0.46546271443367004
60,65,0.43259915709495544
60,66,0.44211345911026
60,67,0.43545064330101013
60,68,0.05870267003774643
60,69,0.058931224048137665
60,70,0.10570891946554184
60,71,0.4111018180847168
60,72,0.17415554821491241
60,73,0.1335410177707672
60,74,0.4428751468658447
60,75,0.4245165288448334
60,76,0.33263489603996277
60,77,0.4764806628227234
60,78,0.47510868310928345
60,79,0.10868316143751144
60,80,0.05650710314512253
60,81,0.4426741898059845
60,82,0.39491814374923706
60,83,0.2426086664199829
60,84,0.4452120065689087
60,85,0.4370628297328949
60,86,0.4454694390296936
60,87,0.432193785905838
60,88,0.4405601918697357
60,89,0.055970221757888794
60,90,0.44756075739860535
60,91,0.8592504858970642
60,92,0.13678129017353058
60,93,0.4091286361217499
60,94,0.29934433102607727
60,95,0.19571535289287567
60,96,0.06834183633327484
60,97,0.43533727526664734
60,98,0.44835302233695984
60,99,0.34920522570610046
60,100,0.47808873653411865
60,101,0.17940710484981537
60,102,0.4286692440509796
60,103,0.4435587525367737
60,104,0.4482068419456482
60,105,0.1712082177400589
60,106,0.1996264010667801
60,107,0.43139249086380005
60,108,0.4420098662376404
60,109,0.4246932864189148
60,110,0.05787158012390137
60,111,0.8394678831100464
60,112,0.4101559519767761
60,113,0.40124836564064026
60,114,0.44297829270362854
60,115,0.07765226811170578
60,116,0.08456865698099136
60,117,0.43254369497299194
60,118,0.41189712285995483
60,119,0.8651852011680603
60,120,0.41836315393447876
60,121,0.2832770049571991
60,122,0.43855878710746765
60,123,0.4276485741138458
60,124,0.4166213274002075
60,125,0.4418955147266388
60,126,0.13832132518291473
60,127,0.4369073510169983
60,128,0.33436450362205505
60,129,0.44410440325737
60,130,0.16362136602401733
60,131,0.193999245762825
60,132,0.8556389212608337
60,133,0.2864808440208435
60,134,0.44986000657081604
61,1,0.052268095314502716
61,2,0.4771603047847748
61,3,0.8782249689102173
61,4,0.058949485421180725
61,5,0.04742587357759476
61,6,0.07956123352050781
61,7,0.43976762890815735
61,8,0.04886610805988312
61,9,0.4922178387641907
61,10,0.49937301874160767
61,11,0.503264307975769
61,12,0.48378509283065796
61,13,0.4587509036064148
61,14,0.4735434353351593
61,15,0.48783019185066223
61,16,0.07296472042798996
61,17,0.517116904258728
61,18,0.3515358567237854
61,19,0.14950674772262573
61,20,0.5039640665054321
61,21,0.1342010498046875
61,22,0.5187296867370605
61,23,0.8698199391365051
61,24,0.05398954451084137
61,25,0.07153225690126419
61,26,0.5791279673576355
61,27,0.49879732728004456
61,28,0.05286810174584389
61,29,0.49648013710975647
61,30,0.0499686636030674
61,31,0.055974844843149185
61,32,0.5012232065200806
61,33,0.5017966628074646
61,34,0.49634483456611633
61,35,0.46580398082733154
61,36,0.5471330881118774
61,37,0.49369147419929504
61,38,0.47918134927749634
61,39,0.4086475074291229
61,40,0.05790626257658005
61,41,0.5156164169311523
61,42,0.8228349089622498
61,43,0.09553156048059464
61,44,0.8858022093772888
61,45,0.11745568364858627
61,46,0.48235023021698
61,47,0.6944342255592346
61,48,0.49521884322166443
61,49,0.49176472425460815
61,50,0.4908548891544342
61,51,0.08105957508087158
61,52,0.4958164691925049
61,53,0.483639657497406
61,54,0.49744725227355957
61,55,0.490837424993515
61,56,0.48793524503707886
61,57,0.484323114156723
61,58,0.4916640520095825
61,59,0.4996766746044159
61,60,0.5537301301956177
61,61,0.5
61,62,0.4964355528354645
61,63,0.5002086758613586
61,64,0.520816445350647
61,65,0.48310866951942444
61,66,0.49269115924835205
61,67,0.4925079345703125
61,68,0.056442007422447205
61,69,0.05147330090403557
61,70,0.10130741447210312
61,71,0.4654824435710907
61,72,0.17607544362545013
61,73,0.14849220216274261
61,74,0.4946414828300476
61,75,0.48148396611213684
61,76,0.3882388174533844
61,77,0.5321336984634399
61,78,0.5318007469177246
61,79,0.12388242036104202
61,80,0.0492904894053936
61,81,0.49735119938850403
61,82,0.4491756558418274
61,83,0.2071019411087036
61,84,0.4945700764656067
61,85,0.4927885830402374
61,86,0.5012258291244507
61,87,0.48472264409065247
61,88,0.494858980178833
61,89,0.04815609008073807
61,90,0.504390299320221
61,91,0.8935604691505432
61,92,0.1415235847234726
61,93,0.4489181339740753
61,94,0.29068049788475037
61,95,0.18254418671131134
61,96,0.059365227818489075
61,97,0.4894658029079437
61,98,0.5028778910636902
61,99,0.39862313866615295
61,100,0.533117949962616
61,101,0.1949526071548462
61,102,0.48627614974975586
61,103,0.496498703956604
61,104,0.5010175704956055
61,105,0.15830403566360474
61,106,0.19557318091392517
61,107,0.4859090745449066
61,108,0.49081847071647644
61,109,0.48304179310798645
61,110,0.059937890619039536
61,111,0.865013599395752
61,112,0.45335474610328674
61,113,0.4098494350910187
61,114,0.49555182456970215
61,115,0.06590298563241959
61,116,0.06559054553508759
61,117,0.4825253188610077
61,118,0.46906140446662903
61,119,0.8780120611190796
61,120,0.473095566034317
61,121,0.300633043050766
61,122,0.4907352030277252
61,123,0.48201924562454224
61,124,0.4623480439186096
61,125,0.4967307448387146
61,126,0.13119423389434814
61,127,0.48912277817726135
61,128,0.3748590052127838
61,129,0.4953504204750061
61,130,0.15938661992549896
61,131,0.16410388052463531
61,132,0.8781927824020386
61,133,0.3118998408317566
61,134,0.5007853507995605
62,1,0.057913780212402344
62,2,0.4740222096443176
62,3,0.8823921084403992
62,4,0.07001545280218124
62,5,0.0650845617055893
62,6,0.08525419235229492
62,7,0.4583331048488617
62,8,0.05808978155255318
62,9,0.4948382079601288
62,10,0.5031169652938843
62,11,0.515666127204895
62,12,0.49459126591682434
62,13,0.464551717042923
62,14,0.4798493981361389
62,15,0.4923565685749054
62,16,0.0709025040268898
62,17,0.5216896533966064
62,18,0.36005687713623047
62,19,0.144968643784523
62,20,0.5063058137893677
62,21,0.12967096269130707
62,22,0.4849739372730255
62,23,0.897084653377533
62,24,0.06008060649037361
62,25,0.07627008855342865
62,26,0.5860522389411926
62,27,0.5039421916007996
62,28,0.04742587357759476
62,29,0.5019379258155823
62,30,0.05925857648253441
62,31,0.050474733114242554
62,32,0.5053002238273621
62,33,0.5131409168243408
62,34,0.5046714544296265
62,35,0.4838429093360901
62,36,0.552944540977478
62,37,0.49704673886299133
62,38,0.4816323518753052
62,39,0.4058910012245178
62,40,0.059302765876054764
62,41,0.5190785527229309
62,42,0.8301442265510559
62,43,0.09899485111236572
62,44,0.8925137519836426
62,45,0.101816326379776
62,46,0.48285871744155884
62,47,0.7043445706367493
62,48,0.498394250869751
62,49,0.501291811466217
62,50,0.4948486387729645
62,51,0.11144403368234634
62,52,0.5043008327484131
62,53,0.4880143702030182
62,54,0.5067238807678223
62,55,0.4970810115337372
62,56,0.49472007155418396
62,57,0.4897560477256775
62,58,0.497967004776001
62,59,0.5042149424552917
62,60,0.5623007416725159
62,61,0.5036576390266418
62,62,0.5
62,63,0.5060338377952576
62,64,0.5265925526618958
62,65,0.491111159324646
62,66,0.49518948793411255
62,67,0.4992391765117645
62,68,0.06206928938627243
62,69,0.049493420869112015
62,70,0.10886190831661224
62,71,0.4705681800842285
62,72,0.16333751380443573
62,73,0.17278075218200684
62,74,0.5039573907852173
62,75,0.48485317826271057
62,76,0.37501510977745056
62,77,0.5376656651496887
62,78,0.5364842414855957
62,79,0.11083003133535385
62,80,0.05742340162396431
62,81,0.5042173266410828
62,82,0.45675694942474365
62,83,0.24940072000026703
62,84,0.5081270337104797
62,85,0.4975549876689911
62,86,0.5048863291740417
62,87,0.4922246038913727
62,88,0.5003147721290588
62,89,0.05356909707188606
62,90,0.5091382265090942
62,91,0.8719809055328369
62,92,0.15259860455989838
62,93,0.4782607853412628
62,94,0.39392805099487305
62,95,0.17506882548332214
62,96,0.06783037632703781
62,97,0.4936581254005432
62,98,0.5122877955436707
62,99,0.41146284341812134
62,100,0.538096010684967
62,101,0.19019126892089844
62,102,0.48923537135124207
62,103,0.5041655898094177
62,104,0.5049988031387329
62,105,0.15447618067264557
62,106,0.2895573079586029
62,107,0.48926615715026855
62,108,0.5003610849380493
62,109,0.48442742228507996
62,110,0.05918094143271446
62,111,0.8726808428764343
62,112,0.4531940817832947
62,113,0.413136750459671
62,114,0.5040110349655151
62,115,0.07505019009113312
62,116,0.08687339723110199
62,117,0.495541512966156
62,118,0.47037217020988464
62,119,0.9083049893379211
62,120,0.4785093665122986
62,121,0.3005804717540741
62,122,0.5026163458824158
62,123,0.4837881624698639
62,124,0.47151875495910645
62,125,0.5010323524475098
62,126,0.12470157444477081
62,127,0.4939998686313629
62,128,0.3724607825279236
62,129,0.5065482258796692
62,130,0.15312893688678741
62,131,0.1534227877855301
62,132,0.886555552482605
62,133,0.3126387894153595
62,134,0.5047248005867004
63,1,0.06516850739717484
63,2,0.4766327142715454
63,3,0.8701007962226868
63,4,0.056890007108449936
63,5,0.06556715071201324
63,6,0.08883116394281387
63,7,0.4340033233165741
63,8,0.047425881028175354
63,9,0.49099740386009216
63,10,0.49805304408073425
63,11,0.5010691285133362
63,12,0.48460155725479126
63,13,0.46306705474853516
63,14,0.47154340147972107
63,15,0.48922351002693176
63,16,0.07054885476827621
63,17,0.5149549841880798
63,18,0.355162650346756
63,19,0.15927864611148834
63,20,0.50043785572052
63,21,0.15275490283966064
63,22,0.4856271743774414
63,23,0.8796874284744263
63,24,0.05073866620659828
63,25,0.07323605567216873
63,26,0.5763562917709351
63,27,0.49826177954673767
63,28,0.05697719380259514
63,29,0.49690312147140503
63,30,0.05318212881684303
63,31,0.051452793180942535
63,32,0.4999605417251587
63,33,0.5023080110549927
63,34,0.4968564808368683
63,35,0.5001814961433411
63,36,0.5457194447517395
63,37,0.4935673177242279
63,38,0.4777321517467499
63,39,0.4053390622138977
63,40,0.06347829848527908
63,41,0.5144748091697693
63,42,0.8121490478515625
63,43,0.12300051003694534
63,44,0.8765085935592651
63,45,0.11109345406293869
63,46,0.47975707054138184
63,47,0.6878381967544556
63,48,0.4936100244522095
63,49,0.49506622552871704
63,50,0.4890478253364563
63,51,0.09824061393737793
63,52,0.4976935088634491
63,53,0.48571163415908813
63,54,0.501297652721405
63,55,0.492348849773407
63,56,0.48884284496307373
63,57,0.4834741950035095
63,58,0.4923342764377594
63,59,0.4994640052318573
63,60,0.5522387623786926
63,61,0.49980059266090393
63,62,0.49438104033470154
63,63,0.5
63,64,0.5202640295028687
63,65,0.4875946640968323
63,66,0.49917903542518616
63,67,0.4921588897705078
63,68,0.05310039967298508
63,69,0.054129306226968765
63,70,0.1146886944770813
63,71,0.4669221341609955
63,72,0.20050638914108276
63,73,0.16491420567035675
63,74,0.49903953075408936
63,75,0.48043695092201233
63,76,0.40823787450790405
63,77,0.5307298898696899
63,78,0.527905285358429
63,79,0.11853588372468948
63,80,0.0488102026283741
63,81,0.498202383518219
63,82,0.44762954115867615
63,83,0.25973308086395264
63,84,0.49746882915496826
63,85,0.4935939908027649
63,86,0.5021116733551025
63,87,0.48538634181022644
63,88,0.49669602513313293
63,89,0.055971987545490265
63,90,0.5032663345336914
63,91,0.8715246915817261
63,92,0.14865201711654663
63,93,0.45542001724243164
63,94,0.3336432874202728
63,95,0.194149911403656
63,96,0.05785301327705383
63,97,0.49188172817230225
63,98,0.5035915970802307
63,99,0.40524476766586304
63,100,0.5332763195037842
63,101,0.2029840052127838
63,102,0.48418959975242615
63,103,0.49780574440956116
63,104,0.5019057393074036
63,105,0.187442347407341
63,106,0.22614972293376923
63,107,0.4850838780403137
63,108,0.49428001046180725
63,109,0.48005160689353943
63,110,0.06475263833999634
63,111,0.856071949005127
63,112,0.4677826464176178
63,113,0.4155459702014923
63,114,0.4967609941959381
63,115,0.07219120115041733
63,116,0.06231583654880524
63,117,0.4867793321609497
63,118,0.47073695063591003
63,119,0.8902390599250793
63,120,0.47541552782058716
63,121,0.3100922405719757
63,122,0.4912969172000885
63,123,0.48082679510116577
63,124,0.46878671646118164
63,125,0.4971518814563751
63,126,0.1636534035205841
63,127,0.49053922295570374
63,128,0.3793777525424957
63,129,0.4989471733570099
63,130,0.18713197112083435
63,131,0.1735861599445343
63,132,0.8706346750259399
63,133,0.33809852600097656
63,134,0.5015645027160645
64,1,0.05412200838327408
64,2,0.4577969014644623
64,3,0.8703621625900269
64,4,0.06434637308120728
64,5,0.05924508348107338
64,6,0.07864633202552795
64,7,0.4170365333557129
64,8,0.055915817618370056
64,9,0.4716019332408905
64,10,0.47981753945350647
64,11,0.4847452640533447
64,12,0.4697268605232239
64,13,0.44420886039733887
64,14,0.45634815096855164
64,15,0.4693695306777954
64,16,0.06849323213100433
64,17,0.49608176946640015
64,18,0.34527137875556946
64,19,0.15592722594738007
64,20,0.48311010003089905
64,21,0.14125338196754456
64,22,0.4635475277900696
64,23,0.8647702932357788
64,24,0.05604531615972519
64,25,0.07613874971866608
64,26,0.554453432559967
64,27,0.479616641998291
64,28,0.04742587357759476
64,29,0.4777452349662781
64,30,0.05612783879041672
64,31,0.05415556579828262
64,32,0.48096132278442383
64,33,0.4844288229942322
64,34,0.47966957092285156
64,35,0.45633766055107117
64,36,0.5245490670204163
64,37,0.47466740012168884
64,38,0.46097487211227417
64,39,0.39400792121887207
64,40,0.05496655032038689
64,41,0.4948154389858246
64,42,0.7916425466537476
64,43,0.11728883534669876
64,44,0.8601226210594177
64,45,0.10713057965040207
64,46,0.4628044366836548
64,47,0.6637117862701416
64,48,0.47519996762275696
64,49,0.47561508417129517
64,50,0.4703696370124817
64,51,0.10826560854911804
64,52,0.4790787696838379
64,53,0.4660852551460266
64,54,0.47929272055625916
64,55,0.47453707456588745
64,56,0.4705111086368561
64,57,0.46706926822662354
64,58,0.47485360503196716
64,59,0.4804931581020355
64,60,0.5316994190216064
64,61,0.48110243678092957
64,62,0.4764712452888489
64,63,0.4807496964931488
64,64,0.5
64,65,0.4690071642398834
64,66,0.47616341710090637
64,67,0.4758721590042114
64,68,0.05733238905668259
64,69,0.049011994153261185
64,70,0.10497749596834183
64,71,0.44970494508743286
64,72,0.16818395256996155
64,73,0.15944451093673706
64,74,0.4811341166496277
64,75,0.46344128251075745
64,76,0.3877730071544647
64,77,0.5110622644424438
64,78,0.5089400410652161
64,79,0.11434818059206009
64,80,0.05560135841369629
64,81,0.4795762002468109
64,82,0.4349251687526703
64,83,0.22351911664009094
64,84,0.481065034866333
64,85,0.47471117973327637
64,86,0.4824542701244354
64,87,0.4682847261428833
64,88,0.4770933985710144
64,89,0.05632621794939041
64,90,0.48304328322410583
64,91,0.8693605661392212
64,92,0.14904966950416565
64,93,0.4399374723434448
64,94,0.33272701501846313
64,95,0.18587936460971832
64,96,0.06858205795288086
64,97,0.47197219729423523
64,98,0.485923707485199
64,99,0.39192458987236023
64,100,0.5119438767433167
64,101,0.19868536293506622
64,102,0.4671989679336548
64,103,0.47933274507522583
64,104,0.4819052219390869
64,105,0.1651734858751297
64,106,0.22681505978107452
64,107,0.4676626920700073
64,108,0.4775574505329132
64,109,0.4634535312652588
64,110,0.05759115517139435
64,111,0.8381807208061218
64,112,0.43215975165367126
64,113,0.39962247014045715
64,114,0.48063361644744873
64,115,0.07767685502767563
64,116,0.08158709853887558
64,117,0.47040900588035583
64,118,0.45121967792510986
64,119,0.8778592348098755
64,120,0.45694056153297424
64,121,0.2966741919517517
64,122,0.47544118762016296
64,123,0.46325552463531494
64,124,0.4511508047580719
64,125,0.47715139389038086
64,126,0.15326027572155
64,127,0.47331660985946655
64,128,0.3656150698661804
64,129,0.4796885848045349
64,130,0.16551531851291656
64,131,0.19197596609592438
64,132,0.8537417054176331
64,133,0.3143558204174042
64,134,0.4835653305053711
65,1,0.05491683632135391
65,2,0.4890052378177643
65,3,0.8607460260391235
65,4,0.06047741323709488
65,5,0.06700585782527924
65,6,0.09302593767642975
65,7,0.44535014033317566
65,8,0.05030244588851929
65,9,0.5063133835792542
65,10,0.5143769979476929
65,11,0.518415629863739
65,12,0.49774014949798584
65,13,0.477046936750412
65,14,0.4874844551086426
65,15,0.5032531023025513
65,16,0.07352479547262192
65,17,0.5309550762176514
65,18,0.37126362323760986
65,19,0.16952304542064667
65,20,0.5181995630264282
65,21,0.1511048972606659
65,22,0.4860016405582428
65,23,0.8860559463500977
65,24,0.05043531209230423
65,25,0.07079775631427765
65,26,0.588895857334137
65,27,0.512955904006958
65,28,0.050045907497406006
65,29,0.5110334753990173
65,30,0.05097000300884247
65,31,0.04996628686785698
65,32,0.5139195322990417
65,33,0.5181168913841248
65,34,0.5102533102035522
65,35,0.48300474882125854
65,36,0.5599898099899292
65,37,0.5076295137405396
65,38,0.49548906087875366
65,39,0.41909411549568176
65,40,0.05871165916323662
65,41,0.5280147194862366
65,42,0.8193249106407166
65,43,0.12458737939596176
65,44,0.882286787033081
65,45,0.11473005264997482
65,46,0.495426207780838
65,47,0.6999895572662354
65,48,0.5097471475601196
65,49,0.5061048269271851
65,50,0.5033261179924011
65,51,0.09765101224184036
65,52,0.5085021257400513
65,53,0.4958018958568573
65,54,0.510635495185852
65,55,0.5037336945533752
65,56,0.5017834305763245
65,57,0.4951929450035095
65,58,0.5058234930038452
65,59,0.5108019709587097
65,60,0.5648406744003296
65,61,0.5160681009292603
65,62,0.5082400441169739
65,63,0.5123488903045654
65,64,0.5324740409851074
65,65,0.5
65,66,0.5083281993865967
65,67,0.5058229565620422
65,68,0.05690997838973999
65,69,0.05293413624167442
65,70,0.11280383169651031
65,71,0.4821168780326843
65,72,0.18295492231845856
65,73,0.17048659920692444
65,74,0.5056098103523254
65,75,0.4950307011604309
65,76,0.41201305389404297
65,77,0.5465220808982849
65,78,0.5421693325042725
65,79,0.12254288047552109
65,80,0.05045633018016815
65,81,0.511211633682251
65,82,0.4646872282028198
65,83,0.2190512716770172
65,84,0.5092030167579651
65,85,0.5062429308891296
65,86,0.5160731077194214
65,87,0.5034253001213074
65,88,0.5096908211708069
65,89,0.04742587357759476
65,90,0.5140420198440552
65,91,0.8955125212669373
65,92,0.1604130119085312
65,93,0.47135627269744873
65,94,0.2813446521759033
65,95,0.19945639371871948
65,96,0.060027673840522766
65,97,0.5041238069534302
65,98,0.513145923614502
65,99,0.4162874221801758
65,100,0.5462551712989807
65,101,0.2156004160642624
65,102,0.49972912669181824
65,103,0.5087391138076782
65,104,0.514460563659668
65,105,0.17558130621910095
65,106,0.2189497947692871
65,107,0.501532793045044
65,108,0.5110761523246765
65,109,0.49572259187698364
65,110,0.05860577151179314
65,111,0.8625854253768921
65,112,0.4677150547504425
65,113,0.4263811707496643
65,114,0.5076619982719421
65,115,0.06224183365702629
65,116,0.07625597715377808
65,117,0.4974593222141266
65,118,0.4830262064933777
65,119,0.8944388031959534
65,120,0.49008485674858093
65,121,0.3184221386909485
65,122,0.5057040452957153
65,123,0.4971916675567627
65,124,0.4799520671367645
65,125,0.5085054039955139
65,126,0.15644706785678864
65,127,0.5073506832122803
65,128,0.3963792324066162
65,129,0.5096551179885864
65,130,0.17727769911289215
65,131,0.1684713065624237
65,132,0.8761006593704224
65,133,0.3393283188343048
65,134,0.519115686416626
66,1,0.05634898319840431
66,2,0.4869270622730255
66,3,0.8530150651931763
66,4,0.062228672206401825
66,5,0.0645277351140976
66,6,0.07941533625125885
66,7,0.4377087652683258
66,8,0.0584714449942112
66,9,0.5027435421943665
66,10,0.5073493123054504
66,11,0.5068303942680359
66,12,0.48355981707572937
66,13,0.5110512375831604
66,14,0.47455230355262756
66,15,0.5009976029396057
66,16,0.0789521262049675
66,17,0.523766815662384
66,18,0.35767504572868347
66,19,0.17950384318828583
66,20,0.5099340081214905
66,21,0.14949378371238708
66,22,0.47388190031051636
66,23,0.8925408720970154
66,24,0.04742587357759476
66,25,0.07857310771942139
66,26,0.5848420262336731
66,27,0.5079762935638428
66,28,0.05455998331308365
66,29,0.5020453333854675
66,30,0.05327342450618744
66,31,0.05489806458353996
66,32,0.5109524130821228
66,33,0.5109672546386719
66,34,0.5018453001976013
66,35,0.46475154161453247
66,36,0.5602496266365051
66,37,0.5046162605285645
66,38,0.4881952404975891
66,39,0.4258180558681488
66,40,0.055247314274311066
66,41,0.5269080400466919
66,42,0.8257654905319214
66,43,0.12366881221532822
66,44,0.8897995352745056
66,45,0.13122032582759857
66,46,0.4871118664741516
66,47,0.7018057107925415
66,48,0.5020990371704102
66,49,0.49857962131500244
66,50,0.49796873331069946
66,51,0.08454136550426483
66,52,0.5035843253135681
66,53,0.4814641773700714
66,54,0.5069229006767273
66,55,0.49695903062820435
66,56,0.49234646558761597
66,57,0.47918200492858887
66,58,0.49634677171707153
66,59,0.5078120827674866
66,60,0.5585570931434631
66,61,0.5073147416114807
66,62,0.5046917796134949
66,63,0.500859797000885
66,64,0.5262765288352966
66,65,0.4912378191947937
66,66,0.5
66,67,0.4953736662864685
66,68,0.0552976131439209
66,69,0.0597386360168457
66,70,0.1388423591852188
66,71,0.47175851464271545
66,72,0.20579008758068085
66,73,0.1734418272972107
66,74,0.4922035336494446
66,75,0.4883408546447754
66,76,0.3859175443649292
66,77,0.5384107828140259
66,78,0.5349339246749878
66,79,0.1303202360868454
66,80,0.05162718519568443
66,81,0.5015606880187988
66,82,0.4523954689502716
66,83,0.21303215622901917
66,84,0.5016912221908569
66,85,0.500855028629303
66,86,0.5142325758934021
66,87,0.4931655526161194
66,88,0.5021979212760925
66,89,0.055930037051439285
66,90,0.5048860907554626
66,91,0.881894052028656
66,92,0.13700824975967407
66,93,0.46338748931884766
66,94,0.28634127974510193
66,95,0.18931399285793304
66,96,0.04947176203131676
66,97,0.49620380997657776
66,98,0.5076380968093872
66,99,0.4008429944515228
66,100,0.5429477095603943
66,101,0.22579598426818848
66,102,0.4905981421470642
66,103,0.5019311904907227
66,104,0.5129075646400452
66,105,0.18493624031543732
66,106,0.19664663076400757
66,107,0.49159058928489685
66,108,0.5032163858413696
66,109,0.48695629835128784
66,110,0.0561387874186039
66,111,0.8697535991668701
66,112,0.46139949560165405
66,113,0.4172074496746063
66,114,0.5010681748390198
66,115,0.06801009923219681
66,116,0.06353146582841873
66,117,0.48731300234794617
66,118,0.47052139043807983
66,119,0.8799111247062683
66,120,0.48171842098236084
66,121,0.302799791097641
66,122,0.498696506023407
66,123,0.488241046667099
66,124,0.47077035903930664
66,125,0.5065022110939026
66,126,0.12944450974464417
66,127,0.4999440908432007
66,128,0.3901067078113556
66,129,0.5037795901298523
66,130,0.16472195088863373
66,131,0.16393877565860748
66,132,0.8831348419189453
66,133,0.33187711238861084
66,134,0.5175378322601318
67,1,0.06710122525691986
67,2,0.4780957102775574
67,3,0.8604510426521301
67,4,0.079828180372715
67,5,0.07112865149974823
67,6,0.1021694466471672
67,7,0.4428911507129669
67,8,0.06756098568439484
67,9,0.498113214969635
67,10,0.510663628578186
67,11,0.5573998689651489
67,12,0.5415929555892944
67,13,0.4638898968696594
67,14,0.5138058066368103
67,15,0.49445539712905884
67,16,0.09677077829837799
67,17,0.5290861129760742
67,18,0.3693908751010895
67,19,0.17680706083774567
67,20,0.5123115181922913
67,21,0.15121592581272125
67,22,0.49460676312446594
67,23,0.9049935936927795
67,24,0.06310293823480606
67,25,0.08827311545610428
67,26,0.6003163456916809
67,27,0.5270255208015442
67,28,0.05565357580780983
67,29,0.5011467933654785
67,30,0.07875538617372513
67,31,0.04742587357759476
67,32,0.5092474222183228
67,33,0.5527976751327515
67,34,0.5207520127296448
67,35,0.47827082872390747
67,36,0.5636668801307678
67,37,0.5030894875526428
67,38,0.4850079417228699
67,39,0.382659912109375
67,40,0.07656323909759521
67,41,0.525900661945343
67,42,0.8584365248680115
67,43,0.1474618762731552
67,44,0.9167763590812683
67,45,0.09573492407798767
67,46,0.48674172163009644
67,47,0.7268564105033875
67,48,0.49975746870040894
67,49,0.5040241479873657
67,50,0.4922288954257965
67,51,0.1655113250017166
67,52,0.505268394947052
67,53,0.4866184890270233
67,54,0.5104245543479919
67,55,0.5021818280220032
67,56,0.4998248219490051
67,57,0.48986390233039856
67,58,0.5029280781745911
67,59,0.5096469521522522
67,60,0.574897825717926
67,61,0.5086163282394409
67,62,0.5008527040481567
67,63,0.5094367861747742
67,64,0.5305554270744324
67,65,0.49295997619628906
67,66,0.5053163766860962
67,67,0.5
67,68,0.06211099773645401
67,69,0.07050681114196777
67,70,0.1437673717737198
67,71,0.46985507011413574
67,72,0.2163309007883072
67,73,0.2175663411617279
67,74,0.5064116716384888
67,75,0.49888965487480164
67,76,0.3527664542198181
67,77,0.5447008013725281
67,78,0.5480605363845825
67,79,0.11883474141359329
67,80,0.0693306103348732
67,81,0.5109211206436157
67,82,0.4629877209663391
67,83,0.3449542820453644
67,84,0.5508991479873657
67,85,0.5086743235588074
67,86,0.5125068426132202
67,87,0.533179521560669
67,88,0.5071752667427063
67,89,0.06913619488477707
67,90,0.5130499005317688
67,91,0.8975157737731934
67,92,0.1831267774105072
67,93,0.521105945110321
67,94,0.4885176420211792
67,95,0.20422664284706116
67,96,0.0756300836801529
67,97,0.49544796347618103
67,98,0.5470359921455383
67,99,0.41175398230552673
67,100,0.5484417080879211
67,101,0.21714334189891815
67,102,0.49020272493362427
67,103,0.5046221017837524
67,104,0.5152881741523743
67,105,0.21374672651290894
67,106,0.2944098114967346
67,107,0.4915556311607361
67,108,0.5108035802841187
67,109,0.4925484359264374
67,110,0.06891830265522003
67,111,0.8995876312255859
67,112,0.4466415047645569
67,113,0.41556423902511597
67,114,0.5132398009300232
67,115,0.09841625392436981
67,116,0.10766825079917908
67,117,0.5096597671508789
67,118,0.4706917405128479
67,119,0.8900149464607239
67,120,0.48056384921073914
67,121,0.32389286160469055
67,122,0.5490403175354004
67,123,0.48808053135871887
67,124,0.46981915831565857
67,125,0.5085397958755493
67,126,0.14861410856246948
67,127,0.5011278390884399
67,128,0.4195758104324341
67,129,0.5092846155166626
67,130,0.18356569111347198
67,131,0.1270693987607956
67,132,0.9125218391418457
67,133,0.37329229712486267
67,134,0.5189641714096069
68,1,0.6187401413917542
68,2,0.9252355098724365
68,3,0.14591632783412933
68,4,0.5007508397102356
68,5,0.5783579349517822
68,6,0.686987042427063
68,7,0.9324723482131958
68,8,0.496504008769989
68,9,0.9493882060050964
68,10,0.9467453956604004
68,11,0.907663106918335
68,12,0.9260280132293701
68,13,0.927969217300415
68,14,0.902184784412384
68,15,0.9462059736251831
68,16,0.5430428981781006
68,17,0.9525741338729858
68,18,0.8916971683502197
68,19,0.8507822155952454
68,20,0.9312268495559692
68,21,0.8517333269119263
68,22,0.8921812176704407
68,23,0.8488752245903015
68,24,0.49643829464912415
68,25,0.508043110370636
68,26,0.9254087209701538
68,27,0.9444214105606079
68,28,0.5218565464019775
68,29,0.9487726092338562
68,30,0.5036576986312866
68,31,0.4998146891593933
68,32,0.9416456818580627
68,33,0.925895631313324
68,34,0.9349554181098938
68,35,0.9116267561912537
68,36,0.9445939064025879
68,37,0.9331446290016174
68,38,0.930853009223938
68,39,0.9287163615226746
68,40,0.5030969977378845
68,41,0.9517219662666321
68,42,0.9041173458099365
68,43,0.8126894235610962
68,44,0.854316771030426
68,45,0.8084139227867126
68,46,0.9209268093109131
68,47,0.9340578317642212
68,48,0.9385486245155334
68,49,0.9204995632171631
68,50,0.9293013215065002
68,51,0.5781913995742798
68,52,0.9356771111488342
68,53,0.9181134700775146
68,54,0.9014148712158203
68,55,0.9241117835044861
68,56,0.9152557253837585
68,57,0.9234090447425842
68,58,0.936029851436615
68,59,0.9389788508415222
68,60,0.9229543805122375
68,61,0.9236748218536377
68,62,0.9123513102531433
68,63,0.9351771473884583
68,64,0.938809871673584
68,65,0.9316966533660889
68,66,0.9248773455619812
68,67,0.8898946642875671
68,68,0.5
68,69,0.5013641715049744
68,70,0.7837826609611511
68,71,0.932300865650177
68,72,0.8284834027290344
68,73,0.8274326920509338
68,74,0.8874991536140442
68,75,0.9276428818702698
68,76,0.8803139925003052
68,77,0.9324017763137817
68,78,0.9275223016738892
68,79,0.8323274254798889
68,80,0.4972354769706726
68,81,0.9128850102424622
68,82,0.9259505271911621
68,83,0.6808753609657288
68,84,0.9167641401290894
68,85,0.9480304718017578
68,86,0.947932779788971
68,87,0.9330589771270752
68,88,0.9347021579742432
68,89,0.4983568787574768
68,90,0.9215316772460938
68,91,0.8341075778007507
68,92,0.826755702495575
68,93,0.8966018557548523
68,94,0.8313581347465515
68,95,0.7955904603004456
68,96,0.5095921754837036
68,97,0.9270197153091431
68,98,0.9226022958755493
68,99,0.9238069653511047
68,100,0.9256532788276672
68,101,0.8593109250068665
68,102,0.9466798901557922
68,103,0.9088212251663208
68,104,0.9240095019340515
68,105,0.8214626908302307
68,106,0.7877910137176514
68,107,0.9313039779663086
68,108,0.9152008295059204
68,109,0.9099313616752625
68,110,0.5093733072280884
68,111,0.8707550764083862
68,112,0.9239088296890259
68,113,0.8989955186843872
68,114,0.9151350259780884
68,115,0.5403051972389221
68,116,0.5143956542015076
68,117,0.9010395407676697
68,118,0.9045280814170837
68,119,0.8336508274078369
68,120,0.929401695728302
68,121,0.9051395654678345
68,122,0.9163392782211304
68,123,0.9210692644119263
68,124,0.9160498976707458
68,125,0.9146694540977478
68,126,0.8327586650848389
68,127,0.9302482008934021
68,128,0.8711780309677124
68,129,0.9264546632766724
68,130,0.8205300569534302
68,131,0.12277553230524063
68,132,0.8616481423377991
68,133,0.8510085940361023
68,134,0.944227933883667
69,1,0.6206385493278503
69,2,0.9293468594551086
69,3,0.14845111966133118
69,4,0.4990518093109131
69,5,0.5427342653274536
69,6,0.6841124892234802
69,7,0.9328634142875671
69,8,0.4951895475387573
69,9,0.94976407289505
69,10,0.9418990015983582
69,11,0.9049089550971985
69,12,0.9340174794197083
69,13,0.9397611618041992
69,14,0.9123519062995911
69,15,0.9475176930427551
69,16,0.5419909358024597
69,17,0.9509831666946411
69,18,0.8716720342636108
69,19,0.8479942679405212
69,20,0.9319664835929871
69,21,0.8545992970466614
69,22,0.8966514468193054
69,23,0.8446462154388428
69,24,0.4951094686985016
69,25,0.5047252774238586
69,26,0.9354425072669983
69,27,0.9459854960441589
69,28,0.5253803133964539
69,29,0.9525741338729858
69,30,0.5005794167518616
69,31,0.4986596405506134
69,32,0.9508259892463684
69,33,0.9296424388885498
69,34,0.9428812265396118
69,35,0.9058204889297485
69,36,0.9388692378997803
69,37,0.9269940257072449
69,38,0.9288166761398315
69,39,0.937949538230896
69,40,0.5007662773132324
69,41,0.9468253254890442
69,42,0.8997402787208557
69,43,0.798856794834137
69,44,0.8506479859352112
69,45,0.8119511008262634
69,46,0.9298436641693115
69,47,0.941457986831665
69,48,0.9411349892616272
69,49,0.910442054271698
69,50,0.9244452118873596
69,51,0.519148588180542
69,52,0.9424620866775513
69,53,0.9199388027191162
69,54,0.905017077922821
69,55,0.9298964738845825
69,56,0.9190511107444763
69,57,0.9220244288444519
69,58,0.9282175302505493
69,59,0.9464411735534668
69,60,0.9216888546943665
69,61,0.92857825756073
69,62,0.9265692830085754
69,63,0.9331027865409851
69,64,0.9466384053230286
69,65,0.935187041759491
69,66,0.9186618328094482
69,67,0.8780363202095032
69,68,0.49864351749420166
69,69,0.5
69,70,0.781206488609314
69,71,0.9361768364906311
69,72,0.8517524003982544
69,73,0.8216850161552429
69,74,0.8731787204742432
69,75,0.93364417552948
69,76,0.8577082753181458
69,77,0.9376959204673767
69,78,0.9354220032691956
69,79,0.8264209628105164
69,80,0.49585482478141785
69,81,0.9223851561546326
69,82,0.9202415347099304
69,83,0.6498518586158752
69,84,0.9202802181243896
69,85,0.9517403244972229
69,86,0.9430915713310242
69,87,0.9338322877883911
69,88,0.9363868236541748
69,89,0.4967728555202484
69,90,0.9196859002113342
69,91,0.8311135768890381
69,92,0.8238505721092224
69,93,0.8843747973442078
69,94,0.7913965582847595
69,95,0.8145179748535156
69,96,0.4881080985069275
69,97,0.9314093589782715
69,98,0.9159497618675232
69,99,0.9198853373527527
69,100,0.9303517937660217
69,101,0.8748207688331604
69,102,0.9510582089424133
69,103,0.9229872226715088
69,104,0.9205790162086487
69,105,0.8055714964866638
69,106,0.770781934261322
69,107,0.92364901304245
69,108,0.9083322286605835
69,109,0.9211450219154358
69,110,0.5054721236228943
69,111,0.8679149746894836
69,112,0.9206111431121826
69,113,0.8961317539215088
69,114,0.9207051396369934
69,115,0.5220836400985718
69,116,0.4939120411872864
69,117,0.8952051997184753
69,118,0.9107176065444946
69,119,0.8310109972953796
69,120,0.9383949637413025
69,121,0.8979794383049011
69,122,0.9109095335006714
69,123,0.933497965335846
69,124,0.9243355989456177
69,125,0.9064406752586365
69,126,0.8330771327018738
69,127,0.9239776134490967
69,128,0.8829575777053833
69,129,0.9328670501708984
69,130,0.8248735070228577
69,131,0.10886432230472565
69,132,0.8567044734954834
69,133,0.8687418103218079
69,134,0.9476206302642822
70,1,0.3305814564228058
70,2,0.834528923034668
70,3,0.39160773158073425
70,4,0.22693787515163422
70,5,0.2712928354740143
70,6,0.4228028953075409
70,7,0.8195102214813232
70,8,0.2244870960712433
70,9,0.8604618310928345
70,10,0.854407787322998
70,11,0.8523809313774109
70,12,0.8600860238075256
70,13,0.8299384713172913
70,14,0.8644710183143616
70,15,0.8260095119476318
70,16,0.26763078570365906
70,17,0.8752782344818115
70,18,0.7402817606925964
70,19,0.6181807518005371
70,20,0.8451371192932129
70,21,0.6248325705528259
70,22,0.8234164714813232
70,23,0.9024550914764404
70,24,0.22580784559249878
70,25,0.22890649735927582
70,26,0.8601414561271667
70,27,0.8693364262580872
70,28,0.2464444488286972
70,29,0.8615769743919373
70,30,0.23044873774051666
70,31,0.2288738191127777
70,32,0.8432404398918152
70,33,0.8683690428733826
70,34,0.8657719492912292
70,35,0.8238078355789185
70,36,0.838839054107666
70,37,0.8306650519371033
70,38,0.8487110137939453
70,39,0.827064037322998
70,40,0.23331542313098907
70,41,0.8645333051681519
70,42,0.9173513054847717
70,43,0.5459607243537903
70,44,0.903796374797821
70,45,0.5562500357627869
70,46,0.8503414392471313
70,47,0.8908601403236389
70,48,0.8662645816802979
70,49,0.8343092203140259
70,50,0.8182535767555237
70,51,0.26525476574897766
70,52,0.8584073185920715
70,53,0.853863000869751
70,54,0.8288587331771851
70,55,0.8564074039459229
70,56,0.843804657459259
70,57,0.859139084815979
70,58,0.8512953519821167
70,59,0.8709758520126343
70,60,0.8586698174476624
70,61,0.8611084818840027
70,62,0.8471716642379761
70,63,0.8566449284553528
70,64,0.8779820203781128
70,65,0.8596401214599609
70,66,0.8211542367935181
70,67,0.7853041291236877
70,68,0.22864723205566406
70,69,0.22996953129768372
70,70,0.5
70,71,0.8555484414100647
70,72,0.6219835877418518
70,73,0.5863242745399475
70,74,0.8228437900543213
70,75,0.8447594046592712
70,76,0.7369429469108582
70,77,0.8699119687080383
70,78,0.8793578743934631
70,79,0.5697662830352783
70,80,0.22691838443279266
70,81,0.8580302000045776
70,82,0.8374046087265015
70,83,0.3907720744609833
70,84,0.8683062791824341
70,85,0.8672893047332764
70,86,0.8548837304115295
70,87,0.8397923111915588
70,88,0.861228883266449
70,89,0.2271057367324829
70,90,0.8590782880783081
70,91,0.8559587597846985
70,92,0.5908077955245972
70,93,0.785381555557251
70,94,0.5916005969047546
70,95,0.5936476588249207
70,96,0.2641158103942871
70,97,0.8230839967727661
70,98,0.839718222618103
70,99,0.8029447793960571
70,100,0.8453935980796814
70,101,0.6932274699211121
70,102,0.8615593314170837
70,103,0.8273213505744934
70,104,0.813118577003479
70,105,0.6461822986602783
70,106,0.542106568813324
70,107,0.849372386932373
70,108,0.7920682430267334
70,109,0.8368474841117859
70,110,0.2375190407037735
70,111,0.8944032192230225
70,112,0.8266540169715881
70,113,0.8243749141693115
70,114,0.8525582551956177
70,115,0.321037620306015
70,116,0.23809967935085297
70,117,0.8424566388130188
70,118,0.8238808512687683
70,119,0.8936914801597595
70,120,0.8421974182128906
70,121,0.7700908184051514
70,122,0.8606279492378235
70,123,0.850766658782959
70,124,0.8409616947174072
70,125,0.8158803582191467
70,126,0.6023668646812439
70,127,0.8435801267623901
70,128,0.7400134801864624
70,129,0.8535735011100769
70,130,0.6063374280929565
70,131,0.04742587357759476
70,132,0.907852292060852
70,133,0.7346627712249756
70,134,0.8509835600852966
71,1,0.060633815824985504
71,2,0.5073994994163513
71,3,0.852519154548645
71,4,0.06030808761715889
71,5,0.06171039491891861
71,6,0.10021822154521942
71,7,0.4644739627838135
71,8,0.05062878131866455
71,9,0.523036777973175
71,10,0.5317174196243286
71,11,0.5355914831161499
71,12,0.5202181935310364
71,13,0.4936210513114929
71,14,0.5060824155807495
71,15,0.5204638838768005
71,16,0.07454752177000046
71,17,0.5482098460197449
71,18,0.39828088879585266
71,19,0.17950744926929474
71,20,0.5353158116340637
71,21,0.16080999374389648
71,22,0.5051309466362
71,23,0.8749682903289795
71,24,0.052341144531965256
71,25,0.06983429938554764
71,26,0.6072996258735657
71,27,0.5310639142990112
71,28,0.05310159549117088
71,29,0.5290494561195374
71,30,0.051826801151037216
71,31,0.05187026038765907
71,32,0.5325747132301331
71,33,0.5354024171829224
71,34,0.5308738946914673
71,35,0.5029898285865784
71,36,0.5763534307479858
71,37,0.5251013040542603
71,38,0.5126922726631165
71,39,0.4419688582420349
71,40,0.06003713235259056
71,41,0.5464299917221069
71,42,0.8293489217758179
71,43,0.1264585554599762
71,44,0.8870444297790527
71,45,0.12337935715913773
71,46,0.5133551955223083
71,47,0.7130904197692871
71,48,0.5267398953437805
71,49,0.5258645415306091
71,50,0.521842896938324
71,51,0.09309329092502594
71,52,0.5302886962890625
71,53,0.5176146030426025
71,54,0.529575526714325
71,55,0.5259280800819397
71,56,0.5207223296165466
71,57,0.515977144241333
71,58,0.5258510708808899
71,59,0.5315003395080566
71,60,0.5844815373420715
71,61,0.532421886920929
71,62,0.526940643787384
71,63,0.5325093269348145
71,64,0.5520215034484863
71,65,0.5176554918289185
71,66,0.5265038013458252
71,67,0.5246250033378601
71,68,0.05830306187272072
71,69,0.053905170410871506
71,70,0.11936121433973312
71,71,0.5
71,72,0.1940503865480423
71,73,0.18742981553077698
71,74,0.5213139653205872
71,75,0.5140953063964844
71,76,0.42797544598579407
71,77,0.5632895231246948
71,78,0.5607136487960815
71,79,0.13135702908039093
71,80,0.05188058689236641
71,81,0.5310400128364563
71,82,0.482866495847702
71,83,0.2360764443874359
71,84,0.5324147343635559
71,85,0.5255855321884155
71,86,0.5334562063217163
71,87,0.5196497440338135
71,88,0.5277866721153259
71,89,0.04742586612701416
71,90,0.5344120264053345
71,91,0.8945298194885254
71,92,0.1740543246269226
71,93,0.47923746705055237
71,94,0.29521822929382324
71,95,0.21237367391586304
71,96,0.06558620929718018
71,97,0.5246519446372986
71,98,0.5364095568656921
71,99,0.4396721124649048
71,100,0.5643113851547241
71,101,0.22748224437236786
71,102,0.5173338651657104
71,103,0.5288105010986328
71,104,0.5309447646141052
71,105,0.19033865630626678
71,106,0.23743115365505219
71,107,0.5175678730010986
71,108,0.5171687006950378
71,109,0.5130409598350525
71,110,0.06077730283141136
71,111,0.8687116503715515
71,112,0.48565205931663513
71,113,0.44912755489349365
71,114,0.530592143535614
71,115,0.06755904853343964
71,116,0.07872039824724197
71,117,0.5210320353507996
71,118,0.5023703575134277
71,119,0.886532187461853
71,120,0.5076664686203003
71,121,0.337851345539093
71,122,0.5250498056411743
71,123,0.513920783996582
71,124,0.49736323952674866
71,125,0.5260868072509766
71,126,0.17932097613811493
71,127,0.5237390398979187
71,128,0.4121090769767761
71,129,0.5313062071800232
71,130,0.19043876230716705
71,131,0.1561470776796341
71,132,0.8763355612754822
71,133,0.3522615134716034
71,134,0.5343573689460754
72,1,0.23534570634365082
72,2,0.7790441513061523
72,3,0.5339157581329346
72,4,0.1438683569431305
72,5,0.15897540748119354
72,6,0.32280611991882324
72,7,0.7638520002365112
72,8,0.12865190207958221
72,9,0.8095498085021973
72,10,0.801160454750061
72,11,0.8037722706794739
72,12,0.8146971464157104
72,13,0.7737634181976318
72,14,0.8078997135162354
72,15,0.7611954212188721
72,16,0.1676144152879715
72,17,0.8330996632575989
72,18,0.6437550783157349
72,19,0.47264423966407776
72,20,0.792009711265564
72,21,0.4684312641620636
72,22,0.8300399780273438
72,23,0.8981038331985474
72,24,0.15088768303394318
72,25,0.14030508697032928
72,26,0.8380025029182434
72,27,0.826911449432373
72,28,0.14923712611198425
72,29,0.8159821033477783
72,30,0.14314909279346466
72,31,0.13240064680576324
72,32,0.7885626554489136
72,33,0.8216174840927124
72,34,0.8212500810623169
72,35,0.771687924861908
72,36,0.788391649723053
72,37,0.7641396522521973
72,38,0.7751753926277161
72,39,0.7721678018569946
72,40,0.15771374106407166
72,41,0.8107932209968567
72,42,0.9165361523628235
72,43,0.3989854156970978
72,44,0.9123063087463379
72,45,0.4103865623474121
72,46,0.7864987254142761
72,47,0.8711665272712708
72,48,0.8199668526649475
72,49,0.7674502730369568
72,50,0.7629732489585876
72,51,0.14963248372077942
72,52,0.8111461400985718
72,53,0.8054919838905334
72,54,0.7840369939804077
72,55,0.8028061985969543
72,56,0.7995151877403259
72,57,0.819085955619812
72,58,0.7832193374633789
72,59,0.8275666832923889
72,60,0.8153201937675476
72,61,0.8109872341156006
72,62,0.8179492950439453
72,63,0.7967460751533508
72,64,0.8405164480209351
72,65,0.8152910470962524
72,66,0.7813522815704346
72,67,0.7419831156730652
72,68,0.1572265774011612
72,69,0.13301785290241241
72,70,0.3630216419696808
72,71,0.807059109210968
72,72,0.5
72,73,0.4660347104072571
72,74,0.7756471633911133
72,75,0.7931807041168213
72,76,0.6387467980384827
72,77,0.8268108367919922
72,78,0.8410919904708862
72,79,0.4283760190010071
72,80,0.1453551948070526
72,81,0.8145379424095154
72,82,0.7831380367279053
72,83,0.32782912254333496
72,84,0.8268917202949524
72,85,0.8245351314544678
72,86,0.789722204208374
72,87,0.7810189723968506
72,88,0.8083471655845642
72,89,0.1310383677482605
72,90,0.8100374937057495
72,91,0.8660154342651367
72,92,0.47796353697776794
72,93,0.6968860030174255
72,94,0.5059952735900879
72,95,0.4457853138446808
72,96,0.17376425862312317
72,97,0.7919201850891113
72,98,0.7754416465759277
72,99,0.755100667476654
72,100,0.8177999258041382
72,101,0.583699107170105
72,102,0.8148331046104431
72,103,0.7683621048927307
72,104,0.7534763813018799
72,105,0.5351471900939941
72,106,0.4754783511161804
72,107,0.7884827256202698
72,108,0.7453982830047607
72,109,0.7809603810310364
72,110,0.16185550391674042
72,111,0.887190043926239
72,112,0.7563453316688538
72,113,0.7393007874488831
72,114,0.8264066576957703
72,115,0.20944373309612274
72,116,0.15742747485637665
72,117,0.7943909764289856
72,118,0.7812250852584839
72,119,0.9184937477111816
72,120,0.781923770904541
72,121,0.683781087398529
72,122,0.8172991275787354
72,123,0.7881975173950195
72,124,0.7780888080596924
72,125,0.7607002258300781
72,126,0.4825197160243988
72,127,0.775515079498291
72,128,0.6478474140167236
72,129,0.8043825626373291
72,130,0.49117276072502136
72,131,0.04742586612701416
72,132,0.9168087244033813
72,133,0.6432614326477051
72,134,0.7996892929077148
73,1,0.2286452353000641
73,2,0.8262336254119873
73,3,0.5491617918014526
73,4,0.14478427171707153
73,5,0.19400030374526978
73,6,0.2539815902709961
73,7,0.7797092199325562
73,8,0.14355522394180298
73,9,0.8456118106842041
73,10,0.8600873947143555
73,11,0.8288706541061401
73,12,0.81081223487854
73,13,0.83149254322052
73,14,0.8029549717903137
73,15,0.8536921739578247
73,16,0.14943398535251617
73,17,0.8635630011558533
73,18,0.6994749903678894
73,19,0.5581175088882446
73,20,0.8380051255226135
73,21,0.48563963174819946
73,22,0.7853286862373352
73,23,0.9395962357521057
73,24,0.13901777565479279
73,25,0.1483033299446106
73,26,0.8858941793441772
73,27,0.8534309267997742
73,28,0.156027153134346
73,29,0.8498803377151489
73,30,0.14580804109573364
73,31,0.14050157368183136
73,32,0.8466470837593079
73,33,0.828198254108429
73,34,0.8285768628120422
73,35,0.8488609790802002
73,36,0.87416011095047
73,37,0.853461503982544
73,38,0.8260548114776611
73,39,0.7867331504821777
73,40,0.14665207266807556
73,41,0.8659054636955261
73,42,0.942907452583313
73,43,0.4110216498374939
73,44,0.9508334398269653
73,45,0.4358742833137512
73,46,0.8477019667625427
73,47,0.9286707043647766
73,48,0.8504660129547119
73,49,0.8454615473747253
73,50,0.8383867144584656
73,51,0.2043336182832718
73,52,0.8503203392028809
73,53,0.8302912712097168
73,54,0.8466609120368958
73,55,0.832294225692749
73,56,0.8421581983566284
73,57,0.8066750168800354
73,58,0.8540337085723877
73,59,0.8555037975311279
73,60,0.8723675608634949
73,61,0.8551744222640991
73,62,0.825167179107666
73,63,0.8488989472389221
73,64,0.8655385375022888
73,65,0.8443828225135803
73,66,0.8301010727882385
73,67,0.75612473487854
73,68,0.14180654287338257
73,69,0.1462061107158661
73,70,0.39549362659454346
73,71,0.8303495645523071
73,72,0.5365825891494751
73,73,0.5
73,74,0.8241652846336365
73,75,0.823661744594574
73,76,0.6642908453941345
73,77,0.8669166564941406
73,78,0.8641576170921326
73,79,0.454293429851532
73,80,0.14201387763023376
73,81,0.8472526669502258
73,82,0.8173633217811584
73,83,0.4765153229236603
73,84,0.8247686624526978
73,85,0.8477912545204163
73,86,0.8589611649513245
73,87,0.8186967968940735
73,88,0.848889946937561
73,89,0.13936948776245117
73,90,0.8418413400650024
73,91,0.9032530784606934
73,92,0.4907611608505249
73,93,0.754120409488678
73,94,0.606475293636322
73,95,0.6062653064727783
73,96,0.17367994785308838
73,97,0.8299843072891235
73,98,0.8203895092010498
73,99,0.7811729907989502
73,100,0.8663567304611206
73,101,0.6073516607284546
73,102,0.8463974595069885
73,103,0.8169751167297363
73,104,0.8520494103431702
73,105,0.5217881798744202
73,106,0.5109432339668274
73,107,0.8423956632614136
73,108,0.8077456951141357
73,109,0.8169417381286621
73,110,0.14832216501235962
73,111,0.94351726770401
73,112,0.8422999382019043
73,113,0.8121152520179749
73,114,0.8168573379516602
73,115,0.21464671194553375
73,116,0.17419861257076263
73,117,0.8019174337387085
73,118,0.8311675190925598
73,119,0.9361761212348938
73,120,0.8375478386878967
73,121,0.7144559025764465
73,122,0.8191822171211243
73,123,0.8470765948295593
73,124,0.8202348947525024
73,125,0.8236857652664185
73,126,0.505219042301178
73,127,0.8509340286254883
73,128,0.747714102268219
73,129,0.8387042284011841
73,130,0.5664678812026978
73,131,0.04742587357759476
73,132,0.9474611878395081
73,133,0.6793403029441833
73,134,0.8572136759757996
74,1,0.04742587357759476
74,2,0.4676095247268677
74,3,0.8905556201934814
74,4,0.07809373736381531
74,5,0.06543923914432526
74,6,0.06620120257139206
74,7,0.4257253408432007
74,8,0.0720786303281784
74,9,0.49439117312431335
74,10,0.5037255883216858
74,11,0.49951910972595215
74,12,0.4938754439353943
74,13,0.4713214337825775
74,14,0.4607461988925934
74,15,0.4994850158691406
74,16,0.07712060213088989
74,17,0.520673394203186
74,18,0.35914528369903564
74,19,0.1409229338169098
74,20,0.5069075226783752
74,21,0.127052903175354
74,22,0.401630699634552
74,23,0.915183961391449
74,24,0.05755460262298584
74,25,0.09632091224193573
74,26,0.5904824733734131
74,27,0.5036321878433228
74,28,0.05507059767842293
74,29,0.49700698256492615
74,30,0.07487291097640991
74,31,0.05179332569241524
74,32,0.509873628616333
74,33,0.5064705610275269
74,34,0.5008189678192139
74,35,0.5098180770874023
74,36,0.5633674263954163
74,37,0.5061782598495483
74,38,0.4814152121543884
74,39,0.3817046582698822
74,40,0.06764242053031921
74,41,0.5260012149810791
74,42,0.8480781316757202
74,43,0.11680454760789871
74,44,0.9137816429138184
74,45,0.09222639352083206
74,46,0.47934290766716003
74,47,0.7160323262214661
74,48,0.4944910705089569
74,49,0.4905295670032501
74,50,0.5007333159446716
74,51,0.1514665186405182
74,52,0.5081570148468018
74,53,0.46939989924430847
74,54,0.5035458207130432
74,55,0.5014231204986572
74,56,0.4843789339065552
74,57,0.4656209349632263
74,58,0.49731624126434326
74,59,0.506541907787323
74,60,0.5674349069595337
74,61,0.5062683820724487
74,62,0.49548858404159546
74,63,0.5011757612228394
74,64,0.5243053436279297
74,65,0.4931013286113739
74,66,0.5091127753257751
74,67,0.49347835779190063
74,68,0.061268195509910583
74,69,0.07149866223335266
74,70,0.10439912229776382
74,71,0.4734589159488678
74,72,0.17689357697963715
74,73,0.14463217556476593
74,74,0.5
74,75,0.47962385416030884
74,76,0.36706432700157166
74,77,0.53824383020401
74,78,0.5308793783187866
74,79,0.09496736526489258
74,80,0.06280829012393951
74,81,0.49296748638153076
74,82,0.4463171660900116
74,83,0.28450414538383484
74,84,0.5019312500953674
74,85,0.49657490849494934
74,86,0.5090656876564026
74,87,0.48933058977127075
74,88,0.5034316182136536
74,89,0.0698976069688797
74,90,0.49750176072120667
74,91,0.9065170884132385
74,92,0.12051492184400558
74,93,0.481291800737381
74,94,0.4091862142086029
74,95,0.17251309752464294
74,96,0.0716698095202446
74,97,0.4980945885181427
74,98,0.5084072351455688
74,99,0.39196863770484924
74,100,0.5380095839500427
74,101,0.18262745440006256
74,102,0.4828128218650818
74,103,0.5006493330001831
74,104,0.5127308964729309
74,105,0.17211969196796417
74,106,0.21940435469150543
74,107,0.4865947961807251
74,108,0.5055599212646484
74,109,0.48287105560302734
74,110,0.06349720060825348
74,111,0.8924558758735657
74,112,0.48145395517349243
74,113,0.4045661687850952
74,114,0.5033190250396729
74,115,0.08118148893117905
74,116,0.09036396443843842
74,117,0.4768207371234894
74,118,0.4824976623058319
74,119,0.9012550711631775
74,120,0.4765981435775757
74,121,0.28546592593193054
74,122,0.4975903034210205
74,123,0.47118937969207764
74,124,0.4687659442424774
74,125,0.49750176072120667
74,126,0.12595966458320618
74,127,0.48945188522338867
74,128,0.3912964165210724
74,129,0.5086349248886108
74,130,0.15671943128108978
74,131,0.14376667141914368
74,132,0.9022191166877747
74,133,0.3386479616165161
74,134,0.5185954570770264
75,1,0.06869089603424072
75,2,0.49959537386894226
75,3,0.8660352826118469
75,4,0.060038596391677856
75,5,0.06307908892631531
75,6,0.08633200824260712
75,7,0.437521755695343
75,8,0.052441563457250595
75,9,0.5087496042251587
75,10,0.5162116289138794
75,11,0.5241865515708923
75,12,0.505803644657135
75,13,0.47985339164733887
75,14,0.4927756190299988
75,15,0.5057515501976013
75,16,0.07267100363969803
75,17,0.534416139125824
75,18,0.3854518532752991
75,19,0.18507418036460876
75,20,0.5225605964660645
75,21,0.16378962993621826
75,22,0.5367636680603027
75,23,0.8740779161453247
75,24,0.05335330218076706
75,25,0.07018128782510757
75,26,0.5977617502212524
75,27,0.5192024111747742
75,28,0.047425881028175354
75,29,0.5153068900108337
75,30,0.052063267678022385
75,31,0.05386507511138916
75,32,0.5194057822227478
75,33,0.5228134989738464
75,34,0.5180575251579285
75,35,0.49019595980644226
75,36,0.563765823841095
75,37,0.5125645995140076
75,38,0.4960254728794098
75,39,0.4318449795246124
75,40,0.05543936789035797
75,41,0.5329192280769348
75,42,0.8269011378288269
75,43,0.13371416926383972
75,44,0.8851655125617981
75,45,0.12491842359304428
75,46,0.4974275827407837
75,47,0.7077599167823792
75,48,0.512152373790741
75,49,0.5109118819236755
75,50,0.5032972097396851
75,51,0.10257947444915771
75,52,0.5166985392570496
75,53,0.5025442242622375
75,54,0.5176200270652771
75,55,0.5105449557304382
75,56,0.5082109570503235
75,57,0.505950927734375
75,58,0.5112889409065247
75,59,0.5185032486915588
75,60,0.5747937560081482
75,61,0.5181472301483154
75,62,0.5144670605659485
75,63,0.5200638175010681
75,64,0.5394604206085205
75,65,0.5051199197769165
75,66,0.51141756772995
75,67,0.5009462237358093
75,68,0.05603313073515892
75,69,0.05003390833735466
75,70,0.12064759433269501
75,71,0.48529037833213806
75,72,0.19847413897514343
75,73,0.18456736207008362
75,74,0.5170738697052002
75,75,0.5
75,76,0.4125024676322937
75,77,0.5496925115585327
75,78,0.5502004027366638
75,79,0.12456413358449936
75,80,0.052422896027565
75,81,0.520164966583252
75,82,0.47304269671440125
75,83,0.2012636810541153
75,84,0.5203694701194763
75,85,0.5123191475868225
75,86,0.5194023847579956
75,87,0.5040168762207031
75,88,0.5137428641319275
75,89,0.051258377730846405
75,90,0.5207977890968323
75,91,0.8793783187866211
75,92,0.18378154933452606
75,93,0.4768492579460144
75,94,0.32911938428878784
75,95,0.21458753943443298
75,96,0.05933435261249542
75,97,0.5051862597465515
75,98,0.5221592783927917
75,99,0.4278550446033478
75,100,0.5519880652427673
75,101,0.21298472583293915
75,102,0.5039946436882019
75,103,0.5150439739227295
75,104,0.5185617804527283
75,105,0.19503247737884521
75,106,0.2643592655658722
75,107,0.5040057301521301
75,108,0.5099929571151733
75,109,0.4998292326927185
75,110,0.057455696165561676
75,111,0.8675115704536438
75,112,0.4596049189567566
75,113,0.4333328306674957
75,114,0.5185407996177673
75,115,0.07451781630516052
75,116,0.07753240317106247
75,117,0.5092260241508484
75,118,0.48590439558029175
75,119,0.8795856237411499
75,120,0.49359676241874695
75,121,0.3416457772254944
75,122,0.5142831802368164
75,123,0.4985056519508362
75,124,0.4814065992832184
75,125,0.5155172944068909
75,126,0.15743909776210785
75,127,0.5084611177444458
75,128,0.38689756393432617
75,129,0.5181500315666199
75,130,0.1921163946390152
75,131,0.15970417857170105
75,132,0.8817925453186035
75,133,0.33326560258865356
75,134,0.5187497735023499
76,1,0.09337586164474487
76,2,0.6181519031524658
76,3,0.7810280919075012
76,4,0.06846185773611069
76,5,0.09232679009437561
76,6,0.10068587213754654
76,7,0.6281110644340515
76,8,0.06336164474487305
76,9,0.6556487679481506
76,10,0.6445309519767761
76,11,0.6471351981163025
76,12,0.5926158428192139
76,13,0.6039757132530212
76,14,0.5822401642799377
76,15,0.6616464853286743
76,16,0.08318533003330231
76,17,0.6498289108276367
76,18,0.5621876120567322
76,19,0.2716824412345886
76,20,0.6801521182060242
76,21,0.25964564085006714
76,22,0.5640316605567932
76,23,0.9342087507247925
76,24,0.05194736272096634
76,25,0.08973138779401779
76,26,0.7210429310798645
76,27,0.686216413974762
76,28,0.06419482827186584
76,29,0.6190909147262573
76,30,0.0691794827580452
76,31,0.04742587357759476
76,32,0.6642768979072571
76,33,0.6216049790382385
76,34,0.6227060556411743
76,35,0.660881757736206
76,36,0.7305670976638794
76,37,0.6721242666244507
76,38,0.6403102278709412
76,39,0.5259583592414856
76,40,0.06950836628675461
76,41,0.679832398891449
76,42,0.8912275433540344
76,43,0.19533900916576385
76,44,0.9350808262825012
76,45,0.1709219068288803
76,46,0.6309964656829834
76,47,0.8127805590629578
76,48,0.6401744484901428
76,49,0.6309491395950317
76,50,0.6663437485694885
76,51,0.16812491416931152
76,52,0.659514307975769
76,53,0.6036202311515808
76,54,0.664754331111908
76,55,0.6538147330284119
76,56,0.6160481572151184
76,57,0.5809727311134338
76,58,0.6113594174385071
76,59,0.6674141883850098
76,60,0.705298662185669
76,61,0.6373241543769836
76,62,0.6495623588562012
76,63,0.6181451082229614
76,64,0.6510724425315857
76,65,0.6138550639152527
76,66,0.6400163173675537
76,67,0.6579675674438477
76,68,0.05762219801545143
76,69,0.07377967238426208
76,70,0.17829255759716034
76,71,0.594599187374115
76,72,0.32110854983329773
76,73,0.3031843602657318
76,74,0.6404767036437988
76,75,0.6100096106529236
76,76,0.5
76,77,0.6537739634513855
76,78,0.6423282623291016
76,79,0.18913286924362183
76,80,0.057825975120067596
76,81,0.6559576988220215
76,82,0.6269540190696716
76,83,0.40436798334121704
76,84,0.6324260234832764
76,85,0.6450715065002441
76,86,0.6675704121589661
76,87,0.6245966553688049
76,88,0.6175897717475891
76,89,0.06602561473846436
76,90,0.5964396595954895
76,91,0.9349172115325928
76,92,0.2524813413619995
76,93,0.6298419237136841
76,94,0.5483272671699524
76,95,0.3035077452659607
76,96,0.07012704014778137
76,97,0.6630435585975647
76,98,0.6137551665306091
76,99,0.545900285243988
76,100,0.691885232925415
76,101,0.32880014181137085
76,102,0.6037654876708984
76,103,0.6583133935928345
76,104,0.7051033973693848
76,105,0.28526002168655396
76,106,0.3235901892185211
76,107,0.6514278054237366
76,108,0.6370301246643066
76,109,0.6481919884681702
76,110,0.06889981031417847
76,111,0.919682502746582
76,112,0.6701618432998657
76,113,0.5278133749961853
76,114,0.6625232100486755
76,115,0.08540234714746475
76,116,0.09264430403709412
76,117,0.6377273797988892
76,118,0.6303355693817139
76,119,0.9341436624526978
76,120,0.6358121037483215
76,121,0.4615814685821533
76,122,0.6638426184654236
76,123,0.6157543659210205
76,124,0.6061047911643982
76,125,0.6597404479980469
76,126,0.2539267838001251
76,127,0.6348493099212646
76,128,0.5750910639762878
76,129,0.6463373303413391
76,130,0.31994667649269104
76,131,0.12298404425382614
76,132,0.9248065948486328
76,133,0.51520174741745
76,134,0.6785698533058167
77,1,0.04984303191304207
77,2,0.4447200298309326
77,3,0.8889063000679016
77,4,0.0574425645172596
77,5,0.047425881028175354
77,6,0.07468655705451965
77,7,0.41024577617645264
77,8,0.04857289418578148
77,9,0.45936140418052673
77,10,0.4670411944389343
77,11,0.4712390899658203
77,12,0.45485925674438477
77,13,0.42849966883659363
77,14,0.44153892993927
77,15,0.45563650131225586
77,16,0.06778479367494583
77,17,0.48433172702789307
77,18,0.3310454785823822
77,19,0.14220601320266724
77,20,0.47093701362609863
77,21,0.12422708421945572
77,22,0.47593221068382263
77,23,0.8549457788467407
77,24,0.05075189471244812
77,25,0.0706835612654686
77,26,0.5472491979598999
77,27,0.4669262170791626
77,28,0.04762870445847511
77,29,0.46450865268707275
77,30,0.04907391592860222
77,31,0.04976903647184372
77,32,0.4688657224178314
77,33,0.4716855585575104
77,34,0.46664154529571533
77,35,0.4369959235191345
77,36,0.5139093399047852
77,37,0.4620494246482849
77,38,0.4480237662792206
77,39,0.3839782178401947
77,40,0.05348464474081993
77,41,0.48258376121520996
77,42,0.7990131974220276
77,43,0.0909581258893013
77,44,0.8688147664070129
77,45,0.10867781192064285
77,46,0.44831180572509766
77,47,0.6638780832290649
77,48,0.46173563599586487
77,49,0.4623273015022278
77,50,0.458368718624115
77,51,0.08546195924282074
77,52,0.46584445238113403
77,53,0.45391741394996643
77,54,0.4655314087867737
77,55,0.46095654368400574
77,56,0.4568007290363312
77,57,0.45336249470710754
77,58,0.46148112416267395
77,59,0.467361718416214
77,60,0.5231117010116577
77,61,0.4687613546848297
77,62,0.46431201696395874
77,63,0.4687410593032837
77,64,0.488153874874115
77,65,0.45246466994285583
77,66,0.4626878798007965
77,67,0.4621892273426056
77,68,0.05307886376976967
77,69,0.0476943701505661
77,70,0.09887375682592392
77,71,0.43451404571533203
77,72,0.16658568382263184
77,73,0.14287962019443512
77,74,0.4682014584541321
77,75,0.45071008801460266
77,76,0.37791773676872253
77,77,0.5
77,78,0.4983580708503723
77,79,0.11475112289190292
77,80,0.048027776181697845
77,81,0.4669596552848816
77,82,0.41759756207466125
77,83,0.22536484897136688
77,84,0.46782857179641724
77,85,0.4615788161754608
77,86,0.4693952798843384
77,87,0.4557732939720154
77,88,0.46348968148231506
77,89,0.04766351729631424
77,90,0.470839262008667
77,91,0.8818194270133972
77,92,0.13412418961524963
77,93,0.42928779125213623
77,94,0.29507163166999817
77,95,0.17394380271434784
77,96,0.056441470980644226
77,97,0.4582424461841583
77,98,0.47295552492141724
77,99,0.37325018644332886
77,100,0.5019407272338867
77,101,0.18174348771572113
77,102,0.4530225694179535
77,103,0.46663039922714233
77,104,0.46893349289894104
77,105,0.15268400311470032
77,106,0.20074033737182617
77,107,0.45356398820877075
77,108,0.46510636806488037
77,109,0.4493328630924225
77,110,0.0544702485203743
77,111,0.8470069169998169
77,112,0.42177021503448486
77,113,0.3932669758796692
77,114,0.4661640524864197
77,115,0.06610636413097382
77,116,0.07463930547237396
77,117,0.4573087692260742
77,118,0.4377748370170593
77,119,0.8674771189689636
77,120,0.44257643818855286
77,121,0.28092560172080994
77,122,0.4622056782245636
77,123,0.4488496780395508
77,124,0.43270593881607056
77,125,0.46377724409103394
77,126,0.1248106136918068
77,127,0.45981156826019287
77,128,0.3499963879585266
77,129,0.46669477224349976
77,130,0.1516663134098053
77,131,0.18436294794082642
77,132,0.8625404834747314
77,133,0.29321858286857605
77,134,0.4703080356121063
78,1,0.051686760038137436
78,2,0.43554019927978516
78,3,0.8846684694290161
78,4,0.06874823570251465
78,5,0.05522746965289116
78,6,0.07435239851474762
78,7,0.3970250189304352
78,8,0.05692145600914955
78,9,0.46125853061676025
78,10,0.4695647954940796
78,11,0.47422459721565247
78,12,0.4584592282772064
78,13,0.4333180785179138
78,14,0.4452340602874756
78,15,0.45909661054611206
78,16,0.06432757526636124
78,17,0.4862142503261566
78,18,0.36957839131355286
78,19,0.14130403101444244
78,20,0.47267836332321167
78,21,0.12779653072357178
78,22,0.47666412591934204
78,23,0.8725706338882446
78,24,0.060401614755392075
78,25,0.07129113376140594
78,26,0.5479870438575745
78,27,0.469267874956131
78,28,0.04742587357759476
78,29,0.4665609896183014
78,30,0.05866524577140808
78,31,0.050110429525375366
78,32,0.4719647467136383
78,33,0.47667354345321655
78,34,0.4702829420566559
78,35,0.43991684913635254
78,36,0.5168901681900024
78,37,0.4652703106403351
78,38,0.45031866431236267
78,39,0.3835880756378174
78,40,0.05790916085243225
78,41,0.48563408851623535
78,42,0.7972296476364136
78,43,0.09317711740732193
78,44,0.8675253987312317
78,45,0.09791946411132812
78,46,0.4522322416305542
78,47,0.6635882258415222
78,48,0.46445232629776
78,49,0.4663851857185364
78,50,0.46281448006629944
78,51,0.1119961217045784
78,52,0.4688819646835327
78,53,0.45631498098373413
78,54,0.4701799154281616
78,55,0.463727205991745
78,56,0.45938625931739807
78,57,0.45577946305274963
78,58,0.46365952491760254
78,59,0.4708198308944702
78,60,0.5241071581840515
78,61,0.4695305824279785
78,62,0.46592965722084045
78,63,0.4720233976840973
78,64,0.49056461453437805
78,65,0.457530677318573
78,66,0.4665547013282776
78,67,0.45992738008499146
78,68,0.05959679186344147
78,69,0.05170249193906784
78,70,0.0930749922990799
78,71,0.43807560205459595
78,72,0.15557855367660522
78,73,0.14888723194599152
78,74,0.474700391292572
78,75,0.450920969247818
78,76,0.38878655433654785
78,77,0.5016182661056519
78,78,0.5
78,79,0.10395191609859467
78,80,0.05660083144903183
78,81,0.46868664026260376
78,82,0.420872300863266
78,83,0.24674974381923676
78,84,0.4714474678039551
78,85,0.46376118063926697
78,86,0.47179365158081055
78,87,0.45787104964256287
78,88,0.465541273355484
78,89,0.052310649305582047
78,90,0.4714793562889099
78,91,0.8786575794219971
78,92,0.14769789576530457
78,93,0.46851179003715515
78,94,0.35661107301712036
78,95,0.1723436415195465
78,96,0.06650449335575104
78,97,0.4611864387989044
78,98,0.4734611213207245
78,99,0.3765419125556946
78,100,0.5039397478103638
78,101,0.18231211602687836
78,102,0.45571526885032654
78,103,0.4687795341014862
78,104,0.4726409316062927
78,105,0.1504756659269333
78,106,0.20950929820537567
78,107,0.45687076449394226
78,108,0.4684889316558838
78,109,0.45266520977020264
78,110,0.05712706595659256
78,111,0.8452073931694031
78,112,0.4242759346961975
78,113,0.3860815763473511
78,114,0.4690020978450775
78,115,0.07580048590898514
78,116,0.08492521941661835
78,117,0.4625662863254547
78,118,0.439467191696167
78,119,0.8820814490318298
78,120,0.4451117515563965
78,121,0.2821332812309265
78,122,0.4665244519710541
78,123,0.4523012638092041
78,124,0.4403894543647766
78,125,0.46650174260139465
78,126,0.12271694093942642
78,127,0.4613989293575287
78,128,0.3659505844116211
78,129,0.46981728076934814
78,130,0.1501973420381546
78,131,0.18600024282932281
78,132,0.8605065941810608
78,133,0.3018593192100525
78,134,0.47326698899269104
79,1,0.26773133873939514
79,2,0.8207986950874329
79,3,0.4648687243461609
79,4,0.179665669798851
79,5,0.23268750309944153
79,6,0.3490746021270752
79,7,0.8043978214263916
79,8,0.18006163835525513
79,9,0.8539255857467651
79,10,0.8403031229972839
79,11,0.8421277403831482
79,12,0.8419339656829834
79,13,0.819226861000061
79,14,0.8431583642959595
79,15,0.827292263507843
79,16,0.21653886139392853
79,17,0.8591424226760864
79,18,0.7452064752578735
79,19,0.5808049440383911
79,20,0.8392390608787537
79,21,0.5550263524055481
79,22,0.8124292492866516
79,23,0.9322500824928284
79,24,0.17611372470855713
79,25,0.18439850211143494
79,26,0.8697564005851746
79,27,0.8581907153129578
79,28,0.1938931792974472
79,29,0.8504919409751892
79,30,0.1812363713979721
79,31,0.17866086959838867
79,32,0.8449532389640808
79,33,0.8476517796516418
79,34,0.8525934219360352
79,35,0.8002588152885437
79,36,0.8545529842376709
79,37,0.8447473645210266
79,38,0.8320322036743164
79,39,0.8049318194389343
79,40,0.1838831603527069
79,41,0.8656309843063354
79,42,0.9417327642440796
79,43,0.4711000919342041
79,44,0.9358155727386475
79,45,0.481689989566803
79,46,0.8300454020500183
79,47,0.9040679931640625
79,48,0.8562182188034058
79,49,0.8442074060440063
79,50,0.8251245617866516
79,51,0.24094881117343903
79,52,0.8467117547988892
79,53,0.8289867639541626
79,54,0.8315659165382385
79,55,0.8302961587905884
79,56,0.838049590587616
79,57,0.8471116423606873
79,58,0.8378018140792847
79,59,0.8588430881500244
79,60,0.855942964553833
79,61,0.8373657464981079
79,62,0.8455318808555603
79,63,0.8530775904655457
79,64,0.868668794631958
79,65,0.8498849272727966
79,66,0.8304551243782043
79,67,0.8114389777183533
79,68,0.18002745509147644
79,69,0.18466906249523163
79,70,0.4300800561904907
79,71,0.8435795903205872
79,72,0.5636680126190186
79,73,0.5376921892166138
79,74,0.8340317010879517
79,75,0.8411399722099304
79,76,0.7278186678886414
79,77,0.853304922580719
79,78,0.8680242300033569
79,79,0.5
79,80,0.1798800379037857
79,81,0.8506104350090027
79,82,0.8261368274688721
79,83,0.3878370523452759
79,84,0.8557004928588867
79,85,0.8550434112548828
79,86,0.8438829779624939
79,87,0.8178744912147522
79,88,0.8380037546157837
79,89,0.17683035135269165
79,90,0.850956916809082
79,91,0.8867918848991394
79,92,0.5296659469604492
79,93,0.7734996676445007
79,94,0.6070758700370789
79,95,0.5147119164466858
79,96,0.2099413275718689
79,97,0.823974609375
79,98,0.8346328735351562
79,99,0.8014073371887207
79,100,0.8521219491958618
79,101,0.6397403478622437
79,102,0.8492247462272644
79,103,0.8230067491531372
79,104,0.8285519480705261
79,105,0.5937402248382568
79,106,0.5284712314605713
79,107,0.8493298888206482
79,108,0.7767297029495239
79,109,0.8201745748519897
79,110,0.1864452362060547
79,111,0.9202647805213928
79,112,0.8099604249000549
79,113,0.8142404556274414
79,114,0.8559732437133789
79,115,0.26155391335487366
79,116,0.18983307480812073
79,117,0.832041323184967
79,118,0.823203980922699
79,119,0.9248892068862915
79,120,0.8165313601493835
79,121,0.7433792948722839
79,122,0.843635082244873
79,123,0.8301615118980408
79,124,0.8221383690834045
79,125,0.8272526860237122
79,126,0.5385323762893677
79,127,0.8344509601593018
79,128,0.6994720697402954
79,129,0.8419991135597229
79,130,0.5613475441932678
79,131,0.04742587357759476
79,132,0.9385229349136353
79,133,0.6941377520561218
79,134,0.8321807980537415
80,1,0.621134340763092
80,2,0.923346221446991
80,3,0.1527925729751587
80,4,0.5034915804862976
80,5,0.578345537185669
80,6,0.6805081367492676
80,7,0.9275701642036438
80,8,0.4993474781513214
80,9,0.948936402797699
80,10,0.9451795220375061
80,11,0.9014581441879272
80,12,0.9180525541305542
80,13,0.9312477707862854
80,14,0.8935943245887756
80,15,0.9452995657920837
80,16,0.540923535823822
80,17,0.9525741338729858
80,18,0.8845704197883606
80,19,0.8467257618904114
80,20,0.9321446418762207
80,21,0.8463982939720154
80,22,0.8816505670547485
80,23,0.8401830196380615
80,24,0.49910295009613037
80,25,0.510033905506134
80,26,0.9243693947792053
80,27,0.9439206719398499
80,28,0.5282792448997498
80,29,0.9489572048187256
80,30,0.5057215094566345
80,31,0.5023069977760315
80,32,0.9396557211875916
80,33,0.9173609614372253
80,34,0.9339714050292969
80,35,0.9099222421646118
80,36,0.9439290761947632
80,37,0.9305912256240845
80,38,0.9273225665092468
80,39,0.9316196441650391
80,40,0.504753828048706
80,41,0.9504978060722351
80,42,0.896842360496521
80,43,0.8025802969932556
80,44,0.845833957195282
80,45,0.8112391829490662
80,46,0.9206607937812805
80,47,0.9318161606788635
80,48,0.9372538924217224
80,49,0.9105492830276489
80,50,0.928357720375061
80,51,0.5656508803367615
80,52,0.9322324395179749
80,53,0.9166401028633118
80,54,0.9025667309761047
80,55,0.9245820641517639
80,56,0.9161973595619202
80,57,0.9169600009918213
80,58,0.934029221534729
80,59,0.9363552331924438
80,60,0.9191167950630188
80,61,0.9260443449020386
80,62,0.9112356901168823
80,63,0.9342663288116455
80,64,0.9349151849746704
80,65,0.9330774545669556
80,66,0.9229980707168579
80,67,0.8730803728103638
80,68,0.5026668906211853
80,69,0.5040214657783508
80,70,0.7777165770530701
80,71,0.9335336089134216
80,72,0.8324365615844727
80,73,0.8191726207733154
80,74,0.8779523968696594
80,75,0.9256905913352966
80,76,0.8724011182785034
80,77,0.9323926568031311
80,78,0.924702525138855
80,79,0.8244291543960571
80,80,0.5
80,81,0.91064453125
80,82,0.9236522912979126
80,83,0.6680043339729309
80,84,0.9051578044891357
80,85,0.9455901384353638
80,86,0.9469753503799438
80,87,0.9292238354682922
80,88,0.9359979033470154
80,89,0.5011777281761169
80,90,0.9208887815475464
80,91,0.823437511920929
80,92,0.8207465410232544
80,93,0.88502436876297
80,94,0.805666983127594
80,95,0.7996886968612671
80,96,0.502377450466156
80,97,0.9263535737991333
80,98,0.9113330245018005
80,99,0.9209455847740173
80,100,0.9274346828460693
80,101,0.8621140718460083
80,102,0.9468576908111572
80,103,0.9074493646621704
80,104,0.9225718379020691
80,105,0.8124538660049438
80,106,0.7637900114059448
80,107,0.9306260347366333
80,108,0.9115233421325684
80,109,0.9069369435310364
80,110,0.510307788848877
80,111,0.8642138242721558
80,112,0.9224192500114441
80,113,0.8940774202346802
80,114,0.9105096459388733
80,115,0.5370714664459229
80,116,0.5095170736312866
80,117,0.893065869808197
80,118,0.9073755741119385
80,119,0.8252124190330505
80,120,0.9267114996910095
80,121,0.8935545682907104
80,122,0.9022113084793091
80,123,0.9209112524986267
80,124,0.9179404377937317
80,125,0.9134283661842346
80,126,0.8350973725318909
80,127,0.9297913312911987
80,128,0.8767223954200745
80,129,0.9245564341545105
80,130,0.8265377879142761
80,131,0.12802468240261078
80,132,0.8518190979957581
80,133,0.8537961840629578
80,134,0.9440887570381165
81,1,0.05861533060669899
81,2,0.46573442220687866
81,3,0.877957820892334
81,4,0.07911738008260727
81,5,0.07312077283859253
81,6,0.08426366746425629
81,7,0.4296700954437256
81,8,0.06460241228342056
81,9,0.49104544520378113
81,10,0.5007233619689941
81,11,0.5081772208213806
81,12,0.4889998137950897
81,13,0.46201273798942566
81,14,0.4762741029262543
81,15,0.48932772874832153
81,16,0.07459823042154312
81,17,0.5177128911018372
81,18,0.3902052640914917
81,19,0.16104137897491455
81,20,0.5042954087257385
81,21,0.13627907633781433
81,22,0.4710899293422699
81,23,0.8905443549156189
81,24,0.06403841823339462
81,25,0.08053912967443466
81,26,0.5806112289428711
81,27,0.5008129477500916
81,28,0.04742587357759476
81,29,0.49746304750442505
81,30,0.06738495826721191
81,31,0.05055497586727142
81,32,0.501802384853363
81,33,0.5072319507598877
81,34,0.50074303150177
81,35,0.48095592856407166
81,36,0.5485408902168274
81,37,0.4950881898403168
81,38,0.4807617962360382
81,39,0.3906732499599457
81,40,0.06683159619569778
81,41,0.5165902972221375
81,42,0.8230937719345093
81,43,0.11749833822250366
81,44,0.8869203329086304
81,45,0.10748906433582306
81,46,0.48176079988479614
81,47,0.6959658265113831
81,48,0.49514132738113403
81,49,0.49560827016830444
81,50,0.4922105073928833
81,51,0.13354158401489258
81,52,0.4996587634086609
81,53,0.4832349121570587
81,54,0.5030945539474487
81,55,0.49412569403648376
81,56,0.4886211156845093
81,57,0.4820207357406616
81,58,0.4941587746143341
81,59,0.5006604194641113
81,60,0.5571146607398987
81,61,0.5026105046272278
81,62,0.4959494471549988
81,63,0.5018540024757385
81,64,0.5221729278564453
81,65,0.48838379979133606
81,66,0.49846306443214417
81,67,0.4906407296657562
81,68,0.0681471899151802
81,69,0.05890079587697983
81,70,0.10705283284187317
81,71,0.4674287438392639
81,72,0.17577235400676727
81,73,0.15967810153961182
81,74,0.5059249997138977
81,75,0.47972196340560913
81,76,0.3744918406009674
81,77,0.5334976315498352
81,78,0.5322109460830688
81,79,0.11442381888628006
81,80,0.06421713531017303
81,81,0.5
81,82,0.45124226808547974
81,83,0.2825106382369995
81,84,0.5034617781639099
81,85,0.4937308132648468
81,86,0.5020286440849304
81,87,0.4896059036254883
81,88,0.4972936511039734
81,89,0.057150743901729584
81,90,0.5031270980834961
81,91,0.8986351490020752
81,92,0.15575121343135834
81,93,0.49334049224853516
81,94,0.34904050827026367
81,95,0.19474098086357117
81,96,0.07338599115610123
81,97,0.49084386229515076
81,98,0.5050438046455383
81,99,0.40504878759384155
81,100,0.5354362726211548
81,101,0.2017987221479416
81,102,0.48521581292152405
81,103,0.4993728995323181
81,104,0.5029028058052063
81,105,0.1723213940858841
81,106,0.2728610038757324
81,107,0.4878394901752472
81,108,0.49994146823883057
81,109,0.48122698068618774
81,110,0.06404722481966019
81,111,0.8669279217720032
81,112,0.46001654863357544
81,113,0.4306862950325012
81,114,0.49926769733428955
81,115,0.08030840009450912
81,116,0.09952272474765778
81,117,0.48907577991485596
81,118,0.4682912528514862
81,119,0.893395721912384
81,120,0.47533437609672546
81,121,0.3092729449272156
81,122,0.4960797429084778
81,123,0.48192721605300903
81,124,0.4699395000934601
81,125,0.4972740113735199
81,126,0.13918951153755188
81,127,0.4932106137275696
81,128,0.3777815103530884
81,129,0.502200722694397
81,130,0.16924265027046204
81,131,0.16173027455806732
81,132,0.8809260725975037
81,133,0.3235551118850708
81,134,0.5061669945716858
82,1,0.049615323543548584
82,2,0.5187177658081055
82,3,0.8494433164596558
82,4,0.06042671576142311
82,5,0.0579049251973629
82,6,0.0847870483994484
82,7,0.47513675689697266
82,8,0.051654934883117676
82,9,0.5447624325752258
82,10,0.55359947681427
82,11,0.5510972142219543
82,12,0.5347552299499512
82,13,0.5149701237678528
82,14,0.5275018215179443
82,15,0.5428270101547241
82,16,0.07405748963356018
82,17,0.571496307849884
82,18,0.39924144744873047
82,19,0.18570676445960999
82,20,0.5573576092720032
82,21,0.1667952537536621
82,22,0.524401843547821
82,23,0.9027132987976074
82,24,0.04842344671487808
82,25,0.06699018180370331
82,26,0.6299740076065063
82,27,0.5520311594009399
82,28,0.05267900601029396
82,29,0.5503602623939514
82,30,0.05215007811784744
82,31,0.049061741679906845
82,32,0.5542148947715759
82,33,0.5522400140762329
82,34,0.5478489398956299
82,35,0.5206537842750549
82,36,0.6012024879455566
82,37,0.5449675917625427
82,38,0.531180202960968
82,39,0.44783198833465576
82,40,0.05532076954841614
82,41,0.5687941312789917
82,42,0.8514792323112488
82,43,0.12773852050304413
82,44,0.9059966802597046
82,45,0.12453865259885788
82,46,0.5414774417877197
82,47,0.7404912710189819
82,48,0.5467208623886108
82,49,0.5460613369941711
82,50,0.5426168441772461
82,51,0.1113213524222374
82,52,0.5516089797019958
82,53,0.5323206782341003
82,54,0.5494540333747864
82,55,0.5445536971092224
82,56,0.540241003036499
82,57,0.5264745354652405
82,58,0.5468812584877014
82,59,0.5545942187309265
82,60,0.6070778369903564
82,61,0.5512596368789673
82,62,0.5425084829330444
82,63,0.5552544593811035
82,64,0.5722121000289917
82,65,0.5374357104301453
82,66,0.5479741096496582
82,67,0.5324734449386597
82,68,0.05325064808130264
82,69,0.05720812827348709
82,70,0.12155497819185257
82,71,0.5184006690979004
82,72,0.20225749909877777
82,73,0.18443714082241058
82,74,0.5463317036628723
82,75,0.5277412533760071
82,76,0.3959517776966095
82,77,0.5854413509368896
82,78,0.5832308530807495
82,79,0.1328030526638031
82,80,0.050004247575998306
82,81,0.5498909950256348
82,82,0.5
82,83,0.257988303899765
82,84,0.544921875
82,85,0.5444017648696899
82,86,0.5555925369262695
82,87,0.5399059653282166
82,88,0.5491856336593628
82,89,0.04742587357759476
82,90,0.5519120693206787
82,91,0.8887535333633423
82,92,0.16351279616355896
82,93,0.5035045146942139
82,94,0.3443160355091095
82,95,0.22413279116153717
82,96,0.06613405793905258
82,97,0.5456425547599792
82,98,0.556315004825592
82,99,0.4520145356655121
82,100,0.5837807655334473
82,101,0.23288848996162415
82,102,0.5382278561592102
82,103,0.5493503212928772
82,104,0.5562341809272766
82,105,0.19420486688613892
82,106,0.22135747969150543
82,107,0.5393373966217041
82,108,0.547225296497345
82,109,0.5346062779426575
82,110,0.05692305788397789
82,111,0.8877280950546265
82,112,0.5099108219146729
82,113,0.4689805805683136
82,114,0.5451375246047974
82,115,0.07139690965414047
82,116,0.07282868027687073
82,117,0.529446005821228
82,118,0.5226823091506958
82,119,0.8899775743484497
82,120,0.5268792510032654
82,121,0.3462085425853729
82,122,0.538017749786377
82,123,0.5419094562530518
82,124,0.5220190286636353
82,125,0.5461189150810242
82,126,0.17967228591442108
82,127,0.5427001714706421
82,128,0.4299347400665283
82,129,0.5501672625541687
82,130,0.19446636736392975
82,131,0.13794760406017303
82,132,0.8997429013252258
82,133,0.34246939420700073
82,134,0.5561156272888184
83,1,0.398408442735672
83,2,0.8578246235847473
83,3,0.347650408744812
83,4,0.2564890682697296
83,5,0.36941617727279663
83,6,0.48649680614471436
83,7,0.792069137096405
83,8,0.25343722105026245
83,9,0.8818697929382324
83,10,0.9139615893363953
83,11,0.7457081079483032
83,12,0.7658624649047852
83,13,0.8491174578666687
83,14,0.7587013244628906
83,15,0.8964450359344482
83,16,0.3517208993434906
83,17,0.8992778658866882
83,18,0.6051333546638489
83,19,0.745913028717041
83,20,0.8768497705459595
83,21,0.7307138442993164
83,22,0.6401394605636597
83,23,0.9394033551216125
83,24,0.2276356816291809
83,25,0.20223772525787354
83,26,0.8741617202758789
83,27,0.8829225897789001
83,28,0.2647283971309662
83,29,0.8601570129394531
83,30,0.24144509434700012
83,31,0.23215806484222412
83,32,0.854759156703949
83,33,0.7750378251075745
83,34,0.8485097885131836
83,35,0.8228974938392639
83,36,0.898821234703064
83,37,0.8895666599273682
83,38,0.8605194091796875
83,39,0.8352912068367004
83,40,0.2349110096693039
83,41,0.9182931780815125
83,42,0.9263123869895935
83,43,0.6763825416564941
83,44,0.9525741338729858
83,45,0.7212222218513489
83,46,0.8750682473182678
83,47,0.9021753668785095
83,48,0.880569577217102
83,49,0.8004801869392395
83,50,0.8806067705154419
83,51,0.364294171333313
83,52,0.8359060287475586
83,53,0.766230583190918
83,54,0.8111461400985718
83,55,0.8097469806671143
83,56,0.8208363056182861
83,57,0.7248497605323792
83,58,0.8684495687484741
83,59,0.8830958008766174
83,60,0.8331765532493591
83,61,0.8671717047691345
83,62,0.8176645040512085
83,63,0.8222649693489075
83,64,0.8718298077583313
83,65,0.8661861419677734
83,66,0.8611364364624023
83,67,0.6855244636535645
83,68,0.23213642835617065
83,69,0.2725463807582855
83,70,0.6775342226028442
83,71,0.8516451716423035
83,72,0.7433053255081177
83,73,0.5322582721710205
83,74,0.7505902647972107
83,75,0.8771355748176575
83,76,0.6074416637420654
83,77,0.855088472366333
83,78,0.8358983993530273
83,79,0.6816585063934326
83,80,0.24156005680561066
83,81,0.7894555926322937
83,82,0.8121150732040405
83,83,0.5
83,84,0.7753324508666992
83,85,0.8700302243232727
83,86,0.9100340008735657
83,87,0.8223724961280823
83,88,0.8644814491271973
83,89,0.23703736066818237
83,90,0.7725260257720947
83,91,0.8716509342193604
83,92,0.6971303820610046
83,93,0.6324126720428467
83,94,0.42527082562446594
83,95,0.8405617475509644
83,96,0.24773287773132324
83,97,0.8262211084365845
83,98,0.7643152475357056
83,99,0.7488411068916321
83,100,0.8830546736717224
83,101,0.7468189597129822
83,102,0.8755359649658203
83,103,0.7966862320899963
83,104,0.8871962428092957
83,105,0.6729118824005127
83,106,0.400392085313797
83,107,0.8358815312385559
83,108,0.7792933583259583
83,109,0.7719272375106812
83,110,0.24656149744987488
83,111,0.9428529739379883
83,112,0.8818159103393555
83,113,0.8307353854179382
83,114,0.8121007680892944
83,115,0.2479293942451477
83,116,0.29532676935195923
83,117,0.6630103588104248
83,118,0.8513161540031433
83,119,0.9235416054725647
83,120,0.821892499923706
83,121,0.7772133946418762
83,122,0.7778536081314087
83,123,0.8691489100456238
83,124,0.8617070913314819
83,125,0.8165532946586609
83,126,0.7740576863288879
83,127,0.8961198329925537
83,128,0.8842166066169739
83,129,0.823061466217041
83,130,0.7224230766296387
83,131,0.12482675909996033
83,132,0.9034885168075562
83,133,0.8741998076438904
83,134,0.914268970489502
84,1,0.06424687057733536
84,2,0.47582918405532837
84,3,0.886262834072113
84,4,0.07337605208158493
84,5,0.06242326274514198
84,6,0.058812323957681656
84,7,0.38535934686660767
84,8,0.06313743442296982
84,9,0.48957231640815735
84,10,0.4997628927230835
84,11,0.5075676441192627
84,12,0.4860033392906189
84,13,0.4601670503616333
84,14,0.47533977031707764
84,15,0.48799699544906616
84,16,0.06204258278012276
84,17,0.517653226852417
84,18,0.3782612681388855
84,19,0.14125384390354156
84,20,0.5044217109680176
84,21,0.12531276047229767
84,22,0.46203380823135376
84,23,0.8996566534042358
84,24,0.05822419002652168
84,25,0.08173693716526031
84,26,0.5821104645729065
84,27,0.49888959527015686
84,28,0.04742586612701416
84,29,0.49404066801071167
84,30,0.06263592094182968
84,31,0.05029701068997383
84,32,0.5009472370147705
84,33,0.5074991583824158
84,34,0.49839624762535095
84,35,0.5127900242805481
84,36,0.5511797666549683
84,37,0.4928708076477051
84,38,0.47848960757255554
84,39,0.38960304856300354
84,40,0.05785712972283363
84,41,0.5159731507301331
84,42,0.8314973711967468
84,43,0.10438401252031326
84,44,0.8952378630638123
84,45,0.09212637692689896
84,46,0.48200523853302
84,47,0.7026895880699158
84,48,0.4948410093784332
84,49,0.4956217408180237
84,50,0.48728957772254944
84,51,0.12957225739955902
84,52,0.49701187014579773
84,53,0.48049798607826233
84,54,0.50383061170578
84,55,0.49367544054985046
84,56,0.4875827729701996
84,57,0.4784456193447113
84,58,0.492646187543869
84,59,0.4998631775379181
84,60,0.5570966601371765
84,61,0.5055997967720032
84,62,0.4918322265148163
84,63,0.5027316808700562
84,64,0.5215094089508057
84,65,0.4900226891040802
84,66,0.4982573091983795
84,67,0.4543275237083435
84,68,0.057603634893894196
84,69,0.053874142467975616
84,70,0.08891168236732483
84,71,0.46441394090652466
84,72,0.15333078801631927
84,73,0.17205962538719177
84,74,0.49829742312431335
84,75,0.4785672426223755
84,76,0.38903477787971497
84,77,0.5341252684593201
84,78,0.5307305455207825
84,79,0.10053642094135284
84,80,0.06156391277909279
84,81,0.4963776767253876
84,82,0.4540744125843048
84,83,0.2861720621585846
84,84,0.5
84,85,0.4921817481517792
84,86,0.5027772784233093
84,87,0.4865837097167969
84,88,0.4963410794734955
84,89,0.05964084714651108
84,90,0.5051183700561523
84,91,0.8691482543945312
84,92,0.15439748764038086
84,93,0.4840989410877228
84,94,0.4550800025463104
84,95,0.17448599636554718
84,96,0.06828225404024124
84,97,0.48992881178855896
84,98,0.49910905957221985
84,99,0.40094423294067383
84,100,0.5340724587440491
84,101,0.1849515438079834
84,102,0.48512157797813416
84,103,0.4937744736671448
84,104,0.5035752058029175
84,105,0.14958468079566956
84,106,0.29203540086746216
84,107,0.4852038621902466
84,108,0.4983118772506714
84,109,0.4786315858364105
84,110,0.056300319731235504
84,111,0.8753988146781921
84,112,0.46518146991729736
84,113,0.40639030933380127
84,114,0.49728521704673767
84,115,0.08755510300397873
84,116,0.09446923434734344
84,117,0.4831562936306
84,118,0.46737274527549744
84,119,0.886410117149353
84,120,0.4729554355144501
84,121,0.29298701882362366
84,122,0.4936482906341553
84,123,0.4818938672542572
84,124,0.47067245841026306
84,125,0.49710971117019653
84,126,0.11955062299966812
84,127,0.49059218168258667
84,128,0.3716374635696411
84,129,0.5001418590545654
84,130,0.15014198422431946
84,131,0.1539125293493271
84,132,0.8892718553543091
84,133,0.3164825141429901
84,134,0.5072704553604126
85,1,0.06532236188650131
85,2,0.4827459156513214
85,3,0.8460559844970703
85,4,0.06214999035000801
85,5,0.06867196410894394
85,6,0.0899958610534668
85,7,0.438021719455719
85,8,0.05414317175745964
85,9,0.49746811389923096
85,10,0.5055291652679443
85,11,0.5106139779090881
85,12,0.4945234954357147
85,13,0.4717325270175934
85,14,0.4823530614376068
85,15,0.4958140254020691
85,16,0.07054486870765686
85,17,0.5205049514770508
85,18,0.3564686179161072
85,19,0.18201790750026703
85,20,0.5091676115989685
85,21,0.1661461591720581
85,22,0.4809792935848236
85,23,0.8643901944160461
85,24,0.05335015803575516
85,25,0.07119960337877274
85,26,0.5759642124176025
85,27,0.5055614113807678
85,28,0.04742587357759476
85,29,0.5030652284622192
85,30,0.05346836522221565
85,31,0.05301159247756004
85,32,0.5065211057662964
85,33,0.5095769166946411
85,34,0.5046427249908447
85,35,0.4793240427970886
85,36,0.5476109385490417
85,37,0.5006698369979858
85,38,0.48660653829574585
85,39,0.4221974015235901
85,40,0.05468224361538887
85,41,0.519122838973999
85,42,0.7960332632064819
85,43,0.14023596048355103
85,44,0.861014723777771
85,45,0.13055308163166046
85,46,0.4885125160217285
85,47,0.6774104237556458
85,48,0.5004433989524841
85,49,0.5005355477333069
85,50,0.4956778585910797
85,51,0.10081158578395844
85,52,0.5047143697738647
85,53,0.49042099714279175
85,54,0.5048047304153442
85,55,0.5005322098731995
85,56,0.4965938925743103
85,57,0.4906931221485138
85,58,0.5003145337104797
85,59,0.505727231502533
85,60,0.5549713373184204
85,61,0.506223201751709
85,62,0.5020561218261719
85,63,0.5057849884033203
85,64,0.5240430235862732
85,65,0.4943365156650543
85,66,0.4992627203464508
85,67,0.49349114298820496
85,68,0.05570140853524208
85,69,0.05103291571140289
85,70,0.125869020819664
85,71,0.476486474275589
85,72,0.1954762190580368
85,73,0.18884308636188507
85,74,0.5025266408920288
85,75,0.48915261030197144
85,76,0.3975134491920471
85,77,0.5341219902038574
85,78,0.532652735710144
85,79,0.1384640485048294
85,80,0.05289604142308235
85,81,0.5054892301559448
85,82,0.4619847238063812
85,83,0.23614206910133362
85,84,0.5065421462059021
85,85,0.5
85,86,0.5074912905693054
85,87,0.49549585580825806
85,88,0.5024709105491638
85,89,0.05385509878396988
85,90,0.5079489350318909
85,91,0.8568650484085083
85,92,0.17049403488636017
85,93,0.46754539012908936
85,94,0.30893686413764954
85,95,0.2133977860212326
85,96,0.05964482203125954
85,97,0.49686112999916077
85,98,0.5096400380134583
85,99,0.42051219940185547
85,100,0.5352067947387695
85,101,0.2269766926765442
85,102,0.49313268065452576
85,103,0.5035687685012817
85,104,0.5080018043518066
85,105,0.19145207107067108
85,106,0.2535916864871979
85,107,0.49306827783584595
85,108,0.5035603642463684
85,109,0.4896271824836731
85,110,0.05657186359167099
85,111,0.8401568531990051
85,112,0.4589468240737915
85,113,0.427362322807312
85,114,0.5062947869300842
85,115,0.07387259602546692
85,116,0.07713162899017334
85,117,0.4962656795978546
85,118,0.4776401221752167
85,119,0.8698399662971497
85,120,0.48412761092185974
85,121,0.32785192131996155
85,122,0.5009310841560364
85,123,0.4889329969882965
85,124,0.4771908223628998
85,125,0.5025935769081116
85,126,0.16030532121658325
85,127,0.49917006492614746
85,128,0.3965968191623688
85,129,0.5055034160614014
85,130,0.19219040870666504
85,131,0.18867990374565125
85,132,0.8544617295265198
85,133,0.3455175459384918
85,134,0.508738100528717
86,1,0.07619950920343399
86,2,0.4782642722129822
86,3,0.8544291257858276
86,4,0.05637389421463013
86,5,0.06841526180505753
86,6,0.11342183500528336
86,7,0.44043853878974915
86,8,0.04742587357759476
86,9,0.49021396040916443
86,10,0.49756672978401184
86,11,0.5018811225891113
86,12,0.4858008027076721
86,13,0.4637945890426636
86,14,0.4741162955760956
86,15,0.4875393509864807
86,16,0.07952524721622467
86,17,0.5135599970817566
86,18,0.3338550329208374
86,19,0.17533843219280243
86,20,0.5014750361442566
86,21,0.1682099848985672
86,22,0.48133179545402527
86,23,0.8666898012161255
86,24,0.05127731338143349
86,25,0.07231860607862473
86,26,0.5704536437988281
86,27,0.4977511465549469
86,28,0.05793829262256622
86,29,0.49536973237991333
86,30,0.05356735736131668
86,31,0.05185960605740547
86,32,0.4992736279964447
86,33,0.5017341375350952
86,34,0.49669504165649414
86,35,0.47029542922973633
86,36,0.5411129593849182
86,37,0.49373000860214233
86,38,0.4794064462184906
86,39,0.4148295223712921
86,40,0.06277941167354584
86,41,0.5115381479263306
86,42,0.7960725426673889
86,43,0.13340513408184052
86,44,0.8626595735549927
86,45,0.13671107590198517
86,46,0.4813016355037689
86,47,0.6746905446052551
86,48,0.49284040927886963
86,49,0.4933232069015503
86,50,0.4901621639728546
86,51,0.08611050993204117
86,52,0.49629393219947815
86,53,0.4842268228530884
86,54,0.49659690260887146
86,55,0.49231138825416565
86,56,0.4887624680995941
86,57,0.4834672808647156
86,58,0.4927366077899933
86,59,0.497723788022995
86,60,0.5487228631973267
86,61,0.49891743063926697
86,62,0.4957944452762604
86,63,0.498048335313797
86,64,0.5170714855194092
86,65,0.48507624864578247
86,66,0.4874395728111267
86,67,0.4903949797153473
86,68,0.05241028219461441
86,69,0.05641849711537361
86,70,0.13310480117797852
86,71,0.46853119134902954
86,72,0.22474078834056854
86,73,0.17231784760951996
86,74,0.4931553602218628
86,75,0.4825142025947571
86,76,0.37832650542259216
86,77,0.5278118848800659
86,78,0.5260065197944641
86,79,0.14443649351596832
86,80,0.04829607531428337
86,81,0.49818214774131775
86,82,0.4512750804424286
86,83,0.1881077140569687
86,84,0.4976215660572052
86,85,0.4923331141471863
86,86,0.5
86,87,0.4862634837627411
86,88,0.49511319398880005
86,89,0.05474628135561943
86,90,0.5000691413879395
86,91,0.8544700741767883
86,92,0.1676843762397766
86,93,0.46027103066444397
86,94,0.2836322486400604
86,95,0.20684488117694855
86,96,0.05636781081557274
86,97,0.4884800910949707
86,98,0.5022068023681641
86,99,0.40973395109176636
86,100,0.5292474627494812
86,101,0.21939367055892944
86,102,0.48499470949172974
86,103,0.4963126480579376
86,104,0.49945247173309326
86,105,0.20383183658123016
86,106,0.21294164657592773
86,107,0.48501163721084595
86,108,0.49507230520248413
86,109,0.4814114570617676
86,110,0.06227048859000206
86,111,0.8411747217178345
86,112,0.44969263672828674
86,113,0.42120087146759033
86,114,0.49828439950942993
86,115,0.06191616505384445
86,116,0.07014606148004532
86,117,0.48787200450897217
86,118,0.4709140658378601
86,119,0.8778826594352722
86,120,0.47550085186958313
86,121,0.32171016931533813
86,122,0.49303901195526123
86,123,0.4813832640647888
86,124,0.46829643845558167
86,125,0.49691104888916016
86,126,0.17593501508235931
86,127,0.49067142605781555
86,128,0.38744714856147766
86,129,0.4969639182090759
86,130,0.20158714056015015
86,131,0.1886514574289322
86,132,0.8556573390960693
86,133,0.35155633091926575
86,134,0.4999592900276184
87,1,0.06801462173461914
87,2,0.4944983720779419
87,3,0.8451877236366272
87,4,0.05771637707948685
87,5,0.06135836988687515
87,6,0.08837423473596573
87,7,0.4096952974796295
87,8,0.04863594472408295
87,9,0.5040388107299805
87,10,0.5127931237220764
87,11,0.5163547396659851
87,12,0.5042173266410828
87,13,0.4748556315898895
87,14,0.487709641456604
87,15,0.501513659954071
87,16,0.06861092150211334
87,17,0.5291920900344849
87,18,0.38840755820274353
87,19,0.18789751827716827
87,20,0.5139250159263611
87,21,0.15478037297725677
87,22,0.5187163352966309
87,23,0.8733014464378357
87,24,0.050942908972501755
87,25,0.06459960341453552
87,26,0.5908637046813965
87,27,0.5114983916282654
87,28,0.049252837896347046
87,29,0.5068827271461487
87,30,0.04890821501612663
87,31,0.052853263914585114
87,32,0.5137180089950562
87,33,0.5168800354003906
87,34,0.5123063921928406
87,35,0.4802643358707428
87,36,0.5598919987678528
87,37,0.5082729458808899
87,38,0.49570560455322266
87,39,0.41704440116882324
87,40,0.05390018969774246
87,41,0.5289919972419739
87,42,0.8267073631286621
87,43,0.12312140315771103
87,44,0.8869069218635559
87,45,0.14029178023338318
87,46,0.49821043014526367
87,47,0.7031127214431763
87,48,0.507932722568512
87,49,0.506804883480072
87,50,0.49995166063308716
87,51,0.08605298399925232
87,52,0.5118947625160217
87,53,0.4969870150089264
87,54,0.5131561756134033
87,55,0.5101863741874695
87,56,0.5015934705734253
87,57,0.49499669671058655
87,58,0.507000744342804
87,59,0.5144206881523132
87,60,0.5671323537826538
87,61,0.5149611234664917
87,62,0.5074204206466675
87,63,0.5149760842323303
87,64,0.5342080593109131
87,65,0.49647367000579834
87,66,0.5066875219345093
87,67,0.47173643112182617
87,68,0.05144549533724785
87,69,0.049983911216259
87,70,0.12554550170898438
87,71,0.47951042652130127
87,72,0.21091262996196747
87,73,0.18969972431659698
87,74,0.5089321136474609
87,75,0.49598628282546997
87,76,0.40080153942108154
87,77,0.5445533394813538
87,78,0.5430593490600586
87,79,0.14731667935848236
87,80,0.049618300050497055
87,81,0.5103278756141663
87,82,0.4612499475479126
87,83,0.25466984510421753
87,84,0.5127401351928711
87,85,0.5051113367080688
87,86,0.515230655670166
87,87,0.5
87,88,0.5085614919662476
87,89,0.047425881028175354
87,90,0.5145857930183411
87,91,0.8777258992195129
87,92,0.17656971514225006
87,93,0.4774284064769745
87,94,0.2867901623249054
87,95,0.22381533682346344
87,96,0.06000998243689537
87,97,0.5069820284843445
87,98,0.514563262462616
87,99,0.4124299883842468
87,100,0.5476470589637756
87,101,0.2340027391910553
87,102,0.4981693625450134
87,103,0.5069745779037476
87,104,0.517829418182373
87,105,0.19846056401729584
87,106,0.23015882074832916
87,107,0.49960827827453613
87,108,0.5005021691322327
87,109,0.4952426850795746
87,110,0.05444098263978958
87,111,0.8677694797515869
87,112,0.46559765934944153
87,113,0.4322204887866974
87,114,0.5128830671310425
87,115,0.07306773960590363
87,116,0.07574210315942764
87,117,0.49756407737731934
87,118,0.48405972123146057
87,119,0.8602915406227112
87,120,0.4871841073036194
87,121,0.3193499743938446
87,122,0.5047909617424011
87,123,0.4974040687084198
87,124,0.48088744282722473
87,125,0.5098984241485596
87,126,0.16860485076904297
87,127,0.5051538944244385
87,128,0.43300458788871765
87,129,0.5134786367416382
87,130,0.19949068129062653
87,131,0.15845617651939392
87,132,0.878046989440918
87,133,0.3704794645309448
87,134,0.5159595012664795
88,1,0.06187482178211212
88,2,0.4802665412425995
88,3,0.8678140044212341
88,4,0.05833932012319565
88,5,0.061885248869657516
88,6,0.08629433065652847
88,7,0.44348597526550293
88,8,0.04847727343440056
88,9,0.495916485786438
88,10,0.5037894248962402
88,11,0.5083521604537964
88,12,0.4898465871810913
88,13,0.46542587876319885
88,14,0.47843214869499207
88,15,0.49227938055992126
88,16,0.07063033431768417
88,17,0.520443856716156
88,18,0.3663337528705597
88,19,0.1599504053592682
88,20,0.506488561630249
88,21,0.14636221528053284
88,22,0.4987867772579193
88,23,0.882103443145752
88,24,0.04926611855626106
88,25,0.06933599710464478
88,26,0.5804716944694519
88,27,0.5032010078430176
88,28,0.0522281751036644
88,29,0.50042325258255
88,30,0.04966037720441818
88,31,0.047949571162462234
88,32,0.5041534900665283
88,33,0.5096530914306641
88,34,0.5017144083976746
88,35,0.4727666974067688
88,36,0.5493516325950623
88,37,0.4978242814540863
88,38,0.4836488664150238
88,39,0.41949018836021423
88,40,0.057183291763067245
88,41,0.5181498527526855
88,42,0.8145487904548645
88,43,0.1072365790605545
88,44,0.8795347213745117
88,45,0.12729290127754211
88,46,0.48458194732666016
88,47,0.6911023855209351
88,48,0.4984884262084961
88,49,0.4976470172405243
88,50,0.4946008324623108
88,51,0.08307315409183502
88,52,0.5011277794837952
88,53,0.48881596326828003
88,54,0.5031692385673523
88,55,0.4960981011390686
88,56,0.4926469922065735
88,57,0.4878610074520111
88,58,0.4970799684524536
88,59,0.5016303658485413
88,60,0.5570662617683411
88,61,0.5048808455467224
88,62,0.4997088313102722
88,63,0.5032825469970703
88,64,0.523956298828125
88,65,0.4903278946876526
88,66,0.4979149401187897
88,67,0.49407681822776794
88,68,0.05447692051529884
88,69,0.0521405003964901
88,70,0.11170472204685211
88,71,0.47190988063812256
88,72,0.1903361976146698
88,73,0.16637642681598663
88,74,0.4972149431705475
88,75,0.48668715357780457
88,76,0.40925469994544983
88,77,0.5356611609458923
88,78,0.5341488122940063
88,79,0.13441479206085205
88,80,0.048233676701784134
88,81,0.502606987953186
88,82,0.4536861181259155
88,83,0.22118015587329865
88,84,0.5033683776855469
88,85,0.49728164076805115
88,86,0.5052531361579895
88,87,0.4916999042034149
88,88,0.5
88,89,0.04742587357759476
88,90,0.507138729095459
88,91,0.8812462091445923
88,92,0.1573721468448639
88,93,0.4757463037967682
88,94,0.28997474908828735
88,95,0.1925799399614334
88,96,0.056325189769268036
88,97,0.4936135709285736
88,98,0.5071218013763428
88,99,0.4087350368499756
88,100,0.5362799167633057
88,101,0.2058449387550354
88,102,0.4893612563610077
88,103,0.5000453591346741
88,104,0.5035380125045776
88,105,0.1719287931919098
88,106,0.22337688505649567
88,107,0.4901522099971771
88,108,0.49951690435409546
88,109,0.4851146340370178
88,110,0.0576498918235302
88,111,0.8594149947166443
88,112,0.4572737216949463
88,113,0.4179271161556244
88,114,0.5016691088676453
88,115,0.06415650248527527
88,116,0.07418940961360931
88,117,0.4928504228591919
88,118,0.47345492243766785
88,119,0.8912410736083984
88,120,0.47967180609703064
88,121,0.3110737204551697
88,122,0.4978505074977875
88,123,0.48576462268829346
88,124,0.4709284007549286
88,125,0.5003628134727478
88,126,0.1424999088048935
88,127,0.4961888790130615
88,128,0.3904034495353699
88,129,0.5020731687545776
88,130,0.17215432226657867
88,131,0.17017385363578796
88,132,0.8718194961547852
88,133,0.3268808126449585
88,134,0.5066232085227966
89,1,0.6231852173805237
89,2,0.9447973370552063
89,3,0.14616182446479797
89,4,0.5019002556800842
89,5,0.5456697344779968
89,6,0.6870989799499512
89,7,0.9367595911026001
89,8,0.4980275630950928
89,9,0.9515446424484253
89,10,0.9445239305496216
89,11,0.917754054069519
89,12,0.9217166900634766
89,13,0.9340108036994934
89,14,0.90321284532547
89,15,0.9493441581726074
89,16,0.5458527207374573
89,17,0.9525741338729858
89,18,0.8788406848907471
89,19,0.8515998125076294
89,20,0.9435129165649414
89,21,0.8617305159568787
89,22,0.8984313607215881
89,23,0.8470258116722107
89,24,0.4982665181159973
89,25,0.5093217492103577
89,26,0.9277617931365967
89,27,0.9524381160736084
89,28,0.5281935930252075
89,29,0.9522600173950195
89,30,0.5057670474052429
89,31,0.501220703125
89,32,0.9409328103065491
89,33,0.9232724905014038
89,34,0.9376905560493469
89,35,0.9141334891319275
89,36,0.9413248300552368
89,37,0.9311676621437073
89,38,0.9226503968238831
89,39,0.9345783591270447
89,40,0.5058491230010986
89,41,0.9485950469970703
89,42,0.9023445248603821
89,43,0.8123065829277039
89,44,0.851948618888855
89,45,0.8212533593177795
89,46,0.9274205565452576
89,47,0.9344190955162048
89,48,0.9413154721260071
89,49,0.8954979181289673
89,50,0.9289959073066711
89,51,0.5385444760322571
89,52,0.9395697116851807
89,53,0.920850396156311
89,54,0.9183065295219421
89,55,0.9324702620506287
89,56,0.9272661805152893
89,57,0.921937108039856
89,58,0.93133544921875
89,59,0.9505017995834351
89,60,0.9242880344390869
89,61,0.9317651391029358
89,62,0.9206870198249817
89,63,0.930228054523468
89,64,0.9382134675979614
89,65,0.9406396150588989
89,66,0.9222874045372009
89,67,0.8787387609481812
89,68,0.5016259551048279
89,69,0.5032115578651428
89,70,0.7830638289451599
89,71,0.9425997734069824
89,72,0.852712094783783
89,73,0.8275820016860962
89,74,0.8741682767868042
89,75,0.9314114451408386
89,76,0.8667001724243164
89,77,0.9369654059410095
89,78,0.9339479804039001
89,79,0.8331788778305054
89,80,0.4987918734550476
89,81,0.9235617518424988
89,82,0.9312282204627991
89,83,0.6754174828529358
89,84,0.9123610854148865
89,85,0.9483228921890259
89,86,0.9440547227859497
89,87,0.9360618591308594
89,88,0.9409385323524475
89,89,0.5
89,90,0.9231847524642944
89,91,0.8301295638084412
89,92,0.8365278244018555
89,93,0.8915073275566101
89,94,0.7925763130187988
89,95,0.8111603856086731
89,96,0.5082583427429199
89,97,0.9331406950950623
89,98,0.9104069471359253
89,99,0.9278601408004761
89,100,0.9330348968505859
89,101,0.8815275430679321
89,102,0.9500994682312012
89,103,0.911811351776123
89,104,0.9262849688529968
89,105,0.8225276470184326
89,106,0.7727276086807251
89,107,0.9329922795295715
89,108,0.910908043384552
89,109,0.920166015625
89,110,0.5108392238616943
89,111,0.8536404967308044
89,112,0.9345957636833191
89,113,0.8861727714538574
89,114,0.9224138855934143
89,115,0.5431274771690369
89,116,0.5163914561271667
89,117,0.9011421799659729
89,118,0.9131361246109009
89,119,0.8319697380065918
89,120,0.935201108455658
89,121,0.9050464630126953
89,122,0.9168198108673096
89,123,0.924728512763977
89,124,0.9246630668640137
89,125,0.9197388887405396
89,126,0.845212996006012
89,127,0.9270086884498596
89,128,0.8833745718002319
89,129,0.9316200613975525
89,130,0.8416882157325745
89,131,0.10793066769838333
89,132,0.8585807681083679
89,133,0.8785975575447083
89,134,0.9499664902687073
90,1,0.06264854967594147
90,2,0.4730227291584015
90,3,0.8844215273857117
90,4,0.05984705686569214
90,5,0.06332304328680038
90,6,0.06983276456594467
90,7,0.4232787787914276
90,8,0.048345766961574554
90,9,0.48827412724494934
90,10,0.49665215611457825
90,11,0.5042072534561157
90,12,0.48036080598831177
90,13,0.45394501090049744
90,14,0.4716190695762634
90,15,0.48587659001350403
90,16,0.06744478642940521
90,17,0.514560341835022
90,18,0.3903214633464813
90,19,0.14386175572872162
90,20,0.5015806555747986
90,21,0.13444854319095612
90,22,0.508557915687561
90,23,0.8945608735084534
90,24,0.04908496513962746
90,25,0.07359280437231064
90,26,0.5790827870368958
90,27,0.4985107481479645
90,28,0.055206313729286194
90,29,0.4936448633670807
90,30,0.051407650113105774
90,31,0.04742587357759476
90,32,0.4957074820995331
90,33,0.5049866437911987
90,34,0.49257007241249084
90,35,0.4632885456085205
90,36,0.5460041761398315
90,37,0.49241456389427185
90,38,0.47443369030952454
90,39,0.39497676491737366
90,40,0.06065288186073303
90,41,0.5138069987297058
90,42,0.8263907432556152
90,43,0.10139258205890656
90,44,0.8914551138877869
90,45,0.10101691633462906
90,46,0.4772307872772217
90,47,0.6974481344223022
90,48,0.49138009548187256
90,49,0.4920988380908966
90,50,0.48577186465263367
90,51,0.10079414397478104
90,52,0.4919281005859375
90,53,0.4799094498157501
90,54,0.4984178841114044
90,55,0.48655155301094055
90,56,0.48656317591667175
90,57,0.480728417634964
90,58,0.48869937658309937
90,59,0.4937101900577545
90,60,0.5542094111442566
90,61,0.49550920724868774
90,62,0.4908906817436218
90,63,0.4965035319328308
90,64,0.5191060900688171
90,65,0.48490071296691895
90,66,0.4950060546398163
90,67,0.48839277029037476
90,68,0.054875798523426056
90,69,0.05556544288992882
90,70,0.09866855293512344
90,71,0.4625288248062134
90,72,0.17196084558963776
90,73,0.1568237990140915
90,74,0.5021845102310181
90,75,0.4782944917678833
90,76,0.4201144576072693
90,77,0.5306816101074219
90,78,0.5304470658302307
90,79,0.10648421943187714
90,80,0.05021938681602478
90,81,0.4967544674873352
90,82,0.4473588764667511
90,83,0.29010578989982605
90,84,0.49492326378822327
90,85,0.4905779957771301
90,86,0.4999198913574219
90,87,0.48476511240005493
90,88,0.4923086166381836
90,89,0.051997311413288116
90,90,0.5
90,91,0.8794275522232056
90,92,0.14741140604019165
90,93,0.5042855739593506
90,94,0.3767116069793701
90,95,0.17658929526805878
90,96,0.05755956843495369
90,97,0.4854126274585724
90,98,0.5019785761833191
90,99,0.39470499753952026
90,100,0.5317766070365906
90,101,0.18616831302642822
90,102,0.48157960176467896
90,103,0.4908200204372406
90,104,0.4984651505947113
90,105,0.16239774227142334
90,106,0.24575300514698029
90,107,0.4847802221775055
90,108,0.4933515191078186
90,109,0.47882938385009766
90,110,0.06220293417572975
90,111,0.8714420795440674
90,112,0.44775092601776123
90,113,0.40298327803611755
90,114,0.4934161901473999
90,115,0.07760512828826904
90,116,0.07100321352481842
90,117,0.48623359203338623
90,118,0.46469154953956604
90,119,0.8950821757316589
90,120,0.47076359391212463
90,121,0.295063316822052
90,122,0.49190017580986023
90,123,0.47730833292007446
90,124,0.46015283465385437
90,125,0.49415290355682373
90,126,0.13249501585960388
90,127,0.4879445433616638
90,128,0.38351622223854065
90,129,0.4943735897541046
90,130,0.160337433218956
90,131,0.1600504368543625
90,132,0.885662317276001
90,133,0.28844356536865234
90,134,0.4980851709842682
91,1,0.09732110798358917
91,2,0.07830916345119476
91,3,0.9518487453460693
91,4,0.09485796093940735
91,5,0.09311466664075851
91,6,0.0886121541261673
91,7,0.09101539105176926
91,8,0.09857542812824249
91,9,0.0791822150349617
91,10,0.08537015318870544
91,11,0.09685370326042175
91,12,0.10602633655071259
91,13,0.0990506038069725
91,14,0.09755324572324753
91,15,0.07547666132450104
91,16,0.09669759124517441
91,17,0.07950937747955322
91,18,0.07314983010292053
91,19,0.05046142637729645
91,20,0.07969927787780762
91,21,0.05192413926124573
91,22,0.09499240666627884
91,23,0.46924540400505066
91,24,0.09912585467100143
91,25,0.0945010781288147
91,26,0.08956026285886765
91,27,0.07700749486684799
91,28,0.09197849035263062
91,29,0.06053169444203377
91,30,0.09361369907855988
91,31,0.09587275981903076
91,32,0.09798724204301834
91,33,0.09873711317777634
91,34,0.10175103694200516
91,35,0.08413313329219818
91,36,0.11879909038543701
91,37,0.07948300987482071
91,38,0.09266000986099243
91,39,0.08427503705024719
91,40,0.0938946008682251
91,41,0.08368539810180664
91,42,0.3027917444705963
91,43,0.06068171188235283
91,44,0.4565941095352173
91,45,0.05121021345257759
91,46,0.09313155710697174
91,47,0.15272721648216248
91,48,0.07801228761672974
91,49,0.11208191514015198
91,50,0.09422630071640015
91,51,0.08535881340503693
91,52,0.07914406061172485
91,53,0.0920896828174591
91,54,0.09560643136501312
91,55,0.09477293491363525
91,56,0.06190895661711693
91,57,0.07514511793851852
91,58,0.06570594757795334
91,59,0.09685845673084259
91,60,0.09683937579393387
91,61,0.06928188353776932
91,62,0.09255262464284897
91,63,0.07971599698066711
91,64,0.07246984541416168
91,65,0.059663087129592896
91,66,0.07923674583435059
91,67,0.09082042425870895
91,68,0.09731642156839371
91,69,0.09883567690849304
91,70,0.06893519312143326
91,71,0.058441273868083954
91,72,0.08209442347288132
91,73,0.06401271373033524
91,74,0.0853971540927887
91,75,0.07763981074094772
91,76,0.06759121268987656
91,77,0.07416759431362152
91,78,0.07425157725811005
91,79,0.04742587357759476
91,80,0.09962308406829834
91,81,0.0627756416797638
91,82,0.07477439194917679
91,83,0.15794505178928375
91,84,0.09606745094060898
91,85,0.07364927977323532
91,86,0.07964885979890823
91,87,0.07889140397310257
91,88,0.07059212774038315
91,89,0.098751962184906
91,90,0.0853496789932251
91,91,0.5
91,92,0.051321905106306076
91,93,0.1137751117348671
91,94,0.08723291754722595
91,95,0.0922645628452301
91,96,0.09415602684020996
91,97,0.09863868355751038
91,98,0.09749360382556915
91,99,0.05261549726128578
91,100,0.09364461153745651
91,101,0.049388159066438675
91,102,0.07318194210529327
91,103,0.1183600127696991
91,104,0.10020766407251358
91,105,0.07792574912309647
91,106,0.0710219144821167
91,107,0.07507939636707306
91,108,0.07919958978891373
91,109,0.06946967542171478
91,110,0.09653030335903168
91,111,0.40242427587509155
91,112,0.08842987567186356
91,113,0.07291477173566818
91,114,0.08838509768247604
91,115,0.10540742427110672
91,116,0.09287676960229874
91,117,0.10060472786426544
91,118,0.08556047081947327
91,119,0.568702220916748
91,120,0.05844111740589142
91,121,0.10145235061645508
91,122,0.10535941272974014
91,123,0.08853401988744736
91,124,0.10067874938249588
91,125,0.09976964443922043
91,126,0.06131300702691078
91,127,0.06759251654148102
91,128,0.10840051621198654
91,129,0.08161304891109467
91,130,0.05736785754561424
91,131,0.6675394773483276
91,132,0.4354749023914337
91,133,0.13591177761554718
91,134,0.08391948789358139
92,1,0.23498328030109406
92,2,0.8091551065444946
92,3,0.49932143092155457
92,4,0.1409686654806137
92,5,0.1928626447916031
92,6,0.29532626271247864
92,7,0.7934554219245911
92,8,0.1407971978187561
92,9,0.8543596267700195
92,10,0.8635687828063965
92,11,0.8205089569091797
92,12,0.8307962417602539
92,13,0.8158600926399231
92,14,0.8167070746421814
92,15,0.8228674530982971
92,16,0.19646055996418
92,17,0.8763506412506104
92,18,0.7441461682319641
92,19,0.5313795208930969
92,20,0.8374844789505005
92,21,0.5154150128364563
92,22,0.8379566669464111
92,23,0.9316379427909851
92,24,0.14246229827404022
92,25,0.1417795717716217
92,26,0.8741268515586853
92,27,0.8593398928642273
92,28,0.15264888107776642
92,29,0.8526016473770142
92,30,0.14313548803329468
92,31,0.1331852376461029
92,32,0.8383605480194092
92,33,0.8419649004936218
92,34,0.83698970079422
92,35,0.8321646451950073
92,36,0.8570181131362915
92,37,0.8423312902450562
92,38,0.837905764579773
92,39,0.7986758351325989
92,40,0.1524701863527298
92,41,0.8668015599250793
92,42,0.9495635628700256
92,43,0.43722304701805115
92,44,0.941821277141571
92,45,0.4443587362766266
92,46,0.830782949924469
92,47,0.906683623790741
92,48,0.8540210127830505
92,49,0.8502365350723267
92,50,0.8434643149375916
92,51,0.21093887090682983
92,52,0.8482604622840881
92,53,0.8517453074455261
92,54,0.8160359263420105
92,55,0.8412086963653564
92,56,0.8365914821624756
92,57,0.8420296311378479
92,58,0.8599026799201965
92,59,0.8595739603042603
92,60,0.8644137382507324
92,61,0.8573108315467834
92,62,0.8404836058616638
92,63,0.8601641654968262
92,64,0.8709046840667725
92,65,0.849513590335846
92,66,0.8616578578948975
92,67,0.7847008109092712
92,68,0.147298201918602
92,69,0.14891552925109863
92,70,0.39243289828300476
92,71,0.8388007283210754
92,72,0.5232231616973877
92,73,0.5090382099151611
92,74,0.8442287445068359
92,75,0.8195338845252991
92,76,0.704918384552002
92,77,0.8708371520042419
92,78,0.8605490326881409
92,79,0.46479281783103943
92,80,0.14529113471508026
92,81,0.8462967276573181
92,82,0.8333808183670044
92,83,0.3558639883995056
92,84,0.8375601768493652
92,85,0.861008882522583
92,86,0.8586887717247009
92,87,0.8269248008728027
92,88,0.852958083152771
92,89,0.13543859124183655
92,90,0.8464037775993347
92,91,0.9150083661079407
92,92,0.5
92,93,0.7613713145256042
92,94,0.5989932417869568
92,95,0.4942408800125122
92,96,0.16996672749519348
92,97,0.830813467502594
92,98,0.8202929496765137
92,99,0.804705023765564
92,100,0.8536695837974548
92,101,0.5990170240402222
92,102,0.8530872464179993
92,103,0.8106059432029724
92,104,0.826834499835968
92,105,0.5387167930603027
92,106,0.5001962780952454
92,107,0.8484086394309998
92,108,0.8138380646705627
92,109,0.8269628882408142
92,110,0.15433630347251892
92,111,0.9293506741523743
92,112,0.828961193561554
92,113,0.8018923401832581
92,114,0.8399065732955933
92,115,0.21184299886226654
92,116,0.15790946781635284
92,117,0.8193370699882507
92,118,0.8234983682632446
92,119,0.9429548978805542
92,120,0.8358429670333862
92,121,0.735786497592926
92,122,0.8470504879951477
92,123,0.8300841450691223
92,124,0.806134819984436
92,125,0.8120861649513245
92,126,0.518882691860199
92,127,0.8495608568191528
92,128,0.6876159906387329
92,129,0.830399751663208
92,130,0.536197304725647
92,131,0.04742586612701416
92,132,0.9470235705375671
92,133,0.6754862070083618
92,134,0.8507122993469238
93,1,0.09710117429494858
93,2,0.4789651036262512
93,3,0.8311991095542908
93,4,0.07704538851976395
93,5,0.08351435512304306
93,6,0.10489416867494583
93,7,0.42714357376098633
93,8,0.0589987188577652
93,9,0.5276525020599365
93,10,0.554412841796875
93,11,0.5315514802932739
93,12,0.5510638952255249
93,13,0.5080317854881287
93,14,0.4966834485530853
93,15,0.5415242910385132
93,16,0.08600184321403503
93,17,0.5724446177482605
93,18,0.3457610607147217
93,19,0.2122986912727356
93,20,0.55706387758255
93,21,0.1843515783548355
93,22,0.49633726477622986
93,23,0.9166427254676819
93,24,0.061372023075819016
93,25,0.07996422797441483
93,26,0.6371898055076599
93,27,0.5414031147956848
93,28,0.06454432755708694
93,29,0.5449305772781372
93,30,0.06898665428161621
93,31,0.04742587357759476
93,32,0.5529978275299072
93,33,0.5197232961654663
93,34,0.5457244515419006
93,35,0.5060546398162842
93,36,0.6028136014938354
93,37,0.5488933324813843
93,38,0.5315556526184082
93,39,0.4100838899612427
93,40,0.0745195746421814
93,41,0.5670108795166016
93,42,0.8484418988227844
93,43,0.15226007997989655
93,44,0.9108349680900574
93,45,0.15122318267822266
93,46,0.5372671484947205
93,47,0.7267481088638306
93,48,0.5470371842384338
93,49,0.5088526606559753
93,50,0.538637638092041
93,51,0.13481517136096954
93,52,0.5455918312072754
93,53,0.4867619276046753
93,54,0.505046546459198
93,55,0.5452094674110413
93,56,0.5099816918373108
93,57,0.4921804964542389
93,58,0.5424747467041016
93,59,0.5521801114082336
93,60,0.6026250720024109
93,61,0.5571964979171753
93,62,0.5237396955490112
93,63,0.5522313117980957
93,64,0.5739676356315613
93,65,0.5337325930595398
93,66,0.5409800410270691
93,67,0.47943270206451416
93,68,0.06097245588898659
93,69,0.06977532804012299
93,70,0.14939239621162415
93,71,0.5247712731361389
93,72,0.27119702100753784
93,73,0.22526223957538605
93,74,0.5179234743118286
93,75,0.5264670252799988
93,76,0.38214030861854553
93,77,0.5813449621200562
93,78,0.5368169546127319
93,79,0.16205435991287231
93,80,0.06427234411239624
93,81,0.5075724720954895
93,82,0.4961060881614685
93,83,0.39290910959243774
93,84,0.5172786712646484
93,85,0.5421082377433777
93,86,0.5503494739532471
93,87,0.525825560092926
93,88,0.5286214351654053
93,89,0.06330475956201553
93,90,0.4953046441078186
93,91,0.8680901527404785
93,92,0.21295826137065887
93,93,0.5
93,94,0.4058675765991211
93,95,0.2606765329837799
93,96,0.07247227430343628
93,97,0.5489843487739563
93,98,0.4966161847114563
93,99,0.42564326524734497
93,100,0.5565428137779236
93,101,0.25719743967056274
93,102,0.5367761254310608
93,103,0.5385326147079468
93,104,0.5605027675628662
93,105,0.2416793704032898
93,106,0.2609311044216156
93,107,0.5329262614250183
93,108,0.5486888289451599
93,109,0.5279431343078613
93,110,0.0701841339468956
93,111,0.8897832036018372
93,112,0.4980652332305908
93,113,0.4518662095069885
93,114,0.5388513803482056
93,115,0.08215010166168213
93,116,0.10199721902608871
93,117,0.4820000231266022
93,118,0.5625810623168945
93,119,0.9028293490409851
93,120,0.523055911064148
93,121,0.3314496576786041
93,122,0.5358339548110962
93,123,0.5058298110961914
93,124,0.5205172896385193
93,125,0.4943137466907501
93,126,0.2013416886329651
93,127,0.5336334705352783
93,128,0.5261462926864624
93,129,0.5475354790687561
93,130,0.24812446534633636
93,131,0.1637887805700302
93,132,0.8871049284934998
93,133,0.4247777462005615
93,134,0.5572301745414734
94,1,0.1297639161348343
94,2,0.7417505979537964
94,3,0.6075707674026489
94,4,0.1100587546825409
94,5,0.13928423821926117
94,6,0.16088780760765076
94,7,0.6562466621398926
94,8,0.10207396000623703
94,9,0.7955563068389893
94,10,0.8209991455078125
94,11,0.6577730774879456
94,12,0.6613930463790894
94,13,0.7357882261276245
94,14,0.6253805160522461
94,15,0.8137215971946716
94,16,0.1412963569164276
94,17,0.832427442073822
94,18,0.4769030213356018
94,19,0.42405861616134644
94,20,0.8205045461654663
94,21,0.4505613446235657
94,22,0.503808319568634
94,23,0.9461338520050049
94,24,0.07492032647132874
94,25,0.11581632494926453
94,26,0.8354384303092957
94,27,0.8074568510055542
94,28,0.08319434523582458
94,29,0.8009477257728577
94,30,0.11141207069158554
94,31,0.06651153415441513
94,32,0.7631497979164124
94,33,0.6309150457382202
94,34,0.7075391411781311
94,35,0.774891197681427
94,36,0.8538495302200317
94,37,0.766650378704071
94,38,0.6996055245399475
94,39,0.6765742301940918
94,40,0.09256590157747269
94,41,0.8288809061050415
94,42,0.9092064499855042
94,43,0.4148086905479431
94,44,0.9525741338729858
94,45,0.317978173494339
94,46,0.7865363955497742
94,47,0.8671842813491821
94,48,0.7535051703453064
94,49,0.6134230494499207
94,50,0.7585485577583313
94,51,0.287522554397583
94,52,0.6895067095756531
94,53,0.6324172019958496
94,54,0.6820768713951111
94,55,0.6898049712181091
94,56,0.7547275424003601
94,57,0.576151430606842
94,58,0.7506210803985596
94,59,0.762103796005249
94,60,0.7696838974952698
94,61,0.777648389339447
94,62,0.6431945562362671
94,63,0.7341904640197754
94,64,0.7457220554351807
94,65,0.7995787858963013
94,66,0.7825603485107422
94,67,0.5140110850334167
94,68,0.07384580373764038
94,69,0.10661354660987854
94,70,0.3492734730243683
94,71,0.7859112024307251
94,72,0.4910852313041687
94,73,0.3550267219543457
94,74,0.608426570892334
94,75,0.7349423766136169
94,76,0.4453411400318146
94,77,0.7785733938217163
94,78,0.7035956382751465
94,79,0.3254528343677521
94,80,0.08810174465179443
94,81,0.7083824276924133
94,82,0.7101835608482361
94,83,0.5750415921211243
94,84,0.5609915852546692
94,85,0.7874121069908142
94,86,0.8134150505065918
94,87,0.78678297996521
94,88,0.7898176312446594
94,89,0.10455937683582306
94,90,0.6661614179611206
94,91,0.936959445476532
94,92,0.3621191680431366
94,93,0.617093026638031
94,94,0.5
94,95,0.5578517317771912
94,96,0.08344024419784546
94,97,0.728517472743988
94,98,0.6179964542388916
94,99,0.6133388876914978
94,100,0.7860011458396912
94,101,0.4832920432090759
94,102,0.7994545698165894
94,103,0.6750804781913757
94,104,0.8133022785186768
94,105,0.36675402522087097
94,106,0.3168777823448181
94,107,0.749830961227417
94,108,0.7710661292076111
94,109,0.70383620262146
94,110,0.08380138128995895
94,111,0.9386762380599976
94,112,0.7769421339035034
94,113,0.6047343611717224
94,114,0.616451621055603
94,115,0.11289959400892258
94,116,0.14834725856781006
94,117,0.5272418260574341
94,118,0.7894942164421082
94,119,0.8985849022865295
94,120,0.751343846321106
94,121,0.49468716979026794
94,122,0.620776355266571
94,123,0.7814756631851196
94,124,0.738019585609436
94,125,0.7288919687271118
94,126,0.4574762284755707
94,127,0.8024047613143921
94,128,0.7772936224937439
94,129,0.6789557933807373
94,130,0.45389845967292786
94,131,0.1691286414861679
94,132,0.9170907735824585
94,133,0.7965230345726013
94,134,0.8282358050346375
95,1,0.25240716338157654
95,2,0.7931190133094788
95,3,0.563120424747467
95,4,0.14187313616275787
95,5,0.17897841334342957
95,6,0.3270723521709442
95,7,0.7877593040466309
95,8,0.13689228892326355
95,9,0.8333390951156616
95,10,0.8233185410499573
95,11,0.8128646016120911
95,12,0.8274996280670166
95,13,0.782040536403656
95,14,0.8485833406448364
95,15,0.7757046222686768
95,16,0.18514947593212128
95,17,0.8523502945899963
95,18,0.6704138517379761
95,19,0.5512533187866211
95,20,0.8135952353477478
95,21,0.49138393998146057
95,22,0.8132358193397522
95,23,0.9047642946243286
95,24,0.14982247352600098
95,25,0.16292841732501984
95,26,0.8594043254852295
95,27,0.842589259147644
95,28,0.15657921135425568
95,29,0.8283510804176331
95,30,0.13750474154949188
95,31,0.14911240339279175
95,32,0.8018754720687866
95,33,0.8427947759628296
95,34,0.8338673710823059
95,35,0.7897149920463562
95,36,0.8340410590171814
95,37,0.8021387457847595
95,38,0.8384749293327332
95,39,0.7680548429489136
95,40,0.1585918813943863
95,41,0.8491451144218445
95,42,0.9446135759353638
95,43,0.4004586338996887
95,44,0.9271447062492371
95,45,0.47700679302215576
95,46,0.8254818916320801
95,47,0.8937868475914001
95,48,0.837639331817627
95,49,0.8005796670913696
95,50,0.8158537149429321
95,51,0.17766298353672028
95,52,0.8223814964294434
95,53,0.8287564516067505
95,54,0.8017345070838928
95,55,0.825384259223938
95,56,0.8097208142280579
95,57,0.8281168937683105
95,58,0.8339988589286804
95,59,0.8410829305648804
95,60,0.8257436156272888
95,61,0.8365219831466675
95,62,0.8382167220115662
95,63,0.8350609540939331
95,64,0.8546943664550781
95,65,0.8307444453239441
95,66,0.8295707106590271
95,67,0.7837743759155273
95,68,0.15820959210395813
95,69,0.13819459080696106
95,70,0.37898948788642883
95,71,0.8205116391181946
95,72,0.5624719858169556
95,73,0.38644418120384216
95,74,0.8114644885063171
95,75,0.8087109923362732
95,76,0.6747135519981384
95,77,0.8513546586036682
95,78,0.8561351895332336
95,79,0.4808800518512726
95,80,0.14614267647266388
95,81,0.8275570273399353
95,82,0.7925963401794434
95,83,0.2149493396282196
95,84,0.8376815319061279
95,85,0.8383842706680298
95,86,0.8398656249046326
95,87,0.799446165561676
95,88,0.8380860090255737
95,89,0.14042264223098755
95,90,0.8374082446098328
95,91,0.8848423361778259
95,92,0.5063048601150513
95,93,0.7335931062698364
95,94,0.455032616853714
95,95,0.5
95,96,0.16793981194496155
95,97,0.7801230549812317
95,98,0.8099555969238281
95,99,0.7575762271881104
95,100,0.8342695832252502
95,101,0.6015371680259705
95,102,0.8293023705482483
95,103,0.7773699760437012
95,104,0.7972391843795776
95,105,0.576572835445404
95,106,0.4547291100025177
95,107,0.8232917189598083
95,108,0.7264991402626038
95,109,0.76176917552948
95,110,0.16487780213356018
95,111,0.9260899424552917
95,112,0.7707102298736572
95,113,0.8301889896392822
95,114,0.8377939462661743
95,115,0.2168668657541275
95,116,0.16764073073863983
95,117,0.7993039488792419
95,118,0.8145010471343994
95,119,0.9304255843162537
95,120,0.8047493100166321
95,121,0.6970188617706299
95,122,0.8336824774742126
95,123,0.8301606178283691
95,124,0.7978009581565857
95,125,0.7796899676322937
95,126,0.5034062266349792
95,127,0.8292847871780396
95,128,0.5895175933837891
95,129,0.8131626844406128
95,130,0.4742511808872223
95,131,0.04742587357759476
95,132,0.949731707572937
95,133,0.6465518474578857
95,134,0.8265535831451416
96,1,0.5789972543716431
96,2,0.9191283583641052
96,3,0.16606365144252777
96,4,0.4940184950828552
96,5,0.5299659371376038
96,6,0.6458379030227661
96,7,0.9289594888687134
96,8,0.5066573023796082
96,9,0.9523928761482239
96,10,0.939984917640686
96,11,0.8949986100196838
96,12,0.9213266372680664
96,13,0.9257554411888123
96,14,0.8914027810096741
96,15,0.9440063238143921
96,16,0.5685684084892273
96,17,0.9525741338729858
96,18,0.8826560974121094
96,19,0.8417807817459106
96,20,0.9334302544593811
96,21,0.839026927947998
96,22,0.882080614566803
96,23,0.8588540554046631
96,24,0.4889579713344574
96,25,0.5008944869041443
96,26,0.9300405979156494
96,27,0.9459018111228943
96,28,0.5189948081970215
96,29,0.9521276354789734
96,30,0.4968724548816681
96,31,0.49176740646362305
96,32,0.9427600502967834
96,33,0.9206646084785461
96,34,0.934867262840271
96,35,0.9077023863792419
96,36,0.9455181956291199
96,37,0.9294049143791199
96,38,0.930828332901001
96,39,0.931329607963562
96,40,0.49554115533828735
96,41,0.9487221837043762
96,42,0.9114037752151489
96,43,0.7872939705848694
96,44,0.8650630116462708
96,45,0.7949922680854797
96,46,0.9127689599990845
96,47,0.930893063545227
96,48,0.9326473474502563
96,49,0.9089521169662476
96,50,0.9268444776535034
96,51,0.6043832898139954
96,52,0.9307093620300293
96,53,0.9186021685600281
96,54,0.9016505479812622
96,55,0.9232240915298462
96,56,0.9112510085105896
96,57,0.9188880324363708
96,58,0.9377462267875671
96,59,0.9310694336891174
96,60,0.9183784127235413
96,61,0.9263773560523987
96,62,0.912190318107605
96,63,0.9356157183647156
96,64,0.933022677898407
96,65,0.9340597987174988
96,66,0.9374284744262695
96,67,0.8802692890167236
96,68,0.4900689423084259
96,69,0.5123816132545471
96,70,0.7546567320823669
96,71,0.9303955435752869
96,72,0.8196814060211182
96,73,0.8031406998634338
96,74,0.8815125226974487
96,75,0.929847776889801
96,76,0.8711135387420654
96,77,0.9343570470809937
96,78,0.92603600025177
96,79,0.8099952936172485
96,80,0.49744847416877747
96,81,0.9135892987251282
96,82,0.9172831773757935
96,83,0.6744689345359802
96,84,0.9107368588447571
96,85,0.9492725729942322
96,86,0.9490386843681335
96,87,0.929243803024292
96,88,0.9382659196853638
96,89,0.4913599491119385
96,90,0.9244948029518127
96,91,0.8454684615135193
96,92,0.8117309808731079
96,93,0.8894324898719788
96,94,0.8270803689956665
96,95,0.7936309576034546
96,96,0.5
96,97,0.9227319955825806
96,98,0.9158008098602295
96,99,0.9225835204124451
96,100,0.9301478266716003
96,101,0.8555198311805725
96,102,0.9440051317214966
96,103,0.9085215926170349
96,104,0.9197309017181396
96,105,0.7956148386001587
96,106,0.7503644824028015
96,107,0.9323058128356934
96,108,0.9113427996635437
96,109,0.9129948616027832
96,110,0.5017843246459961
96,111,0.8793477416038513
96,112,0.921459436416626
96,113,0.8935160040855408
96,114,0.9050045013427734
96,115,0.5363215804100037
96,116,0.5087186694145203
96,117,0.8942978978157043
96,118,0.9056573510169983
96,119,0.8448598384857178
96,120,0.9279075264930725
96,121,0.8819254636764526
96,122,0.9040735960006714
96,123,0.9184023141860962
96,124,0.9102084040641785
96,125,0.9096511006355286
96,126,0.8232831358909607
96,127,0.9320934414863586
96,128,0.8742666840553284
96,129,0.9219468235969543
96,130,0.8115063905715942
96,131,0.13448651134967804
96,132,0.8658297657966614
96,133,0.8477718234062195
96,134,0.9421727657318115
97,1,0.06684314459562302
97,2,0.4851135015487671
97,3,0.8594970703125
97,4,0.056655749678611755
97,5,0.05403749644756317
97,6,0.10440553724765778
97,7,0.44684886932373047
97,8,0.047425881028175354
97,9,0.49958622455596924
97,10,0.507411777973175
97,11,0.5124292969703674
97,12,0.4977615475654602
97,13,0.4695781469345093
97,14,0.4818893373012543
97,15,0.49595901370048523
97,16,0.0672292560338974
97,17,0.5264873504638672
97,18,0.3222155272960663
97,19,0.18198557198047638
97,20,0.5117722749710083
97,21,0.15722550451755524
97,22,0.49309778213500977
97,23,0.8725399971008301
97,24,0.05209466814994812
97,25,0.06441440433263779
97,26,0.5910953879356384
97,27,0.5084791779518127
97,28,0.05326898396015167
97,29,0.5066701173782349
97,30,0.04808592051267624
97,31,0.05490078404545784
97,32,0.5095903277397156
97,33,0.5133942365646362
97,34,0.5085660219192505
97,35,0.5031641721725464
97,36,0.5551026463508606
97,37,0.5018366575241089
97,38,0.49039381742477417
97,39,0.41691070795059204
97,40,0.05540761351585388
97,41,0.5227195024490356
97,42,0.8246752023696899
97,43,0.12416698038578033
97,44,0.8870720863342285
97,45,0.13671165704727173
97,46,0.4879474341869354
97,47,0.7006205916404724
97,48,0.5016403198242188
97,49,0.504021942615509
97,50,0.4966088831424713
97,51,0.09471645951271057
97,52,0.5061371326446533
97,53,0.49496251344680786
97,54,0.5104259252548218
97,55,0.5015445947647095
97,56,0.498127281665802
97,57,0.4956378936767578
97,58,0.5044927597045898
97,59,0.5066837668418884
97,60,0.5648062825202942
97,61,0.5104442238807678
97,62,0.5061275362968445
97,63,0.5084230303764343
97,64,0.5306071043014526
97,65,0.49570176005363464
97,66,0.5037607550621033
97,67,0.5039242506027222
97,68,0.05485551431775093
97,69,0.05030899494886398
97,70,0.13900814950466156
97,71,0.47397613525390625
97,72,0.19717611372470856
97,73,0.17565849423408508
97,74,0.5016149282455444
97,75,0.4947534501552582
97,76,0.36788561940193176
97,77,0.5425865054130554
97,78,0.5401623845100403
97,79,0.13862666487693787
97,80,0.05023692920804024
97,81,0.5092109441757202
97,82,0.45512983202934265
97,83,0.24860607087612152
97,84,0.5096824169158936
97,85,0.5036063194274902
97,86,0.5129318237304688
97,87,0.49293115735054016
97,88,0.5066694617271423
97,89,0.0481908842921257
97,90,0.5141393542289734
97,91,0.8577311635017395
97,92,0.16991496086120605
97,93,0.4566343128681183
97,94,0.3324042856693268
97,95,0.23994141817092896
97,96,0.06400085985660553
97,97,0.5
97,98,0.5142392516136169
97,99,0.4132533669471741
97,100,0.5450865030288696
97,101,0.21964778006076813
97,102,0.4924687445163727
97,103,0.5070042014122009
97,104,0.5092781782150269
97,105,0.19301261007785797
97,106,0.20866549015045166
97,107,0.4937681257724762
97,108,0.49996519088745117
97,109,0.4886133670806885
97,110,0.06005726009607315
97,111,0.8681967258453369
97,112,0.46809375286102295
97,113,0.4633239507675171
97,114,0.5065168738365173
97,115,0.07577383518218994
97,116,0.07606872916221619
97,117,0.4986167252063751
97,118,0.4803104102611542
97,119,0.8865105509757996
97,120,0.4843786954879761
97,121,0.34784895181655884
97,122,0.5035194158554077
97,123,0.48982730507850647
97,124,0.47332823276519775
97,125,0.5007885098457336
97,126,0.19810767471790314
97,127,0.5009596347808838
97,128,0.4017619490623474
97,129,0.5085240602493286
97,130,0.1975473314523697
97,131,0.15953852236270905
97,132,0.8801559805870056
97,133,0.3190461993217468
97,134,0.5089061856269836
98,1,0.0769774541258812
98,2,0.47321218252182007
98,3,0.8647133111953735
98,4,0.06773119419813156
98,5,0.06789157539606094
98,6,0.0861019715666771
98,7,0.3886897563934326
98,8,0.05779527500271797
98,9,0.48484545946121216
98,10,0.49376457929611206
98,11,0.504188060760498
98,12,0.48877307772636414
98,13,0.4546872675418854
98,14,0.47288718819618225
98,15,0.482125848531723
98,16,0.061510514467954636
98,17,0.5115249156951904
98,18,0.35294604301452637
98,19,0.16810831427574158
98,20,0.49937963485717773
98,21,0.14715270698070526
98,22,0.49177467823028564
98,23,0.895965039730072
98,24,0.0552218072116375
98,25,0.08247467130422592
98,26,0.5771968364715576
98,27,0.4977133870124817
98,28,0.05772284418344498
98,29,0.48866528272628784
98,30,0.06378410011529922
98,31,0.04742587357759476
98,32,0.49551886320114136
98,33,0.5086132287979126
98,34,0.49479395151138306
98,35,0.5008239150047302
98,36,0.544674813747406
98,37,0.49054402112960815
98,38,0.4742789566516876
98,39,0.39293399453163147
98,40,0.06364816427230835
98,41,0.5107560753822327
98,42,0.8257931470870972
98,43,0.12623631954193115
98,44,0.8916791677474976
98,45,0.11192145198583603
98,46,0.4763740599155426
98,47,0.695894181728363
98,48,0.4879831373691559
98,49,0.49050793051719666
98,50,0.48162317276000977
98,51,0.12445391714572906
98,52,0.4914931356906891
98,53,0.4784527122974396
98,54,0.4988332986831665
98,55,0.48829731345176697
98,56,0.48341289162635803
98,57,0.4767000377178192
98,58,0.48773348331451416
98,59,0.4951191544532776
98,60,0.5533655881881714
98,61,0.49705755710601807
98,62,0.4877568483352661
98,63,0.4961572587490082
98,64,0.5158535242080688
98,65,0.48587092757225037
98,66,0.49219706654548645
98,67,0.45815974473953247
98,68,0.05405925586819649
98,69,0.05873754248023033
98,70,0.11652877181768417
98,71,0.4603738486766815
98,72,0.2070959508419037
98,73,0.17837399244308472
98,74,0.49265196919441223
98,75,0.4768846035003662
98,76,0.4056651294231415
98,77,0.5284419655799866
98,78,0.5283185839653015
98,79,0.12178067117929459
98,80,0.05789804458618164
98,81,0.4947676360607147
98,82,0.4429219961166382
98,83,0.29719576239585876
98,84,0.5008832812309265
98,85,0.4885790944099426
98,86,0.497445285320282
98,87,0.48479586839675903
98,88,0.49233052134513855
98,89,0.06262364983558655
98,90,0.4980224072933197
98,91,0.8657029867172241
98,92,0.1735556572675705
98,93,0.503087043762207
98,94,0.41327598690986633
98,95,0.20405802130699158
98,96,0.0652400478720665
98,97,0.48531660437583923
98,98,0.5
98,99,0.39316633343696594
98,100,0.5304585099220276
98,101,0.21077226102352142
98,102,0.47835612297058105
98,103,0.4885081946849823
98,104,0.5018928050994873
98,105,0.1964351087808609
98,106,0.23670074343681335
98,107,0.4826134741306305
98,108,0.4928339719772339
98,109,0.475189208984375
98,110,0.059850964695215225
98,111,0.8709177374839783
98,112,0.46152520179748535
98,113,0.4092364013195038
98,114,0.4949176013469696
98,115,0.0846196860074997
98,116,0.08698058128356934
98,117,0.48554784059524536
98,118,0.4621216654777527
98,119,0.8828096985816956
98,120,0.46844482421875
98,121,0.30126193165779114
98,122,0.49541449546813965
98,123,0.47696778178215027
98,124,0.4654671549797058
98,125,0.49330899119377136
98,126,0.15696139633655548
98,127,0.4863346815109253
98,128,0.42416802048683167
98,129,0.4938889443874359
98,130,0.19109909236431122
98,131,0.15848493576049805
98,132,0.8848901391029358
98,133,0.3670138716697693
98,134,0.5007153153419495
99,1,0.06625064462423325
99,2,0.5675811171531677
99,3,0.8329819440841675
99,4,0.060404613614082336
99,5,0.075856514275074
99,6,0.09188621491193771
99,7,0.5332852005958557
99,8,0.053780388087034225
99,9,0.5909621119499207
99,10,0.6021814346313477
99,11,0.6050726771354675
99,12,0.5837116837501526
99,13,0.5615963935852051
99,14,0.5718017816543579
99,15,0.5905300378799438
99,16,0.06307961046695709
99,17,0.6183295845985413
99,18,0.4299609959125519
99,19,0.21406228840351105
99,20,0.6045995950698853
99,21,0.1837167739868164
99,22,0.5478746294975281
99,23,0.9276562333106995
99,24,0.047737933695316315
99,25,0.06755810230970383
99,26,0.676124095916748
99,27,0.6016677021980286
99,28,0.050775930285453796
99,29,0.5976249575614929
99,30,0.052036140114068985
99,31,0.04742587357759476
99,32,0.6019165515899658
99,33,0.6040007472038269
99,34,0.5946338772773743
99,35,0.6038652062416077
99,36,0.6484372019767761
99,37,0.595069169998169
99,38,0.5750490427017212
99,39,0.48839569091796875
99,40,0.054666683077812195
99,41,0.6170810461044312
99,42,0.8789860606193542
99,43,0.1424044817686081
99,44,0.9241248965263367
99,45,0.14366255700588226
99,46,0.582542896270752
99,47,0.7785305976867676
99,48,0.5942348837852478
99,49,0.5974227786064148
99,50,0.5877912044525146
99,51,0.11553894728422165
99,52,0.5987415313720703
99,53,0.5779284834861755
99,54,0.6048302054405212
99,55,0.5910945534706116
99,56,0.5884520411491394
99,57,0.5734670758247375
99,58,0.5949721336364746
99,59,0.6014668941497803
99,60,0.6552978754043579
99,61,0.6034277081489563
99,62,0.5880879759788513
99,63,0.6010527610778809
99,64,0.621037483215332
99,65,0.5897093415260315
99,66,0.6010862588882446
99,67,0.5785018801689148
99,68,0.0532894991338253
99,69,0.05570211261510849
99,70,0.15243399143218994
99,71,0.5655192136764526
99,72,0.22830641269683838
99,73,0.21796245872974396
99,74,0.5946272015571594
99,75,0.575100839138031
99,76,0.46217283606529236
99,77,0.6328102946281433
99,78,0.631184995174408
99,79,0.1544639617204666
99,80,0.05045932158827782
99,81,0.5982613563537598
99,82,0.5485621690750122
99,83,0.3104613721370697
99,84,0.5980768799781799
99,85,0.59371417760849
99,86,0.6039533019065857
99,87,0.5912027955055237
99,88,0.5979613065719604
99,89,0.04850592836737633
99,90,0.6050881147384644
99,91,0.9181029200553894
99,92,0.18951626121997833
99,93,0.5678154826164246
99,94,0.4168839156627655
99,95,0.2557567059993744
99,96,0.05953305959701538
99,97,0.5892612934112549
99,98,0.6066730618476868
99,99,0.5
99,100,0.6309771537780762
99,101,0.26392534375190735
99,102,0.5856204032897949
99,103,0.5993590950965881
99,104,0.6047701835632324
99,105,0.22398141026496887
99,106,0.2882739305496216
99,107,0.5879638195037842
99,108,0.5999315977096558
99,109,0.5823442935943604
99,110,0.05592671409249306
99,111,0.9098546504974365
99,112,0.5737545490264893
99,113,0.5214956998825073
99,114,0.5915411114692688
99,115,0.08169952034950256
99,116,0.07826827466487885
99,117,0.580687940120697
99,118,0.5652700066566467
99,119,0.9184045791625977
99,120,0.575329065322876
99,121,0.3941393494606018
99,122,0.5914327502250671
99,123,0.5821461081504822
99,124,0.5669229030609131
99,125,0.5970862507820129
99,126,0.1783514767885208
99,127,0.5928235650062561
99,128,0.4736688435077667
99,129,0.5978654026985168
99,130,0.22277583181858063
99,131,0.11314965784549713
99,132,0.9195522665977478
99,133,0.41296088695526123
99,134,0.6090936660766602
100,1,0.057631298899650574
100,2,0.4428768754005432
100,3,0.891599714756012
100,4,0.05801279842853546
100,5,0.0569162592291832
100,6,0.0933641567826271
100,7,0.4096652567386627
100,8,0.04955537989735603
100,9,0.455952525138855
100,10,0.4662250280380249
100,11,0.471843421459198
100,12,0.4537447988986969
100,13,0.4255897104740143
100,14,0.43951845169067383
100,15,0.45247209072113037
100,16,0.0732433944940567
100,17,0.48392054438591003
100,18,0.3190893530845642
100,19,0.15558300912380219
100,20,0.4672165513038635
100,21,0.12294937670230865
100,22,0.4701046645641327
100,23,0.8536220788955688
100,24,0.0525025874376297
100,25,0.07020691782236099
100,26,0.5458292365074158
100,27,0.4646538496017456
100,28,0.04742587357759476
100,29,0.46260586380958557
100,30,0.050367146730422974
100,31,0.054511815309524536
100,32,0.4656553566455841
100,33,0.4710593521595001
100,34,0.4650094211101532
100,35,0.4383275806903839
100,36,0.5117818117141724
100,37,0.459932416677475
100,38,0.44659659266471863
100,39,0.37742266058921814
100,40,0.057379063218832016
100,41,0.48027119040489197
100,42,0.8003391027450562
100,43,0.11103828251361847
100,44,0.8689063787460327
100,45,0.10909538716077805
100,46,0.44523969292640686
100,47,0.6638644337654114
100,48,0.4597175717353821
100,49,0.4602408707141876
100,50,0.45705220103263855
100,51,0.09259791672229767
100,52,0.4640076756477356
100,53,0.4527041018009186
100,54,0.4664974808692932
100,55,0.45993655920028687
100,56,0.45571595430374146
100,57,0.4529329538345337
100,58,0.4595385491847992
100,59,0.4649704396724701
100,60,0.5219460725784302
100,61,0.467185378074646
100,62,0.46321067214012146
100,63,0.46550053358078003
100,64,0.4869633615016937
100,65,0.4518316984176636
100,66,0.4574790298938751
100,67,0.4582330286502838
100,68,0.056127771735191345
100,69,0.051293786615133286
100,70,0.1177576333284378
100,71,0.43219029903411865
100,72,0.17131870985031128
100,73,0.1392664760351181
100,74,0.46778881549835205
100,75,0.44744592905044556
100,76,0.3437826633453369
100,77,0.4980219006538391
100,78,0.4959254562854767
100,79,0.11191239953041077
100,80,0.04945133998990059
100,81,0.46437570452690125
100,82,0.4176715016365051
100,83,0.19258403778076172
100,84,0.46726080775260925
100,85,0.4595973789691925
100,86,0.4671975076198578
100,87,0.45179569721221924
100,88,0.4621429443359375
100,89,0.04836869612336159
100,90,0.4692174792289734
100,91,0.8631900548934937
100,92,0.14719249308109283
100,93,0.44996377825737
100,94,0.2852717936038971
100,95,0.1868622899055481
100,96,0.0573950931429863
100,97,0.45494288206100464
100,98,0.4704805612564087
100,99,0.37270212173461914
100,100,0.5
100,101,0.18912644684314728
100,102,0.45187312364578247
100,103,0.4635482430458069
100,104,0.46542635560035706
100,105,0.1739574670791626
100,106,0.2058875858783722
100,107,0.44965705275535583
100,108,0.4613904356956482
100,109,0.44468826055526733
100,110,0.05881419777870178
100,111,0.8470618724822998
100,112,0.41390007734298706
100,113,0.4189218580722809
100,114,0.46538209915161133
100,115,0.06427247822284698
100,116,0.07470051944255829
100,117,0.4571273624897003
100,118,0.43398940563201904
100,119,0.8691388368606567
100,120,0.439833402633667
100,121,0.2905914783477783
100,122,0.46322038769721985
100,123,0.4454617202281952
100,124,0.4289743900299072
100,125,0.46115678548812866
100,126,0.13539080321788788
100,127,0.45569926500320435
100,128,0.3396633565425873
100,129,0.4655129611492157
100,130,0.1618836671113968
100,131,0.18212614953517914
100,132,0.8640530705451965
100,133,0.2938906252384186
100,134,0.4680430293083191
101,1,0.16720663011074066
101,2,0.7582048177719116
101,3,0.627501368522644
101,4,0.11483919620513916
101,5,0.13287939131259918
101,6,0.26130497455596924
101,7,0.7301868200302124
101,8,0.09960644692182541
101,9,0.7942003607749939
101,10,0.8026491403579712
101,11,0.7895399928092957
101,12,0.7904919385910034
101,13,0.7566521167755127
101,14,0.7818345427513123
101,15,0.7751067280769348
101,16,0.13137100636959076
101,17,0.8151270151138306
101,18,0.6446185111999512
101,19,0.4199744462966919
101,20,0.7800247073173523
101,21,0.3941674828529358
101,22,0.7774232029914856
101,23,0.9320326447486877
101,24,0.11727925390005112
101,25,0.11519412696361542
101,26,0.8324326872825623
101,27,0.8029559850692749
101,28,0.11557174474000931
101,29,0.7932394742965698
101,30,0.11079070717096329
101,31,0.10213597118854523
101,32,0.7946409583091736
101,33,0.8039232492446899
101,34,0.7979743480682373
101,35,0.7680083513259888
101,36,0.8103569746017456
101,37,0.7924529314041138
101,38,0.787109911441803
101,39,0.7240416407585144
101,40,0.12486603111028671
101,41,0.8114399909973145
101,42,0.9280372858047485
101,43,0.30791613459587097
101,44,0.9437344074249268
101,45,0.3215144872665405
101,46,0.7721742987632751
101,47,0.8877936601638794
101,48,0.7990207672119141
101,49,0.7945806980133057
101,50,0.7854955196380615
101,51,0.1431935429573059
101,52,0.7929675579071045
101,53,0.7916914224624634
101,54,0.7773329019546509
101,55,0.7932126522064209
101,56,0.7814221978187561
101,57,0.7912132740020752
101,58,0.7979186177253723
101,59,0.8027266263961792
101,60,0.8165152072906494
101,61,0.7985977530479431
101,62,0.797614336013794
101,63,0.8006495833396912
101,64,0.8164255619049072
101,65,0.7889897227287292
101,66,0.7678070068359375
101,67,0.7470849752426147
101,68,0.12072789669036865
101,69,0.10475856810808182
101,70,0.2794054448604584
101,71,0.7798153758049011
101,72,0.41390302777290344
101,73,0.397302508354187
101,74,0.7763345837593079
101,75,0.7850667834281921
101,76,0.6362465620040894
101,77,0.8180964589118958
101,78,0.8207843899726868
101,79,0.33942869305610657
101,80,0.1105792373418808
101,81,0.7949938178062439
101,82,0.759154736995697
101,83,0.3204163908958435
101,84,0.8017066717147827
101,85,0.798903226852417
101,86,0.8015425801277161
101,87,0.7642754912376404
101,88,0.7992205619812012
101,89,0.0974983274936676
101,90,0.802312433719635
101,91,0.9131601452827454
101,92,0.4032451808452606
101,93,0.7148935794830322
101,94,0.5115662217140198
101,95,0.40916916728019714
101,96,0.1318238228559494
101,97,0.7759186029434204
101,98,0.7780567407608032
101,99,0.7263107299804688
101,100,0.8064553141593933
101,101,0.5
101,102,0.7903488874435425
101,103,0.7658185362815857
101,104,0.7740501761436462
101,105,0.4453497529029846
101,106,0.4185838997364044
101,107,0.7894655466079712
101,108,0.7510899901390076
101,109,0.7639619708061218
101,110,0.12224964052438736
101,111,0.9293001294136047
101,112,0.7646889090538025
101,113,0.7385348677635193
101,114,0.8018384575843811
101,115,0.14830215275287628
101,116,0.12960800528526306
101,117,0.7789439558982849
101,118,0.7641230821609497
101,119,0.9457339644432068
101,120,0.7752058506011963
101,121,0.6411450505256653
101,122,0.7990250587463379
101,123,0.7731166481971741
101,124,0.7613425850868225
101,125,0.7779606580734253
101,126,0.38724246621131897
101,127,0.7893292903900146
101,128,0.6377816200256348
101,129,0.7880817651748657
101,130,0.419452041387558
101,131,0.04742587357759476
101,132,0.9479947090148926
101,133,0.5869366526603699
101,134,0.7905282974243164
102,1,0.06169060245156288
102,2,0.4915511906147003
102,3,0.8481084704399109
102,4,0.055692847818136215
102,5,0.06536545604467392
102,6,0.09939741343259811
102,7,0.4486545920372009
102,8,0.04772397503256798
102,9,0.5049246549606323
102,10,0.5128530859947205
102,11,0.5174872279167175
102,12,0.5027830004692078
102,13,0.4789208471775055
102,14,0.4894278347492218
102,15,0.5030487775802612
102,16,0.06824969500303268
102,17,0.528572142124176
102,18,0.37750208377838135
102,19,0.18421290814876556
102,20,0.5159193873405457
102,21,0.16484953463077545
102,22,0.494507759809494
102,23,0.8742108345031738
102,24,0.05012647062540054
102,25,0.06650844216346741
102,26,0.5843998193740845
102,27,0.5129560828208923
102,28,0.051364555954933167
102,29,0.5110346078872681
102,30,0.04778451472520828
102,31,0.053799886256456375
102,32,0.513913631439209
102,33,0.5169811844825745
102,34,0.5119779109954834
102,35,0.4884641170501709
102,36,0.5558900833129883
102,37,0.5079686641693115
102,38,0.4946509897708893
102,39,0.4272371828556061
102,40,0.053624704480171204
102,41,0.5270612835884094
102,42,0.8066536784172058
102,43,0.12389222532510757
102,44,0.8703616857528687
102,45,0.129940465092659
102,46,0.4956052303314209
102,47,0.6884450316429138
102,48,0.5079533457756042
102,49,0.5090301036834717
102,50,0.5041335225105286
102,51,0.09062836319208145
102,52,0.5125231742858887
102,53,0.4993578791618347
102,54,0.5121240019798279
102,55,0.5084543228149414
102,56,0.5039882063865662
102,57,0.4998995363712311
102,58,0.5083589553833008
102,59,0.5134912729263306
102,60,0.5642262101173401
102,61,0.5122087001800537
102,62,0.5093321204185486
102,63,0.5147185921669006
102,64,0.5321460962295532
102,65,0.5002533197402954
102,66,0.5083569288253784
102,67,0.5075782537460327
102,68,0.052624717354774475
102,69,0.047510214149951935
102,70,0.12502142786979675
102,71,0.48358023166656494
102,72,0.19836238026618958
102,73,0.18345999717712402
102,74,0.5130717158317566
102,75,0.4963742792606354
102,76,0.4250217378139496
102,77,0.5430101156234741
102,78,0.541134238243103
102,79,0.13759131729602814
102,80,0.04742587357759476
102,81,0.5133446455001831
102,82,0.46627047657966614
102,83,0.22413717210292816
102,84,0.5128345489501953
102,85,0.5070790648460388
102,86,0.5151136517524719
102,87,0.5016629099845886
102,88,0.5099684596061707
102,89,0.04779273644089699
102,90,0.5160209536552429
102,91,0.8640899062156677
102,92,0.17177708446979523
102,93,0.4707895815372467
102,94,0.29390281438827515
102,95,0.21564343571662903
102,96,0.060561858117580414
102,97,0.5067572593688965
102,98,0.5188342332839966
102,99,0.4252127707004547
102,100,0.5432342290878296
102,101,0.22877424955368042
102,102,0.5
102,103,0.5115322470664978
102,104,0.514864444732666
102,105,0.19441373646259308
102,106,0.21893072128295898
102,107,0.5019184350967407
102,108,0.5085310339927673
102,109,0.4986118674278259
102,110,0.056515973061323166
102,111,0.849968433380127
102,112,0.47155919671058655
102,113,0.4384601414203644
102,114,0.5144046545028687
102,115,0.06689832359552383
102,116,0.06872469931840897
102,117,0.5040405988693237
102,118,0.48509761691093445
102,119,0.8832623958587646
102,120,0.4906945526599884
102,121,0.33293917775154114
102,122,0.5073909163475037
102,123,0.49621641635894775
102,124,0.4839847683906555
102,125,0.5108532905578613
102,126,0.18175607919692993
102,127,0.5059084892272949
102,128,0.40057098865509033
102,129,0.5129849314689636
102,130,0.19436733424663544
102,131,0.17794513702392578
102,132,0.8637984991073608
102,133,0.3451586663722992
102,134,0.5131940245628357
103,1,0.07187928259372711
103,2,0.48223981261253357
103,3,0.8644622564315796
103,4,0.0676167905330658
103,5,0.0650014579296112
103,6,0.09488608688116074
103,7,0.4308743476867676
103,8,0.05553429573774338
103,9,0.49297502636909485
103,10,0.501247227191925
103,11,0.5133227109909058
103,12,0.500765323638916
103,13,0.4593943655490875
103,14,0.4800851345062256
103,15,0.488643079996109
103,16,0.06107913330197334
103,17,0.5195838212966919
103,18,0.3003082275390625
103,19,0.1891699731349945
103,20,0.5033620595932007
103,21,0.15357783436775208
103,22,0.5136095881462097
103,23,0.9038573503494263
103,24,0.05633602291345596
103,25,0.08408628404140472
103,26,0.587491512298584
103,27,0.5037714242935181
103,28,0.05141542851924896
103,29,0.49689340591430664
103,30,0.0563330352306366
103,31,0.048562102019786835
103,32,0.5007240176200867
103,33,0.5135478377342224
103,34,0.5029811859130859
103,35,0.5158975720405579
103,36,0.5536560416221619
103,37,0.4955224394798279
103,38,0.4816640317440033
103,39,0.41056346893310547
103,40,0.05678398907184601
103,41,0.5177546143531799
103,42,0.8370356559753418
103,43,0.11868778616189957
103,44,0.9008831977844238
103,45,0.12160447239875793
103,46,0.4829830527305603
103,47,0.7092463374137878
103,48,0.495614230632782
103,49,0.49915146827697754
103,50,0.4908234775066376
103,51,0.11955239623785019
103,52,0.49877306818962097
103,53,0.4841950833797455
103,54,0.5042105317115784
103,55,0.49512815475463867
103,56,0.49092257022857666
103,57,0.483772873878479
103,58,0.49379754066467285
103,59,0.501209020614624
103,60,0.560627281665802
103,61,0.5037229657173157
103,62,0.4956834614276886
103,63,0.5024416446685791
103,64,0.5242044925689697
103,65,0.49023139476776123
103,66,0.49794816970825195
103,67,0.4957265853881836
103,68,0.05942850187420845
103,69,0.04742587357759476
103,70,0.11993184685707092
103,71,0.467389315366745
103,72,0.20571854710578918
103,73,0.1730080246925354
103,74,0.4994097650051117
103,75,0.48367902636528015
103,76,0.3629853427410126
103,77,0.5364910960197449
103,78,0.5346410274505615
103,79,0.124479740858078
103,80,0.05507861450314522
103,81,0.5006765127182007
103,82,0.4479927122592926
103,83,0.26132500171661377
103,84,0.5064188838005066
103,85,0.4956025183200836
103,86,0.5044394135475159
103,87,0.49242711067199707
103,88,0.49994921684265137
103,89,0.05544879660010338
103,90,0.5095426440238953
103,91,0.8517975807189941
103,92,0.17447327077388763
103,93,0.4634333550930023
103,94,0.3649323582649231
103,95,0.22776824235916138
103,96,0.06517539173364639
103,97,0.4924882650375366
103,98,0.5119514465332031
103,99,0.3966217637062073
103,100,0.5391085147857666
103,101,0.2146720141172409
103,102,0.48621612787246704
103,103,0.5
103,104,0.5079811811447144
103,105,0.20229876041412354
103,106,0.2634328305721283
103,107,0.4869876205921173
103,108,0.49377697706222534
103,109,0.47904857993125916
103,110,0.05786341801285744
103,111,0.8814140558242798
103,112,0.4684949517250061
103,113,0.4131168723106384
103,114,0.4989025294780731
103,115,0.07620538771152496
103,116,0.0815408006310463
103,117,0.4894275963306427
103,118,0.474729984998703
103,119,0.9153145551681519
103,120,0.4740017354488373
103,121,0.3218383491039276
103,122,0.5005437135696411
103,123,0.4840487837791443
103,124,0.4727678894996643
103,125,0.4949805736541748
103,126,0.15726348757743835
103,127,0.492096871137619
103,128,0.4160754680633545
103,129,0.5020676851272583
103,130,0.19476482272148132
103,131,0.14674049615859985
103,132,0.894938051700592
103,133,0.3171764314174652
103,134,0.5041337609291077
104,1,0.08101731538772583
104,2,0.46758031845092773
104,3,0.8771520853042603
104,4,0.057765379548072815
104,5,0.06805785745382309
104,6,0.13601456582546234
104,7,0.4250836670398712
104,8,0.04742587357759476
104,9,0.48900437355041504
104,10,0.4979175329208374
104,11,0.503308117389679
104,12,0.4877263307571411
104,13,0.45951610803604126
104,14,0.47161221504211426
104,15,0.4863254427909851
104,16,0.07034950703382492
104,17,0.516085147857666
104,18,0.31012600660324097
104,19,0.1807083934545517
104,20,0.4977317750453949
104,21,0.14804863929748535
104,22,0.48105624318122864
104,23,0.885949432849884
104,24,0.053617626428604126
104,25,0.058260008692741394
104,26,0.5796265602111816
104,27,0.49736499786376953
104,28,0.05935511365532875
104,29,0.4951797127723694
104,30,0.056042030453681946
104,31,0.04923161864280701
104,32,0.4971558451652527
104,33,0.5025575160980225
104,34,0.49709928035736084
104,35,0.47792062163352966
104,36,0.5471174716949463
104,37,0.49395862221717834
104,38,0.48073673248291016
104,39,0.38923314213752747
104,40,0.06479867547750473
104,41,0.5142770409584045
104,42,0.8225536942481995
104,43,0.13428747653961182
104,44,0.8861719965934753
104,45,0.1355588585138321
104,46,0.4803268611431122
104,47,0.6960623860359192
104,48,0.49381643533706665
104,49,0.49049806594848633
104,50,0.4884437322616577
104,51,0.0834815576672554
104,52,0.49598580598831177
104,53,0.48489031195640564
104,54,0.4992528557777405
104,55,0.4924606382846832
104,56,0.4881857931613922
104,57,0.4807915687561035
104,58,0.49216973781585693
104,59,0.4978988766670227
104,60,0.5529817938804626
104,61,0.4989701211452484
104,62,0.4950695037841797
104,63,0.4979815185070038
104,64,0.5201734900474548
104,65,0.48461443185806274
104,66,0.48694661259651184
104,67,0.4865449368953705
104,68,0.054371971637010574
104,69,0.05640486255288124
104,70,0.14424969255924225
104,71,0.46665650606155396
104,72,0.2318115532398224
104,73,0.14896543323993683
104,74,0.48898470401763916
104,75,0.4808318018913269
104,76,0.3292401432991028
104,77,0.5323426723480225
104,78,0.5289002656936646
104,79,0.1297333687543869
104,80,0.050378650426864624
104,81,0.4970189929008484
104,82,0.44357287883758545
104,83,0.1833788901567459
104,84,0.49649131298065186
104,85,0.49061524868011475
104,86,0.5006274580955505
104,87,0.48157352209091187
104,88,0.49622827768325806
104,89,0.050978049635887146
104,90,0.5015186667442322
104,91,0.8605021834373474
104,92,0.16928090155124664
104,93,0.44531014561653137
104,94,0.25707054138183594
104,95,0.21882779896259308
104,96,0.0633922591805458
104,97,0.49052858352661133
104,98,0.49812623858451843
104,99,0.3960976004600525
104,100,0.5353145003318787
104,101,0.21704642474651337
104,102,0.48308897018432617
104,103,0.4924030601978302
104,104,0.5
104,105,0.23953744769096375
104,106,0.17745709419250488
104,107,0.48328495025634766
104,108,0.48960259556770325
104,109,0.47618648409843445
104,110,0.06358760595321655
104,111,0.8654977083206177
104,112,0.4558325409889221
104,113,0.4543401598930359
104,114,0.49570372700691223
104,115,0.0663812905550003
104,116,0.07002604007720947
104,117,0.4837205410003662
104,118,0.47000396251678467
104,119,0.8951768279075623
104,120,0.47204267978668213
104,121,0.31969237327575684
104,122,0.490313321352005
104,123,0.4814756512641907
104,124,0.46688777208328247
104,125,0.49685996770858765
104,126,0.20619666576385498
104,127,0.4905658960342407
104,128,0.3778694272041321
104,129,0.49641138315200806
104,130,0.20520438253879547
104,131,0.15980224311351776
104,132,0.8818607926368713
104,133,0.3414464294910431
104,134,0.49924173951148987
105,1,0.23312529921531677
105,2,0.7744000554084778
105,3,0.5682845711708069
105,4,0.17842712998390198
105,5,0.19137826561927795
105,6,0.28231683373451233
105,7,0.7521196007728577
105,8,0.17953874170780182
105,9,0.8059095144271851
105,10,0.804685115814209
105,11,0.7984562516212463
105,12,0.8108152151107788
105,13,0.7686285972595215
105,14,0.8047265410423279
105,15,0.7572360634803772
105,16,0.20920832455158234
105,17,0.8318136930465698
105,18,0.6888037919998169
105,19,0.44797468185424805
105,20,0.795451283454895
105,21,0.4534631669521332
105,22,0.7635152339935303
105,23,0.9123214483261108
105,24,0.1717650145292282
105,25,0.1818860024213791
105,26,0.8173713684082031
105,27,0.8223679661750793
105,28,0.19058308005332947
105,29,0.8092444539070129
105,30,0.17776091396808624
105,31,0.1744021773338318
105,32,0.7825694680213928
105,33,0.8237912058830261
105,34,0.8144855499267578
105,35,0.7891901135444641
105,36,0.7743713855743408
105,37,0.7631458640098572
105,38,0.7873448133468628
105,39,0.7523861527442932
105,40,0.18136867880821228
105,41,0.8101544380187988
105,42,0.9192835688591003
105,43,0.3737196922302246
105,44,0.9289407134056091
105,45,0.37828999757766724
105,46,0.7804667353630066
105,47,0.853998064994812
105,48,0.8150613307952881
105,49,0.7682346701622009
105,50,0.7834557294845581
105,51,0.22697848081588745
105,52,0.8065295815467834
105,53,0.8076889514923096
105,54,0.7718321681022644
105,55,0.8092807531356812
105,56,0.7935658097267151
105,57,0.8088222742080688
105,58,0.7975212931632996
105,59,0.8215732574462891
105,60,0.809066891670227
105,61,0.819563627243042
105,62,0.8176418542861938
105,63,0.8006256222724915
105,64,0.8343355059623718
105,65,0.8134534955024719
105,66,0.792876660823822
105,67,0.7360925674438477
105,68,0.1734250783920288
105,69,0.18807560205459595
105,70,0.3423948884010315
105,71,0.8016054034233093
105,72,0.46626588702201843
105,73,0.48058879375457764
105,74,0.7713781595230103
105,75,0.787533164024353
105,76,0.6617305874824524
105,77,0.8315643072128296
105,78,0.8370439410209656
105,79,0.39885270595550537
105,80,0.17439308762550354
105,81,0.8087879419326782
105,82,0.7820690274238586
105,83,0.3852027952671051
105,84,0.8214629292488098
105,85,0.8193640112876892
105,86,0.8017590641975403
105,87,0.784332275390625
105,88,0.8175357580184937
105,89,0.17001628875732422
105,90,0.8103978633880615
105,91,0.86211097240448
105,92,0.464733749628067
105,93,0.7158880233764648
105,94,0.5872163772583008
105,95,0.4361564815044403
105,96,0.2070089727640152
105,97,0.7869869470596313
105,98,0.7769476771354675
105,99,0.7507320642471313
105,100,0.8059753179550171
105,101,0.550983726978302
105,102,0.8096047043800354
105,103,0.7629036903381348
105,104,0.7376513481140137
105,105,0.5
105,106,0.5052169561386108
105,107,0.7884771823883057
105,108,0.755883514881134
105,109,0.7826747894287109
105,110,0.1803119033575058
105,111,0.9077932834625244
105,112,0.7827335596084595
105,113,0.7370824217796326
105,114,0.8190786838531494
105,115,0.23489785194396973
105,116,0.1898898333311081
105,117,0.7854130268096924
105,118,0.7738558053970337
105,119,0.9111484885215759
105,120,0.7906505465507507
105,121,0.6761907935142517
105,122,0.8179656863212585
105,123,0.7818506956100464
105,124,0.7721766829490662
105,125,0.765116274356842
105,126,0.4463621973991394
105,127,0.7867141366004944
105,128,0.653182327747345
105,129,0.7988488674163818
105,130,0.4576430320739746
105,131,0.04742587357759476
105,132,0.9262271523475647
105,133,0.6111432313919067
105,134,0.8042282462120056
106,1,0.17745548486709595
106,2,0.8466809988021851
106,3,0.5395448207855225
106,4,0.16884875297546387
106,5,0.17637485265731812
106,6,0.20817570388317108
106,7,0.7776972651481628
106,8,0.1617976278066635
106,9,0.8626486659049988
106,10,0.8795793652534485
106,11,0.8116828799247742
106,12,0.7568367123603821
106,13,0.8381462097167969
106,14,0.7494173049926758
106,15,0.8649030327796936
106,16,0.187835693359375
106,17,0.8924598693847656
106,18,0.6903897523880005
106,19,0.5548641681671143
106,20,0.8808967471122742
106,21,0.48746171593666077
106,22,0.721831202507019
106,23,0.9525741338729858
106,24,0.12503449618816376
106,25,0.18538415431976318
106,26,0.8724740743637085
106,27,0.8613965511322021
106,28,0.11443820595741272
106,29,0.8695399761199951
106,30,0.15071754157543182
106,31,0.11514750123023987
106,32,0.8097391724586487
106,33,0.7904874086380005
106,34,0.8207083940505981
106,35,0.8112722635269165
106,36,0.8966453075408936
106,37,0.8469300866127014
106,38,0.8202468752861023
106,39,0.8009639978408813
106,40,0.12198670208454132
106,41,0.8887789845466614
106,42,0.9413160681724548
106,43,0.4247170090675354
106,44,0.9512996673583984
106,45,0.4206016957759857
106,46,0.8725019693374634
106,47,0.9028119444847107
106,48,0.8749438524246216
106,49,0.7917011380195618
106,50,0.8255559206008911
106,51,0.3620511591434479
106,52,0.8357120156288147
106,53,0.7557061314582825
106,54,0.8444586992263794
106,55,0.7886388301849365
106,56,0.8229981064796448
106,57,0.7566864490509033
106,58,0.8707088828086853
106,59,0.8531131744384766
106,60,0.866229772567749
106,61,0.8678348660469055
106,62,0.7620541453361511
106,63,0.8472471833229065
106,64,0.8578950762748718
106,65,0.8556012511253357
106,66,0.8666176795959473
106,67,0.733288586139679
106,68,0.12220834940671921
106,69,0.1378454566001892
106,70,0.4332064986228943
106,71,0.8393534421920776
106,72,0.5345481038093567
106,73,0.4856790602207184
106,74,0.8090350031852722
106,75,0.8005352020263672
106,76,0.6881332397460938
106,77,0.8689260482788086
106,78,0.8634810447692871
106,79,0.45484745502471924
106,80,0.13839475810527802
106,81,0.7897553443908691
106,82,0.8401679396629333
106,83,0.5949658751487732
106,84,0.7581678032875061
106,85,0.8408800959587097
106,86,0.8775903582572937
106,87,0.8376377820968628
106,88,0.8515303134918213
106,89,0.13482609391212463
106,90,0.811364471912384
106,91,0.94279944896698
106,92,0.499737411737442
106,93,0.7749150991439819
106,94,0.6744444966316223
106,95,0.5552483797073364
106,96,0.16827622056007385
106,97,0.8568239212036133
106,98,0.821122407913208
106,99,0.7646204233169556
106,100,0.8597284555435181
106,101,0.6106765866279602
106,102,0.8702031970024109
106,103,0.7836073637008667
106,104,0.8825201988220215
106,105,0.4923352599143982
106,106,0.5
106,107,0.8703796863555908
106,108,0.8799459934234619
106,109,0.8331078290939331
106,110,0.11874163150787354
106,111,0.9372671842575073
106,112,0.8482322096824646
106,113,0.7861121296882629
106,114,0.7521044015884399
106,115,0.16133937239646912
106,116,0.22187158465385437
106,117,0.6827867031097412
106,118,0.8340318202972412
106,119,0.8670352101325989
106,120,0.7994435429573059
106,121,0.707140326499939
106,122,0.7629711031913757
106,123,0.8390378952026367
106,124,0.8238272070884705
106,125,0.8369795083999634
106,126,0.4964635670185089
106,127,0.8582011461257935
106,128,0.7625038027763367
106,129,0.8345217704772949
106,130,0.5738022327423096
106,131,0.12586142122745514
106,132,0.9178949594497681
106,133,0.7456908822059631
106,134,0.8811230063438416
107,1,0.05952610448002815
107,2,0.4804234206676483
107,3,0.8645222187042236
107,4,0.06021310016512871
107,5,0.06505384296178818
107,6,0.10371340066194534
107,7,0.4443320035934448
107,8,0.04750294238328934
107,9,0.5071660280227661
107,10,0.5136955976486206
107,11,0.5162580013275146
107,12,0.5005273818969727
107,13,0.476865291595459
107,14,0.4873906970024109
107,15,0.5032763481140137
107,16,0.08412646502256393
107,17,0.5300161242485046
107,18,0.3725768029689789
107,19,0.16643154621124268
107,20,0.516180694103241
107,21,0.15900950133800507
107,22,0.48618432879447937
107,23,0.8889777064323425
107,24,0.05291484296321869
107,25,0.06645890325307846
107,26,0.5904154181480408
107,27,0.5135937929153442
107,28,0.05581294000148773
107,29,0.5093042254447937
107,30,0.05565323680639267
107,31,0.047425881028175354
107,32,0.5156014561653137
107,33,0.5172544717788696
107,34,0.5154541730880737
107,35,0.4805842638015747
107,36,0.5614338517189026
107,37,0.5109002590179443
107,38,0.49673956632614136
107,39,0.4220992624759674
107,40,0.06702115386724472
107,41,0.5304545760154724
107,42,0.8233290314674377
107,43,0.12673771381378174
107,44,0.8853117823600769
107,45,0.11263207346200943
107,46,0.4950695037841797
107,47,0.7014626264572144
107,48,0.5099401473999023
107,49,0.5103396773338318
107,50,0.5053917169570923
107,51,0.10373034328222275
107,52,0.5132545828819275
107,53,0.49865052103996277
107,54,0.5121845006942749
107,55,0.5085723996162415
107,56,0.5025873780250549
107,57,0.4969562888145447
107,58,0.5071230530738831
107,59,0.5152139663696289
107,60,0.5669248104095459
107,61,0.5135934352874756
107,62,0.5100911259651184
107,63,0.5150581002235413
107,64,0.5343599915504456
107,65,0.498445600271225
107,66,0.5081059336662292
107,67,0.5070832371711731
107,68,0.05516465753316879
107,69,0.061113450676202774
107,70,0.11959920823574066
107,71,0.4819541573524475
107,72,0.2067025899887085
107,73,0.1693442463874817
107,74,0.5110554099082947
107,75,0.4960571527481079
107,76,0.3807057738304138
107,77,0.5460849404335022
107,78,0.5434271693229675
107,79,0.12010860443115234
107,80,0.050557494163513184
107,81,0.5119028687477112
107,82,0.4623698592185974
107,83,0.24532808363437653
107,84,0.5138410925865173
107,85,0.5077488422393799
107,86,0.5163707137107849
107,87,0.5003858804702759
107,88,0.5100063681602478
107,89,0.052153877913951874
107,90,0.5143541097640991
107,91,0.8791130781173706
107,92,0.15839681029319763
107,93,0.4716470539569855
107,94,0.3198387920856476
107,95,0.20372232794761658
107,96,0.05950541794300079
107,97,0.5060635209083557
107,98,0.5164055824279785
107,99,0.4167815148830414
107,100,0.5490236878395081
107,101,0.21205295622348785
107,102,0.49791955947875977
107,103,0.5118058323860168
107,104,0.5159322023391724
107,105,0.1975938230752945
107,106,0.20093455910682678
107,107,0.5
107,108,0.5066318511962891
107,109,0.49259886145591736
107,110,0.06466535478830338
107,111,0.8672592043876648
107,112,0.4678908884525299
107,113,0.431807279586792
107,114,0.5136222839355469
107,115,0.06610485166311264
107,116,0.07565321773290634
107,117,0.5024915337562561
107,118,0.4830951988697052
107,119,0.9000644683837891
107,120,0.4881727397441864
107,121,0.3229784071445465
107,122,0.5088843107223511
107,123,0.4959762394428253
107,124,0.48381444811820984
107,125,0.5111506581306458
107,126,0.1680700033903122
107,127,0.5063356161117554
107,128,0.39436525106430054
107,129,0.5137963891029358
107,130,0.19452795386314392
107,131,0.16293862462043762
107,132,0.8798818588256836
107,133,0.32484906911849976
107,134,0.5178812742233276
108,1,0.06155797094106674
108,2,0.48144781589508057
108,3,0.8441743850708008
108,4,0.06096946448087692
108,5,0.06555502116680145
108,6,0.08521206676959991
108,7,0.43297892808914185
108,8,0.0567508228123188
108,9,0.49576401710510254
108,10,0.5051051378250122
108,11,0.5097934007644653
108,12,0.5034520626068115
108,13,0.4639400541782379
108,14,0.49923476576805115
108,15,0.49256229400634766
108,16,0.0820690467953682
108,17,0.5220710635185242
108,18,0.33505284786224365
108,19,0.1966811716556549
108,20,0.5107182264328003
108,21,0.1770894080400467
108,22,0.41750892996788025
108,23,0.9086896777153015
108,24,0.04742586612701416
108,25,0.06968662142753601
108,26,0.5885939002037048
108,27,0.5028417706489563
108,28,0.055236659944057465
108,29,0.4996650218963623
108,30,0.05226651206612587
108,31,0.0538797564804554
108,32,0.507058322429657
108,33,0.5095876455307007
108,34,0.5043171644210815
108,35,0.46404242515563965
108,36,0.5591091513633728
108,37,0.5003215670585632
108,38,0.49541255831718445
108,39,0.40639910101890564
108,40,0.05351670831441879
108,41,0.5220776796340942
108,42,0.841823935508728
108,43,0.13495635986328125
108,44,0.9041710495948792
108,45,0.17248357832431793
108,46,0.5118836164474487
108,47,0.7117734551429749
108,48,0.4997169077396393
108,49,0.49983060359954834
108,50,0.49215760827064514
108,51,0.10961908102035522
108,52,0.5022366642951965
108,53,0.4802321195602417
108,54,0.5057143568992615
108,55,0.5009298324584961
108,56,0.4899270832538605
108,57,0.47623682022094727
108,58,0.4971003532409668
108,59,0.5062527656555176
108,60,0.5629855394363403
108,61,0.5098730325698853
108,62,0.49962157011032104
108,63,0.506436824798584
108,64,0.5265792012214661
108,65,0.4874793589115143
108,66,0.49654409289360046
108,67,0.4898984134197235
108,68,0.05267319828271866
108,69,0.057239554822444916
108,70,0.15179559588432312
108,71,0.48034319281578064
108,72,0.2272455394268036
108,73,0.1797419935464859
108,74,0.49488911032676697
108,75,0.489035964012146
108,76,0.38039442896842957
108,77,0.5385863184928894
108,78,0.5353572368621826
108,79,0.16794045269489288
108,80,0.050364408642053604
108,81,0.5000638365745544
108,82,0.4496717154979706
108,83,0.2747417688369751
108,84,0.5017602443695068
108,85,0.4955632984638214
108,86,0.5059998035430908
108,87,0.4994485378265381
108,88,0.5005472302436829
108,89,0.054496780037879944
108,90,0.5069893002510071
108,91,0.8966601490974426
108,92,0.16871944069862366
108,93,0.45327043533325195
108,94,0.2828395366668701
108,95,0.27593663334846497
108,96,0.061009712517261505
108,97,0.5000377297401428
108,98,0.5075368881225586
108,99,0.39488685131073
108,100,0.5418882966041565
108,101,0.2274738848209381
108,102,0.4896877706050873
108,103,0.5062933564186096
108,104,0.5110466480255127
108,105,0.20720110833644867
108,106,0.16664502024650574
108,107,0.4926075339317322
108,108,0.5
108,109,0.4808589220046997
108,110,0.05674852803349495
108,111,0.8854528665542603
108,112,0.45385149121284485
108,113,0.47705012559890747
108,114,0.5008725523948669
108,115,0.08520394563674927
108,116,0.07944325357675552
108,117,0.4882584810256958
108,118,0.5181859135627747
108,119,0.9028099775314331
108,120,0.47395065426826477
108,121,0.3550112843513489
108,122,0.4930861294269562
108,123,0.5109078884124756
108,124,0.4895332157611847
108,125,0.5039856433868408
108,126,0.18958155810832977
108,127,0.49848124384880066
108,128,0.43968334794044495
108,129,0.5031225085258484
108,130,0.20545385777950287
108,131,0.1435597836971283
108,132,0.8979974389076233
108,133,0.4179360270500183
108,134,0.5097677111625671
109,1,0.0663270652294159
109,2,0.48936277627944946
109,3,0.8538975715637207
109,4,0.07411600649356842
109,5,0.06711764633655548
109,6,0.09436380863189697
109,7,0.44316422939300537
109,8,0.061730265617370605
109,9,0.5108197331428528
109,10,0.5183150768280029
109,11,0.523899257183075
109,12,0.5083844065666199
109,13,0.4799366891384125
109,14,0.49182358384132385
109,15,0.508399248123169
109,16,0.07605457305908203
109,17,0.5355841517448425
109,18,0.36568352580070496
109,19,0.17746803164482117
109,20,0.5210297107696533
109,21,0.14686191082000732
109,22,0.5264569520950317
109,23,0.9043089151382446
109,24,0.06064244359731674
109,25,0.07582058012485504
109,26,0.6000500321388245
109,27,0.5184167623519897
109,28,0.0516606830060482
109,29,0.5149288773536682
109,30,0.06218531355261803
109,31,0.047425881028175354
109,32,0.5225210189819336
109,33,0.5257244110107422
109,34,0.5191457271575928
109,35,0.48632746934890747
109,36,0.5699648261070251
109,37,0.5154744386672974
109,38,0.5022305846214294
109,39,0.4228247106075287
109,40,0.06254416704177856
109,41,0.5362361669540405
109,42,0.8400018811225891
109,43,0.11666944622993469
109,44,0.9002193808555603
109,45,0.12803825736045837
109,46,0.5001668334007263
109,47,0.715981125831604
109,48,0.5134804844856262
109,49,0.5162798762321472
109,50,0.5111005306243896
109,51,0.1090879738330841
109,52,0.5188620090484619
109,53,0.5078445672988892
109,54,0.5197537541389465
109,55,0.5144633650779724
109,56,0.5079448819160461
109,57,0.5031264424324036
109,58,0.5138012170791626
109,59,0.5196631550788879
109,60,0.5777328610420227
109,61,0.517324686050415
109,62,0.5155041217803955
109,63,0.5213255882263184
109,64,0.5411127805709839
109,65,0.5045939683914185
109,66,0.5133149027824402
109,67,0.506619393825531
109,68,0.06482820957899094
109,69,0.05454524978995323
109,70,0.11938243359327316
109,71,0.4858137369155884
109,72,0.20163507759571075
109,73,0.18199332058429718
109,74,0.514960527420044
109,75,0.5001780390739441
109,76,0.37670469284057617
109,77,0.5532310605049133
109,78,0.5504564046859741
109,79,0.1357979029417038
109,80,0.06159332022070885
109,81,0.5194593071937561
109,82,0.46494901180267334
109,83,0.29084697365760803
109,84,0.5211685299873352
109,85,0.5122795701026917
109,86,0.5214993953704834
109,87,0.5049629807472229
109,88,0.5160172581672668
109,89,0.05463987961411476
109,90,0.521144449710846
109,91,0.8976349830627441
109,92,0.16706036031246185
109,93,0.4745226800441742
109,94,0.3474838435649872
109,95,0.2515185475349426
109,96,0.06784810870885849
109,97,0.5117329359054565
109,98,0.5247918367385864
109,99,0.41759195923805237
109,100,0.5570172071456909
109,101,0.2252577841281891
109,102,0.5015941858291626
109,103,0.52013099193573
109,104,0.5240370631217957
109,105,0.1907300502061844
109,106,0.22542497515678406
109,107,0.5078380107879639
109,108,0.5181859731674194
109,109,0.5
109,110,0.06257203966379166
109,111,0.8814441561698914
109,112,0.4784422218799591
109,113,0.43575435876846313
109,114,0.5190582871437073
109,115,0.09332269430160522
109,116,0.08202891051769257
109,117,0.5126279592514038
109,118,0.48686566948890686
109,119,0.9054813385009766
109,120,0.4933219850063324
109,121,0.3156116008758545
109,122,0.5143490433692932
109,123,0.5014664530754089
109,124,0.48982688784599304
109,125,0.5205143094062805
109,126,0.15208250284194946
109,127,0.512537956237793
109,128,0.43527981638908386
109,129,0.5201086401939392
109,130,0.1908106952905655
109,131,0.14585722982883453
109,132,0.8944923877716064
109,133,0.37005341053009033
109,134,0.5209279656410217
110,1,0.6137943863868713
110,2,0.9306225180625916
110,3,0.1465296447277069
110,4,0.49134376645088196
110,5,0.536949098110199
110,6,0.6814469695091248
110,7,0.9351061582565308
110,8,0.49015575647354126
110,9,0.9469491839408875
110,10,0.9454507231712341
110,11,0.9089455008506775
110,12,0.9311833381652832
110,13,0.9279865622520447
110,14,0.9092395901679993
110,15,0.9437271952629089
110,16,0.5391738414764404
110,17,0.9525741338729858
110,18,0.8869662880897522
110,19,0.8351312875747681
110,20,0.9327065348625183
110,21,0.8514227867126465
110,22,0.902913510799408
110,23,0.8566604852676392
110,24,0.48713719844818115
110,25,0.49888479709625244
110,26,0.9342955350875854
110,27,0.9463663101196289
110,28,0.5122376084327698
110,29,0.9492844343185425
110,30,0.49501824378967285
110,31,0.4900159239768982
110,32,0.9454119205474854
110,33,0.9312211871147156
110,34,0.9376214146614075
110,35,0.9139942526817322
110,36,0.9388548731803894
110,37,0.9240450859069824
110,38,0.9239384531974792
110,39,0.9284940958023071
110,40,0.49403083324432373
110,41,0.9452276229858398
110,42,0.9101734161376953
110,43,0.8099741339683533
110,44,0.8624776005744934
110,45,0.8066480159759521
110,46,0.9213289618492126
110,47,0.9397838115692139
110,48,0.9380651116371155
110,49,0.9130340218544006
110,50,0.9220302104949951
110,51,0.5429216623306274
110,52,0.9386570453643799
110,53,0.9182183742523193
110,54,0.903078019618988
110,55,0.9235018491744995
110,56,0.9165647625923157
110,57,0.9293562173843384
110,58,0.9272370338439941
110,59,0.9453263878822327
110,60,0.9278538823127747
110,61,0.9236454367637634
110,62,0.9199274778366089
110,63,0.9262682795524597
110,64,0.9420615434646606
110,65,0.9336094856262207
110,66,0.9278308749198914
110,67,0.885959267616272
110,68,0.49041107296943665
110,69,0.4943702518939972
110,70,0.7796624898910522
110,71,0.9334110617637634
110,72,0.828924834728241
110,73,0.8258946537971497
110,74,0.8892856240272522
110,75,0.9299010038375854
110,76,0.8701127171516418
110,77,0.9345687627792358
110,78,0.9340346455574036
110,79,0.830997884273529
110,80,0.4890691637992859
110,81,0.9216147065162659
110,82,0.9255899786949158
110,83,0.673460066318512
110,84,0.9224196672439575
110,85,0.9504193067550659
110,86,0.9416413307189941
110,87,0.9333928823471069
110,88,0.9349473118782043
110,89,0.4887947738170624
110,90,0.9169924259185791
110,91,0.8400829434394836
110,92,0.8247292041778564
110,93,0.8897370100021362
110,94,0.8239591717720032
110,95,0.7940117716789246
110,96,0.49823692440986633
110,97,0.9250116944313049
110,98,0.919802725315094
110,99,0.9246532917022705
110,100,0.9265214800834656
110,101,0.8627027869224548
110,102,0.9461407661437988
110,103,0.9150083661079407
110,104,0.9173390865325928
110,105,0.8196685314178467
110,106,0.7964267134666443
110,107,0.9247153401374817
110,108,0.9142916202545166
110,109,0.9167929887771606
110,110,0.5
110,111,0.8706831336021423
110,112,0.921664297580719
110,113,0.8914899230003357
110,114,0.9227138161659241
110,115,0.5339366793632507
110,116,0.5057659149169922
110,117,0.9056035876274109
110,118,0.9036455750465393
110,119,0.842645525932312
110,120,0.9355061650276184
110,121,0.9042230248451233
110,122,0.9260233044624329
110,123,0.9246200323104858
110,124,0.9149693250656128
110,125,0.9062790870666504
110,126,0.8318381905555725
110,127,0.9216373562812805
110,128,0.8704744577407837
110,129,0.9284240007400513
110,130,0.8210679888725281
110,131,0.10732467472553253
110,132,0.8687385320663452
110,133,0.86020427942276
110,134,0.9446080923080444
111,1,0.08814804255962372
111,2,0.1404140442609787
111,3,0.9525741338729858
111,4,0.12584654986858368
111,5,0.09994503110647202
111,6,0.0764913260936737
111,7,0.11477123945951462
111,8,0.10986801981925964
111,9,0.13611453771591187
111,10,0.13721872866153717
111,11,0.14201250672340393
111,12,0.13417690992355347
111,13,0.14400383830070496
111,14,0.1483074128627777
111,15,0.1319129765033722
111,16,0.11744660884141922
111,17,0.145583838224411
111,18,0.11518079042434692
111,19,0.07170028239488602
111,20,0.1396627575159073
111,21,0.06388451159000397
111,22,0.15055657923221588
111,23,0.5569747090339661
111,24,0.11148516833782196
111,25,0.12066606432199478
111,26,0.18068282306194305
111,27,0.13692393898963928
111,28,0.10806898027658463
111,29,0.13591334223747253
111,30,0.11922071874141693
111,31,0.10808674246072769
111,32,0.1396501362323761
111,33,0.14498063921928406
111,34,0.13922618329524994
111,35,0.13095274567604065
111,36,0.16185714304447174
111,37,0.13760370016098022
111,38,0.13971197605133057
111,39,0.11088764667510986
111,40,0.11793143302202225
111,41,0.1450652927160263
111,42,0.4170443117618561
111,43,0.0643637552857399
111,44,0.5465807318687439
111,45,0.07027444988489151
111,46,0.15100787580013275
111,47,0.26291143894195557
111,48,0.1355653703212738
111,49,0.13955317437648773
111,50,0.13565216958522797
111,51,0.11917819827795029
111,52,0.13712745904922485
111,53,0.13653840124607086
111,54,0.13937541842460632
111,55,0.13656748831272125
111,56,0.13684721291065216
111,57,0.13220760226249695
111,58,0.1346091479063034
111,59,0.13917076587677002
111,60,0.165696382522583
111,61,0.1423923671245575
111,62,0.14024977385997772
111,63,0.1414089947938919
111,64,0.14786337316036224
111,65,0.13393014669418335
111,66,0.13777253031730652
111,67,0.1367124617099762
111,68,0.11076924204826355
111,69,0.11232046037912369
111,70,0.07793664932250977
111,71,0.12510348856449127
111,72,0.1079149842262268
111,73,0.0643577128648758
111,74,0.1482343077659607
111,75,0.1354801207780838
111,76,0.1300162822008133
111,77,0.15424175560474396
111,78,0.1528121829032898
111,79,0.05613432824611664
111,80,0.10960882157087326
111,81,0.13728396594524384
111,82,0.12114576995372772
111,83,0.1257685124874115
111,84,0.1385589987039566
111,85,0.1348474621772766
111,86,0.1388949155807495
111,87,0.13504919409751892
111,88,0.1366615891456604
111,89,0.1250201314687729
111,90,0.14082206785678864
111,91,0.5776199102401733
111,92,0.07557694613933563
111,93,0.14168350398540497
111,94,0.13249605894088745
111,95,0.0958603248000145
111,96,0.10960964113473892
111,97,0.13730363547801971
111,98,0.14125315845012665
111,99,0.10073345899581909
111,100,0.1584324687719345
111,101,0.07153376191854477
111,102,0.13186055421829224
111,103,0.1390172839164734
111,104,0.14454595744609833
111,105,0.08012045919895172
111,106,0.12301795184612274
111,107,0.13230764865875244
111,108,0.13724641501903534
111,109,0.13031771779060364
111,110,0.11553828418254852
111,111,0.5
111,112,0.12332288175821304
111,113,0.1423296332359314
111,114,0.13835594058036804
111,115,0.11053375154733658
111,116,0.12122711539268494
111,117,0.1360643208026886
111,118,0.1403234601020813
111,119,0.5870741605758667
111,120,0.12613236904144287
111,121,0.09722436964511871
111,122,0.1370418816804886
111,123,0.1517964005470276
111,124,0.14175082743167877
111,125,0.1408955305814743
111,126,0.07947181910276413
111,127,0.13796453177928925
111,128,0.12780678272247314
111,129,0.13787662982940674
111,130,0.06439296901226044
111,131,0.5556128621101379
111,132,0.5305615663528442
111,133,0.1379397064447403
111,134,0.14213834702968597
112,1,0.09323083609342575
112,2,0.5202945470809937
112,3,0.8480405211448669
112,4,0.05404968559741974
112,5,0.0834525004029274
112,6,0.1295148730278015
112,7,0.4865243434906006
112,8,0.051938578486442566
112,9,0.5471972823143005
112,10,0.550652801990509
112,11,0.5459421277046204
112,12,0.5153512954711914
112,13,0.4907810389995575
112,14,0.5192264914512634
112,15,0.5436839461326599
112,16,0.08622460067272186
112,17,0.5649734139442444
112,18,0.349961519241333
112,19,0.18398167192935944
112,20,0.5487226247787476
112,21,0.17582018673419952
112,22,0.5307422280311584
112,23,0.8926650285720825
112,24,0.05554381385445595
112,25,0.0604608915746212
112,26,0.6215223073959351
112,27,0.5503265261650085
112,28,0.06081739068031311
112,29,0.5443505048751831
112,30,0.05195390060544014
112,31,0.05305579677224159
112,32,0.5492764115333557
112,33,0.5556659698486328
112,34,0.530674159526825
112,35,0.5120945572853088
112,36,0.5950570702552795
112,37,0.5530495643615723
112,38,0.537635087966919
112,39,0.4615667462348938
112,40,0.062054745852947235
112,41,0.570660412311554
112,42,0.8394687175750732
112,43,0.1406395137310028
112,44,0.8973654508590698
112,45,0.14515085518360138
112,46,0.5284421443939209
112,47,0.7301612496376038
112,48,0.5466005206108093
112,49,0.5312667489051819
112,50,0.5384931564331055
112,51,0.07876147329807281
112,52,0.5322209596633911
112,53,0.5208295583724976
112,54,0.5453554391860962
112,55,0.5225391983985901
112,56,0.5338873863220215
112,57,0.5283699035644531
112,58,0.5371392369270325
112,59,0.5348266363143921
112,60,0.5897527933120728
112,61,0.5460987091064453
112,62,0.5450855493545532
112,63,0.5333144068717957
112,64,0.5737714171409607
112,65,0.5335364937782288
112,66,0.5381167531013489
112,67,0.545894205570221
112,68,0.05803277716040611
112,69,0.06002381816506386
112,70,0.13624943792819977
112,71,0.5150977373123169
112,72,0.23396524786949158
112,73,0.164052814245224
112,74,0.5156691074371338
112,75,0.5407295227050781
112,76,0.3623785376548767
112,77,0.579507052898407
112,78,0.578071653842926
112,79,0.15314297378063202
112,80,0.053927067667245865
112,81,0.5400905013084412
112,82,0.49028971791267395
112,83,0.19448871910572052
112,84,0.5333688259124756
112,85,0.5469800233840942
112,86,0.5562428832054138
112,87,0.5347148776054382
112,88,0.5444647073745728
112,89,0.04742587357759476
112,90,0.5504899621009827
112,91,0.8685534000396729
112,92,0.17250190675258636
112,93,0.5017060041427612
112,94,0.29344820976257324
112,95,0.2497086375951767
112,96,0.06569192558526993
112,97,0.5318020582199097
112,98,0.5371928811073303
112,99,0.4285687208175659
112,100,0.5858785510063171
112,101,0.2316550612449646
112,102,0.5315872430801392
112,103,0.5292852520942688
112,104,0.5431298017501831
112,105,0.19807299971580505
112,106,0.2179144024848938
112,107,0.5328902006149292
112,108,0.5424284934997559
112,109,0.5208535194396973
112,110,0.06357183307409286
112,111,0.8813374042510986
112,112,0.5
112,113,0.4459933638572693
112,114,0.5292171835899353
112,115,0.07586237788200378
112,116,0.06756389886140823
112,117,0.5200676918029785
112,118,0.5133357048034668
112,119,0.9048393368721008
112,120,0.5208668112754822
112,121,0.34088820219039917
112,122,0.539429783821106
112,123,0.5299639701843262
112,124,0.49747738242149353
112,125,0.5500169396400452
112,126,0.2011788785457611
112,127,0.544158935546875
112,128,0.43419504165649414
112,129,0.530772864818573
112,130,0.20857425034046173
112,131,0.15932931005954742
112,132,0.8943920135498047
112,133,0.39031746983528137
112,134,0.5546242594718933
113,1,0.06326613575220108
113,2,0.536916196346283
113,3,0.8683375716209412
113,4,0.06170644983649254
113,5,0.05554499477148056
113,6,0.09180948883295059
113,7,0.5180721282958984
113,8,0.05363629758358002
113,9,0.5904076099395752
113,10,0.599979043006897
113,11,0.5640167593955994
113,12,0.5885634422302246
113,13,0.5104976892471313
113,14,0.5706606507301331
113,15,0.5373784303665161
113,16,0.07184109091758728
113,17,0.6223570704460144
113,18,0.40346744656562805
113,19,0.17048279941082
113,20,0.5914596319198608
113,21,0.16290560364723206
113,22,0.5534570813179016
113,23,0.9179816246032715
113,24,0.05184059962630272
113,25,0.0909210741519928
113,26,0.6469510197639465
113,27,0.6030726432800293
113,28,0.05847925692796707
113,29,0.5801758170127869
113,30,0.06142548471689224
113,31,0.04742586612701416
113,32,0.5898100137710571
113,33,0.6076125502586365
113,34,0.59151691198349
113,35,0.5702621936798096
113,36,0.6047972440719604
113,37,0.5915714502334595
113,38,0.5766692161560059
113,39,0.49230989813804626
113,40,0.06533201783895493
113,41,0.6187402606010437
113,42,0.8974060416221619
113,43,0.13192680478096008
113,44,0.9248173832893372
113,45,0.10511668026447296
113,46,0.5322827100753784
113,47,0.7637350559234619
113,48,0.5942718982696533
113,49,0.5916343331336975
113,50,0.5859127044677734
113,51,0.1265198290348053
113,52,0.5744760036468506
113,53,0.5834324955940247
113,54,0.5538553595542908
113,55,0.5803592801094055
113,56,0.5515754818916321
113,57,0.5842087864875793
113,58,0.5931850075721741
113,59,0.6020191311836243
113,60,0.6152266263961792
113,61,0.6041774153709412
113,62,0.5979147553443909
113,63,0.6020540595054626
113,64,0.6271796822547913
113,65,0.5894560217857361
113,66,0.5956557989120483
113,67,0.5851456522941589
113,68,0.053944095969200134
113,69,0.05522458255290985
113,70,0.10472699254751205
113,71,0.562721312046051
113,72,0.21737129986286163
113,73,0.15843378007411957
113,74,0.5946484208106995
113,75,0.5787156820297241
113,76,0.47397497296333313
113,77,0.6265400648117065
113,78,0.6368151903152466
113,79,0.11443828046321869
113,80,0.05229279771447182
113,81,0.5813761353492737
113,82,0.5356583595275879
113,83,0.21075430512428284
113,84,0.6049608588218689
113,85,0.597085177898407
113,86,0.6028738617897034
113,87,0.5800849199295044
113,88,0.5998315811157227
113,89,0.06196335703134537
113,90,0.6096193194389343
113,91,0.9180145859718323
113,92,0.16377007961273193
113,93,0.5498082637786865
113,94,0.41303199529647827
113,95,0.15572138130664825
113,96,0.06344664841890335
113,97,0.542880117893219
113,98,0.602647602558136
113,99,0.475579172372818
113,100,0.5946093797683716
113,101,0.22444643080234528
113,102,0.5799623727798462
113,103,0.5945969223976135
113,104,0.5522832870483398
113,105,0.2107870876789093
113,106,0.24331827461719513
113,107,0.5817691087722778
113,108,0.5247528553009033
113,109,0.5728275179862976
113,110,0.06312774866819382
113,111,0.8961626887321472
113,112,0.5632985830307007
113,113,0.5
113,114,0.6015124320983887
113,115,0.07203739136457443
113,116,0.07016640156507492
113,117,0.5445039868354797
113,118,0.5194822549819946
113,119,0.9253668785095215
113,120,0.5419257879257202
113,121,0.3701117932796478
113,122,0.5974835157394409
113,123,0.5341222882270813
113,124,0.5176821351051331
113,125,0.5601810216903687
113,126,0.1747889369726181
113,127,0.58351731300354
113,128,0.404427170753479
113,129,0.5623422861099243
113,130,0.17500953376293182
113,131,0.08807907998561859
113,132,0.9256241917610168
113,133,0.3971138000488281
113,134,0.5880247950553894
114,1,0.05619226396083832
114,2,0.46865037083625793
114,3,0.8860756158828735
114,4,0.06874927133321762
114,5,0.06838507950305939
114,6,0.07856937497854233
114,7,0.4398171901702881
114,8,0.05881752446293831
114,9,0.49010753631591797
114,10,0.49939438700675964
114,11,0.5093936920166016
114,12,0.4874592423439026
114,13,0.46192577481269836
114,14,0.47372400760650635
114,15,0.4882659316062927
114,16,0.06008050963282585
114,17,0.5172446370124817
114,18,0.3529917597770691
114,19,0.1417439579963684
114,20,0.503628134727478
114,21,0.1259888857603073
114,22,0.4931066334247589
114,23,0.8991994261741638
114,24,0.055021364241838455
114,25,0.07224015891551971
114,26,0.5836997032165527
114,27,0.49997711181640625
114,28,0.04837767407298088
114,29,0.4959902763366699
114,30,0.059907734394073486
114,31,0.047425881028175354
114,32,0.5017930269241333
114,33,0.5082211494445801
114,34,0.49943047761917114
114,35,0.5123689770698547
114,36,0.5500382781028748
114,37,0.49459218978881836
114,38,0.4788270890712738
114,39,0.39388078451156616
114,40,0.05733698233962059
114,41,0.5159575343132019
114,42,0.8311995267868042
114,43,0.10469967871904373
114,44,0.8946943879127502
114,45,0.09268294274806976
114,46,0.47990691661834717
114,47,0.7021685838699341
114,48,0.4945681691169739
114,49,0.4980589747428894
114,50,0.49058642983436584
114,51,0.12356560677289963
114,52,0.49988850951194763
114,53,0.48362019658088684
114,54,0.5060887932777405
114,55,0.49389681220054626
114,56,0.49195048213005066
114,57,0.48268789052963257
114,58,0.49363139271736145
114,59,0.5001893639564514
114,60,0.5593236684799194
114,61,0.5045796036720276
114,62,0.4959756135940552
114,63,0.5034897327423096
114,64,0.5219622850418091
114,65,0.4917072355747223
114,66,0.4989011585712433
114,67,0.4881472885608673
114,68,0.05921592190861702
114,69,0.0537741482257843
114,70,0.10327009856700897
114,71,0.4664701223373413
114,72,0.15418565273284912
114,73,0.1803494691848755
114,74,0.49707895517349243
114,75,0.4805239737033844
114,76,0.36351072788238525
114,77,0.5358299612998962
114,78,0.5333054065704346
114,79,0.10062452405691147
114,80,0.05750393494963646
114,81,0.5007649660110474
114,82,0.4539313018321991
114,83,0.2538280785083771
114,84,0.502710223197937
114,85,0.4924900233745575
114,86,0.5019999146461487
114,87,0.4864560067653656
114,88,0.4981899559497833
114,89,0.05169396102428436
114,90,0.5066266655921936
114,91,0.8773613572120667
114,92,0.15243740379810333
114,93,0.464297354221344
114,94,0.4138457179069519
114,95,0.17475058138370514
114,96,0.07364697009325027
114,97,0.4932328164577484
114,98,0.5051178336143494
114,99,0.4076942801475525
114,100,0.535966694355011
114,101,0.1851956695318222
114,102,0.4833298921585083
114,103,0.5010626316070557
114,104,0.5043702125549316
114,105,0.1523159146308899
114,106,0.2976200580596924
114,107,0.4854621887207031
114,108,0.4991646707057953
114,109,0.48079410195350647
114,110,0.056303929537534714
114,111,0.8752383589744568
114,112,0.46956369280815125
114,113,0.4096333086490631
114,114,0.5
114,115,0.07524928450584412
114,116,0.08723151683807373
114,117,0.48919200897216797
114,118,0.4657958149909973
114,119,0.8962269425392151
114,120,0.4747743308544159
114,121,0.2945682406425476
114,122,0.4963763952255249
114,123,0.48111578822135925
114,124,0.47029760479927063
114,125,0.4989612400531769
114,126,0.13935644924640656
114,127,0.49285128712654114
114,128,0.3732873499393463
114,129,0.5021336674690247
114,130,0.1516692042350769
114,131,0.15327145159244537
114,132,0.8888470530509949
114,133,0.3090657591819763
114,134,0.5081326961517334
115,1,0.5357264876365662
115,2,0.9111891984939575
115,3,0.20830188691616058
115,4,0.4618149399757385
115,5,0.5372299551963806
115,6,0.5727785229682922
115,7,0.9258236885070801
115,8,0.4701607823371887
115,9,0.9421326518058777
115,10,0.9393354058265686
115,11,0.8981382846832275
115,12,0.9041197896003723
115,13,0.9270616173744202
115,14,0.8871660232543945
115,15,0.9379266500473022
115,16,0.5289639234542847
115,17,0.9494847059249878
115,18,0.9014734625816345
115,19,0.8092537522315979
115,20,0.9299364686012268
115,21,0.8007000684738159
115,22,0.8744344711303711
115,23,0.8587607145309448
115,24,0.45128872990608215
115,25,0.4623599648475647
115,26,0.9252707362174988
115,27,0.9458200931549072
115,28,0.46146729588508606
115,29,0.941032350063324
115,30,0.4606066942214966
115,31,0.4544629454612732
115,32,0.9309478402137756
115,33,0.9047524929046631
115,34,0.9316397309303284
115,35,0.9002346396446228
115,36,0.9446594715118408
115,37,0.9250504374504089
115,38,0.9169233441352844
115,39,0.9271194338798523
115,40,0.4602687954902649
115,41,0.9525741338729858
115,42,0.9122863411903381
115,43,0.7402172088623047
115,44,0.8656213879585266
115,45,0.7437422871589661
115,46,0.9143942594528198
115,47,0.9302069544792175
115,48,0.9358648657798767
115,49,0.8866714835166931
115,50,0.9291935563087463
115,51,0.5803656578063965
115,52,0.922320544719696
115,53,0.8987292051315308
115,54,0.8997461795806885
115,55,0.9129125475883484
115,56,0.9166273474693298
115,57,0.8970887660980225
115,58,0.9247627258300781
115,59,0.9344298839569092
115,60,0.9129716157913208
115,61,0.9235242605209351
115,62,0.9088554978370667
115,63,0.9248939752578735
115,64,0.9283216595649719
115,65,0.9357924461364746
115,66,0.9211116433143616
115,67,0.8593079447746277
115,68,0.457234263420105
115,69,0.47643110156059265
115,70,0.6988747715950012
115,71,0.9325253963470459
115,72,0.7895737290382385
115,73,0.7682880163192749
115,74,0.8753243684768677
115,75,0.9179815649986267
115,76,0.8577762842178345
115,77,0.928216278553009
115,78,0.9207578897476196
115,79,0.7620758414268494
115,80,0.459229975938797
115,81,0.9108797907829285
115,82,0.9160490036010742
115,83,0.6783191561698914
115,84,0.8943017721176147
115,85,0.940097987651825
115,86,0.9474340677261353
115,87,0.9196426868438721
115,88,0.9341628551483154
115,89,0.45376232266426086
115,90,0.9066793322563171
115,91,0.8383090496063232
115,92,0.7757489681243896
115,93,0.8832373023033142
115,94,0.7990056872367859
115,95,0.7517358660697937
115,96,0.46276938915252686
115,97,0.9145374894142151
115,98,0.899192750453949
115,99,0.9026429057121277
115,100,0.9268806576728821
115,101,0.8443264365196228
115,102,0.9417819380760193
115,103,0.9006742835044861
115,104,0.9208692908287048
115,105,0.7729416489601135
115,106,0.7620207071304321
115,107,0.9295137524604797
115,108,0.8883518576622009
115,109,0.8900389075279236
115,110,0.464795857667923
115,111,0.8836022019386292
115,112,0.9150510430335999
115,113,0.887980580329895
115,114,0.908004641532898
115,115,0.5
115,116,0.47716203331947327
115,117,0.8702118992805481
115,118,0.9028599262237549
115,119,0.8459711670875549
115,120,0.9197655916213989
115,121,0.8658803105354309
115,122,0.8952762484550476
115,123,0.9153957366943359
115,124,0.9133373498916626
115,125,0.9121899008750916
115,126,0.7808011174201965
115,127,0.9309571385383606
115,128,0.849460780620575
115,129,0.9181958436965942
115,130,0.7919560670852661
115,131,0.13040843605995178
115,132,0.8719619512557983
115,133,0.8248928785324097
115,134,0.9421282410621643
116,1,0.6183840036392212
116,2,0.9311743378639221
116,3,0.13043107092380524
116,4,0.48545607924461365
116,5,0.5766390562057495
116,6,0.6913330554962158
116,7,0.9230964183807373
116,8,0.5009092092514038
116,9,0.9484969973564148
116,10,0.947015643119812
116,11,0.8918660283088684
116,12,0.913675844669342
116,13,0.9274417757987976
116,14,0.9006399512290955
116,15,0.9458310008049011
116,16,0.5721940398216248
116,17,0.9525741338729858
116,18,0.8767989873886108
116,19,0.8670186400413513
116,20,0.9344729781150818
116,21,0.8664919137954712
116,22,0.8645725846290588
116,23,0.8785216808319092
116,24,0.47971096634864807
116,25,0.49184688925743103
116,26,0.9223543405532837
116,27,0.9414618611335754
116,28,0.512700080871582
116,29,0.9468417763710022
116,30,0.4889674484729767
116,31,0.4831215739250183
116,32,0.9410349726676941
116,33,0.9116780757904053
116,34,0.9324186444282532
116,35,0.9145957231521606
116,36,0.9467649459838867
116,37,0.930952250957489
116,38,0.9322522282600403
116,39,0.9381661415100098
116,40,0.48725107312202454
116,41,0.9520799517631531
116,42,0.92557692527771
116,43,0.8270077705383301
116,44,0.8839470744132996
116,45,0.8327087759971619
116,46,0.9324712157249451
116,47,0.9331800937652588
116,48,0.9359760880470276
116,49,0.9120539426803589
116,50,0.9291855096817017
116,51,0.614232063293457
116,52,0.9298126697540283
116,53,0.9102585911750793
116,54,0.8975833058357239
116,55,0.930699348449707
116,56,0.9082175493240356
116,57,0.9123194813728333
116,58,0.931484043598175
116,59,0.9446451663970947
116,60,0.914509654045105
116,61,0.9318101406097412
116,62,0.9052143692970276
116,63,0.942282497882843
116,64,0.9324695467948914
116,65,0.9296361207962036
116,66,0.9337801933288574
116,67,0.859359085559845
116,68,0.4839949309825897
116,69,0.5068073272705078
116,70,0.7973307371139526
116,71,0.929451048374176
116,72,0.8518922924995422
116,73,0.8185399770736694
116,74,0.8746861815452576
116,75,0.9232333302497864
116,76,0.8595502376556396
116,77,0.9275223612785339
116,78,0.9200096130371094
116,79,0.8461865782737732
116,80,0.48903128504753113
116,81,0.9002279043197632
116,82,0.9229221940040588
116,83,0.6485143303871155
116,84,0.8963503837585449
116,85,0.9443328380584717
116,86,0.9468713402748108
116,87,0.9251529574394226
116,88,0.9319431781768799
116,89,0.48158466815948486
116,90,0.9223287105560303
116,91,0.8626282811164856
116,92,0.8397550582885742
116,93,0.8710775375366211
116,94,0.7730629444122314
116,95,0.8097615242004395
116,96,0.490636944770813
116,97,0.9226575493812561
116,98,0.9058077931404114
116,99,0.9151288270950317
116,100,0.9241516590118408
116,101,0.8732280731201172
116,102,0.9470561742782593
116,103,0.9039318561553955
116,104,0.925205409526825
116,105,0.828722357749939
116,106,0.7166964411735535
116,107,0.9278342723846436
116,108,0.9040087461471558
116,109,0.9110807180404663
116,110,0.49373331665992737
116,111,0.8825851082801819
116,112,0.9317817091941833
116,113,0.8996083736419678
116,114,0.9041987657546997
116,115,0.5239235758781433
116,116,0.5
116,117,0.8810373544692993
116,118,0.8989481925964355
116,119,0.8648948073387146
116,120,0.9205722808837891
116,121,0.8895756602287292
116,122,0.900794267654419
116,123,0.9183976054191589
116,124,0.9178414344787598
116,125,0.9112427234649658
116,126,0.8506815433502197
116,127,0.9268821477890015
116,128,0.8952998518943787
116,129,0.9202398061752319
116,130,0.8491485118865967
116,131,0.12162108719348907
116,132,0.8836984038352966
116,133,0.9011194109916687
116,134,0.9447076320648193
117,1,0.06923317164182663
117,2,0.47395268082618713
117,3,0.8966420292854309
117,4,0.07170696556568146
117,5,0.07858547568321228
117,6,0.05217944458127022
117,7,0.4201492667198181
117,8,0.064303457736969
117,9,0.5009788870811462
117,10,0.5136942267417908
117,11,0.5234928131103516
117,12,0.501129686832428
117,13,0.47012174129486084
117,14,0.4865282475948334
117,15,0.5004981160163879
117,16,0.06583820283412933
117,17,0.5320950746536255
117,18,0.40269002318382263
117,19,0.1586221158504486
117,20,0.5165541768074036
117,21,0.12013089656829834
117,22,0.42800652980804443
117,23,0.9169679284095764
117,24,0.05211404338479042
117,25,0.07657421380281448
117,26,0.6023916602134705
117,27,0.5142133831977844
117,28,0.04742587357759476
117,29,0.5083933472633362
117,30,0.060726575553417206
117,31,0.04933593422174454
117,32,0.5140013694763184
117,33,0.5234644412994385
117,34,0.5120061039924622
117,35,0.5189329385757446
117,36,0.5668221712112427
117,37,0.5079249739646912
117,38,0.49007511138916016
117,39,0.38630518317222595
117,40,0.05775000527501106
117,41,0.530296266078949
117,42,0.8501905202865601
117,43,0.10594652593135834
117,44,0.9111297130584717
117,45,0.09750111401081085
117,46,0.49071332812309265
117,47,0.727381706237793
117,48,0.5067915320396423
117,49,0.5127072334289551
117,50,0.5000272989273071
117,51,0.14795301854610443
117,52,0.512265682220459
117,53,0.48603981733322144
117,54,0.5160608291625977
117,55,0.5062264800071716
117,56,0.5011764764785767
117,57,0.4846102297306061
117,58,0.5052543878555298
117,59,0.5106246471405029
117,60,0.5761242508888245
117,61,0.5195389986038208
117,62,0.504858672618866
117,63,0.5154698491096497
117,64,0.5364315509796143
117,65,0.5029867887496948
117,66,0.5141749382019043
117,67,0.4906075894832611
117,68,0.05786314979195595
117,69,0.06152229383587837
117,70,0.0959540531039238
117,71,0.4749623239040375
117,72,0.16778326034545898
117,73,0.1768459528684616
117,74,0.5221588611602783
117,75,0.4894735813140869
117,76,0.3751786947250366
117,77,0.5490721464157104
117,78,0.5436643362045288
117,79,0.1056508868932724
117,80,0.05846390128135681
117,81,0.5123943090438843
117,82,0.4673624336719513
117,83,0.36784064769744873
117,84,0.5182627439498901
117,85,0.5048390626907349
117,86,0.5153542757034302
117,87,0.5027815103530884
117,88,0.508421003818512
117,89,0.05620427802205086
117,90,0.5150489211082458
117,91,0.8814496397972107
117,92,0.15451164543628693
117,93,0.5179605484008789
117,94,0.4782867431640625
117,95,0.19480086863040924
117,96,0.06879900395870209
117,97,0.5015601515769958
117,98,0.5158060193061829
117,99,0.4117656648159027
117,100,0.5483540892601013
117,101,0.19000838696956635
117,102,0.49492064118385315
117,103,0.5111184120178223
117,104,0.5179851651191711
117,105,0.16771332919597626
117,106,0.34430092573165894
117,107,0.49711182713508606
117,108,0.5122098326683044
117,109,0.4861784279346466
117,110,0.057765837758779526
117,111,0.8945714831352234
117,112,0.4772951900959015
117,113,0.4570879638195038
117,114,0.5117387771606445
117,115,0.09409401565790176
117,116,0.09323897957801819
117,117,0.5
117,118,0.4733046889305115
117,119,0.8999589085578918
117,120,0.48546865582466125
117,121,0.30974075198173523
117,122,0.5090035796165466
117,123,0.49149951338768005
117,124,0.4793570339679718
117,125,0.506873607635498
117,126,0.12991194427013397
117,127,0.5047296285629272
117,128,0.37365487217903137
117,129,0.5172331929206848
117,130,0.1616382598876953
117,131,0.13565798103809357
117,132,0.9068053960800171
117,133,0.3080293834209442
117,134,0.522076427936554
118,1,0.04742587357759476
118,2,0.5090599656105042
118,3,0.883843183517456
118,4,0.06253726035356522
118,5,0.055363673716783524
118,6,0.09857748448848724
118,7,0.4772125482559204
118,8,0.048383064568042755
118,9,0.5242230892181396
118,10,0.5357880592346191
118,11,0.5416255593299866
118,12,0.520233154296875
118,13,0.49120014905929565
118,14,0.5051808953285217
118,15,0.5207096934318542
118,16,0.07586204260587692
118,17,0.5549596548080444
118,18,0.3722938895225525
118,19,0.17059466242790222
118,20,0.537952184677124
118,21,0.1328180581331253
118,22,0.516153872013092
118,23,0.9032236933708191
118,24,0.05615102872252464
118,25,0.07197871059179306
118,26,0.6219468116760254
118,27,0.5346711874008179
118,28,0.051738251000642776
118,29,0.53097003698349
118,30,0.05071830004453659
118,31,0.05801835283637047
118,32,0.5340666770935059
118,33,0.5389297604560852
118,34,0.5335127711296082
118,35,0.508173406124115
118,36,0.5847957730293274
118,37,0.5251355171203613
118,38,0.5115872025489807
118,39,0.43032732605934143
118,40,0.06078842282295227
118,41,0.5512396097183228
118,42,0.860526442527771
118,43,0.11099845916032791
118,44,0.9026581645011902
118,45,0.11199614405632019
118,46,0.512742280960083
118,47,0.7397847771644592
118,48,0.5280663967132568
118,49,0.5275283455848694
118,50,0.520279049873352
118,51,0.09163714200258255
118,52,0.5329944491386414
118,53,0.5172462463378906
118,54,0.5352638959884644
118,55,0.5266382098197937
118,56,0.5246322154998779
118,57,0.5217775702476501
118,58,0.5268544554710388
118,59,0.5345109701156616
118,60,0.5968133807182312
118,61,0.5336980819702148
118,62,0.5314511656761169
118,63,0.5333513617515564
118,64,0.5584642887115479
118,65,0.5194379687309265
118,66,0.5320827960968018
118,67,0.5277664661407471
118,68,0.059124842286109924
118,69,0.05344218760728836
118,70,0.11806023120880127
118,71,0.49725013971328735
118,72,0.18705612421035767
118,73,0.15344198048114777
118,74,0.5163009166717529
118,75,0.5156678557395935
118,76,0.38486769795417786
118,77,0.5696467757225037
118,78,0.5687381625175476
118,79,0.11916172504425049
118,80,0.05160779878497124
118,81,0.5350407361984253
118,82,0.47550278902053833
118,83,0.2041943520307541
118,84,0.5344618558883667
118,85,0.5282179117202759
118,86,0.5358583927154541
118,87,0.5177320837974548
118,88,0.530452311038971
118,89,0.05090346187353134
118,90,0.5375975966453552
118,91,0.89224773645401
118,92,0.15617625415325165
118,93,0.4391463100910187
118,94,0.26383811235427856
118,95,0.1853976547718048
118,96,0.06366423517465591
118,97,0.5216332674026489
118,98,0.5403518080711365
118,99,0.43039700388908386
118,100,0.5724939703941345
118,101,0.21110156178474426
118,102,0.5182486176490784
118,103,0.5258901715278625
118,104,0.5322819948196411
118,105,0.18546529114246368
118,106,0.210531085729599
118,107,0.5190892815589905
118,108,0.48157548904418945
118,109,0.5140058994293213
118,110,0.06340678781270981
118,111,0.8852334022521973
118,112,0.48529884219169617
118,113,0.481700599193573
118,114,0.5361875891685486
118,115,0.07010964304208755
118,116,0.08173311501741409
118,117,0.5260092616081238
118,118,0.5
118,119,0.9142172336578369
118,120,0.506563127040863
118,121,0.3317803740501404
118,122,0.531446635723114
118,123,0.51347815990448
118,124,0.4946872293949127
118,125,0.524978756904602
118,126,0.1516772210597992
118,127,0.5171696543693542
118,128,0.35828661918640137
118,129,0.5344969630241394
118,130,0.17974147200584412
118,131,0.12681104242801666
118,132,0.8948354125022888
118,133,0.2847476303577423
118,134,0.5328835248947144
119,1,0.13605740666389465
119,2,0.12692520022392273
119,3,0.9525741338729858
119,4,0.15141434967517853
119,5,0.15477152168750763
119,6,0.12194766104221344
119,7,0.11055760830640793
119,8,0.15352658927440643
119,9,0.12314675003290176
119,10,0.12634295225143433
119,11,0.1365489512681961
119,12,0.13049951195716858
119,13,0.1137443333864212
119,14,0.1133781373500824
119,15,0.10281242430210114
119,16,0.1510438323020935
119,17,0.12495368719100952
119,18,0.09363303333520889
119,19,0.06040370836853981
119,20,0.10870984196662903
119,21,0.05896021053195
119,22,0.15584705770015717
119,23,0.46974101662635803
119,24,0.15401454269886017
119,25,0.14934130012989044
119,26,0.14948619902133942
119,27,0.11644037812948227
119,28,0.1436886191368103
119,29,0.1060643121600151
119,30,0.15030881762504578
119,31,0.15221290290355682
119,32,0.10889913886785507
119,33,0.13353228569030762
119,34,0.12613685429096222
119,35,0.13169071078300476
119,36,0.126475989818573
119,37,0.13340434432029724
119,38,0.12120579183101654
119,39,0.08820001035928726
119,40,0.15132394433021545
119,41,0.11352486908435822
119,42,0.33886265754699707
119,43,0.0695895180106163
119,44,0.45983004570007324
119,45,0.06054022163152695
119,46,0.10127587616443634
119,47,0.20709627866744995
119,48,0.123835489153862
119,49,0.1462545543909073
119,50,0.10596224665641785
119,51,0.13520213961601257
119,52,0.11453651636838913
119,53,0.1342785656452179
119,54,0.10994523018598557
119,55,0.11400871723890305
119,56,0.13359162211418152
119,57,0.1204230934381485
119,58,0.1086430698633194
119,59,0.10915414988994598
119,60,0.1460217833518982
119,61,0.13529370725154877
119,62,0.10907792299985886
119,63,0.11318160593509674
119,64,0.11486067622900009
119,65,0.10800758749246597
119,66,0.13351739943027496
119,67,0.15334399044513702
119,68,0.15303482115268707
119,69,0.1544007509946823
119,70,0.08365026861429214
119,71,0.1133132129907608
119,72,0.08227545768022537
119,73,0.07710236310958862
119,74,0.1447371542453766
119,75,0.12933634221553802
119,76,0.1181146427989006
119,77,0.13985678553581238
119,78,0.12195706367492676
119,79,0.056432511657476425
119,80,0.1534256786108017
119,81,0.11637520790100098
119,82,0.12478379905223846
119,83,0.15769925713539124
119,84,0.13327060639858246
119,85,0.11217066645622253
119,86,0.10919062048196793
119,87,0.14875024557113647
119,88,0.11083213984966278
119,89,0.1523796170949936
119,90,0.1224299892783165
119,91,0.44698143005371094
119,92,0.06596474349498749
119,93,0.1336255967617035
119,94,0.1883346289396286
119,95,0.09638410806655884
119,96,0.14958906173706055
119,97,0.12471738457679749
119,98,0.13514915108680725
119,99,0.09719846397638321
119,100,0.1423502266407013
119,101,0.05923454836010933
119,102,0.10545478761196136
119,103,0.10872285068035126
119,104,0.12009485065937042
119,105,0.08201208710670471
119,106,0.21012604236602783
119,107,0.10514889657497406
119,108,0.12477729469537735
119,109,0.11118379980325699
119,110,0.14914381504058838
119,111,0.4152933359146118
119,112,0.10509267449378967
119,113,0.11508534848690033
119,114,0.12259657680988312
119,115,0.153976172208786
119,116,0.1452188938856125
119,117,0.1363147646188736
119,118,0.11494117975234985
119,119,0.5
119,120,0.1053134948015213
119,121,0.11839505285024643
119,122,0.13864658772945404
119,123,0.11768266558647156
119,124,0.115694060921669
119,125,0.1097981408238411
119,126,0.08413343131542206
119,127,0.13427697122097015
119,128,0.1016356498003006
119,129,0.11367473751306534
119,130,0.0644887238740921
119,131,0.6363314986228943
119,132,0.44426456093788147
119,133,0.10435193032026291
119,134,0.1317707598209381
120,1,0.06929280608892441
120,2,0.49925634264945984
120,3,0.8591480255126953
120,4,0.06753984093666077
120,5,0.06606825441122055
120,6,0.09575993567705154
120,7,0.4655715227127075
120,8,0.05680295079946518
120,9,0.5164821743965149
120,10,0.5245596766471863
120,11,0.5288236737251282
120,12,0.5122081637382507
120,13,0.48787951469421387
120,14,0.4991171360015869
120,15,0.5136770009994507
120,16,0.06815335154533386
120,17,0.5410872101783752
120,18,0.3675699532032013
120,19,0.1882990002632141
120,20,0.5277984738349915
120,21,0.15712980926036835
120,22,0.5074462890625
120,23,0.8931768536567688
120,24,0.055910468101501465
120,25,0.0749131515622139
120,26,0.6004812121391296
120,27,0.5237861275672913
120,28,0.04950704798102379
120,29,0.5218334794044495
120,30,0.05750265717506409
120,31,0.04742586612701416
120,32,0.5260060429573059
120,33,0.5283427834510803
120,34,0.5236577987670898
120,35,0.4940510392189026
120,36,0.5705732107162476
120,37,0.5196970105171204
120,38,0.5056702494621277
120,39,0.420864075422287
120,40,0.05681318789720535
120,41,0.53956139087677
120,42,0.8285613656044006
120,43,0.11801324784755707
120,44,0.8889700770378113
120,45,0.14939160645008087
120,46,0.5064406991004944
120,47,0.7095195055007935
120,48,0.5194201469421387
120,49,0.5205013155937195
120,50,0.5146608948707581
120,51,0.09938392043113708
120,52,0.523813009262085
120,53,0.5095251798629761
120,54,0.524163007736206
120,55,0.5188387036323547
120,56,0.5124131441116333
120,57,0.5064884424209595
120,58,0.5185829997062683
120,59,0.5247790813446045
120,60,0.5784035325050354
120,61,0.5255452394485474
120,62,0.5198851227760315
120,63,0.5244255065917969
120,64,0.5450254082679749
120,65,0.509895920753479
120,66,0.5173431634902954
120,67,0.5160470604896545
120,68,0.059290677309036255
120,69,0.05034561827778816
120,70,0.1298704743385315
120,71,0.49224957823753357
120,72,0.2167886197566986
120,73,0.17778882384300232
120,74,0.518997073173523
120,75,0.5062028765678406
120,76,0.3949136734008789
120,77,0.5560951232910156
120,78,0.5543973445892334
120,79,0.1555117666721344
120,80,0.056222353130578995
120,81,0.5237616896629333
120,82,0.47469645738601685
120,83,0.2613730728626251
120,84,0.5249006152153015
120,85,0.5174612998962402
120,86,0.5263327956199646
120,87,0.5124247670173645
120,88,0.5203283429145813
120,89,0.05250468850135803
120,90,0.5271398425102234
120,91,0.8967181444168091
120,92,0.17458343505859375
120,93,0.48046448826789856
120,94,0.32125264406204224
120,95,0.22535458207130432
120,96,0.06620575487613678
120,97,0.5149587988853455
120,98,0.5293070077896118
120,99,0.42987003922462463
120,100,0.5576741099357605
120,101,0.22971440851688385
120,102,0.5099312663078308
120,103,0.5232170224189758
120,104,0.5262280702590942
120,105,0.1989447921514511
120,106,0.2715970575809479
120,107,0.5116398930549622
120,108,0.5230030417442322
120,109,0.5062058568000793
120,110,0.057125870138406754
120,111,0.8700164556503296
120,112,0.4799520671367645
120,113,0.46565794944763184
120,114,0.5232646465301514
120,115,0.07837649434804916
120,116,0.08602218329906464
120,117,0.5123381018638611
120,118,0.494280606508255
120,119,0.8967238068580627
120,120,0.5
120,121,0.3389436900615692
120,122,0.5162142515182495
120,123,0.5070332288742065
120,124,0.4948295056819916
120,125,0.5220378637313843
120,126,0.17039921879768372
120,127,0.5186247229576111
120,128,0.40431132912635803
120,129,0.5244584679603577
120,130,0.19617600739002228
120,131,0.1572600156068802
120,132,0.8833556175231934
120,133,0.3508649468421936
120,134,0.5280917286872864
121,1,0.07216420769691467
121,2,0.6785783767700195
121,3,0.7887086868286133
121,4,0.05913955345749855
121,5,0.05842072144150734
121,6,0.09752818197011948
121,7,0.6129451394081116
121,8,0.05385124683380127
121,9,0.7178966403007507
121,10,0.7095407247543335
121,11,0.7173788547515869
121,12,0.7178961038589478
121,13,0.6716929078102112
121,14,0.7047712802886963
121,15,0.6718372106552124
121,16,0.06765517592430115
121,17,0.7463496327400208
121,18,0.5285642743110657
121,19,0.25928106904029846
121,20,0.7240903377532959
121,21,0.23527225852012634
121,22,0.6706027984619141
121,23,0.9402465224266052
121,24,0.048035189509391785
121,25,0.06399746239185333
121,26,0.7840206027030945
121,27,0.7308778166770935
121,28,0.05413245037198067
121,29,0.7188296914100647
121,30,0.05180796608328819
121,31,0.0476078987121582
121,32,0.6928390264511108
121,33,0.7342930436134338
121,34,0.7241882085800171
121,35,0.7004194855690002
121,36,0.749377965927124
121,37,0.6866437792778015
121,38,0.7048769593238831
121,39,0.6257659792900085
121,40,0.05055639520287514
121,41,0.7407721877098083
121,42,0.9400849938392639
121,43,0.1665560007095337
121,44,0.9509958624839783
121,45,0.17204207181930542
121,46,0.6908697485923767
121,47,0.8470699191093445
121,48,0.7244293093681335
121,49,0.6891669631004333
121,50,0.7000864744186401
121,51,0.12062601000070572
121,52,0.719240665435791
121,53,0.7094069123268127
121,54,0.7107417583465576
121,55,0.7177421450614929
121,56,0.7055736780166626
121,57,0.7110797762870789
121,58,0.7202973961830139
121,59,0.7307278513908386
121,60,0.7491049766540527
121,61,0.7279372811317444
121,62,0.7230006456375122
121,63,0.7262201309204102
121,64,0.7518491744995117
121,65,0.7176064252853394
121,66,0.7254005670547485
121,67,0.6782913208007812
121,68,0.04879191890358925
121,69,0.05314504727721214
121,70,0.1563272774219513
121,71,0.6974614858627319
121,72,0.2783774733543396
121,73,0.25894638895988464
121,74,0.7138757109642029
121,75,0.6857265830039978
121,76,0.5361303091049194
121,77,0.7553011775016785
121,78,0.7570080161094666
121,79,0.1854287087917328
121,80,0.051954228430986404
121,81,0.7211918830871582
121,82,0.6758474707603455
121,83,0.260722815990448
121,84,0.730219304561615
121,85,0.7250785827636719
121,86,0.7280092835426331
121,87,0.7111161947250366
121,88,0.7263665199279785
121,89,0.047425881028175354
121,90,0.7295824885368347
121,91,0.889186441898346
121,92,0.23142994940280914
121,93,0.6747629046440125
121,94,0.5044127702713013
121,95,0.2907275855541229
121,96,0.07193424552679062
121,97,0.6767683625221252
121,98,0.7229623198509216
121,99,0.6203334331512451
121,100,0.7407841086387634
121,101,0.3326036334037781
121,102,0.713132917881012
121,103,0.6936212182044983
121,104,0.7047004699707031
121,105,0.2793557047843933
121,106,0.3160041570663452
121,107,0.7097854614257812
121,108,0.656392514705658
121,109,0.7074778079986572
121,110,0.05266595631837845
121,111,0.9362801909446716
121,112,0.6851963996887207
121,113,0.6305029392242432
121,114,0.7288481593132019
121,115,0.08998442441225052
121,116,0.07792561501264572
121,117,0.6974824070930481
121,118,0.6789919137954712
121,119,0.9234575629234314
121,120,0.6942792534828186
121,121,0.5
121,122,0.7245833873748779
121,123,0.6934783458709717
121,124,0.6765979528427124
121,125,0.6690947413444519
121,126,0.26245659589767456
121,127,0.714788019657135
121,128,0.5526353716850281
121,129,0.7148805260658264
121,130,0.26240888237953186
121,131,0.050966519862413406
121,132,0.9444367289543152
121,133,0.46375277638435364
121,134,0.7226458787918091
122,1,0.0562283881008625
122,2,0.471946120262146
122,3,0.8896686434745789
122,4,0.06735292077064514
122,5,0.06318842619657516
122,6,0.06010817363858223
122,7,0.3928599953651428
122,8,0.06456796824932098
122,9,0.4973313808441162
122,10,0.5071076154708862
122,11,0.5134724974632263
122,12,0.49316635727882385
122,13,0.4663506746292114
122,14,0.478549063205719
122,15,0.49616411328315735
122,16,0.07421856373548508
122,17,0.5249717831611633
122,18,0.35182446241378784
122,19,0.13842134177684784
122,20,0.5105401277542114
122,21,0.1227136105298996
122,22,0.43621373176574707
122,23,0.9074321985244751
122,24,0.054961346089839935
122,25,0.06873747706413269
122,26,0.5910181403160095
122,27,0.5050728917121887
122,28,0.04742587357759476
122,29,0.5016629099845886
122,30,0.058845970779657364
122,31,0.047916047275066376
122,32,0.5086590647697449
122,33,0.5129441618919373
122,34,0.5039888024330139
122,35,0.48210468888282776
122,36,0.5585728287696838
122,37,0.5005218386650085
122,38,0.4845282733440399
122,39,0.3987797498703003
122,40,0.05195439234375954
122,41,0.5225001573562622
122,42,0.8394830226898193
122,43,0.09972554445266724
122,44,0.901600182056427
122,45,0.09725247323513031
122,46,0.485950231552124
122,47,0.7131445407867432
122,48,0.5002086758613586
122,49,0.5038931369781494
122,50,0.49229931831359863
122,51,0.11674915254116058
122,52,0.5067257285118103
122,53,0.48530974984169006
122,54,0.5056094527244568
122,55,0.5011709332466125
122,56,0.4949952960014343
122,57,0.48174986243247986
122,58,0.5007872581481934
122,59,0.5068987607955933
122,60,0.5659112334251404
122,61,0.5098392963409424
122,62,0.4972921311855316
122,63,0.5096723437309265
122,64,0.5287249088287354
122,65,0.4936315715312958
122,66,0.5013832449913025
122,67,0.4546930193901062
122,68,0.053580958396196365
122,69,0.05706914886832237
122,70,0.09004560858011246
122,71,0.4716779887676239
122,72,0.15632495284080505
122,73,0.1710708737373352
122,74,0.5021876096725464
122,75,0.48452305793762207
122,76,0.3582678437232971
122,77,0.5412765741348267
122,78,0.5370967984199524
122,79,0.10557128489017487
122,80,0.05934297293424606
122,81,0.504224419593811
122,82,0.4599776566028595
122,83,0.27841460704803467
122,84,0.5065410137176514
122,85,0.49885404109954834
122,86,0.5083704590797424
122,87,0.4948042333126068
122,88,0.5024044513702393
122,89,0.051693517714738846
122,90,0.5084096193313599
122,91,0.865366518497467
122,92,0.1385343223810196
122,93,0.4660361707210541
122,94,0.40783023834228516
122,95,0.17191892862319946
122,96,0.06917974352836609
122,97,0.4962301552295685
122,98,0.5047632455825806
122,99,0.4049643576145172
122,100,0.5394126176834106
122,101,0.18108448386192322
122,102,0.4911763370037079
122,103,0.4994570016860962
122,104,0.5101642608642578
122,105,0.1465502679347992
122,106,0.2823232114315033
122,107,0.4902193546295166
122,108,0.5068283677101135
122,109,0.48508381843566895
122,110,0.04910256341099739
122,111,0.8830574750900269
122,112,0.4576387107372284
122,113,0.4105607271194458
122,114,0.5037379264831543
122,115,0.08125393092632294
122,116,0.08469190448522568
122,117,0.4914489984512329
122,118,0.4693429470062256
122,119,0.8873658776283264
122,120,0.4818636476993561
122,121,0.2929115295410156
122,122,0.5
122,123,0.4865730106830597
122,124,0.47347763180732727
122,125,0.5030019879341125
122,126,0.11736283451318741
122,127,0.4985349178314209
122,128,0.3745344281196594
122,129,0.5080824494361877
122,130,0.1470898985862732
122,131,0.1462104618549347
122,132,0.8957664370536804
122,133,0.3163112699985504
122,134,0.5129542946815491
123,1,0.06110093370079994
123,2,0.49699974060058594
123,3,0.8728598356246948
123,4,0.06369674950838089
123,5,0.057829197496175766
123,6,0.09735535830259323
123,7,0.44752246141433716
123,8,0.05287892743945122
123,9,0.5103921294212341
123,10,0.5179747939109802
123,11,0.5223550200462341
123,12,0.506290078163147
123,13,0.47914454340934753
123,14,0.49183833599090576
123,15,0.5061452984809875
123,16,0.07229896634817123
123,17,0.5365943312644958
123,18,0.3912081718444824
123,19,0.18135160207748413
123,20,0.5202863812446594
123,21,0.1437394767999649
123,22,0.5403093695640564
123,23,0.8809178471565247
123,24,0.058404482901096344
123,25,0.07986994087696075
123,26,0.5999979376792908
123,27,0.5182569622993469
123,28,0.049878593534231186
123,29,0.5156964063644409
123,30,0.054004743695259094
123,31,0.056291867047548294
123,32,0.5185531973838806
123,33,0.5217095613479614
123,34,0.5191253423690796
123,35,0.48720866441726685
123,36,0.5658367872238159
123,37,0.513700544834137
123,38,0.5005548596382141
123,39,0.43150055408477783
123,40,0.05637302249670029
123,41,0.5344599485397339
123,42,0.8342304229736328
123,43,0.11087264865636826
123,44,0.8762311935424805
123,45,0.1258206069469452
123,46,0.49832218885421753
123,47,0.7129828929901123
123,48,0.5141207575798035
123,49,0.5111063122749329
123,50,0.5087766051292419
123,51,0.10535310953855515
123,52,0.5174340605735779
123,53,0.5060418248176575
123,54,0.5180017948150635
123,55,0.512955367565155
123,56,0.5091381072998047
123,57,0.5047557353973389
123,58,0.5125581622123718
123,59,0.5189291834831238
123,60,0.5731049180030823
123,61,0.5179751515388489
123,62,0.5157942175865173
123,63,0.5200573801994324
123,64,0.54045170545578
123,65,0.5029513835906982
123,66,0.5117458701133728
123,67,0.5103612542152405
123,68,0.05871882662177086
123,69,0.04742587357759476
123,70,0.11088172346353531
123,71,0.48518162965774536
123,72,0.19910168647766113
123,73,0.15668663382530212
123,74,0.524628221988678
123,75,0.5015242695808411
123,76,0.4060699939727783
123,77,0.5525931119918823
123,78,0.5497596859931946
123,79,0.13084237277507782
123,80,0.05347885191440582
123,81,0.5183315873146057
123,82,0.4584599733352661
123,83,0.20514754951000214
123,84,0.5175519585609436
123,85,0.5128201246261597
123,86,0.5210701823234558
123,87,0.5026499629020691
123,88,0.5149891972541809
123,89,0.05404450371861458
123,90,0.5221776366233826
123,91,0.8709182739257812
123,92,0.16879506409168243
123,93,0.4947996735572815
123,94,0.2874765992164612
123,95,0.18897408246994019
123,96,0.06658369302749634
123,97,0.5102571249008179
123,98,0.5225211381912231
123,99,0.4195244610309601
123,100,0.5550230145454407
123,101,0.2206760197877884
123,102,0.5042520761489868
123,103,0.5149974226951599
123,104,0.5182971954345703
123,105,0.19640734791755676
123,106,0.224378302693367
123,107,0.504169762134552
123,108,0.4898592233657837
123,109,0.49856504797935486
123,110,0.059126242995262146
123,111,0.8556295037269592
123,112,0.4696888327598572
123,113,0.4705801010131836
123,114,0.518337070941925
123,115,0.07352903485298157
123,116,0.07881375402212143
123,117,0.5075994729995728
123,118,0.4876318573951721
123,119,0.8950051665306091
123,120,0.4925941824913025
123,121,0.33177584409713745
123,122,0.5126392841339111
123,123,0.5
123,124,0.4839579164981842
123,125,0.5127120018005371
123,126,0.16648198664188385
123,127,0.504989504814148
123,128,0.3511509597301483
123,129,0.5190576910972595
123,130,0.18973994255065918
123,131,0.1500280648469925
123,132,0.8900881409645081
123,133,0.2995198667049408
123,134,0.5164220929145813
124,1,0.0687154084444046
124,2,0.5175185203552246
124,3,0.8737795948982239
124,4,0.05727754533290863
124,5,0.05767621845006943
124,6,0.10255808383226395
124,7,0.4577104151248932
124,8,0.04742587357759476
124,9,0.5277184844017029
124,10,0.5345377326011658
124,11,0.5374822020530701
124,12,0.517778217792511
124,13,0.49166929721832275
124,14,0.5039591789245605
124,15,0.5217919945716858
124,16,0.06547439843416214
124,17,0.5531856417655945
124,18,0.36895570158958435
124,19,0.18418021500110626
124,20,0.5279313921928406
124,21,0.14435268938541412
124,22,0.5176515579223633
124,23,0.8875086903572083
124,24,0.05437988415360451
124,25,0.07193072885274887
124,26,0.6168961524963379
124,27,0.533463180065155
124,28,0.05557725206017494
124,29,0.5305625200271606
124,30,0.0488327257335186
124,31,0.057595450431108475
124,32,0.5316793322563171
124,33,0.5374906659126282
124,34,0.5334974527359009
124,35,0.5381277203559875
124,36,0.5829493403434753
124,37,0.5325549244880676
124,38,0.5177314281463623
124,39,0.4368132948875427
124,40,0.057443685829639435
124,41,0.5512174963951111
124,42,0.8504218459129333
124,43,0.1119675412774086
124,44,0.8938003182411194
124,45,0.12276199460029602
124,46,0.5124651789665222
124,47,0.7314371466636658
124,48,0.5325784087181091
124,49,0.5279368758201599
124,50,0.5229663252830505
124,51,0.09592132270336151
124,52,0.5301792621612549
124,53,0.5206223130226135
124,54,0.5343496203422546
124,55,0.5256602764129639
124,56,0.5283265113830566
124,57,0.5177709460258484
124,58,0.5272310376167297
124,59,0.5319285988807678
124,60,0.5878828763961792
124,61,0.5392938256263733
124,62,0.5289698243141174
124,63,0.5340858101844788
124,64,0.5561134219169617
124,65,0.5219962000846863
124,66,0.5304816961288452
124,67,0.527397096157074
124,68,0.056374382227659225
124,69,0.048912663012742996
124,70,0.11109128594398499
124,71,0.5029307007789612
124,72,0.19981203973293304
124,73,0.1738969087600708
124,74,0.5278764367103577
124,75,0.5198010206222534
124,76,0.4102754592895508
124,77,0.5721914768218994
124,78,0.5648886561393738
124,79,0.12926962971687317
124,80,0.049678679555654526
124,81,0.5318314433097839
124,82,0.47721442580223083
124,83,0.20319759845733643
124,84,0.5296820998191833
124,85,0.5275803804397583
124,86,0.5374491810798645
124,87,0.5203698873519897
124,88,0.5319546461105347
124,89,0.04799333214759827
124,90,0.5406573414802551
124,91,0.8666825890541077
124,92,0.18311068415641785
124,93,0.48088952898979187
124,94,0.31642213463783264
124,95,0.21154113113880157
124,96,0.06675346940755844
124,97,0.5280763506889343
124,98,0.5352524518966675
124,99,0.43159055709838867
124,100,0.5747672319412231
124,101,0.22330248355865479
124,102,0.518789529800415
124,103,0.5267329216003418
124,104,0.534145176410675
124,105,0.19675703346729279
124,106,0.22972573339939117
124,107,0.5175117254257202
124,108,0.5101597905158997
124,109,0.5103936791419983
124,110,0.060754381120204926
124,111,0.8748549818992615
124,112,0.5026644468307495
124,113,0.48408743739128113
124,114,0.5301120281219482
124,115,0.06810034066438675
124,116,0.07181349396705627
124,117,0.5192698240280151
124,118,0.5050901174545288
124,119,0.9054118394851685
124,120,0.5056845545768738
124,121,0.3405201733112335
124,122,0.5260675549507141
124,123,0.5167490839958191
124,124,0.5
124,125,0.5273011326789856
124,126,0.18777473270893097
124,127,0.5252037048339844
124,128,0.3706812858581543
124,129,0.5316634774208069
124,130,0.1928594410419464
124,131,0.13599903881549835
124,132,0.9018840789794922
124,133,0.3047802746295929
124,134,0.537431001663208
125,1,0.08760282397270203
125,2,0.4710489809513092
125,3,0.866448163986206
125,4,0.06226501613855362
125,5,0.08190697431564331
125,6,0.12567821145057678
125,7,0.4321901202201843
125,8,0.049749039113521576
125,9,0.49447381496429443
125,10,0.5025545358657837
125,11,0.5089011788368225
125,12,0.4919266104698181
125,13,0.46631211042404175
125,14,0.477811723947525
125,15,0.4904141128063202
125,16,0.08181746304035187
125,17,0.5213814377784729
125,18,0.3487364947795868
125,19,0.17271003127098083
125,20,0.5080155730247498
125,21,0.1669745147228241
125,22,0.47345995903015137
125,23,0.8975803256034851
125,24,0.054291728883981705
125,25,0.06589318811893463
125,26,0.586848258972168
125,27,0.5032057762145996
125,28,0.06367168575525284
125,29,0.49976807832717896
125,30,0.058761946856975555
125,31,0.047425881028175354
125,32,0.5045716762542725
125,33,0.5089460015296936
125,34,0.5040067434310913
125,35,0.4696827828884125
125,36,0.5532841086387634
125,37,0.4980023205280304
125,38,0.4835794270038605
125,39,0.4067254364490509
125,40,0.0717117115855217
125,41,0.5176326632499695
125,42,0.830213189125061
125,43,0.13952286541461945
125,44,0.8929885029792786
125,45,0.1275123506784439
125,46,0.48642510175704956
125,47,0.704402506351471
125,48,0.4991709589958191
125,49,0.5006038546562195
125,50,0.4945983290672302
125,51,0.11379046738147736
125,52,0.5023661255836487
125,53,0.4920050799846649
125,54,0.5058400630950928
125,55,0.49869900941848755
125,56,0.4924560785293579
125,57,0.48529019951820374
125,58,0.4944438636302948
125,59,0.5045351982116699
125,60,0.5607133507728577
125,61,0.5033806562423706
125,62,0.4989596903324127
125,63,0.5030821561813354
125,64,0.5260239243507385
125,65,0.49075379967689514
125,66,0.4932815432548523
125,67,0.49232134222984314
125,68,0.05892603099346161
125,69,0.06490790843963623
125,70,0.136849507689476
125,71,0.4712803363800049
125,72,0.21974271535873413
125,73,0.17253419756889343
125,74,0.502208411693573
125,75,0.48362794518470764
125,76,0.36533793807029724
125,77,0.5385249257087708
125,78,0.5361489057540894
125,79,0.1263756901025772
125,80,0.054524317383766174
125,81,0.5028601884841919
125,82,0.45272350311279297
125,83,0.24883292615413666
125,84,0.5028981566429138
125,85,0.4968920946121216
125,86,0.5036168098449707
125,87,0.48954784870147705
125,88,0.4996047616004944
125,89,0.05321502685546875
125,90,0.505911111831665
125,91,0.8656575083732605
125,92,0.17922765016555786
125,93,0.5052468180656433
125,94,0.3254782557487488
125,95,0.23144343495368958
125,96,0.0687851533293724
125,97,0.49917760491371155
125,98,0.5067674517631531
125,99,0.4016844928264618
125,100,0.5405325293540955
125,101,0.20837146043777466
125,102,0.4873839020729065
125,103,0.5048815608024597
125,104,0.5032082200050354
125,105,0.20614942908287048
125,106,0.2190472036600113
125,107,0.4880473017692566
125,108,0.49616721272468567
125,109,0.4792357087135315
125,110,0.06973235309123993
125,111,0.8736991286277771
125,112,0.44767770171165466
125,113,0.4462951719760895
125,114,0.5010433197021484
125,115,0.07069305330514908
125,116,0.07968322932720184
125,117,0.493643581867218
125,118,0.47628870606422424
125,119,0.9091044068336487
125,120,0.47599896788597107
125,121,0.3487357795238495
125,122,0.49707701802253723
125,123,0.4868508279323578
125,124,0.4729519188404083
125,125,0.5
125,126,0.21646881103515625
125,127,0.4929380714893341
125,128,0.4156193733215332
125,129,0.5025361776351929
125,130,0.20766033232212067
125,131,0.1534622609615326
125,132,0.8881611227989197
125,133,0.34211382269859314
125,134,0.5048414468765259
126,1,0.2175658941268921
126,2,0.7938641905784607
126,3,0.5051260590553284
126,4,0.14486703276634216
126,5,0.16478331387043
126,6,0.30105060338974
126,7,0.8232181668281555
126,8,0.15290626883506775
126,9,0.8435304164886475
126,10,0.8274628520011902
126,11,0.8186353445053101
126,12,0.8506547212600708
126,13,0.7994455695152283
126,14,0.8363131284713745
126,15,0.775535523891449
126,16,0.18929995596408844
126,17,0.8677456378936768
126,18,0.7039442658424377
126,19,0.4951600730419159
126,20,0.8344686627388
126,21,0.510986328125
126,22,0.8401763439178467
126,23,0.9047001004219055
126,24,0.13886131346225739
126,25,0.15780316293239594
126,26,0.8774040937423706
126,27,0.8597033023834229
126,28,0.15617626905441284
126,29,0.8505196571350098
126,30,0.14674712717533112
126,31,0.14394989609718323
126,32,0.8256877064704895
126,33,0.8604485988616943
126,34,0.8531591296195984
126,35,0.8108270764350891
126,36,0.8185880780220032
126,37,0.7791681885719299
126,38,0.82328200340271
126,39,0.8040885329246521
126,40,0.15261344611644745
126,41,0.8246757984161377
126,42,0.9387805461883545
126,43,0.43228277564048767
126,44,0.9245023727416992
126,45,0.4374011158943176
126,46,0.7977877855300903
126,47,0.8861197829246521
126,48,0.8309617042541504
126,49,0.8045246601104736
126,50,0.795650839805603
126,51,0.19218958914279938
126,52,0.82547926902771
126,53,0.8473964333534241
126,54,0.8128494024276733
126,55,0.8315913081169128
126,56,0.811948299407959
126,57,0.8497321605682373
126,58,0.8331881165504456
126,59,0.8381617665290833
126,60,0.84932541847229
126,61,0.8541949391365051
126,62,0.8551892638206482
126,63,0.831522524356842
126,64,0.8533269166946411
126,65,0.8397628664970398
126,66,0.855806827545166
126,67,0.8052343130111694
126,68,0.15501877665519714
126,69,0.15344823896884918
126,70,0.3858765661716461
126,71,0.8197389841079712
126,72,0.5173206329345703
126,73,0.4951998293399811
126,74,0.8247132301330566
126,75,0.8320986032485962
126,76,0.69273841381073
126,77,0.8668871521949768
126,78,0.8721411228179932
126,79,0.45700696110725403
126,80,0.14475573599338531
126,81,0.8492686152458191
126,82,0.8034475445747375
126,83,0.3049205541610718
126,84,0.8594351410865784
126,85,0.8574867844581604
126,86,0.8368608951568604
126,87,0.8210781216621399
126,88,0.8541854619979858
126,89,0.14038704335689545
126,90,0.8478621244430542
126,91,0.8899106383323669
126,92,0.4822463095188141
126,93,0.7594776153564453
126,94,0.5283728241920471
126,95,0.49707478284835815
126,96,0.17221766710281372
126,97,0.7889792919158936
126,98,0.8231130838394165
126,99,0.802087128162384
126,100,0.8519517779350281
126,101,0.6086912155151367
126,102,0.8294386267662048
126,103,0.814032256603241
126,104,0.77652508020401
126,105,0.555367112159729
126,106,0.5024852752685547
126,107,0.824978232383728
126,108,0.7796074151992798
126,109,0.8282030820846558
126,110,0.16099852323532104
126,111,0.9144999980926514
126,112,0.7866634130477905
126,113,0.7775256633758545
126,114,0.8393974900245667
126,115,0.22022241353988647
126,116,0.16069336235523224
126,117,0.8306722640991211
126,118,0.8142277002334595
126,119,0.9149540662765503
126,120,0.826223611831665
126,121,0.6961240172386169
126,122,0.8552818894386292
126,123,0.8185880780220032
126,124,0.787871778011322
126,125,0.7619345188140869
126,126,0.5
126,127,0.8265010714530945
126,128,0.6727244853973389
126,129,0.824249804019928
126,130,0.5198512673377991
126,131,0.04742587357759476
126,132,0.9314353466033936
126,133,0.6635828018188477
126,134,0.8266646265983582
127,1,0.06686144322156906
127,2,0.4863465130329132
127,3,0.8687790036201477
127,4,0.05614199861884117
127,5,0.06384298205375671
127,6,0.09999377280473709
127,7,0.4469832479953766
127,8,0.04742587357759476
127,9,0.5002198815345764
127,10,0.5070481300354004
127,11,0.512701153755188
127,12,0.49545031785964966
127,13,0.4700746536254883
127,14,0.4868910014629364
127,15,0.49539002776145935
127,16,0.08028826862573624
127,17,0.5251663327217102
127,18,0.3562369644641876
127,19,0.1623242199420929
127,20,0.5128633379936218
127,21,0.15557049214839935
127,22,0.48904338479042053
127,23,0.8719285130500793
127,24,0.05066097900271416
127,25,0.07509864866733551
127,26,0.5868480801582336
127,27,0.5072785019874573
127,28,0.05577505752444267
127,29,0.5048617720603943
127,30,0.05452408269047737
127,31,0.052216894924640656
127,32,0.5083990097045898
127,33,0.5118717551231384
127,34,0.5084928870201111
127,35,0.47704797983169556
127,36,0.5544795989990234
127,37,0.5033055543899536
127,38,0.49182501435279846
127,39,0.4054596424102783
127,40,0.06529536843299866
127,41,0.5234732627868652
127,42,0.8237855434417725
127,43,0.13303959369659424
127,44,0.8850098848342896
127,45,0.12349063158035278
127,46,0.4951185882091522
127,47,0.6987864375114441
127,48,0.5042285323143005
127,49,0.5030295252799988
127,50,0.49797406792640686
127,51,0.08920810371637344
127,52,0.5062092542648315
127,53,0.49446362257003784
127,54,0.5071232318878174
127,55,0.5027831792831421
127,56,0.4960830807685852
127,57,0.49065926671028137
127,58,0.5019105672836304
127,59,0.5087146162986755
127,60,0.5627695322036743
127,61,0.510704517364502
127,62,0.5057544708251953
127,63,0.509743332862854
127,64,0.528924286365509
127,65,0.49239519238471985
127,66,0.5000550150871277
127,67,0.49903497099876404
127,68,0.05316504091024399
127,69,0.05774489417672157
127,70,0.1208951398730278
127,71,0.47512492537498474
127,72,0.2153984010219574
127,73,0.15630221366882324
127,74,0.5088741779327393
127,75,0.49150383472442627
127,76,0.3919757008552551
127,77,0.5406844615936279
127,78,0.5396481156349182
127,79,0.13009215891361237
127,80,0.04847324639558792
127,81,0.5067794919013977
127,82,0.45833221077919006
127,83,0.1798458993434906
127,84,0.5089777708053589
127,85,0.5009464621543884
127,86,0.5103945732116699
127,87,0.49482062458992004
127,88,0.5039505362510681
127,89,0.05441680923104286
127,90,0.5115986466407776
127,91,0.8923730850219727
127,92,0.15280628204345703
127,93,0.47045522928237915
127,94,0.2723639905452728
127,95,0.19334807991981506
127,96,0.05665985122323036
127,97,0.4990474283695221
127,98,0.5131538510322571
127,99,0.4104404151439667
127,100,0.5440030694007874
127,101,0.2078031748533249
127,102,0.4934634268283844
127,103,0.5073146224021912
127,104,0.5091732740402222
127,105,0.194944828748703
127,106,0.20891879498958588
127,107,0.49353671073913574
127,108,0.5013899803161621
127,109,0.48792219161987305
127,110,0.0642625093460083
127,111,0.8659346699714661
127,112,0.4560230076313019
127,113,0.4289557933807373
127,114,0.5068333745002747
127,115,0.06152649596333504
127,116,0.07315266132354736
127,117,0.49583762884140015
127,118,0.48448920249938965
127,119,0.875613272190094
127,120,0.48069459199905396
127,121,0.31525978446006775
127,122,0.5013576149940491
127,123,0.4950881898403168
127,124,0.47623467445373535
127,125,0.506720781326294
127,126,0.16209283471107483
127,127,0.5
127,128,0.3854144811630249
127,129,0.5072356462478638
127,130,0.18805918097496033
127,131,0.16124962270259857
127,132,0.8806158304214478
127,133,0.3530539870262146
127,134,0.5112885236740112
128,1,0.10103689879179001
128,2,0.6194302439689636
128,3,0.8043734431266785
128,4,0.04819317162036896
128,5,0.06614461541175842
128,6,0.14509493112564087
128,7,0.5922468304634094
128,8,0.047699157148599625
128,9,0.6507622599601746
128,10,0.658872127532959
128,11,0.6586859226226807
128,12,0.6363204717636108
128,13,0.6115877032279968
128,14,0.6681401133537292
128,15,0.6460637450218201
128,16,0.07571935653686523
128,17,0.6775782108306885
128,18,0.4007642865180969
128,19,0.2885083556175232
128,20,0.6292587518692017
128,21,0.2571629285812378
128,22,0.6593376398086548
128,23,0.9145739674568176
128,24,0.05400969088077545
128,25,0.059453025460243225
128,26,0.7445304989814758
128,27,0.6572740077972412
128,28,0.05618732050061226
128,29,0.6538141965866089
128,30,0.04742586612701416
128,31,0.057323429733514786
128,32,0.6589914560317993
128,33,0.6630065441131592
128,34,0.6596715450286865
128,35,0.6240530610084534
128,36,0.7099577188491821
128,37,0.6482740640640259
128,38,0.6599751114845276
128,39,0.5509209632873535
128,40,0.057312533259391785
128,41,0.6752322316169739
128,42,0.9079208970069885
128,43,0.19737748801708221
128,44,0.9364857077598572
128,45,0.22473840415477753
128,46,0.683938205242157
128,47,0.8465842008590698
128,48,0.6574007272720337
128,49,0.647920548915863
128,50,0.6482227444648743
128,51,0.06532325595617294
128,52,0.6571861505508423
128,53,0.6456254720687866
128,54,0.6383790373802185
128,55,0.6554519534111023
128,56,0.6478767395019531
128,57,0.6286733150482178
128,58,0.6503201127052307
128,59,0.6620435118675232
128,60,0.7082993984222412
128,61,0.6574338674545288
128,62,0.6565600633621216
128,63,0.6584787964820862
128,64,0.6843461990356445
128,65,0.6372761726379395
128,66,0.638561487197876
128,67,0.5889574289321899
128,68,0.05997144430875778
128,69,0.05088631436228752
128,70,0.16866593062877655
128,71,0.6182615756988525
128,72,0.30506983399391174
128,73,0.20391860604286194
128,74,0.6180920600891113
128,75,0.6453678011894226
128,76,0.4228334426879883
128,77,0.6924790740013123
128,78,0.6750825643539429
128,79,0.21664094924926758
128,80,0.05079066380858421
128,81,0.6559556722640991
128,82,0.5881978273391724
128,83,0.13538314402103424
128,84,0.6568130850791931
128,85,0.6501907706260681
128,86,0.6595039367675781
128,87,0.5868384838104248
128,88,0.6452619433403015
128,89,0.049927663058042526
128,90,0.643700361251831
128,91,0.9002310633659363
128,92,0.26677629351615906
128,93,0.4702705442905426
128,94,0.2432008683681488
128,95,0.3956347107887268
128,96,0.06316278129816055
128,97,0.6252367496490479
128,98,0.5941375494003296
128,99,0.5328608751296997
128,100,0.7016615271568298
128,101,0.3224865198135376
128,102,0.6405099034309387
128,103,0.6001898646354675
128,104,0.6520187258720398
128,105,0.29092568159103394
128,106,0.24652034044265747
128,107,0.6380326151847839
128,108,0.5713548064231873
128,109,0.5804968476295471
128,110,0.06408343464136124
128,111,0.9263858199119568
128,112,0.5845523476600647
128,113,0.6047555804252625
128,114,0.6550880074501038
128,115,0.08727286756038666
128,116,0.0584697499871254
128,117,0.6430920958518982
128,118,0.6641554832458496
128,119,0.9505243897438049
128,120,0.6272159218788147
128,121,0.44248777627944946
128,122,0.6491872668266296
128,123,0.6862923502922058
128,124,0.6561886668205261
128,125,0.6034954786300659
128,126,0.2724798023700714
128,127,0.6466563940048218
128,128,0.5
128,129,0.65683913230896
128,130,0.29359468817710876
128,131,0.07018997520208359
128,132,0.9381954073905945
128,133,0.5011011958122253
128,134,0.6569597125053406
129,1,0.06271182000637054
129,2,0.4796454906463623
129,3,0.8817548155784607
129,4,0.059481117874383926
129,5,0.05472913756966591
129,6,0.08318263292312622
129,7,0.42531919479370117
129,8,0.049692098051309586
129,9,0.4901461899280548
129,10,0.500415563583374
129,11,0.5041777491569519
129,12,0.4871143698692322
129,13,0.4613700807094574
129,14,0.47288334369659424
129,15,0.48917821049690247
129,16,0.05800451338291168
129,17,0.5180571675300598
129,18,0.3352167308330536
129,19,0.1686544567346573
129,20,0.5033514499664307
129,21,0.13370059430599213
129,22,0.49504902958869934
129,23,0.8935609459877014
129,24,0.050709955394268036
129,25,0.07033062726259232
129,26,0.5816242098808289
129,27,0.4995388984680176
129,28,0.04969840124249458
129,29,0.49737125635147095
129,30,0.0505831316113472
129,31,0.048440586775541306
129,32,0.5007463693618774
129,33,0.5049698948860168
129,34,0.49881821870803833
129,35,0.507725715637207
129,36,0.5495840311050415
129,37,0.4956556558609009
129,38,0.480656236410141
129,39,0.399804949760437
129,40,0.054119281470775604
129,41,0.5169020891189575
129,42,0.8260873556137085
129,43,0.10321564227342606
129,44,0.8904384970664978
129,45,0.11148308217525482
129,46,0.4810497462749481
129,47,0.6975263357162476
129,48,0.49523136019706726
129,49,0.49452269077301025
129,50,0.4896611273288727
129,51,0.1023898720741272
129,52,0.49852854013442993
129,53,0.4828557074069977
129,54,0.5026862025260925
129,55,0.4930970370769501
129,56,0.48862189054489136
129,57,0.4829876124858856
129,58,0.4941237270832062
129,59,0.4998755156993866
129,60,0.556696355342865
129,61,0.5046660304069519
129,62,0.4935959577560425
129,63,0.5011056661605835
129,64,0.5224525332450867
129,65,0.4898141026496887
129,66,0.4962100684642792
129,67,0.49189820885658264
129,68,0.05356202647089958
129,69,0.047425881028175354
129,70,0.10750149190425873
129,71,0.4665522873401642
129,72,0.18191787600517273
129,73,0.1642211526632309
129,74,0.4925922751426697
129,75,0.481415718793869
129,76,0.38034921884536743
129,77,0.5343798995018005
129,78,0.5316126346588135
129,79,0.11875034868717194
129,80,0.049990151077508926
129,81,0.4977591633796692
129,82,0.4500841498374939
129,83,0.24902117252349854
129,84,0.4998619854450226
129,85,0.49359995126724243
129,86,0.5034498572349548
129,87,0.48618778586387634
129,88,0.497808575630188
129,89,0.047793444246053696
129,90,0.5055199265480042
129,91,0.879696786403656
129,92,0.1676214188337326
129,93,0.4574087858200073
129,94,0.3692243695259094
129,95,0.20500150322914124
129,96,0.06277390569448471
129,97,0.49137213826179504
129,98,0.5059982538223267
129,99,0.4037502706050873
129,100,0.5349284410476685
129,101,0.2047472894191742
129,102,0.485352098941803
129,103,0.4980485737323761
129,104,0.5035581588745117
129,105,0.17828185856342316
129,106,0.22790765762329102
129,107,0.4856482446193695
129,108,0.49708595871925354
129,109,0.48024705052375793
129,110,0.05521613731980324
129,111,0.8702362775802612
129,112,0.46875128149986267
129,113,0.44599342346191406
129,114,0.4979202449321747
129,115,0.07026315480470657
129,116,0.0763256698846817
129,117,0.4845333695411682
129,118,0.4682159125804901
129,119,0.899618923664093
129,120,0.47414904832839966
129,121,0.31188228726387024
129,122,0.4923625886440277
129,123,0.4808691143989563
129,124,0.46955427527427673
129,125,0.4975387752056122
129,126,0.15997932851314545
129,127,0.49262166023254395
129,128,0.3749222457408905
129,129,0.5
129,130,0.174952432513237
129,131,0.16008085012435913
129,132,0.8835326433181763
129,133,0.3216312825679779
129,134,0.5062520503997803
130,1,0.21258755028247833
130,2,0.7816892862319946
130,3,0.5719806551933289
130,4,0.15464840829372406
130,5,0.16785871982574463
130,6,0.3238371014595032
130,7,0.7860510349273682
130,8,0.15623429417610168
130,9,0.8128875494003296
130,10,0.8136738538742065
130,11,0.8086562156677246
130,12,0.8165194988250732
130,13,0.7795815467834473
130,14,0.8105623722076416
130,15,0.7733790278434753
130,16,0.20012451708316803
130,17,0.8377350568771362
130,18,0.6618361473083496
130,19,0.49471819400787354
130,20,0.7990037798881531
130,21,0.4591408371925354
130,22,0.7869948744773865
130,23,0.9150735139846802
130,24,0.15562781691551208
130,25,0.16419418156147003
130,26,0.8495238423347473
130,27,0.8284944891929626
130,28,0.16725891828536987
130,29,0.8178320527076721
130,30,0.15707147121429443
130,31,0.1514977216720581
130,32,0.7963583469390869
130,33,0.8283949494361877
130,34,0.8219594359397888
130,35,0.7814543843269348
130,36,0.8112700581550598
130,37,0.7789908647537231
130,38,0.7968339323997498
130,39,0.7586658596992493
130,40,0.16857725381851196
130,41,0.8184916377067566
130,42,0.9359973669052124
130,43,0.3874492943286896
130,44,0.9403024911880493
130,45,0.41688650846481323
130,46,0.7914730906486511
130,47,0.8852084279060364
130,48,0.8218185305595398
130,49,0.7803074717521667
130,50,0.7952085137367249
130,51,0.20018868148326874
130,52,0.8149670362472534
130,53,0.8149003386497498
130,54,0.7994160652160645
130,55,0.816727340221405
130,56,0.8023743033409119
130,57,0.8157355785369873
130,58,0.8055976629257202
130,59,0.828033447265625
130,60,0.8226884603500366
130,61,0.8245174288749695
130,62,0.8250420689582825
130,63,0.8069369792938232
130,64,0.8400180339813232
130,65,0.8177945017814636
130,66,0.8189839124679565
130,67,0.7698483467102051
130,68,0.1683177798986435
130,69,0.16272017359733582
130,70,0.38205161690711975
130,71,0.8075109720230103
130,72,0.5087030529975891
130,73,0.43911266326904297
130,74,0.792259693145752
130,75,0.796360194683075
130,76,0.6378192901611328
130,77,0.8386191725730896
130,78,0.8433386087417603
130,79,0.4319385588169098
130,80,0.15431807935237885
130,81,0.8178927302360535
130,82,0.7877108454704285
130,83,0.3459551930427551
130,84,0.8269411325454712
130,85,0.8246647119522095
130,86,0.8100273013114929
130,87,0.7892275452613831
130,88,0.823351263999939
130,89,0.14495907723903656
130,90,0.8184956312179565
130,91,0.8940979242324829
130,92,0.4661308825016022
130,93,0.7151439189910889
130,94,0.5306143760681152
130,95,0.5220075845718384
130,96,0.18511854112148285
130,97,0.788436770439148
130,98,0.7880477905273438
130,99,0.7574993968009949
130,100,0.8240761160850525
130,101,0.5772148966789246
130,102,0.8156808018684387
130,103,0.7759254574775696
130,104,0.7764172554016113
130,105,0.5435100197792053
130,106,0.4482014775276184
130,107,0.7974659204483032
130,108,0.7632167339324951
130,109,0.7884990572929382
130,110,0.17287009954452515
130,111,0.9293164610862732
130,112,0.7782812118530273
130,113,0.7762326598167419
130,114,0.8257739543914795
130,115,0.21017910540103912
130,116,0.16335387527942657
130,117,0.7973390221595764
130,118,0.7852665185928345
130,119,0.933896541595459
130,120,0.7993642687797546
130,121,0.6952915787696838
130,122,0.8234589099884033
130,123,0.7943330407142639
130,124,0.7818006277084351
130,125,0.7694061994552612
130,126,0.48024749755859375
130,127,0.7994715571403503
130,128,0.6549696922302246
130,129,0.808156430721283
130,130,0.5
130,131,0.04742587357759476
130,132,0.9399890303611755
130,133,0.6266281008720398
130,134,0.8159254789352417
131,1,0.9140964150428772
131,2,0.8023960590362549
131,3,0.04742587357759476
131,4,0.863006591796875
131,5,0.878652811050415
131,6,0.9378979206085205
131,7,0.8137505650520325
131,8,0.8615267872810364
131,9,0.8016564846038818
131,10,0.7982373237609863
131,11,0.7915940880775452
131,12,0.802020251750946
131,13,0.8150910139083862
131,14,0.8083577156066895
131,15,0.8041505217552185
131,16,0.8920181393623352
131,17,0.7884339094161987
131,18,0.7984868288040161
131,19,0.9424941539764404
131,20,0.7956981658935547
131,21,0.9466990828514099
131,22,0.7705097198486328
131,23,0.4049832224845886
131,24,0.8605278730392456
131,25,0.8612873554229736
131,26,0.7497646808624268
131,27,0.7983890771865845
131,28,0.8852668404579163
131,29,0.7995196580886841
131,30,0.8742528557777405
131,31,0.8617237210273743
131,32,0.7965238690376282
131,33,0.7904052734375
131,34,0.797539234161377
131,35,0.7867772579193115
131,36,0.7703133821487427
131,37,0.8000561594963074
131,38,0.8057070970535278
131,39,0.8352835178375244
131,40,0.878473162651062
131,41,0.7890575528144836
131,42,0.5235125422477722
131,43,0.9450991153717041
131,44,0.4136379063129425
131,45,0.9520701169967651
131,46,0.8076704740524292
131,47,0.6654396653175354
131,48,0.8008251190185547
131,49,0.7953678369522095
131,50,0.7983973026275635
131,51,0.8519877195358276
131,52,0.7985333204269409
131,53,0.7968224287033081
131,54,0.7927029132843018
131,55,0.800186276435852
131,56,0.8000908493995667
131,57,0.8032256364822388
131,58,0.8009089827537537
131,59,0.7975940704345703
131,60,0.765779435634613
131,61,0.7924168705940247
131,62,0.797312319278717
131,63,0.7930865287780762
131,64,0.786303699016571
131,65,0.7991491556167603
131,66,0.7924020886421204
131,67,0.7987897992134094
131,68,0.8614824414253235
131,69,0.877086341381073
131,70,0.950412392616272
131,71,0.8143093585968018
131,72,0.9318497180938721
131,73,0.9189178347587585
131,74,0.7781771421432495
131,75,0.8012343645095825
131,76,0.7864658236503601
131,77,0.7788091897964478
131,78,0.7803781628608704
131,79,0.9501014351844788
131,80,0.8639445900917053
131,81,0.797978401184082
131,82,0.8168094158172607
131,83,0.7588913440704346
131,84,0.795717716217041
131,85,0.8007195591926575
131,86,0.7956151962280273
131,87,0.8026546835899353
131,88,0.7978927493095398
131,89,0.8790749907493591
131,90,0.7914329171180725
131,91,0.3846714198589325
131,92,0.9228435158729553
131,93,0.7679854035377502
131,94,0.7177319526672363
131,95,0.9060903191566467
131,96,0.8417665958404541
131,97,0.7988345623016357
131,98,0.7930856943130493
131,99,0.8401844501495361
131,100,0.7768394947052002
131,101,0.9269799590110779
131,102,0.8046369552612305
131,103,0.7961240410804749
131,104,0.7940135598182678
131,105,0.9385071992874146
131,106,0.7682260274887085
131,107,0.8015272617340088
131,108,0.7968353629112244
131,109,0.8058901429176331
131,110,0.8726516366004944
131,111,0.4526062607765198
131,112,0.7997701168060303
131,113,0.8399699926376343
131,114,0.796729326248169
131,115,0.8404468894004822
131,116,0.8392647504806519
131,117,0.7961828708648682
131,118,0.8111099600791931
131,119,0.37993329763412476
131,120,0.8107589483261108
131,121,0.8873676061630249
131,122,0.7969235181808472
131,123,0.8065151572227478
131,124,0.8111531734466553
131,125,0.7955658435821533
131,126,0.9333656430244446
131,127,0.7987802624702454
131,128,0.8412988781929016
131,129,0.7956172227859497
131,130,0.93418288230896
131,131,0.5
131,132,0.42691880464553833
131,133,0.8569462895393372
131,134,0.7925652265548706
132,1,0.1001170203089714
132,2,0.14512895047664642
132,3,0.9525741338729858
132,4,0.1445104032754898
132,5,0.13028261065483093
132,6,0.08721204102039337
132,7,0.13115248084068298
132,8,0.1432362198829651
132,9,0.14416879415512085
132,10,0.14604313671588898
132,11,0.15095651149749756
132,12,0.15256868302822113
132,13,0.15253373980522156
132,14,0.13692627847194672
132,15,0.1408821940422058
132,16,0.14801397919654846
132,17,0.15391843020915985
132,18,0.14471396803855896
132,19,0.06946561485528946
132,20,0.14895501732826233
132,21,0.06285064667463303
132,22,0.1679682433605194
132,23,0.5240128040313721
132,24,0.14431427419185638
132,25,0.14163260161876678
132,26,0.1863122284412384
132,27,0.1454654037952423
132,28,0.13479672372341156
132,29,0.14473947882652283
132,30,0.14177243411540985
132,31,0.1419040560722351
132,32,0.14759179949760437
132,33,0.15130898356437683
132,34,0.14704658091068268
132,35,0.1352696269750595
132,36,0.169000044465065
132,37,0.14565366506576538
132,38,0.1400521695613861
132,39,0.11989974230527878
132,40,0.14216838777065277
132,41,0.15310682356357574
132,42,0.39848199486732483
132,43,0.06296267360448837
132,44,0.5145450234413147
132,45,0.06739272177219391
132,46,0.1392575204372406
132,47,0.2613222301006317
132,48,0.14363190531730652
132,49,0.14757409691810608
132,50,0.1451975256204605
132,51,0.14154018461704254
132,52,0.14563974738121033
132,53,0.1460355520248413
132,54,0.1488010138273239
132,55,0.14535090327262878
132,56,0.14413326978683472
132,57,0.14147941768169403
132,58,0.14366893470287323
132,59,0.14743100106716156
132,60,0.17283529043197632
132,61,0.1519588679075241
132,62,0.14881983399391174
132,63,0.1497531682252884
132,64,0.155563622713089
132,65,0.14310869574546814
132,66,0.1469365358352661
132,67,0.14498363435268402
132,68,0.14207087457180023
132,69,0.14579324424266815
132,70,0.08455114811658859
132,71,0.14005769789218903
132,72,0.09858819097280502
132,73,0.07757721841335297
132,74,0.16066482663154602
132,75,0.14374053478240967
132,76,0.14657822251319885
132,77,0.16187085211277008
132,78,0.16070537269115448
132,79,0.05563197657465935
132,80,0.14400875568389893
132,81,0.1458800584077835
132,82,0.130840465426445
132,83,0.19894586503505707
132,84,0.14701327681541443
132,85,0.14365744590759277
132,86,0.14756225049495697
132,87,0.14748436212539673
132,88,0.14709758758544922
132,89,0.1428520679473877
132,90,0.14907298982143402
132,91,0.5461224317550659
132,92,0.07425975054502487
132,93,0.1678427755832672
132,94,0.1838490217924118
132,95,0.08715759962797165
132,96,0.1454714685678482
132,97,0.14800336956977844
132,98,0.14979049563407898
132,99,0.11133568733930588
132,100,0.1645813137292862
132,101,0.06906833499670029
132,102,0.1409602165222168
132,103,0.14761169254779816
132,104,0.15076446533203125
132,105,0.08081743866205215
132,106,0.17095407843589783
132,107,0.14226539433002472
132,108,0.1467229574918747
132,109,0.13931713998317719
132,110,0.13989223539829254
132,111,0.47247549891471863
132,112,0.13220447301864624
132,113,0.13103245198726654
132,114,0.14709781110286713
132,115,0.14466719329357147
132,116,0.14268963038921356
132,117,0.14543458819389343
132,118,0.1530972421169281
132,119,0.5516467690467834
132,120,0.13516439497470856
132,121,0.10762141644954681
132,122,0.14643704891204834
132,123,0.13931059837341309
132,124,0.1359022855758667
132,125,0.1488056480884552
132,126,0.08105374872684479
132,127,0.14588278532028198
132,128,0.13502007722854614
132,129,0.1471165120601654
132,130,0.0708664059638977
132,131,0.5772372484207153
132,132,0.5
132,133,0.12401983141899109
132,134,0.14904683828353882
133,1,0.12450628727674484
133,2,0.6886242628097534
133,3,0.7636206746101379
133,4,0.04742587357759476
133,5,0.06973137706518173
133,6,0.20363584160804749
133,7,0.7058695554733276
133,8,0.05673782899975777
133,9,0.7212189435958862
133,10,0.7337499856948853
133,11,0.7687559723854065
133,12,0.7216635346412659
133,13,0.6982280015945435
133,14,0.7446454167366028
133,15,0.7154181003570557
133,16,0.0851215273141861
133,17,0.7513687610626221
133,18,0.50452721118927
133,19,0.27279070019721985
133,20,0.7357645630836487
133,21,0.2616582214832306
133,22,0.731961727142334
133,23,0.9112866520881653
133,24,0.0679503083229065
133,25,0.0601523220539093
133,26,0.8020884990692139
133,27,0.729807436466217
133,28,0.07153099030256271
133,29,0.7264459133148193
133,30,0.04932453855872154
133,31,0.07342161983251572
133,32,0.7319991588592529
133,33,0.7340549230575562
133,34,0.7323535680770874
133,35,0.6866558194160461
133,36,0.7880325317382812
133,37,0.6981486678123474
133,38,0.7356632947921753
133,39,0.6692672967910767
133,40,0.06174148991703987
133,41,0.7267861366271973
133,42,0.9300013184547424
133,43,0.21213437616825104
133,44,0.9231094717979431
133,45,0.22082848846912384
133,46,0.752906322479248
133,47,0.8847395777702332
133,48,0.7567817568778992
133,49,0.6964668035507202
133,50,0.7407225370407104
133,51,0.051789283752441406
133,52,0.7279449701309204
133,53,0.7641632556915283
133,54,0.7520281672477722
133,55,0.7685685753822327
133,56,0.7177677154541016
133,57,0.7116461396217346
133,58,0.7031173706054688
133,59,0.737257719039917
133,60,0.768930971622467
133,61,0.737162709236145
133,62,0.7311829328536987
133,63,0.7142794728279114
133,64,0.7539348602294922
133,65,0.7135988473892212
133,66,0.7132505774497986
133,67,0.6427137851715088
133,68,0.0713980495929718
133,69,0.057426873594522476
133,70,0.16967013478279114
133,71,0.6995925307273865
133,72,0.3070089817047119
133,73,0.27641192078590393
133,74,0.6782471537590027
133,75,0.7154881954193115
133,76,0.4840197265148163
133,77,0.7648813128471375
133,78,0.7578038573265076
133,79,0.2183985561132431
133,80,0.06337939202785492
133,81,0.7261685729026794
133,82,0.6990784406661987
133,83,0.14088693261146545
133,84,0.7257388234138489
133,85,0.7240849137306213
133,86,0.7116608023643494
133,87,0.6694269776344299
133,88,0.72940993309021
133,89,0.04999513179063797
133,90,0.7596060037612915
133,91,0.8780897259712219
133,92,0.27676162123680115
133,93,0.5872483253479004
133,94,0.21971334517002106
133,95,0.3267746567726135
133,96,0.08003430813550949
133,97,0.7303994297981262
133,98,0.6670374274253845
133,99,0.6104215979576111
133,100,0.7600683569908142
133,101,0.38429024815559387
133,102,0.7187516093254089
133,103,0.7190731763839722
133,104,0.6996982097625732
133,105,0.3428550958633423
133,106,0.2585342228412628
133,107,0.7287726998329163
133,108,0.5990453958511353
133,109,0.663444995880127
133,110,0.06818833202123642
133,111,0.9220744967460632
133,112,0.6429508328437805
133,113,0.6151754260063171
133,114,0.7346674799919128
133,115,0.10434333235025406
133,116,0.050887756049633026
133,117,0.7197693586349487
133,118,0.7506077289581299
133,119,0.9517240524291992
133,120,0.6994358897209167
133,121,0.5405095219612122
133,122,0.720292329788208
133,123,0.7516893148422241
133,124,0.7368581891059875
133,125,0.6951155662536621
133,126,0.27954137325286865
133,127,0.6904224157333374
133,128,0.4988739788532257
133,129,0.7249677777290344
133,130,0.3262409567832947
133,131,0.055430639535188675
133,132,0.9491864442825317
133,133,0.5
133,134,0.7206647396087646
134,1,0.07415542751550674
134,2,0.4780864417552948
134,3,0.8519410490989685
134,4,0.05576551333069801
134,5,0.05672448128461838
134,6,0.11016824096441269
134,7,0.43783578276634216
134,8,0.04868898540735245
134,9,0.4902972877025604
134,10,0.4975404143333435
134,11,0.5009551048278809
134,12,0.48741379380226135
134,13,0.46458426117897034
134,14,0.47708600759506226
134,15,0.4873322546482086
134,16,0.0720071792602539
134,17,0.5130483508110046
134,18,0.3236548602581024
134,19,0.18487440049648285
134,20,0.501082718372345
134,21,0.16182883083820343
134,22,0.5143857598304749
134,23,0.8452048301696777
134,24,0.05247814953327179
134,25,0.06692606955766678
134,26,0.569305419921875
134,27,0.49600768089294434
134,28,0.054321739822626114
134,29,0.49390965700149536
134,30,0.04922698065638542
134,31,0.05521072447299957
134,32,0.5004769563674927
134,33,0.5010972023010254
134,34,0.4971078932285309
134,35,0.46840569376945496
134,36,0.5422530174255371
134,37,0.4925442636013031
134,38,0.48244762420654297
134,39,0.4257647693157196
134,40,0.05522361025214195
134,41,0.5114011168479919
134,42,0.7963250279426575
134,43,0.12381529062986374
134,44,0.8612161874771118
134,45,0.15005864202976227
134,46,0.4859163463115692
134,47,0.6753290891647339
134,48,0.4941595792770386
134,49,0.49241185188293457
134,50,0.48945438861846924
134,51,0.07674705982208252
134,52,0.49386557936668396
134,53,0.48566940426826477
134,54,0.4963992238044739
134,55,0.4925384819507599
134,56,0.4875747263431549
134,57,0.4822500944137573
134,58,0.4907357692718506
134,59,0.49876222014427185
134,60,0.545280396938324
134,61,0.4992988407611847
134,62,0.4958890676498413
134,63,0.4985382556915283
134,64,0.5161647200584412
134,65,0.4820573627948761
134,66,0.4843534231185913
134,67,0.48527538776397705
134,68,0.05451974272727966
134,69,0.05037431791424751
134,70,0.1345852166414261
134,71,0.4673317074775696
134,72,0.21256057918071747
134,73,0.17167416214942932
134,74,0.48580506443977356
134,75,0.4829182028770447
134,76,0.3686355650424957
134,77,0.527275800704956
134,78,0.5249161720275879
134,79,0.15362957119941711
134,80,0.04950931668281555
134,81,0.4944133758544922
134,82,0.4502826929092407
134,83,0.18063141405582428
134,84,0.4937056601047516
134,85,0.4909595847129822
134,86,0.500041127204895
134,87,0.4854491055011749
134,88,0.49377143383026123
134,89,0.04742587357759476
134,90,0.501671314239502
134,91,0.8516773581504822
134,92,0.17336775362491608
134,93,0.454334557056427
134,94,0.2687922716140747
134,95,0.2175259292125702
134,96,0.061896875500679016
134,97,0.4919798672199249
134,98,0.4993753433227539
134,99,0.40422624349594116
134,100,0.5288033485412598
134,101,0.22781553864479065
134,102,0.486757755279541
134,103,0.4965290427207947
134,104,0.5006688833236694
134,105,0.1989666372537613
134,106,0.2068714201450348
134,107,0.4834500253200531
134,108,0.49188992381095886
134,109,0.4817083477973938
134,110,0.057535476982593536
134,111,0.8402882814407349
134,112,0.4506132900714874
134,113,0.43195897340774536
134,114,0.4929472804069519
134,115,0.06592734158039093
134,116,0.07080681622028351
134,117,0.4823700487613678
134,118,0.4730391800403595
134,119,0.8570612072944641
134,120,0.47357937693595886
134,121,0.32443973422050476
134,122,0.489109069108963
134,123,0.4853326678276062
134,124,0.46796709299087524
134,125,0.49581998586654663
134,126,0.18371187150478363
134,127,0.4897586703300476
134,128,0.3881414532661438
134,129,0.4944377541542053
134,130,0.1933102309703827
134,131,0.18931427597999573
134,132,0.8565638065338135
134,133,0.34316354990005493
134,134,0.5
